{"type": "FeatureCollection", "features": [{"type": "Feature", "id": 1, "geometry": {"type": "Polygon", "coordinates": [[[-115.18296599616421, 36.11432675416191], [-115.18340198767027, 36.1143529348569], [-115.18344882768247, 36.11435978786965], [-115.18413012141198, 36.114480359216486], [-115.18450548095596, 36.114570893068105], [-115.18522089756287, 36.11474497023058], [-115.18711248003072, 36.11520301959751], [-115.18740183876828, 36.11527308522304], [-115.18813524187303, 36.115451025952666], [-115.18829445970496, 36.115473906012795], [-115.188439429858, 36.11548821530453], [-115.18875323467613, 36.115504719177785], [-115.18919408308484, 36.11550696258931], [-115.18946035630265, 36.11550831780363], [-115.19008849285717, 36.115511543058034], [-115.1900888469061, 36.115511603706004], [-115.19024830605122, 36.11551072279181], [-115.19255942847496, 36.11549932653269], [-115.19469108123039, 36.11548877633831], [-115.19474948286205, 36.115488485388155], [-115.19475125466107, 36.11548847671425], [-115.19941046984924, 36.1154651940796], [-115.19941100748595, 36.11546519399994], [-115.19954047780564, 36.1154645218673], [-115.20059004488252, 36.11545882695739], [-115.2017363112142, 36.11545259629561], [-115.20288522127716, 36.11544634142987], [-115.20373524434626, 36.115441699390935], [-115.20405748350812, 36.11543994668429], [-115.20521308293397, 36.11543363208523], [-115.20523483888665, 36.115433513279044], [-115.20587895719602, 36.115430007711176], [-115.20640672547592, 36.115427097964], [-115.20786188253211, 36.115419121298245], [-115.20806195400503, 36.11541801226921], [-115.20827002184724, 36.11540601048527], [-115.21092137740017, 36.1152529227376], [-115.21112360886161, 36.11524124395149], [-115.21226599827934, 36.115175263208286], [-115.2122661428952, 36.11517521859116], [-115.21226854133099, 36.11517517915224], [-115.21226853606953, 36.11517511694619], [-115.21323542992883, 36.11511754219215], [-115.21449389339904, 36.11504259368522], [-115.21496714834535, 36.115016296912906], [-115.21497637350102, 36.1150153771092], [-115.2164751260023, 36.11493249386396], [-115.21660574940816, 36.11492563290448], [-115.21700632372806, 36.11490458998503], [-115.21752361285684, 36.114873042386364], [-115.21752717179237, 36.1148728252241], [-115.21753046398653, 36.114872639694106], [-115.21857163822476, 36.114814085952375], [-115.2185769059867, 36.114813781127715], [-115.21960930421635, 36.11475406772034], [-115.21961259976673, 36.11475387493287], [-115.21964871523672, 36.11475176827406], [-115.22053254585546, 36.11470022035993], [-115.22065792649586, 36.11469290647851], [-115.22066533200562, 36.11469247824612], [-115.22066964207441, 36.11469244983361], [-115.22067120196793, 36.11469213910025], [-115.22067872413987, 36.11469170491103], [-115.22070247176416, 36.114690332910335], [-115.22075924140377, 36.11468705094607], [-115.2217158612986, 36.114631747939136], [-115.22173099896011, 36.11463087250025], [-115.22277464208754, 36.11457057989445], [-115.22382155817246, 36.1145100744053], [-115.22473459594923, 36.11445694995834], [-115.2248870888366, 36.11444880068136], [-115.22573111875488, 36.114451277938706], [-115.22602519286067, 36.1144521391377], [-115.22939898549929, 36.11446197264081], [-115.23391606694996, 36.11447498799765], [-115.23504047243793, 36.11447557356283], [-115.23619211272614, 36.11447616079675], [-115.2373093892848, 36.11447672153461], [-115.23751684525341, 36.11447682482603], [-115.23843452155631, 36.11447727463985], [-115.2395611391168, 36.11447627931289], [-115.24068558733035, 36.11447527349567], [-115.24277876600502, 36.11447337440315], [-115.24295681789773, 36.114473208932594], [-115.24312603509223, 36.1144759815903], [-115.24364358377942, 36.11448178091556], [-115.24509794315205, 36.11449806423979], [-115.24592669067691, 36.11450767374011], [-115.24701208186035, 36.11452190269173], [-115.24909825557135, 36.11453823394577], [-115.25197205850006, 36.11456333271322], [-115.25308919898718, 36.11458968448824], [-115.25420104859668, 36.114610390791995], [-115.25432697092575, 36.11461280515682], [-115.25531952233811, 36.114620739038315], [-115.25648894095534, 36.114623970271715], [-115.25704438411861, 36.11462994577476], [-115.25763405208058, 36.11463710413001], [-115.25875556364916, 36.11465070929808], [-115.25988668704356, 36.114664420950106], [-115.26083653125058, 36.11467592611006], [-115.26100808460188, 36.114676233666216], [-115.26326267936338, 36.11466740954467], [-115.265515997374, 36.114671285824194], [-115.26551604180227, 36.114671286843354], [-115.26551653388952, 36.114671287247475], [-115.26702198580858, 36.114673818581274], [-115.26988944459453, 36.114678586281904], [-115.27002487703591, 36.11467880985089], [-115.2711499743634, 36.11470666522269], [-115.27227144944806, 36.11473442131053], [-115.2722750736751, 36.114734510035184], [-115.27233495166307, 36.11473599220537], [-115.27340017274877, 36.11476234428254], [-115.27449801489192, 36.114789494732584], [-115.2745252726946, 36.11479016796761], [-115.27463924320473, 36.11479298533435], [-115.27557282852877, 36.11481605862069], [-115.27565334245207, 36.11481804820129], [-115.27565393556728, 36.114818063244066], [-115.2767825993198, 36.114845946989895], [-115.27791126394463, 36.11487382100764], [-115.27903992833734, 36.11490168349189], [-115.28016360646046, 36.11490341919433], [-115.28128728360538, 36.114905142552274], [-115.28241096086853, 36.1149068571737], [-115.28343306712326, 36.11490840618187], [-115.28353463826313, 36.11490855945347], [-115.28465841838673, 36.114910436217016], [-115.28578219642753, 36.114912299730165], [-115.28690597681114, 36.114914154510444], [-115.28789432434418, 36.11491577750633], [-115.28802975510062, 36.11491599874422], [-115.28803443351578, 36.11449804630937], [-115.28804368707189, 36.11414512332758], [-115.2880687912287, 36.11305491385145], [-115.28809258635249, 36.11192041629992], [-115.28810698163323, 36.111204647330865], [-115.28811232714864, 36.1094619726583], [-115.28811320063961, 36.10931225922803], [-115.28813179579862, 36.108446008664586], [-115.28815268723405, 36.107452456223335], [-115.28815539213136, 36.10737132568524], [-115.28815514841246, 36.107223018188236], [-115.28814787206812, 36.10715031638847], [-115.28813709513602, 36.107077227414976], [-115.28812302773817, 36.10700518485818], [-115.28810560867818, 36.10693362615242], [-115.28807658406501, 36.10684422546756], [-115.28805260181072, 36.10677656404153], [-115.28801129149751, 36.10668489151647], [-115.28794587954165, 36.106557515678745], [-115.28788866675796, 36.10646518921238], [-115.2878057960126, 36.10634883195], [-115.28771383569178, 36.10623245220212], [-115.28764671845757, 36.10615608040306], [-115.28755917908342, 36.106072898370954], [-115.28739385372972, 36.105931139477256], [-115.28730857578705, 36.10585103539232], [-115.28723691318945, 36.10577526681972], [-115.28714494514664, 36.10566134446538], [-115.28706131424309, 36.105546214176755], [-115.28700332497094, 36.105459416661084], [-115.28695824875086, 36.10536281872871], [-115.28690490967597, 36.105247763252095], [-115.28686296178194, 36.105124745872466], [-115.28683531953484, 36.10502388819859], [-115.28681371754494, 36.10492796298254], [-115.28679897562483, 36.10482037743827], [-115.28679099332054, 36.1047275584688], [-115.28679212265628, 36.10462861605305], [-115.2867955359412, 36.10452660674106], [-115.2868109659652, 36.10440172141255], [-115.28683515857985, 36.10428583655974], [-115.2868916360585, 36.104093039436634], [-115.28697310618472, 36.10390030500148], [-115.28702920223911, 36.1038089153487], [-115.28710460935098, 36.10369469199078], [-115.28716967298584, 36.10360436544574], [-115.2873175193687, 36.1034357938476], [-115.2874021994673, 36.10335508027887], [-115.28754838559462, 36.1032371684296], [-115.28767151221643, 36.10313165012411], [-115.28776651213177, 36.10303274999206], [-115.28788556718669, 36.10289887267749], [-115.28798544461104, 36.10275246579971], [-115.28806993275168, 36.10260810202539], [-115.28811452579583, 36.10250784349502], [-115.28817974646519, 36.102348534493615], [-115.2882173600934, 36.10218350807976], [-115.28823905383614, 36.10197153492704], [-115.2882803188944, 36.10004298600851], [-115.28742797365858, 36.10004191524702], [-115.28716062901766, 36.10004157830359], [-115.28715672859279, 36.10004157316915], [-115.28715460068693, 36.100041569712005], [-115.28602927241361, 36.10004014380705], [-115.28490396091523, 36.10003870737518], [-115.28490356331908, 36.100038707286245], [-115.28377822639708, 36.10003725931739], [-115.28264642920723, 36.10004279582086], [-115.28264548739939, 36.100042799766605], [-115.28151424433142, 36.10004832245941], [-115.28151379674824, 36.10004832493722], [-115.28151272277279, 36.10004833034375], [-115.28038100984584, 36.10005384025241], [-115.28038040786927, 36.10005384774349], [-115.2803801046702, 36.10005384877948], [-115.2792480373555, 36.10005935430128], [-115.27924739656014, 36.10005934816854], [-115.27924918561655, 36.09818703723204], [-115.27925002959299, 36.096347480362674], [-115.27925002546544, 36.096343363188254], [-115.27924775189226, 36.09263639545285], [-115.27924252484094, 36.0907827647], [-115.27924248478978, 36.0907683698335], [-115.27924300836276, 36.08894710910516], [-115.27924301363142, 36.08892959672936], [-115.2792348895425, 36.08719869475915], [-115.27923428727426, 36.08707022183661], [-115.27923523732308, 36.08522200657287], [-115.27923748592012, 36.08507091712797], [-115.2792507732178, 36.084178155441556], [-115.27925997216539, 36.08356008645974], [-115.27926286037102, 36.083365992706106], [-115.27929048180981, 36.08150997644888], [-115.27931620319534, 36.07965534821049], [-115.2793162216748, 36.07965400891352], [-115.27934192305571, 36.0778007193864], [-115.27934365065951, 36.07769081551994], [-115.27937111526799, 36.07594353095838], [-115.2793713109079, 36.07593106455323], [-115.27940030579654, 36.074086340138166], [-115.27942527808652, 36.072232889286106], [-115.2794253322799, 36.072228902932856], [-115.27944821227216, 36.070530523701464], [-115.27945024889503, 36.07037943604708], [-115.27942473376622, 36.06907949545364], [-115.27941405145017, 36.06853527017238], [-115.27941371908939, 36.06851835264655], [-115.27938890853389, 36.06725425762726], [-115.27937785538866, 36.066691101924434], [-115.27937200707578, 36.06637312473028], [-115.27936752114388, 36.066129253989374], [-115.27935123702333, 36.06524386379973], [-115.27934332949897, 36.06481395929437], [-115.27933672218646, 36.06445469555294], [-115.27930880714497, 36.062936816079606], [-115.279273943445, 36.06108554894224], [-115.27923884680085, 36.0592354469328], [-115.27923752995329, 36.05915187402066], [-115.27920422447511, 36.05738300304108], [-115.2791693680842, 36.05553172697839], [-115.27915047141569, 36.053718655087195], [-115.27914024160734, 36.05273719673391], [-115.2791401711311, 36.0527304168852], [-115.27913105354494, 36.05185541879042], [-115.27911220284439, 36.050017428216165], [-115.27909845776485, 36.04867738118239], [-115.27909335160572, 36.048179435273795], [-115.27908712748035, 36.047815707297765], [-115.27908520467206, 36.04770335196475], [-115.27908335251799, 36.04759513383513], [-115.27906221049504, 36.04635960178065], [-115.27903712795057, 36.044500828343516], [-115.2790116330869, 36.04266146397212], [-115.27898805460325, 36.04096022665035], [-115.27898615053407, 36.04082287599792], [-115.27897855825657, 36.04082296037729], [-115.27787157400216, 36.040835224318656], [-115.27786493173093, 36.04083529752803], [-115.27675699719822, 36.04084756227694], [-115.27675130825956, 36.04084762524376], [-115.2760292280722, 36.040855612790786], [-115.2756424201229, 36.040859889872706], [-115.27563768562699, 36.04085994261758], [-115.2756343805848, 36.0408599783004], [-115.27452784277668, 36.04087220710598], [-115.27452406717009, 36.04087224785548], [-115.27341326627344, 36.040884513078325], [-115.2734104761839, 36.040884543721695], [-115.2726837209032, 36.04089256302825], [-115.27229868838366, 36.04089681048786], [-115.27229710578169, 36.04089682711269], [-115.27118411023181, 36.0409090957323], [-115.27118329673364, 36.04090910443022], [-115.27076864849934, 36.040913672758634], [-115.27006956732022, 36.040921371608256], [-115.26946060328223, 36.04092787103342], [-115.26895679356076, 36.0409332469863], [-115.26895655495476, 36.04093324816331], [-115.26894152687173, 36.04093340885107], [-115.26821299061527, 36.040941172861125], [-115.26784401957748, 36.0409451039236], [-115.267813340774, 36.040945436899555], [-115.26708827696653, 36.04095315994968], [-115.26673127859196, 36.04095696053418], [-115.26668515108429, 36.04095745432215], [-115.26624433673602, 36.04096215150936], [-115.26561948509556, 36.04096880752505], [-115.265556954387, 36.040969482741254], [-115.26450635613054, 36.04098013231386], [-115.26450457699275, 36.04098017445131], [-115.26450279240791, 36.040980191337454], [-115.26442872636257, 36.04098094795522], [-115.26339323456294, 36.040991479234805], [-115.26338966861243, 36.04099154002199], [-115.26264391172157, 36.04099913320535], [-115.2622801082688, 36.041002827525425], [-115.26227476110843, 36.04100289342443], [-115.26115985333128, 36.04101424457], [-115.2600525216512, 36.0410342962383], [-115.25997390324076, 36.04103532084209], [-115.25994958011977, 36.04103563830142], [-115.2589467140956, 36.04104871039604], [-115.25894324364252, 36.04104875598699], [-115.25885499961699, 36.04104990523548], [-115.2587755432554, 36.04105094030547], [-115.25783396420216, 36.04106320456669], [-115.25776041657765, 36.04106416216904], [-115.25775167662908, 36.0410642763378], [-115.25672603843286, 36.04107762583977], [-115.25672468443672, 36.04107764288173], [-115.25666583544135, 36.041078409114185], [-115.25632085657557, 36.041082897344715], [-115.25557125176955, 36.04109264605876], [-115.25447667000192, 36.04110687301485], [-115.25338208681339, 36.041121089072114], [-115.25228750329923, 36.041135297838714], [-115.25215215989263, 36.04113705298303], [-115.2511785493196, 36.04114968032861], [-115.2511740555935, 36.04114973818228], [-115.2500723130071, 36.04116401775265], [-115.25006959279519, 36.04116405345492], [-115.24962970230074, 36.04116975206445], [-115.24952398367323, 36.04117112161081], [-115.2490835947982, 36.041176824940855], [-115.24896290112908, 36.04117838658689], [-115.24896063816935, 36.04117841632864], [-115.24884679218559, 36.04117989059902], [-115.24860998733891, 36.041182955783164], [-115.24832244071655, 36.04118667729837], [-115.24824907270173, 36.04118762686365], [-115.2478516821171, 36.0411927680392], [-115.24674272685101, 36.04120711039538], [-115.24563377126559, 36.041221442492805], [-115.24452481314191, 36.04123576432513], [-115.24358508068414, 36.04124789215177], [-115.24341680028068, 36.041250064158305], [-115.2434158569196, 36.041250075904934], [-115.24324647776014, 36.0412581995316], [-115.24230811798283, 36.04130319843062], [-115.24230564932691, 36.04130331669167], [-115.24120037542585, 36.04135630980607], [-115.24119976269917, 36.041356339603595], [-115.24119801110416, 36.04135642383543], [-115.24046224701696, 36.04139169502409], [-115.24009263368048, 36.04140941184638], [-115.24009168794902, 36.04140945780993], [-115.24009037258746, 36.04140952074156], [-115.23933601599047, 36.04144567636529], [-115.23908637666493, 36.04145764045579], [-115.23898488941795, 36.04146250454207], [-115.23856601377662, 36.04148293593423], [-115.23788534708423, 36.04151613339129], [-115.23787508719536, 36.04151663380282], [-115.23768001497422, 36.041526147376494], [-115.23685387522197, 36.0415664346585], [-115.23676980131073, 36.04157053330209], [-115.23676743918864, 36.04157064905303], [-115.23594626812165, 36.04161068666476], [-115.2356622562209, 36.04162453322755], [-115.2356597919852, 36.041624651364565], [-115.23513733313736, 36.04165012236447], [-115.23468746493192, 36.04167205182558], [-115.23455470859395, 36.041678522910416], [-115.23455214333433, 36.041678647941254], [-115.2334444932684, 36.041732631572714], [-115.23233868552371, 36.04178651572226], [-115.2321182035835, 36.04179725816733], [-115.23122919107315, 36.041840569019065], [-115.23012265785593, 36.041894467544786], [-115.22901486941824, 36.041949288608066], [-115.22810806004252, 36.04199415599071], [-115.22790622480427, 36.04200414195894], [-115.22743972845194, 36.04202721980429], [-115.2268659458217, 36.04205560290689], [-115.22679928931016, 36.04205889910373], [-115.225691496523, 36.042113690335356], [-115.22504418102555, 36.04212769926186], [-115.2245788763803, 36.04213776630172], [-115.2245769518198, 36.04213780741142], [-115.2245764789989, 36.042137818615046], [-115.22414790410551, 36.042147089860634], [-115.22414550006494, 36.04214714214542], [-115.2240609435888, 36.04214897083833], [-115.2240588136951, 36.042149016732324], [-115.22346412242544, 36.04216187781287], [-115.22346279387412, 36.04216190717392], [-115.22346199918978, 36.042161923716286], [-115.22256301566216, 36.04218136103853], [-115.22234844222166, 36.04218599960304], [-115.22234782511721, 36.04218601306742], [-115.22167968863263, 36.04220055583266], [-115.22167687836236, 36.04220061765836], [-115.22123321661192, 36.04221031607888], [-115.22011907952974, 36.042234289287535], [-115.21900494385768, 36.04225830081626], [-115.21789080971088, 36.04228232542873], [-115.21754801561246, 36.0422897046989], [-115.21742356707583, 36.04229232724173], [-115.21699261213507, 36.04230164045113], [-115.21677732220256, 36.04230629299226], [-115.21677667179902, 36.04230630722744], [-115.2156632602858, 36.042330024925995], [-115.21566168533005, 36.04233005975415], [-115.21510861927906, 36.042341837116766], [-115.21454919779175, 36.042353746504304], [-115.21454669939673, 36.042353801010265], [-115.21357615557304, 36.04237445780363], [-115.2134351358308, 36.04237745773055], [-115.21343171066623, 36.042377531886956], [-115.21302647625483, 36.0423857123419], [-115.21231644515005, 36.042400041975796], [-115.21120672939495, 36.04242485094909], [-115.2112017359221, 36.04242496073331], [-115.21110462491484, 36.0424270252342], [-115.21009238599248, 36.04244854105122], [-115.21008674545784, 36.042448661393074], [-115.20911397648928, 36.04246932921063], [-115.20897804203226, 36.04247221718743], [-115.20897175664193, 36.0424723507857], [-115.20785676614148, 36.04249602980212], [-115.20715692823275, 36.04250536933235], [-115.20715651571304, 36.042505301341045], [-115.20712095380779, 36.04250570170746], [-115.20672387690048, 36.04251118612288], [-115.20659534343083, 36.04251292564329], [-115.20652220982355, 36.042513948649585], [-115.20618825403339, 36.04251838223158], [-115.20603417385558, 36.04252042745274], [-115.20599473593755, 36.04252095408997], [-115.20495070421505, 36.04253488790575], [-115.20450469729735, 36.04254084506888], [-115.20379258798863, 36.04255035331664], [-115.20377830069528, 36.04255054423302], [-115.20330280674004, 36.04255689118586], [-115.20282889206429, 36.04256321512663], [-115.20171681130948, 36.042578046765165], [-115.200957072293, 36.042588257230626], [-115.20035828670903, 36.04259615148629], [-115.19930693154076, 36.042610158771204], [-115.19463714320634, 36.042677355559206], [-115.1936301677932, 36.04269185440161], [-115.19343102011837, 36.04269689242478], [-115.1933341009274, 36.042700869255434], [-115.1932354346213, 36.04270197956197], [-115.19313674713638, 36.0427073817618], [-115.19304155382818, 36.04271851858001], [-115.19294982158375, 36.0427425436231], [-115.1928386396737, 36.04278081446711], [-115.19234944809082, 36.04298797288916], [-115.19212434273976, 36.043083819502975], [-115.1920566664177, 36.04311221529162], [-115.19199047598923, 36.04313703948965], [-115.19191547605789, 36.0431618339906], [-115.19184490442194, 36.04318187406721], [-115.19176993982816, 36.043199513985506], [-115.1916920505169, 36.04321476033586], [-115.19160830111235, 36.04322760352235], [-115.19150107747863, 36.04323679173331], [-115.1913997574582, 36.04324003787595], [-115.1912494792648, 36.04324334646682], [-115.19116610655445, 36.04324242305111], [-115.19033776518135, 36.043233242115186], [-115.1903266632204, 36.043233139929605], [-115.1903268327304, 36.042887952811476], [-115.19032683996302, 36.042874215053246], [-115.19032690679262, 36.04273682663538], [-115.19026625884145, 36.041840301011526], [-115.19020544879602, 36.04092395305846], [-115.19019377027313, 36.040751461471544], [-115.19017772894965, 36.04051318508324], [-115.18818293600933, 36.041411803628534], [-115.18807211449555, 36.04146226148022], [-115.18616638553331, 36.042314464479894], [-115.18501060846746, 36.042835508770246], [-115.1848367768666, 36.04289974621017], [-115.18402804711268, 36.04314172900049], [-115.18346948507086, 36.04327102711842], [-115.18295875832617, 36.043376635494205], [-115.18267502466321, 36.0434245864953], [-115.18254364102964, 36.043446790109584], [-115.18227558093474, 36.043469740626634], [-115.18174320715879, 36.04350074833754], [-115.18142458107776, 36.043507214752026], [-115.18106449610032, 36.04350600717314], [-115.18099992977638, 36.04350579052953], [-115.18099988752049, 36.043502534853964], [-115.18098820480805, 36.04279989067201], [-115.18098805440232, 36.042790843712034], [-115.18098504643012, 36.042609877470966], [-115.18096987823152, 36.04130930899252], [-115.18096474272937, 36.041050065725855], [-115.18096530631584, 36.04005737899218], [-115.18096542773073, 36.039844389672005], [-115.18096590594259, 36.03924125547838], [-115.18096629390729, 36.03875139772429], [-115.18097341834432, 36.03744666074675], [-115.1809751500218, 36.035419420218396], [-115.18097628079425, 36.034095570814145], [-115.18098861303973, 36.02984993464792], [-115.1809853832988, 36.02839662914751], [-115.18098500617786, 36.02822727209964], [-115.18098007777574, 36.02795901673919], [-115.18093398927388, 36.02637402032468], [-115.18090430549981, 36.025070975097385], [-115.18088869019542, 36.02430225289606], [-115.1808446708021, 36.022778134460474], [-115.18080484434142, 36.02103218840578], [-115.18079838863417, 36.020749170380135], [-115.18079155128353, 36.0206544139234], [-115.18078326556609, 36.02031391294103], [-115.18078234222178, 36.02027600688239], [-115.1807694415483, 36.01974586741859], [-115.18071251879897, 36.017253090714824], [-115.18071235588391, 36.017246077039815], [-115.18070689099756, 36.01700676329576], [-115.18060716689314, 36.01313625565027], [-115.18060658849384, 36.01311431029046], [-115.1806065979281, 36.0131142003617], [-115.18060610887602, 36.01309519088514], [-115.18055489095617, 36.01109995305718], [-115.1805407423151, 36.01005630839123], [-115.18054299997432, 36.00953575393394], [-115.18055090543508, 36.009010778516085], [-115.18058001256257, 36.00798581880814], [-115.18058359641216, 36.007858731781916], [-115.18059500540679, 36.00745419009997], [-115.18063038534596, 36.00633433807849], [-115.18067641721468, 36.00487727245913], [-115.18069751667095, 36.00407980715235], [-115.18071551277242, 36.00349252104718], [-115.18079455873348, 36.000912673396996], [-115.18084989315503, 35.999084028121246], [-115.18084986913266, 35.99908373511256], [-115.18085022493004, 35.999071778530755], [-115.18085027570258, 35.99907139113469], [-115.18086367537144, 35.99862853960807], [-115.18091371509544, 35.9969030154058], [-115.18097523794665, 35.994868141033685], [-115.18113007230461, 35.98974650019788], [-115.18116852770333, 35.98843430093115], [-115.18118770438274, 35.98777995002272], [-115.18119468654021, 35.98762680869392], [-115.18129375063256, 35.98432650168005], [-115.18139509300818, 35.98095006498347], [-115.18140117448495, 35.9807619753714], [-115.18148349879878, 35.97821548713308], [-115.18156898525548, 35.97521493463606], [-115.18173694291353, 35.96973662376175], [-115.18174078776869, 35.96959920941188], [-115.18174543839922, 35.969440176850554], [-115.18174753711584, 35.969368402614045], [-115.1817984483885, 35.96762762298653], [-115.18180824901103, 35.967292500999804], [-115.1818776086382, 35.965114278802396], [-115.18195313581415, 35.962485419545274], [-115.18196749911638, 35.96201011806269], [-115.1819710532427, 35.96191551899411], [-115.1819718706871, 35.96189112832697], [-115.18197250114933, 35.96187235858484], [-115.18197324412127, 35.961850196639766], [-115.1819736055207, 35.961834426501404], [-115.18197353283193, 35.96180738206641], [-115.18197388221648, 35.96174403195571], [-115.18179651742425, 35.96181697035898], [-115.1817240495454, 35.96184722051809], [-115.18161058626174, 35.96189854694306], [-115.17772682074862, 35.96363821226359], [-115.1776131123922, 35.96368659303455], [-115.17690296829157, 35.9640019124839], [-115.17647065380899, 35.96420307562161], [-115.1727715646742, 35.965924217054834], [-115.17276815084591, 35.965535738324434], [-115.17288341139303, 35.96241953979468], [-115.17274379994295, 35.96241931097705], [-115.17245354920428, 35.96241883402574], [-115.17224548979324, 35.962425834107755], [-115.1702168209272, 35.962494067715795], [-115.16800528623573, 35.96256829415108], [-115.16688002857862, 35.962606046404105], [-115.16576314635648, 35.962643506289], [-115.163547840645, 35.96271777713241], [-115.16294540222582, 35.962738153558135], [-115.16131099543662, 35.962793418501754], [-115.1609807481776, 35.962804582256084], [-115.15912925207893, 35.96288476075301], [-115.1590836224748, 35.96288534844902], [-115.15889691296013, 35.96288775453976], [-115.15873032024044, 35.96288334992597], [-115.15856140206475, 35.96287512065311], [-115.1583526309741, 35.962859119426476], [-115.1581110890381, 35.962827738739264], [-115.15788599357815, 35.96279260057823], [-115.15763749400243, 35.9627459321895], [-115.15737735406489, 35.96268205178953], [-115.15705873261037, 35.962583622746656], [-115.15659964083751, 35.962423643306884], [-115.1555246407621, 35.96202871611777], [-115.15506561825254, 35.961857285175306], [-115.15463436169104, 35.961700043836615], [-115.15442623763197, 35.96162415787915], [-115.15354328836655, 35.96130239611586], [-115.15297416979143, 35.96109622157354], [-115.15266258859565, 35.960999713314585], [-115.15234165362547, 35.96089744816254], [-115.15179809484353, 35.960739055091665], [-115.15106694492336, 35.960555182340904], [-115.15034500918262, 35.96040377155364], [-115.15021554006952, 35.96038200703031], [-115.14997848332986, 35.96033887655038], [-115.14964790825188, 35.96028426374282], [-115.14930556872298, 35.96023533087297], [-115.1489772777106, 35.960192171268716], [-115.14864426292672, 35.96015471795269], [-115.14835343439725, 35.96012695441443], [-115.14815875218717, 35.96011098654101], [-115.14800658530277, 35.96009883194734], [-115.14793357478331, 35.96009299961995], [-115.14772949674588, 35.96007890415898], [-115.14744798208719, 35.96006452712053], [-115.14710076220504, 35.96004991150488], [-115.1466831571139, 35.96003312981306], [-115.14629368885821, 35.96002026533418], [-115.1459933709979, 35.96001154070271], [-115.14580642173864, 35.96000652752506], [-115.14579197946335, 35.96000614048083], [-115.14574684583779, 35.960004929486296], [-115.1454372859087, 35.95999490971646], [-115.14470058781319, 35.959971059941125], [-115.14420282129396, 35.95995494282381], [-115.14322242349414, 35.95992319324144], [-115.142129053877, 35.959887775618604], [-115.14175589526768, 35.95987568554577], [-115.14134312360324, 35.959862310959124], [-115.14110623154363, 35.959854634189384], [-115.14037526885808, 35.95984231141393], [-115.13927702477098, 35.95984553184045], [-115.13901867928091, 35.95969148887638], [-115.13861370429949, 35.959096662345296], [-115.13835308582316, 35.9587045974963], [-115.13815761589831, 35.95841197862685], [-115.13790634432878, 35.9580275780398], [-115.13759219265826, 35.95755900057509], [-115.13718491375468, 35.956960345231835], [-115.1365472233591, 35.95602696502012], [-115.13611242934724, 35.95538946017235], [-115.13584672080137, 35.95499986561444], [-115.13515552408425, 35.95398996694692], [-115.13489021456671, 35.953603599338045], [-115.13475760391165, 35.95340278487726], [-115.13462269035267, 35.95319433015897], [-115.13448314880668, 35.9529744111817], [-115.13434837813905, 35.95274115498946], [-115.13422298097109, 35.95250984091354], [-115.13409530373816, 35.95226707227125], [-115.13387264948855, 35.95180836591165], [-115.1337822671852, 35.95160961566191], [-115.13361790565835, 35.9512159926059], [-115.13354391663812, 35.95102302788545], [-115.1334653320042, 35.95081287479024], [-115.13338910525222, 35.95060082237674], [-115.13332457744976, 35.95039453807373], [-115.13318153183431, 35.94996665387597], [-115.13306077345716, 35.94959081165602], [-115.13301091846313, 35.94943564394515], [-115.13263499056815, 35.94828764282102], [-115.13225213354445, 35.947122444090006], [-115.13194081291009, 35.946169278923676], [-115.13186930929874, 35.94595342787101], [-115.1318370811648, 35.94584456198067], [-115.13178191349063, 35.94564403442305], [-115.13170635827683, 35.94531560803772], [-115.1315851185228, 35.94476951938959], [-115.13147969630697, 35.94433032761425], [-115.13142516628004, 35.94410691583957], [-115.13141379601966, 35.94404367762511], [-115.13139391256095, 35.94393032620778], [-115.13137550233523, 35.94381578878249], [-115.13135601279502, 35.94363328117192], [-115.13134953748262, 35.94348301784263], [-115.1313459463293, 35.94334111072638], [-115.13135288465428, 35.94315274125815], [-115.1313673166673, 35.94293578296915], [-115.13139642479777, 35.94271649412399], [-115.13143877080076, 35.94249010219467], [-115.13149431951899, 35.94226256658738], [-115.13155121211236, 35.94205649923001], [-115.13163309242654, 35.94183979470778], [-115.1317193159678, 35.9416326451733], [-115.13181134340874, 35.9414362485644], [-115.13191361335609, 35.94124346775194], [-115.13204235041809, 35.94103767028565], [-115.13217983061891, 35.94084144514813], [-115.13231427585058, 35.940663093416916], [-115.13239547415988, 35.9405656228316], [-115.13243975993879, 35.940513324911166], [-115.13261428321498, 35.94030651083041], [-115.13256264226852, 35.94026303081823], [-115.13248418371968, 35.94020742008691], [-115.13238973436218, 35.940161093261054], [-115.13233234212916, 35.94013716379995], [-115.13216220947344, 35.94008955194523], [-115.13200994839288, 35.94004891569629], [-115.13187637458454, 35.9400226580611], [-115.1317321951694, 35.940004945491346], [-115.13161729119794, 35.93999592803328], [-115.13153166915711, 35.93999465219411], [-115.13140964586454, 35.939999916263645], [-115.13132044944977, 35.94000816553125], [-115.1307909760673, 35.94008629829588], [-115.12999851700657, 35.94020445417023], [-115.12930741980186, 35.94030977302129], [-115.12903199089118, 35.94035149604949], [-115.12776714344682, 35.94053831120172], [-115.12776080489225, 35.940539247055305], [-115.12726215966113, 35.94061479437366], [-115.12684604330278, 35.940677835766856], [-115.12643883491545, 35.94073825341969], [-115.12631489354182, 35.94075780901419], [-115.12604684095207, 35.94080493416634], [-115.12514646448608, 35.940992476840606], [-115.12492049508998, 35.94103770327736], [-115.12394590755783, 35.94123832101944], [-115.12391607515211, 35.941244164594195], [-115.12367136945534, 35.94129093393545], [-115.12354630192303, 35.94131501781252], [-115.12351369013643, 35.94131905700648], [-115.12342304549871, 35.941330284538736], [-115.12326499093086, 35.94133706790657], [-115.12312701070158, 35.941342025337065], [-115.12297333350573, 35.94134032201514], [-115.1228583395494, 35.94133634504121], [-115.12039153049052, 35.94125100571238], [-115.11998182460486, 35.94124141843677], [-115.1198645527613, 35.941236196792], [-115.11976345027715, 35.94122388187081], [-115.11966794565708, 35.94120729728611], [-115.11958360390015, 35.941187416349145], [-115.11948931937798, 35.941162727127775], [-115.11937980301882, 35.94113511815909], [-115.11928555113327, 35.941107522135404], [-115.11919330750432, 35.94104697329999], [-115.11896958633572, 35.94106386410644], [-115.11753218507666, 35.941054830149405], [-115.11733838634014, 35.941065277797854], [-115.11714566003351, 35.941084856100275], [-115.11685128207372, 35.941133039180855], [-115.11663184108352, 35.94117720188845], [-115.11652008558308, 35.941204645262616], [-115.11630044917196, 35.941268959293836], [-115.1161928336, 35.941305751673994], [-115.11598266514947, 35.9413883826087], [-115.11578009718146, 35.94148273384392], [-115.1155861154751, 35.94158834507715], [-115.11549264118071, 35.94164521572939], [-115.11531329634961, 35.94176673693959], [-115.11524891368734, 35.94182504486904], [-115.11468766810489, 35.94226409143672], [-115.11488708046988, 35.94230928163472], [-115.11509715524122, 35.9424913429766], [-115.11532802928785, 35.94272690286756], [-115.11552139111323, 35.94295850171744], [-115.11567985435195, 35.94314035996937], [-115.11578237355864, 35.94326095168969], [-115.1158895174255, 35.94339300723358], [-115.11600352012454, 35.94355561449423], [-115.1161639839964, 35.943796622003205], [-115.11618841677098, 35.943840287953186], [-115.11627310407944, 35.94399164320643], [-115.11634963801606, 35.94414265752287], [-115.1164538775425, 35.94437009187165], [-115.11656028350782, 35.944628058752095], [-115.1166318451903, 35.94482674884715], [-115.11669608958546, 35.945073104850664], [-115.11674187870268, 35.945265971269535], [-115.11677138048347, 35.945435880756186], [-115.11679624657378, 35.945596232612154], [-115.11682079765434, 35.94581000283506], [-115.1167671214592, 35.94593938098522], [-115.1168216900053, 35.94606739074238], [-115.11682060503621, 35.94625196660961], [-115.11681612588254, 35.946415066081165], [-115.11680953548627, 35.94663825393354], [-115.11680522560901, 35.94677273705757], [-115.11678860618939, 35.946905741933044], [-115.11676670948845, 35.94703872628954], [-115.11672667577209, 35.94726321450776], [-115.11662334760825, 35.94736407366106], [-115.11666025732363, 35.94748616882037], [-115.11662083003137, 35.94760763817836], [-115.11658327952121, 35.947709082926], [-115.11653854725839, 35.94783482371967], [-115.11649207369965, 35.947957696021916], [-115.11641697302075, 35.948160585410065], [-115.11634916207417, 35.948320576724406], [-115.1162708192578, 35.94847623491519], [-115.11612146620644, 35.94873749949814], [-115.11592055017778, 35.94908870703545], [-115.11572318545102, 35.949434203748076], [-115.11549199740276, 35.94984538912773], [-115.11527847035472, 35.95024519430653], [-115.11498496097595, 35.95077918857114], [-115.11486216454414, 35.951011938111], [-115.1147484688915, 35.951098353772885], [-115.11475026235019, 35.951227330928766], [-115.11466229973081, 35.95142158287415], [-115.1146193112842, 35.95154923776461], [-115.11456444389862, 35.95170164791422], [-115.11444662219859, 35.952183860820654], [-115.1144080106783, 35.95236495135116], [-115.11438374647796, 35.952500310780245], [-115.11436394897939, 35.952673843305355], [-115.11434885609184, 35.95284548610765], [-115.1142578502303, 35.952969185668266], [-115.11363646586652, 35.952943212962204], [-115.11361750133884, 35.95366426448885], [-115.11360298947314, 35.95379962403654], [-115.11356465715068, 35.95393328238731], [-115.11350403463484, 35.95405989977093], [-115.11342143344226, 35.9541790843974], [-115.11317192959645, 35.95449107126353], [-115.11313839509747, 35.95454804670896], [-115.1131114397295, 35.95460728590215], [-115.1130912926158, 35.95466828861055], [-115.11307812312268, 35.954730537241474], [-115.11307204301677, 35.95479350676481], [-115.11307310424769, 35.95485666470444], [-115.11308118606053, 35.95491887852738], [-115.11311429195506, 35.955096044864014], [-115.11318777703892, 35.955490488643875], [-115.1132346788553, 35.955681436096754], [-115.1133030781418, 35.95586063878214], [-115.11277162412789, 35.95602183774325], [-115.11266310714917, 35.95604789302941], [-115.11255369529168, 35.95606519918815], [-115.11243820314203, 35.956074235203516], [-115.11231441807817, 35.95607368275483], [-115.1121913816918, 35.9560626119965], [-115.11209039796529, 35.9560454374314], [-115.11197222078314, 35.95601548302254], [-115.11187712182212, 35.95598295665546], [-115.11178587243164, 35.955943816121824], [-115.1116824282884, 35.95588853721093], [-115.11158665843062, 35.955824770892164], [-115.11151347159132, 35.95576564855704], [-115.11144690040491, 35.955701565179474], [-115.11137645842943, 35.95561880649191], [-115.11131704322634, 35.95553051375549], [-115.11127642614025, 35.955453405514376], [-115.11123882311584, 35.955357517470254], [-115.11121704764982, 35.95527552515343], [-115.1112034663985, 35.95518427785366], [-115.11120066582863, 35.95509230954264], [-115.11120848816962, 35.955001908956184], [-115.11124302308761, 35.95480017318771], [-115.11123608381178, 35.95471349106468], [-115.11123246905706, 35.95468941517354], [-115.11119539504932, 35.95458107472879], [-115.11113407626331, 35.95448180081495], [-115.11084016281234, 35.954102192780965], [-115.11059159066967, 35.95378973259763], [-115.11025424710272, 35.953430080338364], [-115.10970343794524, 35.953772557906156], [-115.10967135518268, 35.953787651906325], [-115.10949414633019, 35.953891767060696], [-115.10937641534713, 35.95419589200059], [-115.10933941611471, 35.95418423330633], [-115.10932948887192, 35.95418110527164], [-115.1093094880863, 35.95417317486843], [-115.10928546613964, 35.954163649464235], [-115.10927514983364, 35.95415866046258], [-115.10924337080128, 35.954143291789265], [-115.10920215949933, 35.9541193259976], [-115.1091736225813, 35.954099577074], [-115.10916486246145, 35.95409351442808], [-115.10912918007865, 35.95406426708069], [-115.10909670898162, 35.954032643910395], [-115.10908350790199, 35.95401732877285], [-115.10906859708929, 35.95400003298401], [-115.10904388977548, 35.953968686539206], [-115.1090072573723, 35.953922210250106], [-115.10873912569579, 35.95358202091407], [-115.10873253112746, 35.953573654910535], [-115.1086071885284, 35.953444076457245], [-115.10558037556586, 35.95344730185431], [-115.10556470759137, 35.953441569272734], [-115.1054920850189, 35.95341263616773], [-115.10547262361054, 35.95340488212988], [-115.10546532482213, 35.953401778662524], [-115.10542718558332, 35.95338556345412], [-115.10536047969703, 35.95335547580241], [-115.10534527746324, 35.953348619296825], [-115.10527850532128, 35.95331629155252], [-115.10527125113771, 35.953312779051195], [-115.10526340788287, 35.95330915514309], [-115.10523904572594, 35.95329789613709], [-115.10522399155431, 35.95329093925798], [-115.1052156270915, 35.95328753229152], [-115.10519968662577, 35.95328103876305], [-115.10517878660886, 35.953273433072376], [-115.10516247033195, 35.953267495058235], [-115.1051244340535, 35.953255553327836], [-115.10509867089385, 35.95324849878253], [-115.10503564353613, 35.953234567369826], [-115.10500046039246, 35.95322910755543], [-115.10498224751778, 35.95322628052935], [-115.10494668755733, 35.953222830044986], [-115.10492826998569, 35.95322104322086], [-115.10488756378915, 35.953219130589936], [-115.10485154566197, 35.95321923035786], [-115.10483320347969, 35.95321928071231], [-115.10479251499156, 35.953221416854646], [-115.10475630322782, 35.953225132823924], [-115.10473858224574, 35.9532269513292], [-115.10470239102068, 35.95323277465307], [-115.1046852563319, 35.95323553196131], [-115.10463787497538, 35.95324585329652], [-115.10460201925194, 35.95325577984097], [-115.10458641600044, 35.953260098924034], [-115.10455091496547, 35.95327223510485], [-115.10453630420889, 35.95327722962494], [-115.10449975237086, 35.95329191954805], [-115.10446521074442, 35.953308005515225], [-115.10445258112216, 35.95331388761911], [-115.10440741046163, 35.953338476584726], [-115.10438525992195, 35.95335219823561], [-115.1043749774523, 35.95335856739801], [-115.10435861590504, 35.95337005163235], [-115.10433382810318, 35.95338745005361], [-115.10431732735641, 35.95340068950031], [-115.10429869676344, 35.953415636559285], [-115.10106287944056, 35.953413458405414], [-115.10008534978824, 35.95336129402916], [-115.09987666038636, 35.95334783868375], [-115.09945857352254, 35.95332982189092], [-115.09903996875737, 35.95332367735734], [-115.0986213546718, 35.953329413440166], [-115.0982032410487, 35.95334702318598], [-115.09799453165977, 35.953360274231976], [-115.09757812476678, 35.953395650129856], [-115.09716348986512, 35.953442818332206], [-115.09695699437565, 35.953470806826715], [-115.09654596338845, 35.95353555243716], [-115.09613795985668, 35.953611920641926], [-115.09573348303437, 35.953699817057874], [-115.09553272053951, 35.95374805653179], [-115.09513445370489, 35.953853042669195], [-115.09474093438084, 35.953969264643604], [-115.0943526432933, 35.954096581149074], [-115.0939700512905, 35.95423483642392], [-115.0932705632495, 35.95451686626169], [-115.09309002807399, 35.95442198872487], [-115.09299027697553, 35.95423652479069], [-115.09287200340135, 35.954010921377275], [-115.09281201139859, 35.95384660520564], [-115.09276132287133, 35.95369568279782], [-115.09271844294399, 35.95354622087931], [-115.09266948665254, 35.95336907347055], [-115.09262171065451, 35.95312658691433], [-115.09251453665115, 35.952624397833034], [-115.09243239405028, 35.952248225526596], [-115.09248302778806, 35.952112988427515], [-115.09239165944517, 35.95200576854038], [-115.09232523306665, 35.95174412816889], [-115.09224516732523, 35.95141184319084], [-115.09219247716776, 35.95120558561457], [-115.0921516020895, 35.950986020587365], [-115.09213391870327, 35.95081043127015], [-115.0921282261866, 35.95059291830052], [-115.09213620973964, 35.95044032757053], [-115.09215098405384, 35.95032782744915], [-115.09223429353987, 35.95017767566946], [-115.09220221559237, 35.95001134259386], [-115.09221906477568, 35.94994273086594], [-115.09227168501648, 35.9497807822617], [-115.09230517064186, 35.94967789824519], [-115.09234807580383, 35.94956932936063], [-115.09242661104032, 35.949390317416196], [-115.09250981176535, 35.949243524195914], [-115.09257365918411, 35.94913527340062], [-115.09264234815835, 35.949030625114645], [-115.09275124184727, 35.948874630608934], [-115.09286706762514, 35.94873583449846], [-115.092952120756, 35.948640792480106], [-115.09304658246045, 35.94854197263749], [-115.09318346415142, 35.94841280090377], [-115.09328729757804, 35.94831592723452], [-115.09343919116131, 35.9482595432208], [-115.09353488617049, 35.94811661824466], [-115.09365503655106, 35.94803698100917], [-115.09380573461434, 35.947949836755036], [-115.09395171569996, 35.94786648927231], [-115.09407177230237, 35.94780211330919], [-115.0942411915334, 35.94772267630291], [-115.09442699880908, 35.94764902920233], [-115.09460811375253, 35.94757536270573], [-115.09541705360485, 35.947277220313524], [-115.09566692234027, 35.94724696623016], [-115.0957462333103, 35.94716218294059], [-115.09598847585792, 35.94706777627403], [-115.09625895263274, 35.94696012971], [-115.09657181165888, 35.946827852744455], [-115.09700954265409, 35.94661023006549], [-115.09722845928792, 35.94649283278644], [-115.09760991426342, 35.94626925657127], [-115.09778494920836, 35.94622832639437], [-115.09732524291367, 35.945733186773104], [-115.09711739093405, 35.94550099364397], [-115.09691963331362, 35.945263043754125], [-115.09673220987098, 35.94501962564664], [-115.09655534927558, 35.94477103683137], [-115.09638926573948, 35.94451758106744], [-115.09623416236504, 35.944259564771095], [-115.0960902288788, 35.943997305118295], [-115.09590782714572, 35.943623644279725], [-115.0958004671947, 35.943374793927056], [-115.09564116055104, 35.94296938093581], [-115.0955431498135, 35.94276789134842], [-115.09542809525064, 35.942572452377625], [-115.09529655528252, 35.94238401533829], [-115.09514917274389, 35.94220349943659], [-115.09498666385421, 35.942031782713066], [-115.09493808477382, 35.94198725892596], [-115.09480982154113, 35.94186970205764], [-115.09461950771434, 35.94171804777161], [-115.09441664996784, 35.94157755904905], [-115.094202234963, 35.94144891854351], [-115.09397730731541, 35.94133275326622], [-115.09374296408186, 35.94122963005841], [-115.09350034592289, 35.941140051050134], [-115.09325063600203, 35.9410644527556], [-115.09320262744467, 35.941051821188445], [-115.09320852849588, 35.9409733608199], [-115.09320861141791, 35.94094790420416], [-115.09320814240326, 35.94072283122581], [-115.09320809862804, 35.940701738295694], [-115.09320789809773, 35.94060532930719], [-115.09320769591302, 35.94050793155949], [-115.09320766860404, 35.94049530121403], [-115.09320744021747, 35.940385273123354], [-115.09320729819568, 35.940317443507524], [-115.09320715335143, 35.9402477373256], [-115.0932070115235, 35.94017987616271], [-115.0932068675919, 35.94011020152921], [-115.09320672596895, 35.94004230701667], [-115.09320658071664, 35.93997266662646], [-115.09320643929874, 35.939904738764284], [-115.09320629384516, 35.93983513081926], [-115.09320615263222, 35.93976716960743], [-115.09320600808013, 35.939697595013456], [-115.09320586595834, 35.93962960134873], [-115.0932057200911, 35.93956006009677], [-115.09320557928265, 35.93949203308691], [-115.09320543432804, 35.93942252338338], [-115.09320494923742, 35.93918927798848], [-115.0932049194515, 35.93917507392048], [-115.09320467582867, 35.93905835612546], [-115.09280303261015, 35.93908053205329], [-115.09273214113371, 35.939084446106804], [-115.09254207360392, 35.93908720593142], [-115.09223753974051, 35.93913533127488], [-115.09204665076827, 35.9391654961795], [-115.09138921829255, 35.93922840733968], [-115.09084248979016, 35.93928072253093], [-115.0906957899407, 35.9392947598441], [-115.09010458620143, 35.93935132724724], [-115.08956934537197, 35.93964273532265], [-115.08946860885564, 35.9395053577275], [-115.08941562836455, 35.939433105135244], [-115.089121905251, 35.93922045041219], [-115.08863261182246, 35.93925961906289], [-115.08844625064931, 35.9394941177127], [-115.08830032548683, 35.93961858352567], [-115.08805698908687, 35.93965904961031], [-115.08782343824281, 35.939697887247405], [-115.08715158934227, 35.93941949568074], [-115.0866459174205, 35.93948691528425], [-115.08643435826528, 35.939529109408866], [-115.08611777649153, 35.9397247004913], [-115.08599603150739, 35.93961652776543], [-115.08558671135624, 35.93949874625183], [-115.08509684159003, 35.93952324889111], [-115.08487460710519, 35.93953436702706], [-115.08468862495238, 35.9395055138862], [-115.08450424182942, 35.93947690865695], [-115.08433777882354, 35.93945108340995], [-115.08417131814531, 35.93942525794207], [-115.08395824619625, 35.93939220171834], [-115.08374517554304, 35.93935914422095], [-115.08353210507167, 35.939326086346576], [-115.08331903478212, 35.93929302809518], [-115.0832109329324, 35.939276255703255], [-115.08310596466877, 35.93925997036818], [-115.08289289474865, 35.93922691046153], [-115.08265765137318, 35.9391898333364], [-115.0824667543286, 35.93916079221661], [-115.08225368494837, 35.939127732080344], [-115.0820406146417, 35.939094671562486], [-115.08186470728921, 35.939067377557095], [-115.08183188010959, 35.93904392771145], [-115.0817073351508, 35.938954962355034], [-115.08147068969359, 35.93878591894619], [-115.08124045127693, 35.938621452646004], [-115.08099678943101, 35.93844739644274], [-115.08092046901291, 35.93839287510911], [-115.08066218052501, 35.9382083692649], [-115.08053286745115, 35.938224652674144], [-115.08021741059662, 35.9382643753434], [-115.07996522524735, 35.9382961307426], [-115.07950425426455, 35.93835417442873], [-115.07932175046669, 35.9383771545204], [-115.07883961915401, 35.938437332165805], [-115.07885436742252, 35.93814593895067], [-115.08160889526155, 35.93781061683042], [-115.08170347127137, 35.93779911012448], [-115.08330730631506, 35.93760396304578], [-115.08723675646895, 35.93712561096392], [-115.08694483750881, 35.937001246524595], [-115.08637843268438, 35.93675995510421], [-115.08344100256018, 35.93550852525985], [-115.08342859402002, 35.935499216098414], [-115.08240089447888, 35.93472808276932], [-115.08155232316582, 35.934579676318556], [-115.0812692951916, 35.934530175712155], [-115.08000082390421, 35.934466768168804], [-115.07907086740329, 35.93386934598397], [-115.07909218277385, 35.933448238248275], [-115.079117111972, 35.932955741035194], [-115.08134501977034, 35.93297313311598], [-115.08249501582411, 35.93229841437356], [-115.08253424627972, 35.93153461627859], [-115.08254343606343, 35.93135568150668], [-115.08154650318583, 35.93032227737825], [-115.08048018785325, 35.93032814660304], [-115.07927237443764, 35.9298452852113], [-115.07873930505335, 35.92963216852714], [-115.07821008809564, 35.9293440151728], [-115.07803821271744, 35.92925042939771], [-115.07710053225071, 35.92867994754875], [-115.07715397947925, 35.92760004361567], [-115.07755891246282, 35.92758075841239], [-115.07804854817512, 35.92767811267466], [-115.07936160682661, 35.928140367922126], [-115.07980374515603, 35.928296016064586], [-115.08176134927496, 35.92861079881674], [-115.08271842406732, 35.927992531243035], [-115.08275194373243, 35.92734969704853], [-115.08283410718205, 35.9257739443439], [-115.08283938610279, 35.92567270525963], [-115.08283893140485, 35.92506518815591], [-115.08399026760624, 35.92508920037846], [-115.08520148761228, 35.92511445051265], [-115.08623522897653, 35.92450619043759], [-115.08683347262141, 35.92291824760537], [-115.09080004182775, 35.92288809612134], [-115.09150850938622, 35.92288269653553], [-115.09289655888782, 35.92287210662746], [-115.09513056760825, 35.921948382177256], [-115.10055314585506, 35.92191009006843], [-115.10053919686408, 35.92372467906856], [-115.10053402628371, 35.924397394027125], [-115.10181963667608, 35.92551004703136], [-115.1105172546404, 35.9257471832478], [-115.11055566151069, 35.92574822861393], [-115.11049150697016, 35.91846166032921], [-115.11916633111788, 35.91863054674591], [-115.1191351940576, 35.91679172629611], [-115.12603081026023, 35.91681563944343], [-115.13216344655521, 35.916836574129086], [-115.13223696218506, 35.918682880157554], [-115.13659384683335, 35.91870000845402], [-115.15406870983036, 35.91914194341111], [-115.16250987805536, 35.911462968056746], [-115.16291633346268, 35.90416216295299], [-115.16733313871498, 35.90407990181353], [-115.16954153796839, 35.904038710299034], [-115.17183128054721, 35.902209734697855], [-115.17191263388166, 35.90042199157144], [-115.17201180800161, 35.89824270898144], [-115.17206759392853, 35.897016778312356], [-115.17207528317353, 35.89684796168607], [-115.17644065726586, 35.89684325783016], [-115.1808155092956, 35.896838383792456], [-115.1851903634302, 35.89683335128867], [-115.18956511551255, 35.89682815907594], [-115.18956521742889, 35.89682815850879], [-115.19390423513303, 35.89682285149454], [-115.19824325594125, 35.89681738681527], [-115.20258227648804, 35.89681176626288], [-115.2064977557061, 35.896806558914456], [-115.20692129896409, 35.896805988041734], [-115.21139514311524, 35.8967924064336], [-115.21208791816092, 35.89679028845141], [-115.21251360497745, 35.896788985217384], [-115.21284485424442, 35.89678796963768], [-115.21363206462092, 35.89678555357744], [-115.21494010390546, 35.89678152687571], [-115.21534315118697, 35.89678028296866], [-115.21573769631907, 35.89677906396284], [-115.21586898611544, 35.89677865815255], [-115.21614923688624, 35.8967777910693], [-115.21628361182678, 35.8967773753102], [-115.21663824836612, 35.896776277430945], [-115.21706108044994, 35.89677496648615], [-115.21729652998394, 35.89644690751404], [-115.22005086294833, 35.89253030554416], [-115.22084257636045, 35.89140392934526], [-115.22111486640078, 35.89102483736595], [-115.22139684419268, 35.890645888402204], [-115.22169048498594, 35.8902716184421], [-115.22199312103311, 35.889897481153334], [-115.22230336884465, 35.889523455183586], [-115.22262251037642, 35.889154068124355], [-115.22294916110162, 35.88878929862574], [-115.22328193873253, 35.88842912625945], [-115.22379083308822, 35.887902531347464], [-115.22430757360502, 35.88739633415733], [-115.22483433724705, 35.886906057848655], [-115.22527025102575, 35.88651648679734], [-115.22537265971559, 35.88642496488073], [-115.22629339801983, 35.88562273423822], [-115.2268462369713, 35.88514184801777], [-115.23025356800639, 35.88220597556435], [-115.23078311985006, 35.88174275689216], [-115.23131330673863, 35.88128180004872], [-115.23142690279253, 35.88118214403644], [-115.23184640672315, 35.88081412176102], [-115.23536689559435, 35.87775355554418], [-115.23878541375402, 35.87478378698794], [-115.23956112344959, 35.874110036684016], [-115.2399494191546, 35.873768658689706], [-115.24053388208097, 35.87325887273571], [-115.24150300969323, 35.87241440807631], [-115.24416379070193, 35.870102730461014], [-115.24435920453566, 35.86993655960836], [-115.24642308261441, 35.868129945250054], [-115.24775456134859, 35.86695040838645], [-115.25143055414487, 35.863749633459626], [-115.252469238224, 35.86284749194447], [-115.25382423264347, 35.8616683278376], [-115.2543949058478, 35.86117169205637], [-115.25745573231325, 35.85850943243165], [-115.25846126785996, 35.85762929221341], [-115.25947928435029, 35.856747071504394], [-115.26261329676726, 35.854013615758966], [-115.26746458578133, 35.849794863831974], [-115.27244950933346, 35.845453600165285], [-115.27262230365439, 35.84530310546031], [-115.27777242226173, 35.84081551372087], [-115.27860180510393, 35.84009268586517], [-115.27943398858118, 35.83936763923482], [-115.28224531300032, 35.83692150127245], [-115.28314679504417, 35.83613707357765], [-115.28735365740924, 35.83247241193256], [-115.28742063900164, 35.83241405882146], [-115.28783173840182, 35.83205481334246], [-115.28844867658103, 35.831518200109855], [-115.29091792430933, 35.82936272124528], [-115.29153551257953, 35.82882610152665], [-115.29235684458449, 35.82811207420255], [-115.29380712317634, 35.8268457949669], [-115.29421697371443, 35.82647749358628], [-115.29462143198447, 35.82610235372995], [-115.29501916256146, 35.82571810175565], [-115.2954100225697, 35.82533149658477], [-115.29578921599752, 35.82494021846169], [-115.296156697212, 35.82454651805006], [-115.29651103281694, 35.82415263098233], [-115.29685642323719, 35.82375636179062], [-115.2971915309386, 35.823355437775774], [-115.29751631030652, 35.82295211318379], [-115.29783076036088, 35.8225463880958], [-115.29798314251448, 35.822343456498054], [-115.29857947502485, 35.82153379426407], [-115.29932461662123, 35.82052565329086], [-115.30035862215261, 35.81910915807609], [-115.3012506463337, 35.81789348328938], [-115.30199858089901, 35.81688085544093], [-115.30275587060295, 35.81585032485788], [-115.3062606896645, 35.81107901579286], [-115.30712332410278, 35.80990446260159], [-115.31008915514134, 35.80586590467921], [-115.31105548388402, 35.80455653719439], [-115.3126551607841, 35.80237258559392], [-115.3165680237559, 35.79705225470803], [-115.31672395595595, 35.79684033140861], [-115.31687716777891, 35.796626116943045], [-115.31718976571, 35.79620002655236], [-115.31766188557269, 35.79555530000181], [-115.3178261542711, 35.79534123939745], [-115.31798217440914, 35.79512480782755], [-115.31830324583078, 35.79468981874158], [-115.32029535751765, 35.79197301499558], [-115.32083872489463, 35.79123194238066], [-115.32433843554328, 35.78646674924128], [-115.32591997850352, 35.78432066614452], [-115.32678768913665, 35.78313825261], [-115.32835942048577, 35.78099199877258], [-115.32846839169764, 35.78084025785974], [-115.32959080031122, 35.77931202998642], [-115.33128253920451, 35.777007383439354], [-115.33193300747322, 35.77612166487162], [-115.33271288409253, 35.775064197769325], [-115.33378833263384, 35.773591619553144], [-115.33565699981482, 35.77104595220279], [-115.33981801409675, 35.76537664373927], [-115.34200493120787, 35.76240028383968], [-115.34215860451401, 35.7621905478926], [-115.34261892953758, 35.76156132931745], [-115.34277605534115, 35.76135164001645], [-115.3433884688943, 35.760521673767926], [-115.34791749649548, 35.75434374099022], [-115.35083236501613, 35.75036703983614], [-115.35245807283256, 35.74815356950226], [-115.35292556030365, 35.74750412129161], [-115.35321625405334, 35.747082137390684], [-115.3534923870129, 35.74666220617437], [-115.35376041105718, 35.74623314877187], [-115.35415122617759, 35.74558039265442], [-115.35440224647756, 35.74513757813213], [-115.35452365635048, 35.744913860788635], [-115.35476039597759, 35.74445958094261], [-115.35499100529093, 35.74400070914521], [-115.35521129547693, 35.74353944221543], [-115.35552438365572, 35.74283378087538], [-115.35572214344768, 35.742358682134345], [-115.35581687767413, 35.74212107521173], [-115.35599538009055, 35.74164120469318], [-115.35609081584289, 35.74137090469618], [-115.3572465640674, 35.73809731575245], [-115.35823157883974, 35.73529352845988], [-115.35873322538448, 35.733882740605786], [-115.35922587242501, 35.732471827175864], [-115.36054649284632, 35.7287282547153], [-115.3611317451892, 35.727077438201725], [-115.36157728802758, 35.7258055518038], [-115.36163227166297, 35.72564858879695], [-115.36366103536756, 35.71990423105823], [-115.36471667735275, 35.716900749022685], [-115.3657727411343, 35.71390627681314], [-115.36701868496075, 35.71037120409461], [-115.36744026601868, 35.709177903140024], [-115.36752248983653, 35.7089401152968], [-115.36768831848565, 35.70846455901155], [-115.36776920529168, 35.7082244998358], [-115.36810628624158, 35.70727796671859], [-115.36894039066512, 35.704925036467216], [-115.36960173428015, 35.703047565667156], [-115.3700089638883, 35.70187659606583], [-115.37068102591388, 35.69997897821957], [-115.37149871796545, 35.697659723700355], [-115.37280750388042, 35.6939472614368], [-115.37500689735798, 35.68770913208293], [-115.37533997612586, 35.686746742930225], [-115.37568349333469, 35.68577998643341], [-115.37585082955998, 35.68529316771773], [-115.37601061395063, 35.68480399216138], [-115.37608670827522, 35.68455935358265], [-115.37622789337503, 35.68406767319751], [-115.37641893283451, 35.68333099948004], [-115.376586539416, 35.68259175498017], [-115.37668417512609, 35.6821017405419], [-115.37681513884482, 35.681364256135666], [-115.37702168234763, 35.68013420397928], [-115.37780881485287, 35.675501953838925], [-115.378841180604, 35.6694325976033], [-115.37975630306879, 35.66405173354098], [-115.38043256337475, 35.660071567224016], [-115.38092319171257, 35.65714368792072], [-115.38170247299554, 35.652567630076355], [-115.38204130451251, 35.65055500917804], [-115.38225535362886, 35.64932053369074], [-115.38283697966943, 35.64587773540398], [-115.3836773865848, 35.640936375749526], [-115.38419003272806, 35.63792184618591], [-115.38513774029558, 35.63232927456523], [-115.38643615882624, 35.62469715752975], [-115.38670887869849, 35.62307297218793], [-115.38632314364101, 35.623086972312194], [-115.38611025316456, 35.62309469854653], [-115.38227813177144, 35.62323371257841], [-115.37972280806314, 35.62329691722014], [-115.37909881681198, 35.62338790171911], [-115.37834689229024, 35.62354616151627], [-115.37714940845285, 35.62380172670178], [-115.3738439362024, 35.62498922232423], [-115.37141224925927, 35.62586824531309], [-115.36552943413012, 35.62803282076299], [-115.3630487020513, 35.62892235515797], [-115.36315544640948, 35.62838962517859], [-115.36356563015045, 35.62692574156418], [-115.36401115240872, 35.62490922874965], [-115.3650730068868, 35.620268542644794], [-115.36609324167699, 35.615362096609985], [-115.36620459112854, 35.6148265658718], [-115.3677453551137, 35.60816938042895], [-115.36935508195815, 35.60093196046977], [-115.36997125037729, 35.598252486704176], [-115.37048455766039, 35.59607025135024], [-115.37075859247491, 35.59479953742403], [-115.37096612034873, 35.59308654906219], [-115.37092972427895, 35.591119128471334], [-115.37090755528806, 35.59110161878587], [-115.37071558594695, 35.59094999749014], [-115.37058979566612, 35.59085064496653], [-115.37054191533778, 35.59081282762655], [-115.36944844369432, 35.58994916131226], [-115.36681095322916, 35.58786366354604], [-115.36606649648323, 35.58727498212702], [-115.36440207364225, 35.58595878724403], [-115.36164422769836, 35.583777785956535], [-115.3597893502484, 35.58234514210162], [-115.3565348778289, 35.579831303956695], [-115.35538621252921, 35.5789439871795], [-115.35209056253234, 35.5763980051546], [-115.35067338101494, 35.57530311557738], [-115.34773711994434, 35.572971049304726], [-115.34636383235554, 35.57188027140837], [-115.34330869222781, 35.56945346682315], [-115.34179018972902, 35.56824277651772], [-115.33812609434402, 35.56532119273283], [-115.33724833719278, 35.5646212604591], [-115.33379016983704, 35.56186350438905], [-115.33266288119974, 35.56096447229961], [-115.32950631207048, 35.55845662477466], [-115.32831498450177, 35.55751007150271], [-115.32507947604964, 35.554939168460145], [-115.32373724944412, 35.553871878574306], [-115.32160470936242, 35.552176071467194], [-115.32066104415917, 35.551423673215815], [-115.31912279118421, 35.55019715367495], [-115.3162392686005, 35.5478978388544], [-115.3145904257774, 35.546582963888184], [-115.31177354415377, 35.54433973021847], [-115.30995817932009, 35.542893957370275], [-115.3088845685763, 35.542038886456645], [-115.30734659224191, 35.540813926124294], [-115.30538698709586, 35.53925396234385], [-115.30252797561528, 35.5369778503935], [-115.29855359729719, 35.53381344815409], [-115.29625587828143, 35.53198383068917], [-115.29617166199124, 35.531916768652145], [-115.29188001328882, 35.528499084438074], [-115.28971666790537, 35.52677511806919], [-115.28727388276937, 35.52482833051333], [-115.28552683892353, 35.52343593003559], [-115.28531354119205, 35.52326592627279], [-115.28269997581602, 35.521182752995635], [-115.2808736459614, 35.51972695713749], [-115.27917446271643, 35.5183724406758], [-115.2781454526902, 35.5175521238614], [-115.27282288557208, 35.51330861744977], [-115.27204010891522, 35.512684477671854], [-115.2687074880861, 35.51002708065446], [-115.26647210509786, 35.5082444587361], [-115.26315825478454, 35.50560004673666], [-115.26012392393643, 35.50317845611091], [-115.25958753891408, 35.50275036298726], [-115.25431603761868, 35.49854277097946], [-115.25419967472182, 35.49844988490776], [-115.25377654016721, 35.49811211856169], [-115.24965592905436, 35.4948226211309], [-115.24742995469047, 35.493045448081176], [-115.2451104762294, 35.49119349657659], [-115.2410841651107, 35.48797844394861], [-115.2405402055364, 35.48754380366021], [-115.23627278332812, 35.484133753623006], [-115.23474097519534, 35.48290959631465], [-115.23171396930138, 35.48049037178157], [-115.2312816914991, 35.48014487181043], [-115.22839858189353, 35.47784041649356], [-115.22755535699515, 35.477166393034594], [-115.22717086760655, 35.476859049051946], [-115.22693251796078, 35.47666852115178], [-115.22681945001976, 35.47657813855113], [-115.2264022599694, 35.47624464873772], [-115.22585531474849, 35.47580742894854], [-115.22260708756478, 35.47321069675757], [-115.22205698501824, 35.47277090286921], [-115.2179686633971, 35.46950215795347], [-115.21701817018801, 35.46874215068341], [-115.21571618436667, 35.46770105743095], [-115.21347575861408, 35.46590947213498], [-115.21252389321546, 35.46514826406752], [-115.20937617975196, 35.462630878562585], [-115.2089276550829, 35.46227215131532], [-115.2079740543553, 35.46150945143581], [-115.20693707505674, 35.46068003922544], [-115.20443961797916, 35.45868470309939], [-115.20359923146252, 35.4580132451671], [-115.20059456777354, 35.455612418369626], [-115.19845732216302, 35.45390455586478], [-115.19425103658281, 35.45054301064301], [-115.19400871721093, 35.45034934251976], [-115.18962708019158, 35.44684718421679], [-115.18791194077176, 35.44547618037678], [-115.18605737261119, 35.44399364441862], [-115.18490476690833, 35.44307006452384], [-115.18053249464106, 35.4395662875294], [-115.17984483780808, 35.439015182605495], [-115.17972469550187, 35.438918896343516], [-115.17612330838378, 35.43603246085781], [-115.17529517635431, 35.435368685701945], [-115.17528121422204, 35.43535749449532], [-115.1733928133271, 35.43384381807338], [-115.17170391819026, 35.4324899851606], [-115.17074684659165, 35.43172275752445], [-115.16720537068795, 35.428883574024056], [-115.16706172590071, 35.428768407991704], [-115.16619284536345, 35.42807178265909], [-115.16282350635642, 35.42537023629363], [-115.16132673625269, 35.42417003499788], [-115.16073143301814, 35.42369266808748], [-115.15840640433078, 35.42182709120277], [-115.15677828617142, 35.420520629301784], [-115.15396154183003, 35.41826021889816], [-115.1521818469663, 35.416831932385605], [-115.14942546277412, 35.41461965703783], [-115.14766914343402, 35.41320993769053], [-115.1449957305533, 35.41106396539028], [-115.1439065337569, 35.410189608551605], [-115.14057052790852, 35.407511437138695], [-115.13937317681179, 35.406550128683584], [-115.13615896125314, 35.403969384455785], [-115.13478054600229, 35.40286255643968], [-115.13180668914117, 35.400474479219376], [-115.13028886119628, 35.39925554503429], [-115.1273647828124, 35.39690712448507], [-115.126144957382, 35.395927382144855], [-115.12416832501829, 35.39433971111351], [-115.12296011035707, 35.393368636813925], [-115.12163022941837, 35.39229973546982], [-115.11857512920044, 35.38984401473445], [-115.11710033484212, 35.38865847862516], [-115.11417823234639, 35.386309346875], [-115.11257750653664, 35.38502240703858], [-115.10978374482536, 35.38277614947968], [-115.10802860065353, 35.38136487176952], [-115.10538059118778, 35.379235515489995], [-115.10349643561075, 35.377720298803666], [-115.10096838379283, 35.37568713144312], [-115.10001502924601, 35.37495435934895], [-115.09654289728216, 35.372285413865356], [-115.09558289777581, 35.37154743650885], [-115.09108605689502, 35.36803047501815], [-115.08766049973916, 35.36535104486161], [-115.08658960741283, 35.36451334823137], [-115.08322945517023, 35.36188472640254], [-115.08209355035906, 35.36099605711972], [-115.07892336767281, 35.358515722149754], [-115.07759788456809, 35.357478601743985], [-115.07456287084331, 35.355103708326716], [-115.07297019439159, 35.353857355086305], [-115.07000057449766, 35.35153331457821], [-115.06834291646953, 35.350235933465726], [-115.06550904953896, 35.348017831880874], [-115.06371605294314, 35.34661433515981], [-115.06106769283764, 35.34454115298152], [-115.05908960153006, 35.34299256203291], [-115.05664474411338, 35.34107842659727], [-115.05447149514009, 35.33937682262176], [-115.05222041310763, 35.33761416182138], [-115.04985380040712, 35.335760909137804], [-115.04779470130948, 35.33414835852922], [-115.04523651727277, 35.332144819848914], [-115.04438636593369, 35.33147895826393], [-115.04336706086936, 35.33068058867676], [-115.04061964455498, 35.3285285566236], [-115.03893979775624, 35.32721265626446], [-115.0358858835436, 35.32482022049727], [-115.03451291299012, 35.323744564063574], [-115.03115255509088, 35.32111169978901], [-115.03008640651514, 35.32027631123501], [-115.02641965800304, 35.317402997274], [-115.02566027827551, 35.31680789693967], [-115.02168719442221, 35.313694110334275], [-115.021234528197, 35.31333932304252], [-115.01698445713274, 35.310008002715314], [-115.0168091562301, 35.309870587803125], [-115.01238416230662, 35.30640169218502], [-115.01228214675167, 35.306321714884646], [-115.0079736484096, 35.302943694274774], [-115.00758026431683, 35.30263524511938], [-115.0035649303911, 35.29948665087485], [-115.00287880754205, 35.298948595286575], [-114.99915800672764, 35.296030562195355], [-114.99802472347326, 35.295141721846775], [-114.99467782051069, 35.29251655239327], [-114.9932743212209, 35.29135328038389], [-114.9901509251644, 35.288764319149784], [-114.98879545431805, 35.287640702649696], [-114.98561771328882, 35.28500633680057], [-114.98437967792616, 35.28397992860687], [-114.9810794730522, 35.281362983336614], [-114.97664053793217, 35.27784265727999], [-114.97444127554763, 35.276098346556495], [-114.97077073758675, 35.27318685961446], [-114.96977163890466, 35.27239431637683], [-114.96633701719229, 35.26966958992749], [-114.96499832393579, 35.26860751292265], [-114.96190368024853, 35.26615215965616], [-114.96052663456871, 35.265059509817725], [-114.95773516903493, 35.26284441783624], [-114.95592634667643, 35.26140897772326], [-114.953303281553, 35.259327236004914], [-114.95134773216695, 35.25777514843671], [-114.94883738074351, 35.25578259163848], [-114.94763072534126, 35.25482477230454], [-114.94679038664599, 35.25415770681941], [-114.93993416095644, 35.24871457908045], [-114.93785840633123, 35.24706642755275], [-114.9354728489267, 35.24517216564042], [-114.93340536129789, 35.243530360432935], [-114.93102826523175, 35.241642567309036], [-114.92900807877109, 35.240038112807646], [-114.9223672336895, 35.23476319846443], [-114.91987758161467, 35.23278536553343], [-114.91796371234378, 35.23126484664709], [-114.91529521995805, 35.229144655127364], [-114.91350158230554, 35.22771946564058], [-114.91080265540786, 35.225574807230174], [-114.90454746093475, 35.22060355601212], [-114.9012941772872, 35.21801767737814], [-114.90017126289065, 35.21712506734588], [-114.89656350517991, 35.21425704564796], [-114.89574967922263, 35.21361004478609], [-114.89194856448168, 35.21058790478201], [-114.88690444554314, 35.20657696634216], [-114.88301283921753, 35.20341691412081], [-114.88194000471557, 35.202545688431925], [-114.87850985150874, 35.19975995023568], [-114.87759478654581, 35.19901674703447], [-114.87396959070654, 35.19607221654253], [-114.86909412431868, 35.19212490473683], [-114.86552388971457, 35.18930155366382], [-114.8605467300345, 35.185371264411046], [-114.86024131841921, 35.18513007326263], [-114.85627158538648, 35.18199486913448], [-114.85179061779267, 35.1784126449277], [-114.85131848500497, 35.178035179353515], [-114.85042443968028, 35.17732038494776], [-114.85021416600321, 35.177152267237474], [-114.84948155975586, 35.176566526025546], [-114.84910821841359, 35.17626802272893], [-114.84875515101636, 35.17598572712363], [-114.8479823552165, 35.175367826369786], [-114.84686777531994, 35.174476622169365], [-114.84576096940584, 35.17359160367415], [-114.84462115689885, 35.17268016223019], [-114.84350185477604, 35.17178509251426], [-114.84194776394767, 35.170542285707874], [-114.83757749113073, 35.16704707168072], [-114.83713944511437, 35.16669670973626], [-114.8330345874117, 35.16341331025455], [-114.83251745246682, 35.16299947736015], [-114.82855882077325, 35.15983140453989], [-114.82813569132463, 35.15949275394173], [-114.8240835055773, 35.15624938266123], [-114.82375430647569, 35.15598587387428], [-114.81960858291431, 35.152667197445936], [-114.81937329893702, 35.152478839029186], [-114.81916134318269, 35.15230915515979], [-114.81513377703001, 35.14913975564963], [-114.81494216010945, 35.148985705073606], [-114.81068811799584, 35.14556542840645], [-114.81048254375312, 35.14540013388237], [-114.80624284678183, 35.14199094007884], [-114.806023318743, 35.14181440241088], [-114.80179796550675, 35.138416291646976], [-114.80156448501943, 35.138228509823165], [-114.80132422781293, 35.13803527617254], [-114.79735308858338, 35.13493263094343], [-114.79701628116769, 35.13465951467443], [-114.79290928487094, 35.13132894685058], [-114.79261526888469, 35.13109050035749], [-114.78846589023921, 35.12772511920972], [-114.7882146310009, 35.12752131923963], [-114.78402290573763, 35.124121145391165], [-114.78381436524029, 35.12395197317158], [-114.78374472420589, 35.12389547934931], [-114.779637385278, 35.12067969914849], [-114.77918059685065, 35.12031052385884], [-114.77515160025163, 35.11705407722831], [-114.77470783224094, 35.11669537620917], [-114.77073725611831, 35.11348572269768], [-114.77023546402201, 35.113080067639316], [-114.76632329592354, 35.109917211464385], [-114.76561268159794, 35.109342663695806], [-114.76234761551883, 35.10665773077674], [-114.76125483743743, 35.105759058003514], [-114.75800852258433, 35.10308919591885], [-114.75679646169999, 35.10209229709698], [-114.75366886805331, 35.09951973716854], [-114.75234082175454, 35.09842729720213], [-114.74932956794981, 35.0959501053672], [-114.74788243303003, 35.09476395414494], [-114.74495071220494, 35.092360779150205], [-114.74337038580322, 35.09106527377227], [-114.74053206326376, 35.08873834750435], [-114.73887459064346, 35.087379418943385], [-114.73607286280118, 35.08508218694879], [-114.7343947408919, 35.08370614504902], [-114.7315723334037, 35.08139164667602], [-114.72981384322908, 35.08004539488895], [-114.72715783728388, 35.077877769422656], [-114.72516589297602, 35.07625198660014], [-114.72277925029725, 35.07430393210057], [-114.72055945989855, 35.07249194369282], [-114.71843614920103, 35.070758598075116], [-114.71412854546564, 35.06724178837224], [-114.7113661132828, 35.06507357690243], [-114.70958337392244, 35.06363615444304], [-114.70687900836305, 35.06145548182623], [-114.70499561431166, 35.05993669793705], [-114.7045341688716, 35.05956457219027], [-114.7023923180328, 35.057837239912125], [-114.70015208837212, 35.05603045092572], [-114.69577040739377, 35.05249619311514], [-114.6935108812514, 35.050624177650484], [-114.68696100298939, 35.04533183543645], [-114.6847288497671, 35.043528006638226], [-114.6839910893025, 35.04293178738524], [-114.68374794449748, 35.04273528684086], [-114.68351337390243, 35.04254571559185], [-114.68338234889892, 35.042439825485026], [-114.683333009685, 35.04239995074097], [-114.67828317070018, 35.038318507754475], [-114.67581432484303, 35.036300839273686], [-114.67552339671168, 35.03606306797008], [-114.65832381910761, 35.02200260058301], [-114.65804606832317, 35.021775483469035], [-114.65372771131418, 35.01824411353372], [-114.64397108697068, 35.01033876774236], [-114.63448830499486, 35.002653110969185], [-114.63349101487871, 35.001846902116334], [-114.63558119133258, 35.00593826636494], [-114.63672408513764, 35.0089099626814], [-114.63672812249726, 35.008926695864666], [-114.63722604968794, 35.01099041498988], [-114.6380124822002, 35.01388204522389], [-114.63814625845023, 35.01437390462281], [-114.63856501767103, 35.017460573017885], [-114.63864940349964, 35.02045607626947], [-114.63857255194198, 35.021945342585774], [-114.63853847420863, 35.02260567362], [-114.63792629654787, 35.025716143302006], [-114.63725819269746, 35.02832357759368], [-114.63625574751045, 35.031228580814414], [-114.63567097558327, 35.033058453222495], [-114.63430603880903, 35.03557501864767], [-114.63277377061986, 35.03797736612555], [-114.63065624745536, 35.040906130440504], [-114.62859424444513, 35.04317166718413], [-114.62650420323666, 35.04529999175802], [-114.62416321009383, 35.04703973381336], [-114.62132040386433, 35.049282884376986], [-114.61817089517646, 35.05136612181188], [-114.61465886708004, 35.053518129697686], [-114.61159266020252, 35.05493799049933], [-114.61023013096528, 35.055902804326024], [-114.60855417940954, 35.05708950083384], [-114.60713236341094, 35.05855388602485], [-114.60590561632607, 35.06008674728237], [-114.60400956633251, 35.06324353551029], [-114.60336812127463, 35.06470738897106], [-114.60308103283133, 35.065376548505654], [-114.60283819743583, 35.06594251003805], [-114.60269855090111, 35.06745180512485], [-114.60289326517888, 35.06978408193984], [-114.60361766395582, 35.07250477256469], [-114.60459313840134, 35.074424974310666], [-114.60565227984736, 35.07652804696336], [-114.60593594442444, 35.07684148844047], [-114.60693460952092, 35.07794496466266], [-114.60894189303131, 35.07984160554115], [-114.6091594913274, 35.08002439355836], [-114.61117232129179, 35.081715188359], [-114.61345860435229, 35.08331430266423], [-114.61688827170721, 35.08596442634047], [-114.61992769788964, 35.08774579857651], [-114.62324610719159, 35.08927536726358], [-114.62498173381337, 35.08999252893046], [-114.62611846291674, 35.0904621920934], [-114.62910241496158, 35.09144305242915], [-114.63300666662818, 35.09235446678397], [-114.63476368992441, 35.09317617002864], [-114.63824986753659, 35.09438504615038], [-114.63845808696428, 35.094495511638485], [-114.63975602363034, 35.095184026086024], [-114.64162486232662, 35.09650859492414], [-114.64274067363218, 35.09737868311712], [-114.64338222748427, 35.097878969788944], [-114.6444981546849, 35.098998388451406], [-114.64493909663268, 35.09940825780023], [-114.6455303314462, 35.09995782169836], [-114.64625574477158, 35.10073459732714], [-114.64684175587092, 35.10169443430633], [-114.64698153605566, 35.10272330560156], [-114.6465356453818, 35.103684143743706], [-114.64516952692814, 35.10530897485295], [-114.64165904469185, 35.10897085986397], [-114.64162495187969, 35.108994478931564], [-114.64161388306995, 35.10905851065634], [-114.64139798708798, 35.109243159500565], [-114.64137953202797, 35.10926241095784], [-114.64115428852794, 35.10949731816996], [-114.63967629575205, 35.110710592796664], [-114.63791927633102, 35.1117411644789], [-114.63713213717585, 35.1127315496389], [-114.63745057250557, 35.1135223250262], [-114.63702123408493, 35.11406312380318], [-114.63600084471179, 35.11481091640193], [-114.6350757323662, 35.11527225495187], [-114.63418188096351, 35.11632378150531], [-114.6341545006305, 35.116340640780486], [-114.63309464380805, 35.11725620471125], [-114.63172791679153, 35.118149151266756], [-114.62966379423273, 35.11920271731187], [-114.62831867093337, 35.119781384346425], [-114.62717573491366, 35.12031320754687], [-114.62670692109384, 35.120531347724736], [-114.62556318148205, 35.12087211002633], [-114.6255396212519, 35.12087912973771], [-114.62447525531964, 35.1211962311523], [-114.62084873897709, 35.1220221703308], [-114.61797534452745, 35.12209287616659], [-114.6165046086492, 35.122093924876495], [-114.61534990467933, 35.12209473540138], [-114.6150740697975, 35.122094928027586], [-114.6097736774735, 35.12191556645377], [-114.60772010087304, 35.1218442267564], [-114.6020184465751, 35.121645971536964], [-114.601069960953, 35.121600784159774], [-114.60060017695642, 35.1214910295131], [-114.60028890183021, 35.12141830514167], [-114.59956362335824, 35.12139585417083], [-114.59884724101985, 35.121501116226035], [-114.59878249573997, 35.12151062929957], [-114.5978060609502, 35.12173983189973], [-114.58979907044042, 35.123527574298656], [-114.58837613248727, 35.12396272052186], [-114.58773587852959, 35.124189085081525], [-114.58773554324272, 35.12418922925685], [-114.58656258678222, 35.12460382335472], [-114.58488844506284, 35.12519910643904], [-114.58307473457482, 35.12609168945341], [-114.58151206974232, 35.1268012117577], [-114.5807963429162, 35.127114997237975], [-114.57989366478407, 35.12751073614322], [-114.57827488006733, 35.128814752333554], [-114.57722004227054, 35.13086647275846], [-114.57715782489952, 35.13098748837851], [-114.57513199960702, 35.13390411289943], [-114.57439353320147, 35.13496723809997], [-114.57366332876242, 35.13663377783409], [-114.57347163756302, 35.13707126057857], [-114.5729127654107, 35.13851203336567], [-114.57261334483867, 35.13939773053293], [-114.57254940257481, 35.13958687084488], [-114.57291142947862, 35.14084438657449], [-114.57341290828262, 35.142193322932236], [-114.57380299327781, 35.143107726269704], [-114.57391404321702, 35.144182509338535], [-114.57380175100099, 35.14539446950483], [-114.5735233938874, 35.14668381457472], [-114.57346603715217, 35.146949486942226], [-114.57258180293407, 35.15021214020341], [-114.57231945096927, 35.15118011746525], [-114.57158790202875, 35.1538641791427], [-114.57060757404014, 35.15746071928772], [-114.57013781674263, 35.159184005210165], [-114.5696705490134, 35.161080859996005], [-114.56929844735922, 35.16259132988797], [-114.56946939081102, 35.164708219163245], [-114.56949232476656, 35.1649922055787], [-114.56940246418176, 35.16834094501708], [-114.56930565263981, 35.17194827662511], [-114.56930538709192, 35.1719581690721], [-114.56929824919622, 35.17222410800283], [-114.56929078780874, 35.17250150551581], [-114.5692736446679, 35.17314084585599], [-114.56921058417075, 35.17549017987649], [-114.56920848746486, 35.175568306462026], [-114.56911184286083, 35.179168477879195], [-114.56909217599726, 35.179901046985115], [-114.56901671026858, 35.182776109792435], [-114.56900634667493, 35.1831709139965], [-114.5692565755456, 35.184748603573425], [-114.56928376557119, 35.18596050702875], [-114.56972979660904, 35.18696647049329], [-114.5701479885873, 35.18797244000555], [-114.57021291003497, 35.188144041449426], [-114.57090054393761, 35.18996154974285], [-114.57115118671899, 35.19103617305109], [-114.57140176949628, 35.19213367177705], [-114.57140225559709, 35.1921595549611], [-114.57142885255881, 35.19357421754879], [-114.57156756082023, 35.19501475016663], [-114.57176748137334, 35.19726372652719], [-114.57178942199691, 35.19757566420051], [-114.57190046776118, 35.19862747702564], [-114.57185005046259, 35.199187903003406], [-114.57181868577236, 35.199536537315915], [-114.57181612559894, 35.1995649973522], [-114.57183281972883, 35.199764724013754], [-114.57184250985192, 35.199880664149404], [-114.57187154009122, 35.20022810111156], [-114.57191389449292, 35.20034091763214], [-114.57191491715159, 35.200343642081876], [-114.57191593981032, 35.20034636653157], [-114.57196551794755, 35.20047850441137], [-114.57209460493972, 35.200822546759724], [-114.5721069760859, 35.20084113321159], [-114.57242936186205, 35.20132549717849], [-114.57404750942153, 35.203817337581135], [-114.57432612841589, 35.20491481990279], [-114.57424201607954, 35.205486489952136], [-114.574520893321, 35.20614951633823], [-114.57496734151354, 35.206721025547296], [-114.57524760919173, 35.206833609193936], [-114.57650291610986, 35.20733785478539], [-114.57778725573645, 35.20777184213312], [-114.57859696147571, 35.20811453900804], [-114.57954604720406, 35.20891448618381], [-114.57963518827532, 35.20936397250732], [-114.57974102826938, 35.2098976559243], [-114.57990800159646, 35.21097229297511], [-114.5799126903679, 35.21180522398659], [-114.57991269155524, 35.21180539526158], [-114.57993364635892, 35.215522606259185], [-114.58032332553853, 35.2181291879519], [-114.58032232795958, 35.22009567438322], [-114.58096379709058, 35.221878950896574], [-114.58174477754352, 35.22407379183199], [-114.58244039069473, 35.22639237144409], [-114.58344595311182, 35.22974386836503], [-114.58352946963471, 35.23036120311355], [-114.58344535881722, 35.231001482582045], [-114.58294203338556, 35.23209926187256], [-114.58249454309616, 35.23317414179865], [-114.58243803793937, 35.234546131130855], [-114.58285504393022, 35.23870754670271], [-114.58305028109865, 35.239370585598884], [-114.58372033704616, 35.24028494832317], [-114.5840415424188, 35.2408564773723], [-114.5845298279475, 35.24172516003165], [-114.58500431373889, 35.24273107636993], [-114.58522720898388, 35.24403434377539], [-114.58553327582416, 35.24691530785663], [-114.58606321251676, 35.24890441349278], [-114.58597869951484, 35.25043647477249], [-114.5858941837336, 35.25196853466552], [-114.58572603927963, 35.25315761261969], [-114.58572499101655, 35.2554800610179], [-114.58572492380979, 35.25562714652313], [-114.58577981791561, 35.25775363799069], [-114.58628173266307, 35.260108623303864], [-114.58661607613747, 35.262395054047396], [-114.58717418161795, 35.26410974793258], [-114.58750895986724, 35.26548156247642], [-114.58873758648905, 35.26788192373144], [-114.58970602978971, 35.27006255848021], [-114.58985440337162, 35.270396676705865], [-114.59052437419227, 35.27233996760013], [-114.59099850053826, 35.27487785814522], [-114.591534703771, 35.277096515909165], [-114.59239934241283, 35.28067389619233], [-114.59267283825521, 35.2818054051993], [-114.59307328551672, 35.28355516539222], [-114.59323257824123, 35.28425117677172], [-114.59325887374659, 35.28436610692438], [-114.59378943283215, 35.28592072180658], [-114.59513038631185, 35.28820663157939], [-114.59571682012636, 35.28994414621519], [-114.59627520090956, 35.291933187521686], [-114.59669369661069, 35.29456255902837], [-114.59712711724602, 35.29826959839138], [-114.59727915085216, 35.29956986465466], [-114.59722202551902, 35.303228413333144], [-114.5968857069918, 35.30576668511753], [-114.59646540834855, 35.308350724884264], [-114.59603781704483, 35.3128350671136], [-114.5951744442259, 35.32188786722723], [-114.5951736047416, 35.324243025815214], [-114.59556431362654, 35.32655226347021], [-114.59578957900457, 35.32731613964974], [-114.59654201747497, 35.32986731051803], [-114.59751981248264, 35.33313659976723], [-114.59978291971349, 35.34111556557606], [-114.59994219480194, 35.34158100473034], [-114.60461851014564, 35.355243897839124], [-114.60493547081465, 35.35613716887881], [-114.60618423493764, 35.3596560459085], [-114.60749858836145, 35.36242202969176], [-114.60951234033757, 35.36642230062889], [-114.61094426704683, 35.36953027456139], [-114.61121849040808, 35.37012550673202], [-114.61314876256323, 35.37339407966723], [-114.61415022584062, 35.374849165368644], [-114.61706584552857, 35.379085101148604], [-114.6177093682771, 35.38013648147781], [-114.61804511666091, 35.38127956264768], [-114.61826886498739, 35.382651335351696], [-114.61832257826227, 35.384433179647594], [-114.61832469505451, 35.38450339465373], [-114.61863235335312, 35.386698297415975], [-114.61873158720053, 35.38743455563896], [-114.61899598581095, 35.38939618822761], [-114.61972344925991, 35.39229959577438], [-114.62059465241657, 35.39568897663067], [-114.62089873163809, 35.39687191730488], [-114.62164344125766, 35.3990199741284], [-114.62179430820255, 35.39945512274031], [-114.62364167634533, 35.40334096712848], [-114.6244814628192, 35.40526106471901], [-114.62571320973164, 35.40798116144772], [-114.62624509252974, 35.408803918015394], [-114.62677703914105, 35.40964956754373], [-114.62733692063732, 35.41019793204286], [-114.62737371513529, 35.41021874660371], [-114.62907270612313, 35.411179840035025], [-114.63044457965496, 35.412413558289366], [-114.63165548496482, 35.413527364170484], [-114.63198450339527, 35.41383004172703], [-114.63809186505759, 35.41873062955677], [-114.64980240197262, 35.42812473684079], [-114.6507471475247, 35.42888246131901], [-114.65209167000945, 35.43013877439955], [-114.65276396500171, 35.43082412430236], [-114.6533065315467, 35.431766949081535], [-114.65340837462848, 35.431943920684404], [-114.65382877073085, 35.43285816425935], [-114.65388534578439, 35.43464160207188], [-114.65402581441157, 35.43587622652741], [-114.65430620486822, 35.43685915994888], [-114.6553428952438, 35.438367289689424], [-114.65554132021336, 35.43861572134717], [-114.65811683489474, 35.441840156242264], [-114.65909884984349, 35.442662326331934], [-114.66019004886778, 35.44357587943616], [-114.6617589682217, 35.44474040876761], [-114.66290806763337, 35.44645416841938], [-114.66355289503373, 35.447802573074], [-114.66394578175237, 35.44947135070744], [-114.6642269133817, 35.45171187087384], [-114.66400359612474, 35.453472739385035], [-114.66389209923224, 35.45466186136], [-114.66422881045041, 35.45585052161278], [-114.66507243809117, 35.45720507875575], [-114.66515387198145, 35.4573358313318], [-114.6661627685526, 35.4582036682568], [-114.66694774919289, 35.45948330461129], [-114.66722827292344, 35.46037475256351], [-114.6670606809556, 35.46128957123007], [-114.66678092732592, 35.46209015490816], [-114.66627715863152, 35.4630738836963], [-114.66580131045198, 35.463920419899395], [-114.66560564071416, 35.46483526395935], [-114.66552206257757, 35.465841403056125], [-114.66566262316228, 35.46691595372915], [-114.66599935324308, 35.467990255630234], [-114.6674010833673, 35.469909515755724], [-114.66877449248081, 35.47107416501709], [-114.66896651695552, 35.47121713893039], [-114.66945743282922, 35.47158269521214], [-114.67236217867725, 35.47374555275702], [-114.67317534322225, 35.47481931144735], [-114.67359618809371, 35.47584779408699], [-114.67348469191842, 35.476854011925795], [-114.67309305440288, 35.47797484801739], [-114.67208527012238, 35.47971373469853], [-114.67180565946079, 35.48081158869623], [-114.67191848651501, 35.48209192489129], [-114.67247956066026, 35.48334891697022], [-114.67354569617073, 35.48568000121443], [-114.67398632148668, 35.48623788222606], [-114.6756209320543, 35.48830721019236], [-114.67651825268622, 35.48928944090076], [-114.67682680696718, 35.48979211716176], [-114.67696723454478, 35.49034073240265], [-114.67671596160379, 35.491850135280124], [-114.6764081126368, 35.49253646043607], [-114.67626830013512, 35.493108244574096], [-114.67682945876984, 35.494182262646916], [-114.67760101076867, 35.495020197110065], [-114.67775488272267, 35.495187305642645], [-114.67817598240032, 35.496284373847814], [-114.67865327287662, 35.4976328876953], [-114.6787380038321, 35.498661736028296], [-114.67865530522411, 35.49936709986954], [-114.67859858186665, 35.499850898021855], [-114.67886649265783, 35.50057266345217], [-114.6789035727419, 35.5012817220936], [-114.67869617506254, 35.50287238863138], [-114.67844394272973, 35.50429566511553], [-114.67807946186443, 35.50564995099901], [-114.67785534633256, 35.50727990222495], [-114.67760313784608, 35.50897869937087], [-114.67749129977572, 35.51095316170884], [-114.67715499385358, 35.51295035415982], [-114.67631344025214, 35.514464867814084], [-114.675696322615, 35.51563520600174], [-114.67547724043071, 35.51586458748289], [-114.67409705682464, 35.517309641943974], [-114.67277833320173, 35.5184333145639], [-114.67148759494417, 35.519350353569365], [-114.67044934522885, 35.520106929726104], [-114.66955141321236, 35.52079476135174], [-114.66859729594032, 35.52122997078391], [-114.66856421651704, 35.52122628933584], [-114.66755893294824, 35.52111404557391], [-114.66657672110489, 35.52099816147702], [-114.66542613247272, 35.52115760589283], [-114.66461233292652, 35.521524053804], [-114.66399497654326, 35.522166250667844], [-114.66346176307879, 35.52319884383012], [-114.6626759956696, 35.52487403764399], [-114.66169374111792, 35.5266867622105], [-114.65989757088805, 35.527924543187574], [-114.65888713302634, 35.52914024758517], [-114.65811729882051, 35.53024142316348], [-114.65776444131548, 35.53074612498199], [-114.6571749546022, 35.532306717263474], [-114.65683802635199, 35.533775751785136], [-114.65678184274846, 35.53496960608333], [-114.6568570836957, 35.53515439142617], [-114.65714663032333, 35.53586548006743], [-114.65782021141638, 35.53696836505064], [-114.65871834380306, 35.53816333079356], [-114.65956039773316, 35.539243444947545], [-114.66034630881047, 35.54043827967286], [-114.66045683225667, 35.54076988042103], [-114.66076736896451, 35.5417015632514], [-114.6611041684593, 35.54294178951678], [-114.66146908943719, 35.544067255611026], [-114.661522248164, 35.54483975488292], [-114.66158135001321, 35.5456975360265], [-114.66116025995116, 35.547786411063576], [-114.66113797166457, 35.54876870351623], [-114.6611321287466, 35.54902621521389], [-114.66141284707838, 35.550243417137864], [-114.6617497438272, 35.551529568521005], [-114.66190091424784, 35.55225617444829], [-114.66197430860053, 35.552608943585945], [-114.66200235444968, 35.55460648944197], [-114.66197428494225, 35.555892220493206], [-114.66245156543152, 35.55752292643499], [-114.66286644987163, 35.55851043194452], [-114.6630692214052, 35.55899306049497], [-114.66343268218122, 35.55982142794227], [-114.66346229666333, 35.559888946157756], [-114.66346710580515, 35.559950550614836], [-114.66354654498188, 35.5609681577215], [-114.66312541493345, 35.56259783578844], [-114.66284463348153, 35.56337815202991], [-114.66281657105992, 35.56427355763356], [-114.66323773132817, 35.565169475809924], [-114.66348291642657, 35.56557908042969], [-114.66391163416004, 35.56629528382563], [-114.66444514830862, 35.56843115904384], [-114.66624240512273, 35.57164756089606], [-114.66761845283214, 35.57334811955379], [-114.66831839162084, 35.57422767546093], [-114.66840479303013, 35.57433626622899], [-114.67003365644732, 35.57560083543571], [-114.67030244178041, 35.57570900933256], [-114.67157819408577, 35.576222417350685], [-114.67390923669856, 35.57771728946181], [-114.67489223113478, 35.5783841652988], [-114.67542591916933, 35.5789127940528], [-114.67576298090314, 35.579464186385174], [-114.67567881299216, 35.58003808859546], [-114.67553750365994, 35.58016794099654], [-114.67500494337344, 35.58065731429028], [-114.67052488594717, 35.58328721884776], [-114.67020280135668, 35.583476272554734], [-114.6689390018502, 35.58379633158134], [-114.6676471355957, 35.584322981258495], [-114.6661867356066, 35.58512494946309], [-114.66422077412076, 35.58594929521024], [-114.6618615792191, 35.58629100058524], [-114.66056963409532, 35.586587968937856], [-114.65969894653368, 35.587046158787054], [-114.65924952639386, 35.587481846778594], [-114.65883542789236, 35.588323937736504], [-114.65873781844866, 35.58852243002673], [-114.65660897457909, 35.59285131046179], [-114.65559763011436, 35.594824645619084], [-114.65453005451465, 35.59661421492132], [-114.653911826765, 35.5984961564211], [-114.65374309445788, 35.60037864562478], [-114.65385442534374, 35.60154312512362], [-114.65391043252252, 35.6021289268093], [-114.65399556210201, 35.60301932015915], [-114.65400418539443, 35.60304753297029], [-114.65427229689836, 35.60392473984067], [-114.65438869454395, 35.60430556137262], [-114.65450095443943, 35.60517817152024], [-114.65421993184385, 35.605958446993235], [-114.65417060661385, 35.60606202323071], [-114.65362983277129, 35.60719754804309], [-114.65361472056372, 35.60730860686987], [-114.65348925948143, 35.6082305649142], [-114.65354528437659, 35.60967708958477], [-114.65393834271893, 35.611743949297164], [-114.65523043454424, 35.61406445090013], [-114.65725307463123, 35.61705165536262], [-114.65761841805848, 35.61746408851144], [-114.6594725203952, 35.61955690582916], [-114.66065257422241, 35.62033893227328], [-114.66202934688144, 35.620707886205615], [-114.66365903746366, 35.62077864873568], [-114.66540112703578, 35.62156124881943], [-114.66669367838834, 35.62307804554389], [-114.6669466194606, 35.62395080081199], [-114.66809884439262, 35.62712053578533], [-114.66902622560708, 35.62886648180618], [-114.67029090394416, 35.630773529115515], [-114.6713957197618, 35.63232002462043], [-114.67214585092259, 35.63336998562536], [-114.67236288678568, 35.63375502301814], [-114.67240226916013, 35.63382489004425], [-114.67326566465252, 35.63535677831013], [-114.67329828391746, 35.63541465115676], [-114.67449033931825, 35.63742709298294], [-114.6750129754701, 35.63830937939689], [-114.67650280069134, 35.640469148663435], [-114.67762718001728, 35.64177902160928], [-114.67942625688208, 35.643433976023836], [-114.68347410916161, 35.64610133813265], [-114.68485243641173, 35.64683741112147], [-114.68614467717168, 35.64752744732027], [-114.68805646251266, 35.64929716330531], [-114.68901244472057, 35.65028533809905], [-114.68951873906413, 35.651433802564156], [-114.6893906534449, 35.652104330977636], [-114.68923809355633, 35.652902962582], [-114.68927981931051, 35.65320525483642], [-114.68949166429297, 35.65473997432847], [-114.68970463204246, 35.65683934872318], [-114.68977331117257, 35.65751644480476], [-114.69002738241004, 35.66002119117676], [-114.69025313599187, 35.661266366483375], [-114.69038826195931, 35.66201180471504], [-114.69050612831047, 35.66266201533511], [-114.69047838858849, 35.663787007357435], [-114.69022578118395, 35.66516436126387], [-114.68957954022719, 35.6662658064302], [-114.68890506568106, 35.667160609014275], [-114.68786516570107, 35.6683764728091], [-114.6876855867185, 35.6686032315991], [-114.68606644186205, 35.670647747714035], [-114.68333307762244, 35.67590036818196], [-114.68232857794528, 35.67783041686267], [-114.68154170896938, 35.67996487641136], [-114.68083919356042, 35.68226013134157], [-114.68079568629355, 35.68265662001649], [-114.68064269703837, 35.68405077823919], [-114.68100863683374, 35.68593382616599], [-114.68190882480948, 35.68756486361495], [-114.68266832985414, 35.68857583727588], [-114.68376523195789, 35.6893116239652], [-114.6854244886873, 35.690196624267294], [-114.6857059164214, 35.69034671066303], [-114.68812473803621, 35.69135927719294], [-114.69036829401162, 35.692620457135064], [-114.69037648626826, 35.69262506153777], [-114.69127503973338, 35.693130119844625], [-114.69622607839457, 35.69655559269031], [-114.69948968272382, 35.69933655955331], [-114.70140308246266, 35.70122087152758], [-114.7030635366198, 35.7033804601182], [-114.70382117785537, 35.70467588235882], [-114.70424583477325, 35.70540188555423], [-114.70465790438776, 35.70631138265514], [-114.70520322456872, 35.70751494817764], [-114.70548520924248, 35.70903050800933], [-114.70557028428983, 35.71040813741461], [-114.70545843988941, 35.711762659417744], [-114.70501653004102, 35.71294896054056], [-114.70486847943704, 35.71334639082304], [-114.70326700644854, 35.71754665158316], [-114.70152469395276, 35.72181567212668], [-114.70019464069536, 35.72504519596357], [-114.69941677316142, 35.726933816605445], [-114.69801449888448, 35.73122369685979], [-114.69787117812751, 35.7316621198251], [-114.69772234964945, 35.73239676822156], [-114.69732904346715, 35.734338142252824], [-114.69728612986772, 35.73454993606792], [-114.69714102032135, 35.73526609470729], [-114.69702606368405, 35.73598234361011], [-114.6970243050065, 35.73599330253386], [-114.69658610211403, 35.73872345082343], [-114.69655149267636, 35.73893907205525], [-114.6964121452842, 35.74265838411499], [-114.6966667368989, 35.74614842493442], [-114.6969485785252, 35.747250733586554], [-114.69759632459613, 35.74842222800476], [-114.69773754614376, 35.74979992437965], [-114.69773799763306, 35.750970843520896], [-114.69758946272482, 35.75127388194661], [-114.69734429204583, 35.75177406861118], [-114.6968662068698, 35.75276090071661], [-114.69684890231025, 35.75297833451411], [-114.69678215901307, 35.75381694430239], [-114.69655941556026, 35.754635594176605], [-114.69655732217801, 35.754643285985395], [-114.69602280482482, 35.75537751778515], [-114.69503788375921, 35.75583580296433], [-114.69427827212793, 35.7566386838108], [-114.69431671316042, 35.75672020353924], [-114.69455988710195, 35.75723588434732], [-114.69472900778118, 35.75790186525981], [-114.69523585490272, 35.75854518309243], [-114.6962775503856, 35.759257865391795], [-114.69684071815577, 35.759855312353054], [-114.6974321139401, 35.7606823591612], [-114.69885614102195, 35.76378610719775], [-114.70027753668234, 35.76688388031536], [-114.70070034545331, 35.76828478191924], [-114.70103876327137, 35.769685565670926], [-114.70120852081018, 35.77179798932045], [-114.70118136391703, 35.77411685001121], [-114.70067594540141, 35.77726181541994], [-114.70017127584157, 35.77971601294165], [-114.70008590160516, 35.78013121122902], [-114.69969287163775, 35.7829318915115], [-114.6990472927628, 35.78805126872314], [-114.6991041877026, 35.7894747531101], [-114.69932982879432, 35.79048517118954], [-114.69989325332571, 35.79112851948529], [-114.70147076755342, 35.79273702512508], [-114.70307099477861, 35.79455559494098], [-114.70318932211599, 35.79469004690468], [-114.70426020937391, 35.79664246079798], [-114.70583827746196, 35.79889380886079], [-114.70862746661338, 35.80146749813301], [-114.71150154596211, 35.80438556421988], [-114.71192431017437, 35.804959907820866], [-114.71203726971794, 35.80553396708776], [-114.71153707375923, 35.80631841076221], [-114.71152484687572, 35.806337586002776], [-114.71130564915397, 35.806681340472714], [-114.71054567398076, 35.807530250197544], [-114.71009560182279, 35.808563060227954], [-114.70972994673748, 35.809458168979035], [-114.70933595380481, 35.81005481576257], [-114.7091712023222, 35.81022634570669], [-114.70913619639012, 35.810262799162956], [-114.70882924085026, 35.81058244467135], [-114.70635144372484, 35.81202685251613], [-114.70599365982235, 35.812368915880796], [-114.7042399313382, 35.81404553075613], [-114.70367685156677, 35.8146190256608], [-114.70328279757499, 35.81523859782702], [-114.70122292719056, 35.82056859621971], [-114.70066609491103, 35.82200928867422], [-114.70027610290344, 35.822580247313844], [-114.69914580801627, 35.82423498819867], [-114.69728753017992, 35.82678174459966], [-114.69554200382808, 35.82990262730672], [-114.69528888868548, 35.83109626706758], [-114.69526107611284, 35.83229011280427], [-114.695768596337, 35.83339257573971], [-114.69912579824532, 35.83687141769235], [-114.70149008620622, 35.83932113740378], [-114.70233589306297, 35.84060756903828], [-114.70329466577977, 35.84258287793275], [-114.70456318725238, 35.84391554637024], [-114.70540926962018, 35.84559226569125], [-114.70574806886191, 35.84710784336825], [-114.7057770457732, 35.84876092947141], [-114.70512958816417, 35.85022978917123], [-114.70458001051257, 35.85087497501323], [-114.70417199130833, 35.851353968131164], [-114.70396599307313, 35.85151406782323], [-114.7039555231266, 35.851522204857986], [-114.70314571646041, 35.85215152937414], [-114.70293254949063, 35.852317184498126], [-114.70127021414497, 35.85295859602963], [-114.69938227895932, 35.85334724173101], [-114.6960289470514, 35.853527877110025], [-114.69476093482345, 35.85380219663302], [-114.69463122867224, 35.853871444074294], [-114.69385933443856, 35.854283537789826], [-114.69321133077528, 35.85476147846527], [-114.69295777696053, 35.85494848664089], [-114.69262902854443, 35.8556891270078], [-114.69247901849882, 35.85602708177534], [-114.69194382895301, 35.85699084543869], [-114.69104244348848, 35.858459382054846], [-114.69063761518898, 35.85873810910846], [-114.68921093481829, 35.859720360926154], [-114.68833270790209, 35.860134988625525], [-114.68746387806243, 35.86054515260587], [-114.68182773482523, 35.86281240108413], [-114.67996768905935, 35.86313188341966], [-114.6780230470136, 35.86322165240962], [-114.67066026630276, 35.865380104435204], [-114.67061086385343, 35.86539458626401], [-114.66748239407302, 35.867067005104055], [-114.66263448743392, 35.869219426898624], [-114.66235726728583, 35.869493964295735], [-114.66198614348257, 35.86986149240314], [-114.66164787157005, 35.87054986435921], [-114.6616478028778, 35.8712386432206], [-114.66277505032603, 35.87316852369504], [-114.66322601559283, 35.87369708624397], [-114.66424069171616, 35.87418042404936], [-114.6664393013029, 35.87452741746805], [-114.66790502642331, 35.87503419541417], [-114.66908888754689, 35.875839108748174], [-114.67051627249852, 35.876902737302046], [-114.67202047399984, 35.87802353745147], [-114.67384423974883, 35.879987770418886], [-114.67737679962684, 35.88379205863684], [-114.67802530060776, 35.884757019545944], [-114.67898389017951, 35.88551565989862], [-114.68076009315259, 35.88673438242422], [-114.6845664681517, 35.889447450348065], [-114.68827036906606, 35.89182074630795], [-114.69088264819446, 35.89349442718313], [-114.69245120940244, 35.89454006918625], [-114.6953664677318, 35.89648334009935], [-114.69632534119961, 35.897172962487176], [-114.69719975338832, 35.89820691154893], [-114.70738413634443, 35.91042990596816], [-114.7079485428309, 35.911256873323644], [-114.7082872183505, 35.91187704996417], [-114.70837210136068, 35.9124510809596], [-114.70840068016194, 35.91327760477628], [-114.70817759410302, 35.91858091847808], [-114.70783937501616, 35.91910870637164], [-114.70696809595833, 35.92562823081824], [-114.70705317976713, 35.92675327481194], [-114.70752081232568, 35.92781430378442], [-114.70758968412247, 35.92797056739581], [-114.70809769149564, 35.928613830563165], [-114.71159655509616, 35.931004385327356], [-114.71328985898745, 35.932635776314356], [-114.71484208697353, 35.934037486987386], [-114.71643594285061, 35.934984271498074], [-114.71649468946094, 35.93501917322738], [-114.71755104828036, 35.93564665350474], [-114.7214166724809, 35.93716476754551], [-114.7240975877721, 35.938636003787174], [-114.72855627636532, 35.94065942322295], [-114.72940313909743, 35.9413946499053], [-114.73016558879124, 35.94238235426079], [-114.73067418023037, 35.94343881709409], [-114.73087242292077, 35.944449100292516], [-114.73073209747612, 35.945436263854106], [-114.72964124704535, 35.94862336194932], [-114.72954099573955, 35.94891624381046], [-114.72934854758007, 35.94947848291719], [-114.72914950928518, 35.950059949947864], [-114.72898336709284, 35.9505453062844], [-114.72836720470457, 35.95234526857269], [-114.72800193266981, 35.95450314129276], [-114.72827763480349, 35.95596603189362], [-114.72831351000869, 35.95615638681707], [-114.72833622301293, 35.9562646044927], [-114.72876652607127, 35.95831480072147], [-114.72887972695521, 35.95875249067021], [-114.72924757792084, 35.960174756636974], [-114.72982330228928, 35.96157791604979], [-114.73043558347285, 35.96307011924003], [-114.73062309529375, 35.96352709236911], [-114.73066101880045, 35.96361951418517], [-114.7309937457182, 35.96403442200083], [-114.73165557693719, 35.96485967921106], [-114.73277951472825, 35.966261105715354], [-114.73302682833243, 35.96648037593175], [-114.73478591613038, 35.96803991527664], [-114.73498221916019, 35.96821393609536], [-114.73589990903876, 35.96907527106412], [-114.736818003011, 35.969936960586786], [-114.737459045093, 35.9709500380029], [-114.73834398227447, 35.97234850942123], [-114.73865191587461, 35.97286149606606], [-114.7397825498521, 35.97474495274066], [-114.7406050291325, 35.976115018785535], [-114.74124181990317, 35.97808091130013], [-114.74133462968788, 35.97836742518786], [-114.74160151391686, 35.97919136706635], [-114.74176536864549, 35.979697222849445], [-114.74198942243821, 35.98014052244137], [-114.74286807892965, 35.981878930498354], [-114.74329277502513, 35.9833255509511], [-114.74343126889691, 35.98457341159207], [-114.74346350527179, 35.984863860014116], [-114.74343839512102, 35.985771133356685], [-114.74343630123437, 35.98584679600878], [-114.74343618295269, 35.98585105019866], [-114.74330457401837, 35.98617878087349], [-114.74292920383527, 35.98711350581553], [-114.74259120438211, 35.987939859040495], [-114.74224386915306, 35.98824358362647], [-114.74146295123674, 35.98892643790876], [-114.74048874605697, 35.99005456589342], [-114.74002041252828, 35.990596881585724], [-114.73999653345453, 35.990624532187475], [-114.73998691289029, 35.990647527791225], [-114.7398378960564, 35.99100369391884], [-114.73957397606831, 35.99163448289139], [-114.7395746264977, 35.99240066819211], [-114.73964372314572, 35.99276236512487], [-114.73985684853429, 35.99387794774636], [-114.73987922491857, 35.99399507597771], [-114.74009880574998, 35.995044519533266], [-114.74017359789678, 35.99521946463453], [-114.74023124569354, 35.99535430417105], [-114.74024309431813, 35.995386080559136], [-114.74062716462912, 35.996416015876946], [-114.74087737273607, 35.9972836592339], [-114.7409937180294, 35.997687100549506], [-114.74125228338907, 35.998902272092266], [-114.74178066716544, 36.00032330976998], [-114.7418197684706, 36.00042846583272], [-114.74212458059732, 36.0011255255811], [-114.74235298038488, 36.00262727694513], [-114.74294800748483, 36.00540010379675], [-114.74320813831761, 36.00629925518722], [-114.7432230083327, 36.00635065372242], [-114.74330745999254, 36.00681328398146], [-114.74334422113638, 36.007014663122774], [-114.74336413970386, 36.00712377702607], [-114.74336798587387, 36.0073220063492], [-114.74337291677179, 36.00757608916097], [-114.74331624433285, 36.008344465139665], [-114.74330949137342, 36.008436023418525], [-114.74330129878831, 36.008480403367955], [-114.74318976125573, 36.00908464446497], [-114.74313664178318, 36.00937240563991], [-114.7431081865411, 36.0094446936431], [-114.74301963405199, 36.009669655020694], [-114.74288549731995, 36.01001041399652], [-114.74275175319626, 36.010340725965364], [-114.74256483260199, 36.01080236271107], [-114.74246898512754, 36.01099424011684], [-114.74230127554151, 36.01132997799268], [-114.7418147532992, 36.01220407129251], [-114.7417753231677, 36.012274911060764], [-114.7416354479175, 36.01253907333732], [-114.74161763697614, 36.012572710730325], [-114.74158253921466, 36.012638994159914], [-114.74362088324426, 36.01360154206461], [-114.74436262442492, 36.01395966459497], [-114.74468977598889, 36.01410980242587], [-114.74513392496864, 36.01429891240965], [-114.74567184377598, 36.01450298283806], [-114.74606372108097, 36.014639260991316], [-114.7464205824867, 36.014756215877604], [-114.74677172466464, 36.01485882180404], [-114.74724598828946, 36.01497659401409], [-114.74759156536253, 36.015050542734], [-114.74794301350809, 36.01512453135706], [-114.74829461214412, 36.01518421199167], [-114.7486931221699, 36.01524898771938], [-114.74913859404701, 36.01531408878741], [-114.74954322707192, 36.015355057001585], [-114.7495576004497, 36.01535619611872], [-114.75007113182917, 36.015396881299566], [-114.75067559814632, 36.015415386670995], [-114.75090133475234, 36.01541695372121], [-114.7512039050739, 36.01541905348003], [-114.75141670707482, 36.015409672848065], [-114.7515571991495, 36.01540347934105], [-114.75174526033136, 36.015395189242525], [-114.75246105296071, 36.01533715276303], [-114.75304284045414, 36.015279180271236], [-114.75354259673922, 36.015206329393024], [-114.7540366815769, 36.015114359553145], [-114.75456628511803, 36.014994017990254], [-114.75494298245859, 36.014902959120434], [-114.75508419619247, 36.014868823687635], [-114.75535061780913, 36.01479635986567], [-114.75544331694955, 36.01477114623531], [-114.75559539472508, 36.014720212094446], [-114.75570841536712, 36.01468235818287], [-114.75584168526504, 36.0146346386316], [-114.75603586121524, 36.01456510960341], [-114.75648614913871, 36.0144111006661], [-114.75718189518834, 36.01412019565028], [-114.75776013905292, 36.01383801614388], [-114.75830912779323, 36.01354609508433], [-114.75865749173249, 36.01335294739058], [-114.75897068308196, 36.013154787270786], [-114.75930193152861, 36.01291382720423], [-114.75967436447392, 36.012663609761226], [-114.76025427474517, 36.01221927151393], [-114.76134304204503, 36.011387332471365], [-114.76184011309435, 36.01100442035566], [-114.76225963607102, 36.01074020919443], [-114.76248999072948, 36.0106034752494], [-114.76279679843991, 36.010452954987585], [-114.76318587927389, 36.01029345816384], [-114.76357466339874, 36.01016257411255], [-114.76398677730748, 36.01004615620792], [-114.76429861142394, 36.00997674588884], [-114.7646573527437, 36.00991242369182], [-114.76508041419798, 36.009872386583055], [-114.76553844588331, 36.00985643286375], [-114.76604901020791, 36.00986945236079], [-114.76648879420571, 36.009915372481075], [-114.7669576317493, 36.00999010483812], [-114.76737921814237, 36.01009313090476], [-114.76771872735914, 36.01018605717086], [-114.76818234699694, 36.01034647314945], [-114.76952570532636, 36.01085650347952], [-114.76994700475443, 36.01098813379103], [-114.77043272807836, 36.011134507340984], [-114.7709304849413, 36.011252345256125], [-114.77130561464777, 36.01130734819682], [-114.77161040404394, 36.01135233552873], [-114.77198563137209, 36.011397798611604], [-114.77243736232538, 36.011424701003236], [-114.77280124188711, 36.011431929425484], [-114.77321217828391, 36.01142993710961], [-114.77362330869141, 36.01140886609811], [-114.77402871609006, 36.011373447912106], [-114.77422211271612, 36.01135006180546], [-114.77420335445294, 36.01130279666245], [-114.77411260573159, 36.01102811070997], [-114.77408807338793, 36.010878629549886], [-114.77403087461138, 36.010558260654044], [-114.7739911754947, 36.01042206585104], [-114.77396842750166, 36.010350372097406], [-114.77393681458942, 36.01028457967575], [-114.77386177041333, 36.010181194058525], [-114.77389112068839, 36.01010870634962], [-114.77390035216652, 36.010087677459225], [-114.77390534043518, 36.010076314255215], [-114.77393185795815, 36.01003708951883], [-114.77395080530322, 36.010009062746704], [-114.77401667857156, 36.00993796340931], [-114.77403980996682, 36.009912995908905], [-114.77411206585039, 36.00986427276155], [-114.77421911861107, 36.00980120227427], [-114.77434865416267, 36.009730795383824], [-114.77439329731034, 36.00970222081966], [-114.77448347986466, 36.00963724994119], [-114.77453845644571, 36.009570850077694], [-114.774589092416, 36.009498458855056], [-114.77464518628669, 36.009412469624614], [-114.7746512194525, 36.00940392186673], [-114.7746967775738, 36.009313101835446], [-114.7747146201233, 36.0092775299607], [-114.77474973707673, 36.00919760105815], [-114.77476728221889, 36.00915030402965], [-114.77477496063146, 36.00911697093703], [-114.77477618490934, 36.009090395503584], [-114.77477894461563, 36.00904012366654], [-114.7747694253479, 36.00901778489581], [-114.77464693713414, 36.00873037079705], [-114.77460293993725, 36.00862713005659], [-114.77454273953775, 36.008485872480186], [-114.77450352577992, 36.00842607572093], [-114.77444697443117, 36.00833984241312], [-114.77444217280619, 36.00833252035817], [-114.77427398464368, 36.00829400565479], [-114.77424344535119, 36.00828701109439], [-114.77384205184545, 36.00827956098938], [-114.77354590528861, 36.00829694963707], [-114.77340560980318, 36.00831328195533], [-114.77333700721775, 36.00833235153559], [-114.77321195215205, 36.00836711257464], [-114.77319167993832, 36.00837274843856], [-114.77285177293787, 36.008482218874136], [-114.77262382105405, 36.008591819634155], [-114.77261005998012, 36.00865360319653], [-114.77260272071248, 36.00868655629132], [-114.7726872227142, 36.008805465632065], [-114.7726740855377, 36.0088615698529], [-114.77265777340742, 36.00893122971334], [-114.77256952105316, 36.00894890061478], [-114.77239821730903, 36.008947457702305], [-114.77221753221588, 36.00894796819902], [-114.77219165589445, 36.00896949457095], [-114.77211068825311, 36.009036850491384], [-114.77201547717634, 36.00908730987807], [-114.77195097745573, 36.0090862976289], [-114.77187613631519, 36.00908512254626], [-114.77184714635949, 36.009058563544336], [-114.77171195463441, 36.00893471131206], [-114.77167932613007, 36.00871306227784], [-114.77192038770353, 36.008433343436295], [-114.77211156498804, 36.00832406941601], [-114.77214679591121, 36.00830393303186], [-114.77222965559768, 36.00825657157147], [-114.7725107102535, 36.008178321568714], [-114.77282158487061, 36.00800040986687], [-114.7728537907498, 36.007981978809184], [-114.77287851868446, 36.00795143518589], [-114.77298646750364, 36.00781809967535], [-114.77299194811819, 36.00769857815063], [-114.77299649742032, 36.00759938534418], [-114.77299687588908, 36.00759112753444], [-114.77307323622226, 36.0074852248305], [-114.77315333427781, 36.007394856804034], [-114.77329308740103, 36.00723718455387], [-114.77331129723619, 36.007177868040124], [-114.77332532666169, 36.00713216979688], [-114.77342317471269, 36.00705079109498], [-114.77344103821486, 36.00704668644736], [-114.77363153032364, 36.007002906927944], [-114.77376219081773, 36.006972878109806], [-114.77394175509357, 36.00679497653763], [-114.77400205640997, 36.006735234626355], [-114.77406324516974, 36.006654967171315], [-114.77413656199712, 36.00655879073044], [-114.7742006845045, 36.00649339273093], [-114.77425457382961, 36.006438431162685], [-114.77428703742227, 36.006405321154055], [-114.77438996433841, 36.00630034574622], [-114.77444970753265, 36.006199719795], [-114.77445795589159, 36.00618582787942], [-114.77447850023836, 36.006186608147885], [-114.77484115210638, 36.0062003869955], [-114.7755168690667, 36.00605440915568], [-114.77586150524628, 36.005979954760086], [-114.77608441723052, 36.00593179656284], [-114.77631736194056, 36.00589388918836], [-114.77641187045873, 36.005823010860205], [-114.77647863519783, 36.00577293789609], [-114.77653225322427, 36.0056746139453], [-114.77655940131119, 36.00562482874176], [-114.77663511417805, 36.00558084554046], [-114.77677010765781, 36.00550242407118], [-114.77677312510757, 36.00549934570861], [-114.77686854790022, 36.00540199760695], [-114.77692969363186, 36.005339619072174], [-114.77690193936976, 36.00524712720515], [-114.77685901745664, 36.005104090547306], [-114.77685525138149, 36.00497831107868], [-114.7769082304509, 36.00493718426204], [-114.77696245835806, 36.004895087911606], [-114.77699052887016, 36.00487928223352], [-114.77709269197166, 36.00482176062998], [-114.77765945615178, 36.00473999365055], [-114.77782268582165, 36.00474982081144], [-114.77783298053454, 36.00475354019409], [-114.77795430232398, 36.00485071238844], [-114.7781323222406, 36.00496979884819], [-114.77817203044815, 36.00497507300578], [-114.77832398534082, 36.00499525629734], [-114.77842618703264, 36.00500883070979], [-114.77848807173014, 36.00497258308166], [-114.77873206926516, 36.00482966670528], [-114.77884606457076, 36.00469908193025], [-114.77886164627944, 36.004683769776534], [-114.77888622945098, 36.00465961138883], [-114.7789724827286, 36.004574850664994], [-114.77923438549092, 36.00447444125306], [-114.77928758700868, 36.004351055408094], [-114.77935135179074, 36.00420317282219], [-114.77946403501521, 36.00410986434389], [-114.77964071988511, 36.00408928746324], [-114.77976190819693, 36.00410004161578], [-114.7800652564821, 36.00412696008497], [-114.78007102707203, 36.004129109564886], [-114.78044435492032, 36.00426814101547], [-114.78045823003505, 36.00427330818716], [-114.78050963163437, 36.00427365224198], [-114.78073416972502, 36.0041751705711], [-114.7808366762288, 36.0041567435569], [-114.78088471327716, 36.00411288161506], [-114.78092542705217, 36.00407570694775], [-114.78100051877408, 36.00400714116582], [-114.7809986578508, 36.00399889447876], [-114.78097736341068, 36.00390447378257], [-114.78096135861502, 36.003833510442746], [-114.78096085078276, 36.00383239664905], [-114.7808158088827, 36.00351427920779], [-114.78074149692583, 36.00334789216385], [-114.78073213568995, 36.00332693207723], [-114.78073048491395, 36.003323236533504], [-114.78073219125963, 36.00332144896452], [-114.78076712537887, 36.003284850354305], [-114.7807975530145, 36.00321144510095], [-114.78095442270578, 36.00319054261241], [-114.7813369263537, 36.00326211928998], [-114.78155806556182, 36.00320370385948], [-114.78164962549923, 36.003179517591285], [-114.78202714922038, 36.00324507868739], [-114.78220037154604, 36.00319273664551], [-114.78270833137343, 36.00307084540614], [-114.78282612578477, 36.00303109220678], [-114.78292423596703, 36.00299441344945], [-114.78303544583041, 36.00293710211656], [-114.78315025692653, 36.00290209744886], [-114.78322963601184, 36.00288831889381], [-114.78333828834515, 36.002881890018514], [-114.783458799085, 36.002863615974896], [-114.78363784707815, 36.00283492645504], [-114.7837674131866, 36.00281797969512], [-114.7839465196013, 36.002809635062576], [-114.7842460172439, 36.00279493777762], [-114.78445155947786, 36.00278438367232], [-114.78450887933917, 36.00277522610449], [-114.78454642831343, 36.00276236050328], [-114.78457381762045, 36.00274799507508], [-114.78459741712525, 36.00272633364682], [-114.78462118767123, 36.002697280019035], [-114.78464497735041, 36.002666437440546], [-114.78466363662893, 36.00263496403825], [-114.78467212861945, 36.00259328875927], [-114.78467462371145, 36.002564093457174], [-114.78467571755695, 36.0025283300914], [-114.78466736525453, 36.002483562068], [-114.78463264326449, 36.00236504924157], [-114.7846247813533, 36.00233105136607], [-114.78456568905281, 36.00207552339522], [-114.78456146849015, 36.00205727287867], [-114.78455963880995, 36.00199728662882], [-114.78455438439049, 36.001825079686135], [-114.78454284070341, 36.00176506119122], [-114.78453010944948, 36.00172139241539], [-114.78452493718243, 36.001706994910144], [-114.78450432794972, 36.00165534766597], [-114.78447928885636, 36.001615993440595], [-114.78445740829248, 36.00159351088493], [-114.7844320662087, 36.00157474114416], [-114.78439532132616, 36.00155160347488], [-114.78435585627321, 36.0015363168948], [-114.78430848323464, 36.0015195472666], [-114.78426030064787, 36.00149561773538], [-114.78423070812251, 36.001461796827236], [-114.78421171494278, 36.00142446928118], [-114.78420143932847, 36.001395784659856], [-114.78420365533928, 36.00135072919176], [-114.78423631526792, 36.00099324382152], [-114.78424999780954, 36.000946117849686], [-114.78425571965822, 36.000902516089916], [-114.78425336034726, 36.00087459983663], [-114.78424927586293, 36.00084309484434], [-114.7842382495953, 36.000801527497785], [-114.78420114529108, 36.00072687827513], [-114.78417347202752, 36.00067733079487], [-114.7841208746579, 36.00056752329466], [-114.7841037007438, 36.000524484615724], [-114.78410408333754, 36.000486570518326], [-114.7841122594231, 36.0004615860743], [-114.78413094918152, 36.00044167928415], [-114.78416646636636, 36.000411868495135], [-114.78424336391318, 36.00036586397793], [-114.78428666159154, 36.00034564791331], [-114.78437906639128, 36.0003025018716], [-114.78440632542186, 36.000286124810366], [-114.78443560090183, 36.00026414158817], [-114.78457702003041, 36.000122002539044], [-114.78461169955975, 36.00008789406189], [-114.78464894158172, 36.00006167185801], [-114.78470915136467, 36.00002773334043], [-114.78480064945302, 35.99998292885431], [-114.7848463619685, 35.99995352912439], [-114.78494922473617, 35.99988052739721], [-114.7850104158248, 35.99983657914633], [-114.78503699974002, 35.99981958636637], [-114.78506706064559, 35.999806909596074], [-114.7851103740682, 35.99979597578933], [-114.7852057137247, 35.99977902859805], [-114.78526289393967, 35.99976886477666], [-114.78532563699108, 35.999745673639175], [-114.78538235610421, 35.999716758818124], [-114.78543478070262, 35.99967659155429], [-114.78553909207307, 35.99959666977827], [-114.78555881695817, 35.99958339687966], [-114.78558628129035, 35.999566409831516], [-114.78560043879219, 35.999559350393106], [-114.78561630598753, 35.999557309928264], [-114.78564712202795, 35.99955421611433], [-114.78596060657584, 35.99955101428993], [-114.78612436495969, 35.99955067149388], [-114.78631894939774, 35.99954910294248], [-114.78636300908751, 35.99954510281007], [-114.78640272547264, 35.99953535147166], [-114.78643986588156, 35.99951914414159], [-114.78648241731398, 35.99949009501566], [-114.78653130353474, 35.99944391824814], [-114.78668713384745, 35.99926896333243], [-114.78689545689225, 35.99903927037681], [-114.78707620709703, 35.99883729546841], [-114.78726982798469, 35.99858103404328], [-114.7873269239913, 35.998506295238734], [-114.78736900480357, 35.99843646527935], [-114.78739599638021, 35.99837869638424], [-114.78741071420048, 35.99831583843633], [-114.78741213393056, 35.99826219183451], [-114.7874099532752, 35.99821639146959], [-114.78739901193339, 35.99816624099724], [-114.7873697991577, 35.99809450669355], [-114.78734471627223, 35.99804998471306], [-114.78732572240278, 35.998012657630845], [-114.78730406629188, 35.99797745886713], [-114.78727795909164, 35.99794723816778], [-114.7872491813426, 35.99791986225933], [-114.78720635440081, 35.9978888158526], [-114.78717220185044, 35.997870703837854], [-114.7871327164949, 35.997857564024045], [-114.78708701163664, 35.9978501070513], [-114.78703420668634, 35.997848325264236], [-114.786970780326, 35.99785219707841], [-114.78691875416766, 35.99786043652643], [-114.786743275332, 35.99788860315084], [-114.78660215748457, 35.99791413522765], [-114.78648654649298, 35.99794198347079], [-114.78637526333479, 35.99797478864824], [-114.78630559768256, 35.997988714085594], [-114.78624920657926, 35.997993346991024], [-114.7862034513412, 35.997990896953745], [-114.78615599250061, 35.997982712340765], [-114.78610947907246, 35.99796809512583], [-114.78607013896621, 35.997940647836806], [-114.78604054584956, 35.99790682735497], [-114.78602415843388, 35.99787309374077], [-114.78601839249201, 35.99783370838845], [-114.78601780712438, 35.997804372683895], [-114.78601999205112, 35.99776217856071], [-114.78602744505679, 35.99772144981149], [-114.78604383861699, 35.99766718802391], [-114.78607272168239, 35.99759655426168], [-114.78609974989368, 35.9975352095506], [-114.78612838086546, 35.9974896139358], [-114.7861623734632, 35.997436183817904], [-114.7861715880979, 35.997422744523725], [-114.78619459361482, 35.99739664081533], [-114.78640656781751, 35.99714091277179], [-114.7864411785042, 35.997101640648324], [-114.78654894359887, 35.996990192768905], [-114.78661646614144, 35.99692911600107], [-114.78672222407822, 35.99683037734178], [-114.78681302586821, 35.99673874064202], [-114.78684143788213, 35.99670668808952], [-114.78686378284735, 35.996673212656546], [-114.78698990812542, 35.99646337086109], [-114.78701334826883, 35.99642023625401], [-114.78702510175054, 35.99638955209643], [-114.78702986920673, 35.99635309742259], [-114.78701447731042, 35.99630792496714], [-114.7869902242981, 35.99626841692288], [-114.78695376157397, 35.99621738043637], [-114.78692248776358, 35.99617567977834], [-114.78689816291805, 35.99614332483598], [-114.78687297908735, 35.99610881819612], [-114.78686094310699, 35.996080122087946], [-114.78685426752064, 35.99604359144085], [-114.78685289476299, 35.99600495091484], [-114.78685852237471, 35.99597064884759], [-114.78687386897961, 35.99593283406044], [-114.78689611301931, 35.995909373163244], [-114.786921864968, 35.995887366811715], [-114.78696710521263, 35.9958533277264], [-114.78698572842717, 35.99583985889303], [-114.78700785845665, 35.9958278436956], [-114.7870217943233, 35.995821789358274], [-114.7871803517606, 35.99574600168972], [-114.78722194121721, 35.99572481511369], [-114.78725117827136, 35.99570640816785], [-114.78727341605376, 35.99568366278743], [-114.7872852113391, 35.99564868689796], [-114.78729357280517, 35.99560510245983], [-114.78730121183949, 35.99554577386758], [-114.78730624618609, 35.99548285164104], [-114.78732247194326, 35.99544504262561], [-114.78734655703285, 35.99541372462904], [-114.78737504274623, 35.99538243582709], [-114.78748812217984, 35.995300145942196], [-114.78771652294272, 35.99513611878903], [-114.78770238159149, 35.992898806463856], [-114.78772751221777, 35.98927273487261], [-114.78775263188139, 35.985646655627626], [-114.7877623587719, 35.98424242665949], [-114.78779682948901, 35.97926475309954], [-114.78780271584144, 35.97841463364579], [-114.78772716129636, 35.963902818628156], [-114.78775905825728, 35.96027467366722], [-114.7877909491335, 35.95664652558266], [-114.78782278739806, 35.953021356480676], [-114.78785461847446, 35.94939618515289], [-114.76995325066595, 35.94916205043699], [-114.76999005172678, 35.940577898184095], [-114.77001590761921, 35.93454306458245], [-114.76961815894362, 35.92053467653401], [-114.78744885072936, 35.920587121050026], [-114.80544359044795, 35.920315604975585], [-114.8055463610224, 35.906080411422444], [-114.7988945925522, 35.906080481200505], [-114.79889872860544, 35.898828096038855], [-114.79890068474641, 35.8953908070684], [-114.79517182041113, 35.89536120839091], [-114.79517027962284, 35.891650551528116], [-114.79516572238514, 35.8807220307073], [-114.79515963106157, 35.86621719718294], [-114.79515349166819, 35.851712329824664], [-114.79514730423865, 35.83720742683593], [-114.79514106877978, 35.82270248912388], [-114.79513478531618, 35.808197515793275], [-114.794985428931, 35.80819752787569], [-114.7905337250434, 35.80819778250703], [-114.78608202320079, 35.8081978713653], [-114.78163032452774, 35.808197796260494], [-114.77717863017578, 35.80819755629902], [-114.77486597630951, 35.80819736666131], [-114.77489361419428, 35.80712824290008], [-114.7749902693649, 35.80338906120588], [-114.77508691094302, 35.79964987700167], [-114.77518354115313, 35.79591068940115], [-114.77519092772218, 35.795624829377466], [-114.77526125334991, 35.79290317196475], [-114.77718401548405, 35.79290311269035], [-114.78163485807845, 35.792902856549595], [-114.78608570272597, 35.792902435628825], [-114.79053655048774, 35.792901850836536], [-114.7949874013367, 35.79290110127121], [-114.79510330938515, 35.792901078843926], [-114.81290467872638, 35.79294697423356], [-114.83072256806061, 35.792947134532156], [-114.84851290245341, 35.79293149732415], [-114.86306820152807, 35.79291898099793], [-114.86408191316947, 35.792918042370246], [-114.86408202822578, 35.792918042157176], [-114.86473331339582, 35.79291743604898], [-114.86631615325324, 35.792915947081845], [-114.8795422075633, 35.79298367039351], [-114.88297602283956, 35.79300101519326], [-114.8829728890592, 35.80099113639702], [-114.88297197183827, 35.803324797642034], [-114.8829717565998, 35.80387085763816], [-114.88297004950454, 35.808202468770155], [-114.88416534789147, 35.808202449368316], [-114.88771602194889, 35.80820232064493], [-114.89246199863165, 35.80820198424921], [-114.8972079783946, 35.80820146047759], [-114.90195396007984, 35.80820075022488], [-114.90195514557578, 35.815455158586886], [-114.92026642727448, 35.81545628091632], [-114.93751508000219, 35.81545478665008], [-114.9393257557027, 35.81545351384239], [-114.93986178970593, 35.815453132471596], [-114.94020976531127, 35.81545288289269], [-114.94069678288598, 35.81545253297989], [-114.94642025065009, 35.81544826507009], [-114.94640639704578, 35.808195002443554], [-114.94529558951812, 35.80819858775207], [-114.94529300303523, 35.803925988240294], [-114.9452873837194, 35.794663380251585], [-114.94528667838388, 35.793502584014604], [-114.9452863813504, 35.79301402156755], [-114.94528626182854, 35.792817521278465], [-114.94528578800332, 35.79203928149841], [-114.94528480437948, 35.790419172413564], [-114.94528429641338, 35.789584683255846], [-114.94528358003363, 35.78840742124868], [-114.94527757203937, 35.778549711532506], [-114.9452741372018, 35.773397074006795], [-114.94527273932333, 35.77130174489311], [-114.94431875491745, 35.77130089992636], [-114.93637902589226, 35.77129357491163], [-114.92749195733421, 35.77127423953591], [-114.92748976964815, 35.76403161026695], [-114.92748144590213, 35.749384967579736], [-114.92747324807658, 35.73502669637082], [-114.92746972579071, 35.728878299293136], [-114.92746686249394, 35.72388848247974], [-114.92746492708713, 35.72051950430663], [-114.93184905572707, 35.7205201788242], [-114.93635978188112, 35.720520706399626], [-114.93635592886609, 35.716894309098265], [-114.93634405736316, 35.705733598406276], [-114.93632862228064, 35.69125255787588], [-114.93631338100478, 35.67698570696211], [-114.95426837601985, 35.67699293028389], [-114.9543825858498, 35.676992967219306], [-114.95561586229816, 35.67699336435779], [-114.95970587084562, 35.67699458893576], [-114.96004803108507, 35.676994685117464], [-114.96381851791031, 35.676995681082865], [-114.9640711207261, 35.67699574393572], [-114.96491313018423, 35.676995948115426], [-114.96516573303629, 35.67699600867168], [-114.97214923207416, 35.676997462602706], [-114.98546432786867, 35.67699911233615], [-114.99009354422546, 35.6769993408063], [-115.00773384951692, 35.6769985803547], [-115.025371983976, 35.67699523583923], [-115.0253774155721, 35.691684515127854], [-115.02538269226025, 35.70604626541264], [-115.02538666606033, 35.71692293642605], [-115.02538797998803, 35.72052975804358], [-115.02982462810483, 35.720528078804314], [-115.03426127822983, 35.72052623508724], [-115.03869793032098, 35.72052422779349], [-115.04313458433646, 35.720522057824354], [-115.0455495121459, 35.72052273216451], [-115.04758155666882, 35.720523262050854], [-115.04760609435165, 35.72052326763542], [-115.05202853126258, 35.720524301942135], [-115.05647550808172, 35.72052517749805], [-115.06092248598502, 35.72052588871358], [-115.06536946715288, 35.7205264346969], [-115.06981645043221, 35.72052681724567], [-115.07426343468771, 35.720527035453706], [-115.07871042209388, 35.720527089330254], [-115.08312341958066, 35.72052988686576], [-115.08753641933166, 35.72053252257005], [-115.09194942131715, 35.7205349955416], [-115.09636242549092, 35.72053730758291], [-115.09696224648661, 35.720537609765174], [-115.10077543071809, 35.72053945778801], [-115.10077481940343, 35.724166118672166], [-115.10077420499766, 35.727792778270214], [-115.10077358971667, 35.73141943568956], [-115.10077297134956, 35.73504609092128], [-115.10077601683638, 35.73869512845308], [-115.10077906064701, 35.74234416467834], [-115.1007821027922, 35.74599319779427], [-115.10078514326095, 35.74964222960345], [-115.1007881601329, 35.75326613486179], [-115.10078833418505, 35.753475046159], [-115.10078913692804, 35.754439194571795], [-115.10079117646228, 35.75689003794665], [-115.10079356768335, 35.7597634246824], [-115.10079419114332, 35.7605139388534], [-115.10079720417592, 35.764137837582005], [-115.1008002191131, 35.7677659064899], [-115.1008032312864, 35.77139397411132], [-115.10080624291312, 35.77502203955372], [-115.1008092528872, 35.77865010281257], [-115.10081587362754, 35.78225423501253], [-115.10082249306471, 35.785858365059696], [-115.10082911119872, 35.78946249295404], [-115.1008357269233, 35.793066618691], [-115.09581306549505, 35.79306706430045], [-115.07883396462074, 35.79306701818794], [-115.07885831976145, 35.80820364265413], [-115.04436618893058, 35.808185607869056], [-115.04435970489763, 35.85165946344179], [-114.99092786388658, 35.85172319373896], [-114.99092566610577, 35.895920814464546], [-114.9947643350012, 35.89591369160181], [-114.99475749032324, 35.897244282646966], [-114.99474552763229, 35.89956968582104], [-114.99472671725526, 35.903225677807804], [-114.99470790164719, 35.90688166845238], [-114.9946890819285, 35.91053765595759], [-114.99467025919978, 35.914193641229986], [-114.99465143123778, 35.91784962515993], [-114.99463260027116, 35.92150560595564], [-114.99461376407648, 35.92516158450741], [-114.99459492376108, 35.92881756082058], [-114.99457608042579, 35.9324735358018], [-114.99455723186693, 35.93612950763751], [-114.99453838029358, 35.93978547723981], [-114.9918240992455, 35.93979106205388], [-114.99007919702775, 35.939794619583765], [-114.97665958543594, 35.93982113292002], [-114.97667589025248, 35.93844539318745], [-114.97667467082239, 35.93844774937756], [-114.97667461795486, 35.938447850959236], [-114.97667077968042, 35.93845526652831], [-114.97666801412548, 35.93846124991744], [-114.97664668309932, 35.93850739411389], [-114.97662177959191, 35.93856126617132], [-114.97658092210179, 35.93862929388963], [-114.97656795030028, 35.93865089148384], [-114.97656498660137, 35.938655825636644], [-114.97653903847171, 35.93869902981012], [-114.97649398785536, 35.93877403953599], [-114.97630293660282, 35.93909213807031], [-114.97629664091141, 35.93910262009894], [-114.97618905480144, 35.93928174907228], [-114.97615911194181, 35.93933160179827], [-114.97611436820343, 35.939406099171954], [-114.97602777913725, 35.939550266653406], [-114.97592271316219, 35.939794012733046], [-114.97580059330045, 35.94007732043423], [-114.97568097080861, 35.94035483254903], [-114.97558077847567, 35.94058726709441], [-114.97527977899298, 35.94099026640223], [-114.97498677907808, 35.94138426705163], [-114.97453377645407, 35.941595862720725], [-114.974523330335, 35.941600742645406], [-114.9743637797142, 35.941675267159376], [-114.97433277858649, 35.94182926659665], [-114.97431956393439, 35.941897101151824], [-114.97428565081077, 35.9420711941727], [-114.97425161991126, 35.94224588235106], [-114.97424277925636, 35.94229126655757], [-114.97423788683994, 35.94231741416648], [-114.97421987162393, 35.94241370234693], [-114.97421377945048, 35.94244626664878], [-114.97421220815963, 35.94245387029458], [-114.97420476264249, 35.9424899014025], [-114.97420468438433, 35.94249027775575], [-114.9742024868604, 35.942500913858005], [-114.97419197705132, 35.94255176959352], [-114.97418761194005, 35.942572895034566], [-114.9741852659574, 35.94258424422574], [-114.97418421379248, 35.94258933943721], [-114.97418377755321, 35.94259144540305], [-114.9741836462984, 35.94259208377048], [-114.97418245258527, 35.94259785875767], [-114.97418231098881, 35.94259854484237], [-114.97418175152272, 35.94260125406503], [-114.9741811080421, 35.94260436755248], [-114.9741809860275, 35.94260495729569], [-114.97417998685849, 35.942609790492895], [-114.97417975087818, 35.94261093216486], [-114.97417870680292, 35.942615984154095], [-114.97417858361075, 35.94261658290448], [-114.97417753839244, 35.94262163939451], [-114.9741774566499, 35.94262203646029], [-114.9741773266002, 35.942622662215406], [-114.974176285988, 35.942627696195856], [-114.97417615703968, 35.942628322857836], [-114.97417507037137, 35.9426335810324], [-114.97417497485148, 35.94263404021914], [-114.97417397565401, 35.94263887702139], [-114.97417382715837, 35.942639595518486], [-114.97417357274577, 35.94264082812985], [-114.97303813769219, 35.95601850674794], [-114.97253370698442, 35.958305417085974], [-114.97169957414134, 35.96183478277397], [-114.97168549980175, 35.963536224293726], [-114.97391132740042, 35.966951411347495], [-114.97629941160629, 35.97023655057656], [-114.97869306009339, 35.97286724185656], [-114.98108152954548, 35.97615228455398], [-114.98299351045895, 35.97864940606481], [-114.98491091785066, 35.98049209489247], [-114.98554092225055, 35.983584092730645], [-114.98558238702425, 35.98358397395173], [-114.98562259865646, 35.98358385792859], [-114.9856971621098, 35.98358451959528], [-114.98974173328563, 35.98357289132156], [-114.98982705380679, 35.983572644646934], [-114.9920656540786, 35.983566152858685], [-114.99432249176625, 35.98355956552272], [-114.99432186650314, 35.983641458329906], [-114.99431849300022, 35.98408895107467], [-114.99431719307198, 35.98426131871919], [-114.99431589424167, 35.98443368636415], [-114.99431459429145, 35.98460605399864], [-114.99431459376224, 35.984606125199626], [-114.99431329433028, 35.984778421628114], [-114.9943119954671, 35.98495078925805], [-114.99431075346594, 35.98511550502857], [-114.99430939648501, 35.98529553981921], [-114.9943088718761, 35.98536507701965], [-114.99430834354081, 35.985435115330084], [-114.99430627283462, 35.98570982845804], [-114.99430481937378, 35.98590253970015], [-114.99430333098327, 35.986099948398746], [-114.99430208807489, 35.98626477679715], [-114.9943008451632, 35.986429604289725], [-114.99429960334372, 35.98659443268445], [-114.99429836041197, 35.986759260167844], [-114.99429711747018, 35.986924087646685], [-114.9942957711017, 35.987102678534804], [-114.99429524262773, 35.987172729442655], [-114.99429471414518, 35.98724278125097], [-114.99429255007401, 35.987529880555144], [-114.99429146186826, 35.98767418411846], [-114.99428929890024, 35.98796097966566], [-114.99428888494387, 35.98801592064767], [-114.994287595298, 35.98818687136912], [-114.99428624907412, 35.98836543157585], [-114.99428490283847, 35.98854399177716], [-114.99428355659104, 35.98872255197314], [-114.9942823135567, 35.98888737579235], [-114.99428210601143, 35.98891484672706], [-114.99428160535307, 35.988981298816284], [-114.99428105311209, 35.989054540225695], [-114.99428095595326, 35.989067311322614], [-114.99428094877743, 35.989068276591254], [-114.99427769398541, 35.989499978550384], [-114.99427443082612, 35.98993264754372], [-114.99427116872018, 35.99036531470837], [-114.99426790542941, 35.99079798273738], [-114.99426327205173, 35.99153977546498], [-114.99425657889971, 35.99261122664602], [-114.99425441082481, 35.99295815554738], [-114.99425307268328, 35.993172430067894], [-114.99425091463884, 35.99351785199563], [-114.99424525121056, 35.994424477212625], [-114.99423960209683, 35.99532854354449], [-114.9942395868055, 35.995331047308184], [-114.99423782834151, 35.995612560096674], [-114.99423523564663, 35.99602757798807], [-114.99423391658081, 35.99623866095516], [-114.99423274802213, 35.99642562560655], [-114.99423078766056, 35.99673934385005], [-114.9942286809949, 35.99707660807198], [-114.99422861134174, 35.997087614522705], [-114.99422592634743, 35.99751740161833], [-114.99422387486142, 35.99784574310369], [-114.99422344426469, 35.9979145280271], [-114.99422259024192, 35.9980512822217], [-114.99608117064474, 35.99806480274011], [-114.99678121132507, 35.99806988797242], [-114.99798636979482, 35.998078633716204], [-114.9984278828074, 35.99808183464869], [-114.99842738574718, 35.99819436163627], [-114.99866805199375, 35.99819626854146], [-115.00316018658688, 35.99818896840752], [-115.0079018135917, 35.9982017480945], [-115.01209695395303, 35.99821289830208], [-115.01386478947232, 35.99822929654046], [-115.02093805892547, 35.998294645218], [-115.02988466723922, 35.998291892569796], [-115.02982783588621, 36.00192917237748], [-115.02758577093293, 36.00193159978471], [-115.0274432456189, 36.001931752351894], [-115.02090344509362, 36.00193858567489], [-115.02088613568814, 36.00376053973669], [-115.02311963379087, 36.00375737758286], [-115.02309954468652, 36.005578545322905], [-115.02755061407646, 36.005570453539576], [-115.02751183506933, 36.00836042330539], [-115.02750966181777, 36.00851673095236], [-115.02750457700999, 36.008882524577935], [-115.02750014816681, 36.00920116651473], [-115.02749134753918, 36.00983425049992], [-115.02749114826025, 36.009848573184215], [-115.02744962650422, 36.01283536597569], [-115.02796879492425, 36.01283306895241], [-115.02858758551199, 36.012830328293724], [-115.02909674256301, 36.01282808733716], [-115.02915969897798, 36.01282780591363], [-115.02947075344252, 36.012826417138754], [-115.02962715814742, 36.01282572785171], [-115.02962734905353, 36.01282571431209], [-115.02966454287399, 36.01282555253164], [-115.02966458170692, 36.012825551809584], [-115.02966490342604, 36.01282555149213], [-115.02966510522035, 36.01296769696032], [-115.02964800719391, 36.014365188443364], [-115.02964814986997, 36.01436842299784], [-115.02965202832357, 36.01445661052941], [-115.02965040413861, 36.014609997664955], [-115.02964155284651, 36.01544564387635], [-115.02963836569528, 36.01582437704642], [-115.02963302644235, 36.01645874919053], [-115.02963154557068, 36.01663476969188], [-115.02963123981607, 36.0166702329636], [-115.0296302538157, 36.016903338306875], [-115.02962867166468, 36.01697900665548], [-115.02962625202218, 36.0170947820619], [-115.02962554834039, 36.017195377441745], [-115.02962341479069, 36.01740521920596], [-115.02962217363424, 36.01767780424966], [-115.02962217711313, 36.01772425138391], [-115.02962219185449, 36.01796067181173], [-115.02961834483641, 36.01822513122294], [-115.02961720614027, 36.01829449424758], [-115.0296137034853, 36.01850797724607], [-115.02961391746489, 36.01867182162933], [-115.02961412243931, 36.01882870606556], [-115.02960511864119, 36.01974113070361], [-115.02960497463114, 36.01975568886597], [-115.02960511634213, 36.019825508438586], [-115.02960542405081, 36.01997689984742], [-115.02960771872314, 36.02008929362361], [-115.02970935232962, 36.02008857671756], [-115.02970234441258, 36.020959407826325], [-115.02969453564211, 36.0219297710198], [-115.03318920115022, 36.02191974784076], [-115.03415013457138, 36.02191833061499], [-115.03418440818508, 36.02191814686734], [-115.0347749306422, 36.02191498375486], [-115.03656049365647, 36.02190540287874], [-115.03775021063504, 36.02189900326902], [-115.0386837570856, 36.021884052408446], [-115.03869010244233, 36.02188403075287], [-115.04093211211726, 36.02187627300001], [-115.04206573781575, 36.02187233396974], [-115.04543584806265, 36.021854022548794], [-115.04573349698757, 36.021848469412795], [-115.0460526301762, 36.02183376076224], [-115.046370935881, 36.02181001193997], [-115.0465296572566, 36.021794756725654], [-115.04684599718446, 36.02175750705705], [-115.04716054346943, 36.021711310257274], [-115.04731659482061, 36.02167839804752], [-115.04745641224511, 36.02165084798565], [-115.04776537812974, 36.0215869427894], [-115.04791878410322, 36.02155171333361], [-115.04822320647666, 36.02147475464851], [-115.04852413482293, 36.02138920725979], [-115.04882120331965, 36.021295176818406], [-115.04896817641949, 36.021245015106054], [-115.04925877562249, 36.0211384779326], [-115.04940231384754, 36.02108213363399], [-115.04968564723427, 36.02096338098149], [-115.04996370348944, 36.02083666455554], [-115.05023614312817, 36.020702137908216], [-115.05037017031563, 36.02063198447357], [-115.05056384266153, 36.02052575780477], [-115.05069401156051, 36.02045099559643], [-115.05094942835986, 36.02029598967717], [-115.05107459937936, 36.02021579340473], [-115.05131967499919, 36.02005013508678], [-115.0515574808835, 36.019877627425174], [-115.05216682875253, 36.01941638979763], [-115.05281851206169, 36.0189096056673], [-115.05365947205854, 36.01824715788002], [-115.05377600738274, 36.018156579875345], [-115.0546392223345, 36.017485630251514], [-115.05608474436745, 36.01635835997278], [-115.05641952889624, 36.01612160971692], [-115.05754127811082, 36.01525096701667], [-115.06077278934329, 36.0127424284813], [-115.06077287967551, 36.01274235677003], [-115.0621295689509, 36.01166529848141], [-115.06532568805169, 36.00909821737683], [-115.06580075091695, 36.00872117392422], [-115.06609810795541, 36.0084883328751], [-115.06629695552239, 36.00833621604056], [-115.06644886573082, 36.008224661118206], [-115.0666031485638, 36.008115277565885], [-115.06675976053936, 36.00800809943715], [-115.0669186493199, 36.00790315804355], [-115.06707976920676, 36.007800487429314], [-115.06724306898519, 36.0077001171085], [-115.06740850186071, 36.007602079318325], [-115.06757601441356, 36.00750640176098], [-115.06782777654504, 36.0073691246272], [-115.0681126975777, 36.007218936601284], [-115.07141598968052, 36.00553156121134], [-115.07170807749358, 36.005387911618975], [-115.07191483747877, 36.00529526240107], [-115.07201967831507, 36.005251152099], [-115.07223212376091, 36.005167425219014], [-115.07244803703858, 36.00508977585649], [-115.07255721213276, 36.005053259069435], [-115.07278083800313, 36.00499720673982], [-115.0729463851599, 36.00495212911546], [-115.07297814244725, 36.00494348185451], [-115.07309095897168, 36.00491520184178], [-115.07331832777056, 36.004863464587835], [-115.07343281007194, 36.004840023269566], [-115.07366320057908, 36.00479802877104], [-115.07366787736976, 36.00479731497481], [-115.07389525356155, 36.004762596133084], [-115.0741286881681, 36.00473376651583], [-115.0743632191412, 36.00471157655619], [-115.07459856018477, 36.00469605207315], [-115.07471644585561, 36.004690796218625], [-115.0749524644582, 36.00468530461778], [-115.07518857426945, 36.00468651149149], [-115.07522695340325, 36.004687729508966], [-115.07539539528109, 36.00469307746114], [-115.07551322283763, 36.004699124835795], [-115.07574839775612, 36.004716229403634], [-115.07598269483343, 36.00473999500208], [-115.07621582813144, 36.00477039158556], [-115.07644751286045, 36.00480738280629], [-115.07667746760865, 36.00485092422108], [-115.07690541213474, 36.004900961479386], [-115.07695682836398, 36.00491382936901], [-115.07701611553401, 36.00492866647981], [-115.07713106734475, 36.004957433928254], [-115.0785689492012, 36.00536185992927], [-115.07859748385121, 36.00536988541525], [-115.0791882376708, 36.005536037324546], [-115.07924681092781, 36.00555251072237], [-115.07953961115572, 36.00563032357583], [-115.07975196294096, 36.00567624755527], [-115.0797775570708, 36.00568097062571], [-115.07979152193938, 36.00568354751778], [-115.07985926663873, 36.005696047377306], [-115.080012704364, 36.00572048506945], [-115.08017480563322, 36.00574037843859], [-115.08018053055855, 36.005741081141664], [-115.08024459542585, 36.00574894341815], [-115.0803002561112, 36.00575336796151], [-115.08038511031295, 36.00576011319362], [-115.08047800380419, 36.005767497750945], [-115.08052330258992, 36.00576916039235], [-115.08061652742089, 36.005772582259745], [-115.08071228636064, 36.005776096692934], [-115.08156595819659, 36.005788519911924], [-115.08161052593077, 36.00578914437807], [-115.08319121779577, 36.005814750830275], [-115.08432487909106, 36.005828556795294], [-115.08546077703414, 36.0058423793565], [-115.08546132608197, 36.005842386142014], [-115.08768603510399, 36.005869426772605], [-115.08773257560381, 36.00586999222155], [-115.08886847512565, 36.00588378161946], [-115.08991885432151, 36.00589652440036], [-115.09000657246978, 36.00589758822813], [-115.09116275792879, 36.00591160246975], [-115.0921229630143, 36.00592323306022], [-115.09231894281375, 36.00592560646652], [-115.0956341946314, 36.005965699882886], [-115.09563533155533, 36.00596571351865], [-115.09647940464826, 36.00597590864463], [-115.09653841633218, 36.00597620313214], [-115.09665641297744, 36.00597428175493], [-115.09677425379306, 36.00596901575835], [-115.0968917978508, 36.005960410880384], [-115.09695041391801, 36.00595486034854], [-115.09706724201908, 36.00594126813435], [-115.0971834148117, 36.00592437254196], [-115.09724767969051, 36.00591351169014], [-115.09735613815374, 36.005892877567156], [-115.0974132315177, 36.00588075187003], [-115.0975265944216, 36.00585408153846], [-115.09758282952741, 36.00583954397582], [-115.09769431925388, 36.00580808894009], [-115.0977495405389, 36.00579118034613], [-115.09784497838555, 36.00575981701441], [-115.09792855539588, 36.00572490220452], [-115.09802667990317, 36.005681567543455], [-115.09813953977037, 36.005629015191616], [-115.09828187035498, 36.005558029282014], [-115.09839149194279, 36.0055014879034], [-115.09847988699309, 36.00544883631601], [-115.09857129839011, 36.00539050776431], [-115.09866410399243, 36.00533127444912], [-115.09879840164781, 36.00523758202647], [-115.0989264802149, 36.00513830593697], [-115.09900823663516, 36.005069154743936], [-115.0990869729984, 36.004997727202756], [-115.09916259337722, 36.00492411035949], [-115.09923500515661, 36.004848393977504], [-115.09933742026034, 36.004731079529904], [-115.10004718470336, 36.00387120777379], [-115.10015140104845, 36.00374660643188], [-115.1016277164215, 36.00198146737282], [-115.1017480621702, 36.001833746664936], [-115.10190445222997, 36.00164429275379], [-115.10203884508101, 36.00148745454615], [-115.1021088112275, 36.00141018620649], [-115.10218042829194, 36.00133392310243], [-115.10225367062974, 36.00125868675971], [-115.10232852034449, 36.00118450143916], [-115.10240495179218, 36.001111388666466], [-115.10248294265128, 36.00103937088207], [-115.10256246726739, 36.00096847141423], [-115.10264350554884, 36.00089871090969], [-115.10272602852532, 36.00083011088086], [-115.10297613318819, 36.00062579875536], [-115.10340815047327, 36.00027288071754], [-115.10460740669893, 35.999293170847295], [-115.10472538243752, 35.99920253765908], [-115.10663922925347, 36.00074933905915], [-115.10801941139482, 36.00186401995931], [-115.10871766536087, 36.002427934773394], [-115.1088920463307, 36.00256876452703], [-115.10904989260136, 36.00270422441714], [-115.10963736524684, 36.00320837309435], [-115.10995218056117, 36.003478532831814], [-115.11121078502408, 36.00456296984114], [-115.1142750653888, 36.007213748978664], [-115.10918341161461, 36.01085751575922], [-115.108698172013, 36.011205561844], [-115.10581987303918, 36.013290301442645], [-115.10667780609975, 36.01328842339605], [-115.10757803242754, 36.013283154010225], [-115.1082041898766, 36.01328195338117], [-115.10923779262802, 36.01327996505408], [-115.10984077048957, 36.01327880035092], [-115.11029708666682, 36.013281827621235], [-115.11030165379826, 36.01328185825236], [-115.11043679080976, 36.01328275438186], [-115.11062107027782, 36.01328397564646], [-115.11207676820304, 36.013293617667834], [-115.11430351646936, 36.01330833189228], [-115.114924193604, 36.0133124258402], [-115.1162170180863, 36.01332094247057], [-115.11643897868166, 36.01332240339362], [-115.1165281760407, 36.013322990337315], [-115.11655168622285, 36.01332314492987], [-115.11655455274759, 36.0133231641978], [-115.11663025280289, 36.01332366248295], [-115.11665346235584, 36.013323814984474], [-115.11665383731243, 36.013323817344734], [-115.11668739143373, 36.01332403803074], [-115.11688492777947, 36.013325337302014], [-115.11759522066892, 36.013328920485904], [-115.11854103791704, 36.013335991973555], [-115.11878927975022, 36.0133378469232], [-115.1187703253062, 36.01420173402581], [-115.1187695925663, 36.01423207387811], [-115.11874735985666, 36.01510323706351], [-115.11872809858296, 36.016003148170796], [-115.11871088046749, 36.016903602433764], [-115.11869114475262, 36.017800803883574], [-115.11867133839006, 36.0187012505457], [-115.11864981355806, 36.019596104079085], [-115.1186319833385, 36.02049028138529], [-115.11861180455583, 36.021380362907266], [-115.11861158535751, 36.02138972848776], [-115.11859317963312, 36.02225665033482], [-115.1185927394954, 36.022274542365246], [-115.11859264328376, 36.02227845638798], [-115.11858345461603, 36.022651558296054], [-115.11857132311559, 36.02314411128138], [-115.11857076819281, 36.02316869960723], [-115.11857068124614, 36.02317254696826], [-115.11856052300503, 36.02362265940274], [-115.1153081155892, 36.0235908350045], [-115.11277012437871, 36.02356593871329], [-115.10562267861796, 36.02350977658202], [-115.10061439846017, 36.02347299618603], [-115.10059932500126, 36.02347291387984], [-115.10059931432541, 36.02347357269492], [-115.10059304904394, 36.023699265371405], [-115.10058077427831, 36.024141799957675], [-115.10057976872916, 36.02417804571397], [-115.10057974303453, 36.02417898387471], [-115.10057971466999, 36.02417999593213], [-115.10055498965573, 36.02507155462494], [-115.10055462704297, 36.025084614953876], [-115.10053773101345, 36.025693826349055], [-115.10052948466043, 36.02599118404727], [-115.100504342691, 36.02689775299857], [-115.10047919891564, 36.0278043217989], [-115.10042503760423, 36.02928935224154], [-115.10037354072968, 36.0307012490528], [-115.10035912932265, 36.03109635119401], [-115.10034675939634, 36.03143548391135], [-115.10034673804965, 36.031436072380366], [-115.10028590600433, 36.03310380548258], [-115.10024946129134, 36.0341029165225], [-115.10024546282546, 36.0342125410387], [-115.10024191636813, 36.03430974643584], [-115.10021275829125, 36.03510907637899], [-115.10024028531134, 36.0384433789978], [-115.10024283755769, 36.03875245689502], [-115.10025776601287, 36.03990615992402], [-115.10025592867927, 36.04003745327588], [-115.1002554047738, 36.040074897810165], [-115.10025783065683, 36.04033181281586], [-115.10026113345455, 36.04066336955653], [-115.10028411539794, 36.042373851466714], [-115.1002844493142, 36.042395312046835], [-115.10028445716924, 36.04239584294873], [-115.10028444440773, 36.04239666038337], [-115.10028462132186, 36.042440735943316], [-115.10029257234328, 36.04409147762187], [-115.10029246556313, 36.044122948143375], [-115.10029133977942, 36.04445459228658], [-115.10028718506142, 36.045677764908724], [-115.10028590316763, 36.04605529118009], [-115.10028592533358, 36.046326716304094], [-115.10028603236837, 36.04761522162559], [-115.10028604280777, 36.047744676377675], [-115.10028619587247, 36.049604917345974], [-115.10028576879685, 36.049716599230365], [-115.10028582111731, 36.04971839033738], [-115.10028722566364, 36.049800412192134], [-115.10028769230954, 36.049827217127394], [-115.10029213723584, 36.05051682285777], [-115.10029636893199, 36.051084741374304], [-115.10029722054884, 36.05119895113987], [-115.10029762653014, 36.05125348812014], [-115.10030623215731, 36.05234153106894], [-115.10030676695199, 36.05240913749767], [-115.10031115342738, 36.0529637216358], [-115.10031176613275, 36.05329959401446], [-115.10030860338202, 36.053382331982874], [-115.10031011699077, 36.05338238945578], [-115.10047773000274, 36.05338026340711], [-115.10071510333071, 36.05337732559624], [-115.10078165155555, 36.05337650200001], [-115.10102996086206, 36.053373423717616], [-115.10105337461965, 36.05337313395445], [-115.10109320453313, 36.05337264163352], [-115.10128385685772, 36.05337028446469], [-115.10152361667895, 36.053367318596344], [-115.10172878589555, 36.053364780215695], [-115.10176342088431, 36.0533643524267], [-115.10199546157074, 36.053361480789626], [-115.10204579785969, 36.05336085818562], [-115.10221156672468, 36.05335880703155], [-115.10241746855253, 36.05335625418869], [-115.1024707819276, 36.053355593776935], [-115.10254662326952, 36.05335465145103], [-115.10256182941677, 36.05335447629108], [-115.10268377004826, 36.05335296795368], [-115.10311157682028, 36.05334767112989], [-115.10315851420117, 36.05334709032444], [-115.10329941562433, 36.05334654689263], [-115.10343043408352, 36.053346011502676], [-115.10361041726259, 36.05334534654314], [-115.1036538558199, 36.05334481283179], [-115.10396821761371, 36.053340988677974], [-115.10409634310821, 36.053339428825545], [-115.10427461056041, 36.05333725623654], [-115.1046049977293, 36.0533332321691], [-115.10480318395003, 36.05333311039118], [-115.10498081555535, 36.05333109194237], [-115.10500043066732, 36.05333086917124], [-115.10514250842193, 36.053329253909354], [-115.10528120505846, 36.05332767727224], [-115.10541313502887, 36.053326177149636], [-115.10554506610588, 36.05332467688622], [-115.10567699495424, 36.053323177369975], [-115.10580892602455, 36.05332167681612], [-115.10594085598157, 36.053320176112614], [-115.10607278593527, 36.05331867526383], [-115.10620471588562, 36.05331717426986], [-115.10633664694251, 36.05331567313506], [-115.10646857688617, 36.05331417185064], [-115.10656792893796, 36.05331304199321], [-115.10656979710261, 36.05331301967957], [-115.10704081603228, 36.05330766435947], [-115.10705725319202, 36.05330747188859], [-115.10756375404534, 36.05330240058129], [-115.10802004256014, 36.053297831082794], [-115.10880600098172, 36.0532899541213], [-115.10926575706462, 36.0532853458368], [-115.11375626017256, 36.053244013948685], [-115.11492851148729, 36.053232717004846], [-115.1159916515073, 36.053222461443944], [-115.11807251568223, 36.05320134831095], [-115.1180785931525, 36.053201254727036], [-115.11820808394931, 36.05319998702642], [-115.11824057930421, 36.05319966875265], [-115.1182791018426, 36.054885809669834], [-115.11828576238376, 36.055177356794395], [-115.11830722333622, 36.05661903005493], [-115.11830912131607, 36.056716399225905], [-115.11831019877634, 36.05677173640006], [-115.11831185372746, 36.05685475763286], [-115.11831185041859, 36.05685588605547], [-115.11831403902607, 36.05693762950233], [-115.11835674172441, 36.05873667324798], [-115.11837969608952, 36.05959022867701], [-115.1183802619749, 36.05961064544928], [-115.11838438215047, 36.05975918311158], [-115.11868950968592, 36.05989572700188], [-115.12205890969477, 36.06138672527055], [-115.12270806457657, 36.06167251988391], [-115.12271438789502, 36.06167530397984], [-115.12659452059829, 36.06338343928332], [-115.12688418187314, 36.06350267223633], [-115.12712681325533, 36.063599747174806], [-115.12732661310366, 36.06368017561558], [-115.12762331101575, 36.0637898175231], [-115.12793078612816, 36.06390087413253], [-115.12821211920921, 36.06399809390295], [-115.12850489598539, 36.064091235666716], [-115.12879196325726, 36.06418435506615], [-115.1291170887801, 36.06427899158692], [-115.1293858549203, 36.064355557140686], [-115.1297194800586, 36.064443357170354], [-115.1299855528615, 36.064510296061215], [-115.1308756864061, 36.064725192069425], [-115.1309867701656, 36.06475170951852], [-115.13219940532773, 36.065043128088426], [-115.13249653537272, 36.065114531600614], [-115.13557798224656, 36.06585545957494], [-115.13664942504349, 36.066110352607986], [-115.14117377618307, 36.06720037490643], [-115.14571098549771, 36.068292548479185], [-115.14712713038412, 36.06863489336436], [-115.14743379854475, 36.06871168711606], [-115.14961667470216, 36.06923857911817], [-115.15416727312149, 36.07032920967373], [-115.15456795412965, 36.07042458853125], [-115.15819211085532, 36.071292727976214], [-115.15855733932966, 36.071288046314955], [-115.15866836535943, 36.07128663621814], [-115.15874049751851, 36.07128571104969], [-115.15896416393824, 36.07128286278119], [-115.15961156679599, 36.071274566441566], [-115.16141957689875, 36.071251469841215], [-115.16347531754366, 36.071225175239775], [-115.16356784537408, 36.07122396980234], [-115.16595387634557, 36.07119246087408], [-115.17170404797022, 36.07111633637981], [-115.17232509374853, 36.0711105649298], [-115.17235107605902, 36.07111026555854], [-115.17237711498827, 36.071109966375715], [-115.17237838734599, 36.071109951810705], [-115.1724798936257, 36.072337994892465], [-115.17260528279142, 36.07475982045451], [-115.17268261688191, 36.07863910969398], [-115.1727174249786, 36.080527916922], [-115.17273219803543, 36.080819169173246], [-115.17274854875839, 36.08162492122678], [-115.17275263408831, 36.081826231680466], [-115.17276066522098, 36.08222195530751], [-115.17276149599766, 36.082262913429005], [-115.17276689341328, 36.08252666081319], [-115.17286037099679, 36.08506806412724], [-115.17289341039181, 36.08614919496656], [-115.17289898208116, 36.08784763808024], [-115.17289446425458, 36.08916200888494], [-115.17285404407951, 36.089768525137956], [-115.17287752048323, 36.09176305704618], [-115.17289423004122, 36.09351306600706], [-115.17289394433053, 36.09359769916255], [-115.1728934461061, 36.093745199259146], [-115.17290329399039, 36.09465866901437], [-115.17292656411102, 36.09734411257643], [-115.17293881026163, 36.098772685017046], [-115.17296054330058, 36.10061474016057], [-115.17295627358403, 36.100857239689724], [-115.17304815015035, 36.100862352853675], [-115.17330201131485, 36.10085899924319], [-115.17604002646245, 36.100819268841114], [-115.17777040878157, 36.10079412621771], [-115.1793642382063, 36.10077094533547], [-115.18001625432653, 36.1007614564056], [-115.18033598081045, 36.10075680259658], [-115.18048886889159, 36.10075457585056], [-115.18086025286503, 36.10074911098526], [-115.18087381858113, 36.1007489708827], [-115.18087382026617, 36.100751689215116], [-115.18087380646213, 36.10094733658904], [-115.18086759324049, 36.10374731593087], [-115.18086737523132, 36.103845365087395], [-115.18086400789902, 36.104730019905155], [-115.18086372444085, 36.10480431592945], [-115.18086341583955, 36.10488550051468], [-115.18086092371914, 36.10553997209019], [-115.18086006686856, 36.105787854092775], [-115.18085912732066, 36.106405755985264], [-115.18085650938335, 36.10812773503161], [-115.18085650792024, 36.108129110411824], [-115.18085467612941, 36.10933267879097], [-115.1808521685905, 36.10974339848658], [-115.18085017696747, 36.110069535532034], [-115.18084778678933, 36.11046115521066], [-115.18084352399988, 36.11115947750751], [-115.18083943471218, 36.11182943007569], [-115.18084372756695, 36.11245599419612], [-115.18083983080136, 36.113557942202206], [-115.18084003035656, 36.11379006548768], [-115.18083663439351, 36.114418766692296], [-115.18083698309243, 36.11446384367567], [-115.18083681457279, 36.11449164280423], [-115.18092211182308, 36.114484736067816], [-115.1811028107975, 36.11446251926942], [-115.18177034755601, 36.11438044290448], [-115.18241858836794, 36.11432217638441], [-115.18281305458352, 36.114316627885245], [-115.18296599616421, 36.11432675416191]]]}, "properties": {"OBJECTID": 1, "COMMISSION": "A", "NAME": "A - Michael Naft (D)", "Shape__Area": 45290645723.80384, "Shape__Length": 1696571.5961852756, "district_id": "A"}}, {"type": "Feature", "id": 2, "geometry": {"type": "Polygon", "coordinates": [[[-114.76251857505356, 36.85347790269575], [-114.76643480752871, 36.85345906976856], [-114.78432127229264, 36.85344089365264], [-114.80220777804821, 36.853420023963565], [-114.82009432238316, 36.85339646429704], [-114.85586748371611, 36.85334126848876], [-114.86033913392228, 36.853333611583054], [-114.86481078493696, 36.85332578643368], [-114.86928215318153, 36.85328450102795], [-114.86989778598641, 36.85327880379103], [-114.87375409596322, 36.853309632345415], [-114.87824583819233, 36.853274509822924], [-114.87883476497996, 36.85326989204865], [-114.88049209875038, 36.853269288277076], [-114.88273842710348, 36.853268434128694], [-114.887231160882, 36.85326659620927], [-114.89172408426562, 36.85327332286004], [-114.89621688012943, 36.85328136407049], [-114.89692906166489, 36.85328262380771], [-114.90070970893817, 36.85329375954621], [-114.90520251866579, 36.853306836694074], [-114.9096137973703, 36.85331951173665], [-114.90969533595153, 36.85331974495677], [-114.91404353994128, 36.85333207475331], [-114.91493837168787, 36.85333459280411], [-114.91858443348991, 36.85335296521037], [-114.91868084186163, 36.85335345025104], [-114.92312530593922, 36.85337569079714], [-114.92317351803888, 36.85337593062846], [-114.92403830486111, 36.85338023915252], [-114.9276661842041, 36.85335262890422], [-114.92811346320794, 36.85335101830211], [-114.92876633409425, 36.85334866297456], [-114.93220812613113, 36.85333618881652], [-114.93313329245586, 36.85333281890561], [-114.93675006310744, 36.85331731406768], [-114.94129202324008, 36.85329768640859], [-114.94223192009777, 36.853293603388586], [-114.94583402169081, 36.853294503119116], [-114.94920709483355, 36.85329524633695], [-114.95131548833426, 36.8532956620695], [-114.95180737823672, 36.853300051743346], [-114.95491817304884, 36.85332776508867], [-114.95609896387973, 36.85333826425467], [-114.95610207776129, 36.85333829149991], [-114.95675227397436, 36.85334406638904], [-114.95678511490803, 36.85334435845266], [-114.96037988004899, 36.85337622625688], [-114.96400266801712, 36.85348620779095], [-114.96953271480167, 36.85345694076528], [-114.97506276102759, 36.85342741642064], [-114.9805928055033, 36.85339763475178], [-114.98612281002573, 36.85336759646895], [-114.98615719851246, 36.853367041983404], [-114.99893072643076, 36.853340570166786], [-115.01686655954177, 36.85330545647292], [-115.03511586429809, 36.85329345120809], [-115.05305185965234, 36.853230021056056], [-115.07110173236151, 36.85318776618654], [-115.08829625377457, 36.853135252284986], [-115.10617420992922, 36.8532691444139], [-115.12442334726889, 36.85331199787755], [-115.14235894698064, 36.85334946481223], [-115.16052257697116, 36.85338605871921], [-115.17862936320398, 36.85341946099891], [-115.1962232059012, 36.85335451836111], [-115.21413004972855, 36.853472400479454], [-115.23209448266046, 36.85345079153739], [-115.25022972522383, 36.85351921928414], [-115.26833646437368, 36.85360753008064], [-115.28641491777897, 36.85360144753165], [-115.28784386793001, 36.85359823306403], [-115.29409163082099, 36.85358397476482], [-115.30340993061564, 36.85356209876822], [-115.31475871162391, 36.85366423248999], [-115.33283729351463, 36.85360533196843], [-115.35091585136871, 36.853589396645255], [-115.36870915520262, 36.85361462143382], [-115.38627447778424, 36.8535899800041], [-115.40458114465258, 36.85359022901655], [-115.42260266791023, 36.85358589559206], [-115.44070975584093, 36.853556476759614], [-115.45864573256523, 36.853523362501605], [-115.47675281868905, 36.8535342115719], [-115.49451766121535, 36.85344892865266], [-115.51248220807553, 36.8534764188275], [-115.53061778087603, 36.85345635546173], [-115.54878189987251, 36.85347938187594], [-115.56648978777397, 36.85347457794964], [-115.58451125936419, 36.85342284156718], [-115.60256128986788, 36.85341426092156], [-115.62001240525773, 36.8533317079099], [-115.63803411969491, 36.85340908941526], [-115.6561695079826, 36.853324113519946], [-115.67399144737443, 36.85332661625686], [-115.69212669460606, 36.853213296944475], [-115.71020492820526, 36.8531198620585], [-115.72799845826633, 36.853159923846654], [-115.74085845985152, 36.853089366235345], [-115.74076038918179, 36.84190569968035], [-115.77454583843277, 36.8419227669935], [-115.79265045104076, 36.84197697907988], [-115.81064096155626, 36.842005260841866], [-115.82877455193632, 36.84214552352692], [-115.84670737149835, 36.842030966779966], [-115.86469807742623, 36.84209678345175], [-115.88268803897947, 36.842022689857885], [-115.8968583934233, 36.842098179546156], [-115.8967048151374, 36.83015997484026], [-115.89662326798796, 36.81584345059898], [-115.89648491295927, 36.80154963263267], [-115.89634597762912, 36.78714142637915], [-115.89626330204369, 36.772596070324106], [-115.89623802301796, 36.75811943295804], [-115.8962136829342, 36.74380282951048], [-115.8961021382154, 36.72916585503829], [-115.89599210975084, 36.71478038944599], [-115.89579623884559, 36.70030325887621], [-115.89577143022458, 36.68587216112128], [-115.8956320889907, 36.67130357930737], [-115.89549279354101, 36.65673496238315], [-115.89543943401429, 36.64225798398437], [-115.89535805828545, 36.627849506209664], [-115.89536227754921, 36.6134869095395], [-115.89536106969133, 36.59816372134301], [-115.88737474276726, 36.59810906962972], [-115.88083516609008, 36.59801605513234], [-115.8628298517034, 36.59784120631142], [-115.85082352863414, 36.597765629023435], [-115.8266350547559, 36.59770328816295], [-115.80776270826955, 36.59763011454883], [-115.79094021063854, 36.59756236885783], [-115.77275007447125, 36.59736583676702], [-115.74029386753195, 36.5967479510084], [-115.7259934968009, 36.59621411552597], [-115.707433809698, 36.595627030726284], [-115.69348413941105, 36.5956372678811], [-115.69348697448544, 36.59589329579209], [-115.69348897487222, 36.59813329588257], [-115.69026147583509, 36.598149266890175], [-115.68947583905586, 36.59815314055627], [-115.68557597293452, 36.59817229606686], [-115.68557497405062, 36.59814629634505], [-115.68552797302073, 36.5965042966871], [-115.6855109732766, 36.59650529630961], [-115.6813942165485, 36.596512021289286], [-115.6812239726561, 36.59651229641468], [-115.68121197224647, 36.59651329582424], [-115.68122797168192, 36.59993629726637], [-115.68121197208039, 36.59994129692872], [-115.68108144784622, 36.59996699455641], [-115.67948497203959, 36.60028129678532], [-115.67886914200332, 36.599791140928836], [-115.67641697112396, 36.59783929689167], [-115.67569759946312, 36.5967936741111], [-115.67552397178795, 36.59654129731556], [-115.67224432325715, 36.596547403721566], [-115.67189500340291, 36.59654804860957], [-115.67146457905527, 36.596548842593585], [-115.66738905935351, 36.59655627811015], [-115.66397895673164, 36.596562393202866], [-115.66271288783186, 36.59656463820586], [-115.66177196906253, 36.596566298439136], [-115.66176411959789, 36.59656632253035], [-115.66011796830716, 36.596571297595354], [-115.65944996772724, 36.59657429817163], [-115.6571279681121, 36.59658229862888], [-115.65536596806916, 36.5965882981233], [-115.65515896748649, 36.59658829776915], [-115.65428279161812, 36.596591679438866], [-115.65360296740725, 36.59659429829495], [-115.65353078069032, 36.59659429757087], [-115.65350596699574, 36.59659429776219], [-115.65345983446123, 36.59565416326126], [-115.64896303331759, 36.59565590392809], [-115.64446558132796, 36.59565759152972], [-115.6354713321701, 36.59566045912731], [-115.61748413807119, 36.59566275093284], [-115.59985075299055, 36.59574456688983], [-115.59920730505168, 36.59576682826284], [-115.59855115410681, 36.58112498585981], [-115.59831391947024, 36.577503507893056], [-115.59808177892474, 36.57395945461814], [-115.59808266649532, 36.573873341283], [-115.59812006377493, 36.570246934110685], [-115.59815745873428, 36.56662052471626], [-115.59815782729405, 36.56658473649271], [-115.59811551717678, 36.562849499337815], [-115.59807438714587, 36.55921802749661], [-115.5980736930729, 36.55912807035688], [-115.59804507292434, 36.555420229908265], [-115.59802598292914, 36.55294686116056], [-115.5980243288304, 36.55272390257368], [-115.59802142302766, 36.55233233914512], [-115.59800347796079, 36.55232199871664], [-115.59734990675933, 36.55194540469633], [-115.59604935912448, 36.55119092176601], [-115.59498227711846, 36.55057889897823], [-115.5889882949581, 36.547116473286444], [-115.586818441136, 36.545871586797944], [-115.58601977886143, 36.54540464171525], [-115.58442917490119, 36.544486589075646], [-115.58233966387577, 36.54328539400116], [-115.58077895883154, 36.54237891681462], [-115.57844287659546, 36.54103725106797], [-115.57584800478259, 36.539534698364385], [-115.57321714533168, 36.538020392153], [-115.57136996512233, 36.53694810712455], [-115.56764788307996, 36.53480086496597], [-115.5664010949001, 36.53408088763469], [-115.56639362455867, 36.534076573222954], [-115.55964149098448, 36.53017698624315], [-115.55832217949691, 36.52941961600994], [-115.55754109930913, 36.52896396177964], [-115.55468102859105, 36.52731351645968], [-115.55363533527029, 36.52671265515326], [-115.5515587777379, 36.52550432252158], [-115.55026794584225, 36.524762985376306], [-115.5483427216112, 36.52364645887508], [-115.54820799042864, 36.523568319190424], [-115.54455819505762, 36.52146856993052], [-115.54143227473311, 36.5196568152962], [-115.540669939262, 36.51921705628063], [-115.5399200045056, 36.51878645894016], [-115.53869243348025, 36.5180705618638], [-115.53745703944611, 36.51736357049893], [-115.53525029168229, 36.51609026107861], [-115.53427260653781, 36.51552612274206], [-115.53206748826277, 36.51424601433365], [-115.53082597907218, 36.51353662693872], [-115.52620942042323, 36.510867776381524], [-115.52141099522387, 36.50809057607738], [-115.52006352123755, 36.507312156666494], [-115.51844692741666, 36.50637488242767], [-115.51655203439618, 36.50528539022607], [-115.51520474427168, 36.504502411280455], [-115.51359638226128, 36.50357869618448], [-115.51042848104828, 36.501738571983225], [-115.50885826007632, 36.500833298739266], [-115.50655172758971, 36.49949962399834], [-115.50527973097215, 36.49876705606757], [-115.5035096147773, 36.49773976833476], [-115.5009602678119, 36.49626997967138], [-115.49916061731656, 36.49522422838653], [-115.49838145576547, 36.49477722983592], [-115.49549846115717, 36.49310706436885], [-115.49364245631173, 36.49202446377463], [-115.49257291048836, 36.49140699667006], [-115.49149780204654, 36.49078944895115], [-115.4893271921264, 36.48952927781834], [-115.48659690610381, 36.487955483354426], [-115.48469820997421, 36.486856428958454], [-115.48307271120888, 36.48591856799255], [-115.48096309627638, 36.48469282560633], [-115.47992535560634, 36.484100440114965], [-115.4783898095883, 36.48320648022573], [-115.47736531790356, 36.4826164948489], [-115.47582843560127, 36.48172248531205], [-115.47347745672236, 36.48036507542108], [-115.47176061976998, 36.47936730087533], [-115.471648172981, 36.47930276073443], [-115.47009202735951, 36.47840167058838], [-115.46983475937493, 36.47825188875671], [-115.46930784688973, 36.47794315217759], [-115.4685221480026, 36.47749136938661], [-115.46822003932091, 36.47731622024693], [-115.46774491597064, 36.47703518337889], [-115.46643020963597, 36.476276868543806], [-115.46486512040518, 36.47537559567027], [-115.46395893729313, 36.474845611908876], [-115.46328307795383, 36.47445154923213], [-115.46168912712919, 36.47353183523597], [-115.46116158375428, 36.47322305464403], [-115.4601055430186, 36.47261899430886], [-115.45851929509854, 36.47170159167027], [-115.45746352018723, 36.47108624516642], [-115.45452695794941, 36.46939187301518], [-115.4534616615922, 36.46876735366529], [-115.45293222620904, 36.46845175162101], [-115.4526682734389, 36.46829057941539], [-115.45214403841285, 36.467959266208545], [-115.45188371111178, 36.46779137830515], [-115.45136951556469, 36.467446671103744], [-115.45111494885984, 36.46726984204677], [-115.45086387129163, 36.46709305777313], [-115.45037366289277, 36.46673513617134], [-115.44989684328398, 36.466370625831615], [-115.44943401832592, 36.46600404196892], [-115.4487533545527, 36.46543856387344], [-115.44830628680485, 36.46505189811807], [-115.44786423944605, 36.46465853554883], [-115.44743144181206, 36.46425627747215], [-115.44680069735182, 36.46363735285018], [-115.44639476833026, 36.463217412061965], [-115.44600083189411, 36.462790865764184], [-115.44561819173305, 36.462357704258096], [-115.44506620460747, 36.461708246468476], [-115.44471360277214, 36.46127321964981], [-115.44437573799368, 36.46083387749504], [-115.44404498607605, 36.460387866168645], [-115.44388349094045, 36.46016265706382], [-115.44356826336286, 36.45970783292499], [-115.44326014847736, 36.45924633978127], [-115.44296397974466, 36.4587804941858], [-115.44267980346315, 36.45830804404705], [-115.44171190043565, 36.4566277693215], [-115.43890159841725, 36.45177516622667], [-115.43742730671264, 36.44923863729927], [-115.43580385966784, 36.446425198702016], [-115.4351364883986, 36.445280651371895], [-115.43332513982419, 36.442144709668085], [-115.43279482018515, 36.44122730479385], [-115.43185520441313, 36.439617182124515], [-115.43091603398604, 36.437986776657205], [-115.4295826065203, 36.43568186639735], [-115.42893355331029, 36.43457132858174], [-115.42792097984771, 36.432818240419756], [-115.42716175410213, 36.43150342132809], [-115.42665063717564, 36.4306087776734], [-115.42587434583903, 36.429277950954265], [-115.42471567037194, 36.42727501536823], [-115.42393793579798, 36.42592471980261], [-115.42392987562923, 36.42591072691472], [-115.4238144998861, 36.42571040867421], [-115.42266188155975, 36.42372330790894], [-115.4217441107164, 36.422156212788394], [-115.42160980051966, 36.42193809384578], [-115.42133555962987, 36.42150403521708], [-115.4210507766458, 36.42107434442753], [-115.42090453121432, 36.4208605741353], [-115.4205995884366, 36.420428361018345], [-115.42028061926028, 36.42000046840845], [-115.42011690833345, 36.419788720027384], [-115.41978861160992, 36.4193742249578], [-115.41945734664627, 36.418968703236196], [-115.41893980691087, 36.418364653427936], [-115.41876193771607, 36.41816398266062], [-115.41839365737694, 36.41776247608522], [-115.41781411006875, 36.417157599298584], [-115.41761259840214, 36.4169543605693], [-115.41720446952016, 36.416559082138846], [-115.41679681357206, 36.41617507681395], [-115.41638888738879, 36.41580458679889], [-115.41618339479095, 36.41562608234935], [-115.41576470036904, 36.41527122368193], [-115.41490153995723, 36.414561158215385], [-115.41336976881203, 36.41327655651528], [-115.41157975559929, 36.41180596089286], [-115.4104652961871, 36.41087843088298], [-115.40958374021754, 36.4101523088705], [-115.40893191079424, 36.40961178010391], [-115.40828278517203, 36.4090757922581], [-115.40634786572042, 36.407474733056915], [-115.4059244283237, 36.40711752345077], [-115.40440549990639, 36.40586678323488], [-115.3989970018998, 36.40138414273628], [-115.39893263902204, 36.40133070578716], [-115.39762582479538, 36.40024572434263], [-115.3959900150654, 36.3988964061341], [-115.39527329826342, 36.398300847605654], [-115.39309009519006, 36.39649792555109], [-115.38991312899294, 36.39385676153835], [-115.3876903262131, 36.39202616638518], [-115.38596467557747, 36.39058986435046], [-115.38373880893415, 36.388747887107044], [-115.38202054532907, 36.387331911118004], [-115.37915589118984, 36.38495385745454], [-115.37823791234953, 36.38419771664826], [-115.37571785736603, 36.38211271766266], [-115.37386668561993, 36.380568618956225], [-115.3724494397145, 36.37940224550332], [-115.36983113634945, 36.37723240355449], [-115.36897284994724, 36.37652278477394], [-115.36891843194115, 36.37647779328674], [-115.36694756082174, 36.37485031708756], [-115.36679172468847, 36.374721628714056], [-115.36414655618009, 36.372556243861624], [-115.36132921007582, 36.37022014797514], [-115.3555283055852, 36.36540948575425], [-115.35598420727618, 36.36541404303616], [-115.36876668526834, 36.36554110229816], [-115.36890616165498, 36.365541969168746], [-115.36975073228636, 36.336063182342585], [-115.3695209067144, 36.336063278817306], [-115.36837384624907, 36.33607514944936], [-115.36722678437552, 36.336087009970456], [-115.36607972332469, 36.33609885948337], [-115.36493266198336, 36.336110697986086], [-115.36378560035205, 36.33612252547858], [-115.36263853731748, 36.33613434195873], [-115.36149147510817, 36.336146147430696], [-115.36034441261077, 36.33615794189241], [-115.35920349753368, 36.33615851153988], [-115.35806258138412, 36.336159070293824], [-115.35692166639056, 36.336159618158455], [-115.35578075143971, 36.33616015513165], [-115.35463983652951, 36.33616068211465], [-115.35349892055457, 36.336161196401555], [-115.35235800573544, 36.336161700700444], [-115.35121709096144, 36.336162194107935], [-115.35008053138164, 36.336165797212864], [-115.34894397287376, 36.33616938860996], [-115.34780741320515, 36.33617297009739], [-115.34667085460966, 36.33617653987697], [-115.34553429485469, 36.33618009974685], [-115.34439773617407, 36.336183647908896], [-115.3432611763351, 36.336187186161226], [-115.34212461757177, 36.33619071270574], [-115.34155767431609, 36.33619068290122], [-115.34099073108183, 36.33619064860474], [-115.3398568446558, 36.33619057374612], [-115.33872295940817, 36.33619048813219], [-115.33758907311167, 36.33619039175841], [-115.33645518799763, 36.33619028372799], [-115.33532130183306, 36.33619016583898], [-115.33418741684935, 36.3361900371947], [-115.33305353081917, 36.3361898977905], [-115.33191568548634, 36.336189870885086], [-115.33077783910802, 36.336189832243164], [-115.32963999390692, 36.33618978367198], [-115.32850214877261, 36.33618972426796], [-115.32793320759968, 36.336189596731636], [-115.3273642664421, 36.33618946738822], [-115.3262263853019, 36.33618919877608], [-115.32508850423577, 36.33618891933036], [-115.32395062324132, 36.33618862995242], [-115.3228142035866, 36.336196094667784], [-115.32167778378196, 36.33620354857651], [-115.32155294970343, 36.336204366646484], [-115.3215361465297, 36.33620447674711], [-115.32069659268693, 36.336209975588204], [-115.32063788851278, 36.336210360292995], [-115.31894772165344, 36.334356808834876], [-115.3188676202335, 36.33427123531332], [-115.31830834388114, 36.333658543726465], [-115.31809445163093, 36.33342422191052], [-115.31756762372733, 36.33284706921718], [-115.31725904647995, 36.33250900450634], [-115.31588119168234, 36.33099944474063], [-115.31493093797054, 36.32996141780213], [-115.3142960002722, 36.329259917877174], [-115.31267821834068, 36.32750142319814], [-115.31190449021545, 36.32661273534007], [-115.31157193678389, 36.32624716562589], [-115.31143512466676, 36.32609676930405], [-115.31073945945008, 36.3253320193617], [-115.30972682222874, 36.3242179578935], [-115.30871332349052, 36.3231128903261], [-115.30797224534496, 36.32229600002517], [-115.30784970809589, 36.322160926100196], [-115.30713702763927, 36.32141962620135], [-115.30546260772458, 36.31960065213487], [-115.3050347826937, 36.31909887101503], [-115.30455437652601, 36.31858646228385], [-115.30358940967103, 36.31753369696386], [-115.30307154222581, 36.31696049737639], [-115.30239511443769, 36.31622550135992], [-115.30207127175275, 36.315865990793476], [-115.3015875808842, 36.315337372642595], [-115.30119311545899, 36.31490721001681], [-115.30086295361482, 36.31455361158348], [-115.30071622360117, 36.3143848816946], [-115.30058689401739, 36.31424010626445], [-115.29896724452757, 36.3124631432875], [-115.29589042180352, 36.30905678407131], [-115.29577447704524, 36.308929905984634], [-115.2950116853564, 36.30809441821026], [-115.29435103270349, 36.30737078441796], [-115.29432567304725, 36.30734300803222], [-115.29377263156613, 36.30673154590578], [-115.29359617529978, 36.306536448550204], [-115.29318378204646, 36.30608048240904], [-115.29264318327068, 36.30549442144613], [-115.29240859138537, 36.30524009609012], [-115.29031219373172, 36.30293852862083], [-115.29002887492743, 36.30262648762441], [-115.28999478079125, 36.30258893708268], [-115.28993904328442, 36.30252754787629], [-115.28938563895667, 36.30192468671343], [-115.28782295510861, 36.30020988105387], [-115.28734091718695, 36.29968690802785], [-115.28686261986806, 36.299156051636984], [-115.28658394206337, 36.298846745611264], [-115.28648836187449, 36.298742740915515], [-115.2860781598608, 36.2982963845107], [-115.28607242500608, 36.29829013973606], [-115.28597958855369, 36.29818905256787], [-115.28552275126668, 36.297684884893144], [-115.28537340536717, 36.297520063384205], [-115.28444817085274, 36.29651521663872], [-115.28334338094444, 36.295303441695395], [-115.28322967405447, 36.29517872171629], [-115.2829141509192, 36.29483263438549], [-115.28247043001257, 36.294345924789084], [-115.28188786501073, 36.293713313802186], [-115.2817663952629, 36.29358127971206], [-115.28158741660675, 36.293386734785486], [-115.28009167518292, 36.29173476285846], [-115.28009162862644, 36.29173471046638], [-115.27998521092589, 36.29161717458668], [-115.27704290552958, 36.28839625131773], [-115.27557923248138, 36.28679385271808], [-115.27534380880158, 36.286536108692324], [-115.27432466293101, 36.285414899199], [-115.27384186330337, 36.28488753554503], [-115.27375288806222, 36.28479034674332], [-115.27198305909, 36.282857076244596], [-115.27079770594979, 36.28154638835006], [-115.27056939389985, 36.28129744621882], [-115.2701113849948, 36.28079954167856], [-115.27005811109625, 36.28074112191531], [-115.26854948667321, 36.27908675410712], [-115.26820196393065, 36.27870729043101], [-115.26782997095764, 36.2783011031747], [-115.26782668806439, 36.27829757952973], [-115.26765121228142, 36.278109213521475], [-115.26749221394587, 36.277938475604934], [-115.26748740825299, 36.27793331481307], [-115.2671129528493, 36.27752900606332], [-115.26700797553437, 36.27741110714744], [-115.26690498311915, 36.277295436842685], [-115.26677144114869, 36.27714545594584], [-115.26666907648578, 36.2770329992511], [-115.26538911461064, 36.27562681691996], [-115.26500868567554, 36.275208860970345], [-115.26470162034263, 36.27487111566902], [-115.26306742999223, 36.27307358677813], [-115.26285856322284, 36.27284718217724], [-115.2628574329262, 36.272845956113386], [-115.26215289825136, 36.27208224773472], [-115.26191524088262, 36.271820688174294], [-115.26095587061211, 36.27076482295202], [-115.26014389409477, 36.269871574907825], [-115.25834830366077, 36.26790408124778], [-115.25832632756986, 36.2678799997367], [-115.25807632043961, 36.2676023470803], [-115.25538588592646, 36.264735502942074], [-115.25435277722765, 36.26360806975283], [-115.25386372603518, 36.26306133217901], [-115.25228054557574, 36.261293340675095], [-115.25217304294321, 36.26118061020109], [-115.25145574614486, 36.2604284226848], [-115.25082282184815, 36.259671862543236], [-115.2487651843406, 36.25745314625449], [-115.24851572274058, 36.257150941058256], [-115.24834803995847, 36.256945630330634], [-115.24824259910248, 36.25681561007431], [-115.24802020957398, 36.25649258346597], [-115.24778158758954, 36.25611037156075], [-115.24751525713862, 36.25559835642815], [-115.24734633082453, 36.25520119683468], [-115.24728215955135, 36.25502729468881], [-115.24720544519884, 36.254790522659235], [-115.24714151838809, 36.25453114092782], [-115.24704789948571, 36.25421856049137], [-115.24699769720142, 36.25400598922129], [-115.24695509420746, 36.25379578262378], [-115.2469180538386, 36.25358565744201], [-115.2468872714879, 36.25337562374837], [-115.24688261516455, 36.25333499171529], [-115.24686413908577, 36.253165702587154], [-115.24684801085702, 36.25295363083175], [-115.24683313816925, 36.252529741686914], [-115.24683096731071, 36.25231561999882], [-115.24683505120679, 36.25144805538392], [-115.24685425609648, 36.2503395791629], [-115.24686448045476, 36.24919716855115], [-115.24686822901089, 36.24828227262334], [-115.24686973499857, 36.248059191568146], [-115.24687072843963, 36.24785651859234], [-115.24687075544576, 36.24785151655359], [-115.24687422953892, 36.24714205337192], [-115.24688886428703, 36.24605732849996], [-115.24689225499003, 36.24580594789329], [-115.24689559612754, 36.245594161367976], [-115.24689814972484, 36.24535531973068], [-115.24690560661251, 36.2446873796185], [-115.2469127386782, 36.24404846071552], [-115.24693518404828, 36.24270115230532], [-115.24695815125996, 36.240925672566696], [-115.24696274433778, 36.24050206804792], [-115.24696291816583, 36.24048304966198], [-115.24696695304654, 36.24003338564508], [-115.24696984904313, 36.23981032441144], [-115.24699309467015, 36.238426969552876], [-115.24701109917541, 36.23678077002212], [-115.2470164570014, 36.23629092120453], [-115.2470171161621, 36.23624637711178], [-115.24703418327204, 36.2350922780484], [-115.24705763718902, 36.23348131418837], [-115.24705994606221, 36.23322218617267], [-115.24706017651992, 36.23309120589955], [-115.24706053002741, 36.23306528686202], [-115.24706022687221, 36.233062300055586], [-115.24706022739707, 36.23306217748242], [-115.2470608356509, 36.23271514422297], [-115.2470558340516, 36.231973644501025], [-115.24704885994467, 36.231009009954604], [-115.24705470396775, 36.23071613055124], [-115.24704325499513, 36.22855027344748], [-115.24704140385982, 36.22807248721953], [-115.24703009007432, 36.226648059174714], [-115.24702704980821, 36.22564959787472], [-115.24702703042344, 36.225643213115376], [-115.24702650096454, 36.22546938433913], [-115.24702377887546, 36.22456340463644], [-115.24702054566032, 36.224054048483836], [-115.2470176802683, 36.22365286922238], [-115.24701153091986, 36.22274458584036], [-115.24701118558183, 36.22268000864957], [-115.24700784366162, 36.22205523156869], [-115.24699270947022, 36.2192264685912], [-115.24699526111367, 36.218800578343675], [-115.24700207255022, 36.21858884206999], [-115.247004018057, 36.21837703352887], [-115.24700421485691, 36.21832663955593], [-115.24700460648646, 36.21822605168869], [-115.24700466412996, 36.21821336444222], [-115.24700572316902, 36.217957892377974], [-115.24700627014796, 36.21777761319321], [-115.24700330007838, 36.2175679863419], [-115.2469995852158, 36.217360602494615], [-115.24698649413835, 36.2169502586041], [-115.24696570616086, 36.21654205523678], [-115.2469195074874, 36.215932910636404], [-115.24686059671163, 36.21533259437259], [-115.24683721966052, 36.2151339363971], [-115.2467841603534, 36.21473878199343], [-115.24672405127154, 36.21434803032744], [-115.24665575300658, 36.21395039857708], [-115.24658060617652, 36.21354815994052], [-115.24650609483552, 36.21317973300465], [-115.24649855898659, 36.21314356567375], [-115.24641020834046, 36.21274113289174], [-115.2463572769599, 36.21252502733256], [-115.24626174874906, 36.21213499573371], [-115.24618762263863, 36.211870565544494], [-115.246091746565, 36.21152854256724], [-115.24590452178666, 36.2109150762981], [-115.24590185347509, 36.2109063199774], [-115.24587217294128, 36.2108089513195], [-115.24584104044088, 36.21070681615516], [-115.24571834851567, 36.21028585002894], [-115.24565774780744, 36.2100731248055], [-115.24553659819851, 36.20964542027214], [-115.24542249979312, 36.209213312879285], [-115.2453696964621, 36.208993940863444], [-115.24517521664721, 36.20811444303717], [-115.24513219382158, 36.20789296065944], [-115.24505379532886, 36.20745010847998], [-115.2449532245377, 36.20678607873584], [-115.24487300988706, 36.20611333326742], [-115.2448309520427, 36.20566199881279], [-115.24479728340924, 36.205208534862734], [-115.24476184920935, 36.204522924635135], [-115.24474726331165, 36.20383762025403], [-115.24474276606286, 36.203603180588146], [-115.24474357364222, 36.20339217410096], [-115.24474358438087, 36.20338942249735], [-115.24474449026934, 36.20315248891182], [-115.24474411325578, 36.20292036366764], [-115.2447390794059, 36.20199406529058], [-115.24473509092071, 36.20130351084931], [-115.24473379357354, 36.20107903126758], [-115.2447332276003, 36.200979865353965], [-115.24473140473778, 36.20031037013267], [-115.24472982840264, 36.19973132710689], [-115.24471606879762, 36.196767655990364], [-115.24471461158682, 36.196490443135296], [-115.24471256427712, 36.196364212635814], [-115.24470547253334, 36.19602895699095], [-115.24470512511651, 36.1960125435233], [-115.2446971413925, 36.19565410506471], [-115.24470585924678, 36.19554380735921], [-115.24470772951932, 36.195428901813045], [-115.24470833890611, 36.195214819276835], [-115.24470883720379, 36.193698160687745], [-115.24469702078986, 36.19186131054892], [-115.24468645325547, 36.189553921188846], [-115.2446860440214, 36.18946458230004], [-115.24468424207564, 36.18907117734029], [-115.2446840184671, 36.18898779109335], [-115.24468160099295, 36.1888651906891], [-115.24468108439382, 36.188839011238045], [-115.24468043605282, 36.188681250173936], [-115.24467869431372, 36.188638772820205], [-115.24467706618124, 36.18859909069025], [-115.2446736853469, 36.18851663825487], [-115.2446759667519, 36.18835216003873], [-115.2446751685799, 36.187858611810555], [-115.2446706580155, 36.187157677701364], [-115.24466517609197, 36.186220103173746], [-115.2446444417138, 36.183630420011625], [-115.24463444615901, 36.183019549481145], [-115.24461329905321, 36.18219217058326], [-115.24460206450895, 36.181574520486954], [-115.24460203185323, 36.181513673281295], [-115.24460009963329, 36.18126085995342], [-115.24460491193825, 36.180598059878804], [-115.24459698982402, 36.180018538237505], [-115.24458780951544, 36.17949965732341], [-115.24454799143494, 36.17903837327072], [-115.24446944892966, 36.17857956267107], [-115.2443941359685, 36.17822702800354], [-115.2443122159481, 36.17791185566133], [-115.24420176686853, 36.177549271966875], [-115.24415369416775, 36.177430024578655], [-115.24412842869637, 36.17736735192688], [-115.24408375373504, 36.17726740089183], [-115.24400482135759, 36.17709080237076], [-115.24392736539251, 36.17692895582831], [-115.24380239173436, 36.176706075946676], [-115.24376416128788, 36.17664158098171], [-115.2439627742526, 36.17642024141025], [-115.24408721338156, 36.17628411675709], [-115.24420092926869, 36.176105588223336], [-115.24430944337301, 36.17590558236245], [-115.24438449457051, 36.175785064906876], [-115.24443002215578, 36.175639686393275], [-115.2444811014361, 36.17538944013395], [-115.24449408896945, 36.175105700353065], [-115.24446281259917, 36.17485522096869], [-115.24443766678692, 36.17454752682178], [-115.24440772629694, 36.17420944731198], [-115.24439535461758, 36.173878305195295], [-115.24439101497173, 36.17358167197346], [-115.24438840112087, 36.17343514767315], [-115.24436321062664, 36.17202295907952], [-115.24433945671647, 36.170572640490576], [-115.24433903511947, 36.170546900157646], [-115.24429379799001, 36.1677381399291], [-115.24427274055796, 36.166776578083606], [-115.24426530663946, 36.16645216146683], [-115.24402474763993, 36.16644072305952], [-115.24206991934912, 36.1664324203017], [-115.2417245617214, 36.16643143547957], [-115.2403177219122, 36.16642741344002], [-115.23800652061472, 36.166419396449186], [-115.23742231319555, 36.16641771011404], [-115.23579441811907, 36.16641162252843], [-115.23325390383071, 36.16640147441132], [-115.23301166718456, 36.16640076591768], [-115.22879794633945, 36.16638424250626], [-115.22799818938947, 36.16638049818086], [-115.22711500498457, 36.1663765003411], [-115.2265435032722, 36.166374798726], [-115.22621826280853, 36.166373829122364], [-115.2253662046486, 36.16636991121476], [-115.22436317297789, 36.166365534714124], [-115.22376534512343, 36.1663664150468], [-115.22326676139593, 36.16636086903552], [-115.22278546450607, 36.166359420712915], [-115.2196111638005, 36.16635531440838], [-115.2193530970405, 36.16634354162442], [-115.21899330880414, 36.16630398737854], [-115.21862513912895, 36.16624517652766], [-115.21784719042934, 36.16610544729148], [-115.21758778990369, 36.16606207449882], [-115.21740688226855, 36.166032675864244], [-115.21719332149121, 36.16601279300948], [-115.21699029688314, 36.16600393057963], [-115.21678087524025, 36.16600466321963], [-115.2166220545397, 36.1660069240497], [-115.21647996744333, 36.16600786236877], [-115.21546228041225, 36.16601435498089], [-115.2148448138072, 36.16601657701638], [-115.21462246345793, 36.16602001323378], [-115.21333439059876, 36.16602290768982], [-115.21246727207021, 36.166025720215956], [-115.21044188672636, 36.166030418256675], [-115.20890720456522, 36.166033811801675], [-115.20875542434189, 36.16603414643215], [-115.20863862774362, 36.16603440378405], [-115.20855170884488, 36.1660396251333], [-115.2084234688153, 36.16603922366227], [-115.20827348878674, 36.16605249056507], [-115.20815732881778, 36.16607822358889], [-115.20801904917128, 36.16612449252873], [-115.20790635054715, 36.166179082041914], [-115.20778492666781, 36.16625035315323], [-115.20747805545646, 36.16643047534651], [-115.20729649242918, 36.16649446398553], [-115.2070807785039, 36.16652675201487], [-115.20682154344902, 36.16653829925126], [-115.20614842398062, 36.166532059987524], [-115.20597039118225, 36.16653757824145], [-115.20596518906373, 36.16671614853114], [-115.20596522618574, 36.16705946642743], [-115.20596534457661, 36.16815657173393], [-115.2059654604828, 36.16815975456374], [-115.20596556361964, 36.16816258675043], [-115.20596783116862, 36.16822473622504], [-115.20596870720712, 36.168271315988854], [-115.20597075168344, 36.16837999940044], [-115.20597338188833, 36.1688960968547], [-115.20597160637293, 36.17006570122548], [-115.20597477070513, 36.17188611067045], [-115.20597393517725, 36.172200187605576], [-115.20597313665453, 36.17250051452959], [-115.20597201727378, 36.17292154685711], [-115.20597208568896, 36.17296547153684], [-115.20597249608082, 36.173229735233996], [-115.20597263690438, 36.17332022899167], [-115.20597270161245, 36.173361448879795], [-115.21095197454483, 36.173633427250735], [-115.21098025513905, 36.17363497079513], [-115.21252346344674, 36.173719220937066], [-115.214293981222, 36.173813256920035], [-115.21464252695299, 36.17381723743397], [-115.21456161664861, 36.174111290754574], [-115.21452853530201, 36.17441110459547], [-115.21458063622173, 36.174455219287516], [-115.21459745410934, 36.17452669667468], [-115.21458563899127, 36.17487532328279], [-115.21459253017827, 36.17494127581566], [-115.21462708635966, 36.174978468602106], [-115.21467188465307, 36.17499921009033], [-115.21474255084149, 36.17501316335915], [-115.21480798772846, 36.17501336480083], [-115.21481198044961, 36.175909369362245], [-115.21481268512575, 36.17607272165496], [-115.21481828326812, 36.1761335481412], [-115.21483829166763, 36.176257612151105], [-115.2149474681131, 36.17688459913641], [-115.2149689278585, 36.177038066807796], [-115.21506932190314, 36.17766478233337], [-115.21506916934909, 36.1777275487082], [-115.21506639180717, 36.17897831997953], [-115.21506334064483, 36.18096824889606], [-115.2150668932463, 36.18148759451937], [-115.21507306542942, 36.182390011193554], [-115.21507878575989, 36.18370772575986], [-115.21508583297458, 36.18459542401418], [-115.2150855291391, 36.184933717052715], [-115.2151056177557, 36.187720905363136], [-115.21510587599167, 36.18776027090092], [-115.21510658336346, 36.18802765968493], [-115.21510648219032, 36.18822075624415], [-115.21520509855003, 36.1882233560433], [-115.21546204563786, 36.188230128711396], [-115.21571841690566, 36.18823688644168], [-115.2161103869703, 36.18825003432831], [-115.21621358789815, 36.1882535116979], [-115.2167668443565, 36.18826986665244], [-115.21733114012976, 36.18828655834107], [-115.217899307805, 36.188301771160326], [-115.2180080938844, 36.18830496841006], [-115.21845143483583, 36.188317996813666], [-115.21892619918853, 36.188333380575195], [-115.21900778694378, 36.18833474200887], [-115.21957620019829, 36.188351579854206], [-115.22003575908161, 36.188365337554266], [-115.22404502988975, 36.18848579493219], [-115.22396059063783, 36.1920311421165], [-115.22395803959783, 36.192112978768186], [-115.22392347098106, 36.193517773565155], [-115.22387086553901, 36.19565544761099], [-115.22386898670311, 36.195739049150966], [-115.21999548183084, 36.19568398918816], [-115.21990308216478, 36.19568009901118], [-115.21990245624058, 36.195680076381045], [-115.21939927068196, 36.195672788277285], [-115.21938850883826, 36.19567262937521], [-115.21938817416641, 36.195672623851195], [-115.2190833246996, 36.195668098601], [-115.21790998664929, 36.19565067393982], [-115.21789550003439, 36.19565045936887], [-115.21716449609133, 36.195639597312976], [-115.21642417710727, 36.195628593183805], [-115.21632342690178, 36.19562709460721], [-115.21629281479333, 36.19562664022566], [-115.21591065274573, 36.195620956791615], [-115.21587487043288, 36.195620425144895], [-115.21545144906501, 36.19561412687889], [-115.21492799479165, 36.19560633858411], [-115.2148966546839, 36.196854178239214], [-115.21487623318562, 36.19796246418259], [-115.21487300484016, 36.198079035909394], [-115.21484026949497, 36.1992608468616], [-115.21482190910547, 36.19991951667417], [-115.21481463174756, 36.20048829361388], [-115.21478094513301, 36.20170745592039], [-115.21467519541238, 36.20171019011461], [-115.21394310202416, 36.20169707960931], [-115.21310700626786, 36.20168148708569], [-115.21310526829667, 36.20176387384144], [-115.21309083752955, 36.202259266218086], [-115.21270412590161, 36.20225156474334], [-115.21268973941754, 36.202742664328056], [-115.21269411140473, 36.202881490592155], [-115.2126935566308, 36.20296378364918], [-115.21269183804228, 36.20301789884884], [-115.21268348855178, 36.20344109513037], [-115.21270213648005, 36.20344114296458], [-115.21268629794639, 36.204190156695354], [-115.21303184169312, 36.20419659616514], [-115.21303026409252, 36.204242070250885], [-115.21301577785103, 36.20470439400434], [-115.21299592573216, 36.205421164271655], [-115.21298197895992, 36.206031838772134], [-115.21297033363437, 36.20639734499125], [-115.21296914604284, 36.206434610441484], [-115.21296867608744, 36.2065223177461], [-115.21262979865331, 36.20651481537007], [-115.21129562193433, 36.206488106320926], [-115.21053692130421, 36.206473287867645], [-115.21018433252435, 36.206466399205446], [-115.2101723441921, 36.206466368136205], [-115.20903496126775, 36.20644391375335], [-115.20854618133592, 36.2064339751188], [-115.20777104629943, 36.20642003492082], [-115.20777430183114, 36.20633778106681], [-115.20778476671542, 36.20580959930838], [-115.20700959024165, 36.205802148738954], [-115.20702479414707, 36.20535624149043], [-115.20700673234758, 36.20527501387837], [-115.2070086574698, 36.20519275674953], [-115.20702418893848, 36.20470138955773], [-115.20737448010331, 36.20470447686014], [-115.207390188264, 36.20418821477101], [-115.20738927787401, 36.204129762527174], [-115.20724678222874, 36.20412614051413], [-115.20704035224242, 36.20412234978383], [-115.20674867589003, 36.20411752801444], [-115.20650557208029, 36.20411350830261], [-115.20611752365339, 36.20410709088642], [-115.20591728171371, 36.2041066966482], [-115.20576182576778, 36.204106389292754], [-115.20575989144628, 36.20417918376882], [-115.20574249251685, 36.204833841039246], [-115.20574215303343, 36.20484663734473], [-115.20573117162476, 36.205259821220345], [-115.20570124173234, 36.206384966508], [-115.2056893712425, 36.20683264241965], [-115.2056774182362, 36.20728241442909], [-115.20566076298, 36.207909031958614], [-115.20565293250162, 36.20820367842242], [-115.20562780860541, 36.20908356399182], [-115.20562674326305, 36.209084934190265], [-115.20560683106963, 36.20930464194961], [-115.20557024050777, 36.209424026229904], [-115.20553015327881, 36.20952142248903], [-115.20547429578619, 36.20959404485275], [-115.20536026378183, 36.20973653505975], [-115.2054814297864, 36.209872901062], [-115.20561642008748, 36.21001995296132], [-115.20594047168194, 36.210372952833545], [-115.2061680918954, 36.210622284828354], [-115.2068595922545, 36.21138129564009], [-115.20780501045917, 36.21243366862706], [-115.20855124312924, 36.21325064343113], [-115.21209839273774, 36.21713284825519], [-115.21185339517245, 36.217141332457636], [-115.21181867475026, 36.217142330548995], [-115.20748406949521, 36.21727809841303], [-115.2074838336917, 36.217278099475024], [-115.20498782107359, 36.217307569784346], [-115.20492921180451, 36.21730826141979], [-115.20242497770704, 36.21733938003281], [-115.20234340562787, 36.21734034520378], [-115.19736363942802, 36.21739918410741], [-115.19721120656997, 36.21740101767707], [-115.19513554184098, 36.21742553091812], [-115.192890750733, 36.21745198636445], [-115.19287341858887, 36.21745194964144], [-115.19285605863872, 36.21745191282522], [-115.19065299871286, 36.217476697735286], [-115.19063596462502, 36.21747688879], [-115.1885532651039, 36.217501972267165], [-115.18848546874062, 36.217502801290074], [-115.18841767795104, 36.21750362758907], [-115.18852972908252, 36.219334974952005], [-115.18854674670595, 36.219685464894795], [-115.18855811655678, 36.21987207638058], [-115.18860406915931, 36.22059970950878], [-115.18861993593708, 36.220837538652404], [-115.18863533356519, 36.22113954488067], [-115.18864218924166, 36.221257898893114], [-115.18867286020605, 36.22178731610007], [-115.1886745321619, 36.22185061609053], [-115.18873839056438, 36.22296010808223], [-115.18885241400707, 36.22478360353579], [-115.18894017576154, 36.22620405158737], [-115.18896560721065, 36.22655054638337], [-115.18907201415482, 36.22843710077261], [-115.18909846491297, 36.229107122421716], [-115.18922423799454, 36.23104797168136], [-115.18928850771952, 36.232065198783275], [-115.18933653940582, 36.23392893138536], [-115.18938361344135, 36.23574265261088], [-115.18942926856982, 36.2377402111466], [-115.18945134371899, 36.23835031360804], [-115.18947919405369, 36.239420040804724], [-115.18944500926854, 36.24138504775953], [-115.18943910468732, 36.241724330921016], [-115.1894151076809, 36.24310491525512], [-115.1893988121435, 36.24404079756829], [-115.18936522088269, 36.24597409788279], [-115.18936448771512, 36.246109088352746], [-115.18935944091596, 36.24651560056967], [-115.18934967995408, 36.246867074970964], [-115.18928539843249, 36.24867271059371], [-115.189263803849, 36.249563224855265], [-115.18925959250154, 36.250523381353155], [-115.18921828172925, 36.25144041812613], [-115.18920663799075, 36.251920556297044], [-115.18919604962299, 36.25235713996871], [-115.18917698842127, 36.253143124417505], [-115.18917173632765, 36.25418652626567], [-115.18912602184454, 36.25524517672262], [-115.1891071210849, 36.25602458647662], [-115.18909552709424, 36.25650269474972], [-115.18909449719717, 36.25654510553872], [-115.18908515445453, 36.25693037865727], [-115.18908103532738, 36.257844702443336], [-115.18903357574594, 36.25965725055835], [-115.18900892104095, 36.26036364532046], [-115.18899322239929, 36.261505275106245], [-115.18894111770308, 36.263456462036196], [-115.18892738790623, 36.26398278461609], [-115.18889655788122, 36.26516464459516], [-115.18883683211162, 36.26739053156961], [-115.18879840511991, 36.2688225999441], [-115.18876949599587, 36.269908682066486], [-115.18874973587259, 36.270651041825246], [-115.18872862210857, 36.271444229022606], [-115.18871479289028, 36.27196376843494], [-115.18870104060328, 36.272480363583774], [-115.18866362517083, 36.27388587972112], [-115.1886540317152, 36.274257169354996], [-115.18860749051349, 36.27614310440827], [-115.18865728781513, 36.277244554807794], [-115.18869511989662, 36.27817669603506], [-115.18872676559371, 36.27888112837266], [-115.18873313609859, 36.27897687566529], [-115.18875041723295, 36.27912001287067], [-115.18877692653597, 36.27926222156028], [-115.18881259254599, 36.2794031130428], [-115.1888573170799, 36.279542299437935], [-115.18891097631845, 36.27967939908795], [-115.18894088042047, 36.2797438722094], [-115.18801837685116, 36.28005529023216], [-115.18780107741426, 36.280136035277515], [-115.18754262936667, 36.28025284526697], [-115.18729773788642, 36.28038744840276], [-115.18711284245327, 36.28050725801914], [-115.18695664645381, 36.280622974250306], [-115.18681060194706, 36.280745517746986], [-115.18667315711478, 36.280876225397215], [-115.18654703674197, 36.28101250338865], [-115.1855182923896, 36.28219901998051], [-115.18534284141296, 36.28240137354056], [-115.185193130417, 36.28256324615591], [-115.18505587326823, 36.282695289106115], [-115.18491026718732, 36.28282133583643], [-115.18470383431527, 36.282979474110405], [-115.18454034036942, 36.28309021298445], [-115.18436991119417, 36.28319387241401], [-115.18419301468286, 36.28329016822753], [-115.18394793308349, 36.28340665444498], [-115.1837578589292, 36.28348477735823], [-115.18356299586294, 36.28355473913888], [-115.18336387702075, 36.28361634777314], [-115.18309270920642, 36.28368521084747], [-115.18288579981281, 36.28372671220946], [-115.18267649071939, 36.28375938980585], [-115.18246535686949, 36.28378315272045], [-115.18218200614345, 36.283800861603936], [-115.18164713070124, 36.28381911584698], [-115.1808295338101, 36.28384555352545], [-115.17723676597748, 36.28398048904259], [-115.17350773662967, 36.28412973690334], [-115.173482297466, 36.28413063480847], [-115.17112886853205, 36.28421368594136], [-115.16663567789216, 36.28415941420082], [-115.16396432386385, 36.28412694079874], [-115.16213663678822, 36.2841046889616], [-115.16198021135924, 36.28410373681767], [-115.16113208710141, 36.28409337204529], [-115.15918389103034, 36.28406947518126], [-115.15784428872087, 36.28405302572008], [-115.15688907095507, 36.28404128719019], [-115.15460619545387, 36.284012841125225], [-115.15294760979465, 36.2839927674232], [-115.15289256016321, 36.2839916887358], [-115.15044640203426, 36.28394823433905], [-115.15019552816, 36.28394377488496], [-115.14994493327463, 36.28375114715128], [-115.14939158293582, 36.28387263739126], [-115.14926917043655, 36.28389508275099], [-115.14914672951336, 36.283909986026316], [-115.14902157670602, 36.283917671843525], [-115.14449954093656, 36.28384439761827], [-115.14406572149645, 36.2838373584202], [-115.139518724496, 36.28375821717449], [-115.13829912642146, 36.283735282323086], [-115.13724521562831, 36.283716923341736], [-115.13497173851594, 36.28367890219166], [-115.13271164771092, 36.28367768092763], [-115.13044542406546, 36.28367597372593], [-115.13044442441748, 36.283675973545066], [-115.12852393993643, 36.283674934091934], [-115.12848753635727, 36.28367491369706], [-115.12840617097916, 36.28367486915667], [-115.12435135266985, 36.28367198507354], [-115.12139405187816, 36.28366979510721], [-115.1214127445055, 36.28168422784345], [-115.12143370357175, 36.27945769531082], [-115.12144838931393, 36.27789741391467], [-115.12145742130222, 36.276359900776406], [-115.1213556409526, 36.2763599781066], [-115.12120263149059, 36.27636009443226], [-115.1192318223989, 36.27636157520356], [-115.11696069603948, 36.27636324066871], [-115.11695988682004, 36.27636324111804], [-115.11696226209199, 36.276020799862835], [-115.1169627682217, 36.275941135580354], [-115.1169728554014, 36.274493907264926], [-115.11698234599854, 36.273125918067066], [-115.11698557057812, 36.27266100673559], [-115.11698564234564, 36.27265062343927], [-115.11699853159683, 36.270792572968034], [-115.1169995316562, 36.27064835407636], [-115.11701124994588, 36.268958774546874], [-115.11701674637165, 36.268031544957445], [-115.11702346465339, 36.26708165112686], [-115.11702453543678, 36.2669301879751], [-115.11703638024485, 36.26525549785079], [-115.11703651603047, 36.26523621379955], [-115.11703652066876, 36.26523562077869], [-115.1170412289354, 36.264569791565194], [-115.11705368925853, 36.26280762449304], [-115.11705388495152, 36.26277994438632], [-115.11706160454925, 36.261688275777445], [-115.1170616160797, 36.26168671030682], [-115.1170625658552, 36.261552378893064], [-115.11706112356904, 36.26141737931893], [-115.1170400954484, 36.25944959709189], [-115.1170275268822, 36.25827338570623], [-115.11702400436975, 36.257943725753975], [-115.11702363959941, 36.25790960832879], [-115.1170235115901, 36.25789763077197], [-115.11702089321857, 36.25765251672773], [-115.11701275568583, 36.25689092917157], [-115.11698590349684, 36.25437787386871], [-115.11698523758102, 36.254315602972966], [-115.11698472933053, 36.25426799556063], [-115.11698471707155, 36.254266875226], [-115.11698355182753, 36.25415811723755], [-115.11696520744822, 36.25244626518089], [-115.11696505644854, 36.252432165917746], [-115.11694605648222, 36.25065918349275], [-115.11694568503488, 36.25062450991214], [-115.1169305202327, 36.24920928143972], [-115.11692274123092, 36.248483369477746], [-115.11690811731738, 36.24711855377501], [-115.11690664201431, 36.246981288836885], [-115.1169048330942, 36.246871330408744], [-115.1168462072548, 36.243316906650286], [-115.1168460387184, 36.243306698115575], [-115.11682456600374, 36.24200475835785], [-115.11682093519693, 36.2417846411821], [-115.11679106740351, 36.23997365227233], [-115.11679025116453, 36.239924158971306], [-115.11678897535181, 36.23984678281884], [-115.11460312574359, 36.239860333668226], [-115.11359369924766, 36.23991955780268], [-115.11314414628266, 36.239957624764216], [-115.11239684453658, 36.2400138823289], [-115.11229449596358, 36.240021586404886], [-115.1122930129365, 36.24002158056587], [-115.11218446532199, 36.24002664823519], [-115.11215947032773, 36.240024590419225], [-115.11188061767608, 36.24003778615389], [-115.11158535534834, 36.240051758327695], [-115.11131802345454, 36.24006306583657], [-115.1070967539218, 36.24012325554596], [-115.10677658008655, 36.24012583357633], [-115.10439378204178, 36.24016191310391], [-115.10351089085741, 36.24017240018908], [-115.10213745866903, 36.24018619384047], [-115.10205814307274, 36.24018710323894], [-115.10191821451606, 36.24018688904864], [-115.1017649435725, 36.24018619107943], [-115.10165366190033, 36.2401881107499], [-115.10164241910505, 36.24018814479642], [-115.10102866403408, 36.24020118127543], [-115.10095003918144, 36.2402030192377], [-115.0997612318794, 36.24022652553589], [-115.09897433376221, 36.240228001920386], [-115.0972728932601, 36.240243619852514], [-115.0948502358991, 36.24027520594411], [-115.09231257792719, 36.24030778697892], [-115.08919491799666, 36.24035218180501], [-115.08607822658689, 36.24039898511748], [-115.08430272609634, 36.24040258067176], [-115.08119278595979, 36.24044313633316], [-115.0806658652657, 36.240446417760076], [-115.08032078961462, 36.24045046157213], [-115.08017751774916, 36.24044985909936], [-115.08000497545865, 36.240454397673815], [-115.08000960466879, 36.2399943737061], [-115.08003622429977, 36.238738844100936], [-115.08004357088222, 36.238392357248124], [-115.08006877122816, 36.23720373578781], [-115.0800868266173, 36.23635177619634], [-115.08009201478345, 36.236106943363794], [-115.08016445596193, 36.2326884333941], [-115.08015882704969, 36.23131483519781], [-115.08015847102725, 36.23122785220626], [-115.08015067576487, 36.23012066257111], [-115.080144902246, 36.22930076838893], [-115.08014239326808, 36.22894437052985], [-115.08013920342212, 36.228433275161514], [-115.08012811338281, 36.226728240937994], [-115.0801283534779, 36.22571767618606], [-115.0801282492211, 36.22570807802315], [-115.0801255719762, 36.22545903785021], [-115.08012275843691, 36.22519741433083], [-115.08011741763336, 36.22378452074513], [-115.0801119881906, 36.22275636571221], [-115.08010655749523, 36.22172875036531], [-115.08010428190116, 36.221458863307035], [-115.08009793488307, 36.21963621285191], [-115.08008872668314, 36.21784329567759], [-115.08008846533917, 36.217785981244454], [-115.08008808020756, 36.21770735731282], [-115.0800885630665, 36.21762606112825], [-115.08008879725024, 36.217599048029015], [-115.08008905194882, 36.217569873745], [-115.0801134829879, 36.215857721499255], [-115.08011356793132, 36.215851751771865], [-115.08013662302119, 36.21400755104725], [-115.08017587644191, 36.211235008671416], [-115.08018925828326, 36.21031021927382], [-115.08018167155028, 36.206694069184316], [-115.08017890519235, 36.20521577510977], [-115.08017711295855, 36.204257834906315], [-115.08017492267965, 36.2030877155878], [-115.07812931356007, 36.203125546861344], [-115.07792407617991, 36.203131703152906], [-115.07611929897396, 36.20318723379776], [-115.07571921058825, 36.20319896129881], [-115.07567749828422, 36.205022724108666], [-115.07569971453125, 36.20683760499965], [-115.07568330798941, 36.21048013600793], [-115.07566625729453, 36.210481036162506], [-115.07114891342587, 36.21064495202989], [-115.07115301697459, 36.209068905110655], [-115.07115739768234, 36.20738623372615], [-115.07115842151154, 36.20699305662489], [-115.07117415765315, 36.20335734834856], [-115.06891898645134, 36.2034122671125], [-115.06667541005368, 36.20347783215581], [-115.06231148426285, 36.203608885830604], [-115.06217437545651, 36.20360871969048], [-115.06217394868321, 36.20349612067698], [-115.06217296354419, 36.20323575044179], [-115.06216981341252, 36.20240365509348], [-115.05768330620216, 36.20236618409306], [-115.05767175490963, 36.201812589401236], [-115.05767114830326, 36.201090836445495], [-115.05767045407809, 36.20026458565107], [-115.05770187358854, 36.200032592080326], [-115.05770397225503, 36.199972164911394], [-115.05767189608733, 36.196343128746406], [-115.05763448493032, 36.19623277360083], [-115.05980912252613, 36.196235010801985], [-115.05992123546126, 36.19623512437781], [-115.05992455677143, 36.19662471664398], [-115.05992589490718, 36.19708355298314], [-115.05991485525014, 36.19741616368352], [-115.05991455493522, 36.19747130285039], [-115.05991458196043, 36.19747676474215], [-115.05991504575036, 36.19757280385632], [-115.05991551065786, 36.197668842072595], [-115.05991597444711, 36.1977648811837], [-115.05991643824203, 36.19786091939203], [-115.05991689852449, 36.197956315870194], [-115.0599169020426, 36.19795695669757], [-115.05991736694881, 36.198052994907705], [-115.05991756611937, 36.198094069934264], [-115.05991784963983, 36.19814903409536], [-115.05991824560823, 36.198225526785286], [-115.05991824780027, 36.19822586567716], [-115.05991874495214, 36.19832190402401], [-115.05991924210375, 36.198417942369346], [-115.05991973925514, 36.198513980713145], [-115.05991990101268, 36.19854514056298], [-115.06002132331237, 36.19854558404281], [-115.0608931872874, 36.19854843114755], [-115.06092654166649, 36.1985485397788], [-115.06198307583513, 36.198551981127046], [-115.06215523898918, 36.19855297786164], [-115.06215351665155, 36.19809814884244], [-115.06214646713644, 36.19623570262733], [-115.06214646552695, 36.196235442149515], [-115.0621514458868, 36.19541050858505], [-115.06216836428614, 36.19260776486452], [-115.06216860953309, 36.19257075562256], [-115.06202982980254, 36.19260499041852], [-115.05993475593573, 36.19260233793238], [-115.05983167952292, 36.19260298673976], [-115.05973191115815, 36.19260361387748], [-115.05759608388853, 36.1925985214179], [-115.05756746179703, 36.1925984533838], [-115.05734859668584, 36.192600736460996], [-115.05724450526078, 36.192601361455615], [-115.05575820299798, 36.19259907654554], [-115.05535627402615, 36.19259845530152], [-115.05526799875712, 36.192599173575175], [-115.05470668989167, 36.19259806953869], [-115.05278748769447, 36.19258683126875], [-115.05271997273556, 36.188944384268886], [-115.05049871871742, 36.1889408552872], [-115.04827859374299, 36.18890348118368], [-115.04622051142265, 36.188897904509666], [-115.0437875976517, 36.18889302979705], [-115.04287195543043, 36.188898244588266], [-115.04213566776734, 36.18888548065348], [-115.04114760001029, 36.18888470644349], [-115.0411316208607, 36.18888466020374], [-115.03927838767385, 36.1888793042259], [-115.03835031866423, 36.18887517447271], [-115.034867608323, 36.188863566057535], [-115.03470970432059, 36.18886429893219], [-115.0347082055993, 36.188864292063286], [-115.03373713550666, 36.188846628319766], [-115.03186670800342, 36.18880932374936], [-115.03114907653863, 36.18879200417802], [-115.03014514878676, 36.18876897374432], [-115.0295638310998, 36.18875627713854], [-115.029523137507, 36.18875802483153], [-115.02811927690107, 36.18873248653911], [-115.02785593744039, 36.188723861683876], [-115.02754682558755, 36.18871540227499], [-115.02669530193168, 36.18870112051532], [-115.02558457231564, 36.18868542695126], [-115.02549860754735, 36.188679990910025], [-115.02336248897706, 36.18864868211155], [-115.02260239945886, 36.188636103086864], [-115.02113573574995, 36.18861181821583], [-115.01890986113821, 36.18857509009139], [-115.01668424374681, 36.188538324503384], [-115.01236436290799, 36.18828255548806], [-115.0123748829271, 36.188420896566576], [-115.01238268786726, 36.18852354744611], [-115.01239732053769, 36.188715976034835], [-115.01243651151088, 36.189231353691284], [-115.01246779008976, 36.1896426811376], [-115.01249593766137, 36.19001283929256], [-115.01249998341227, 36.19006604321947], [-115.01252408659272, 36.1903829965245], [-115.01255223464699, 36.190753154625284], [-115.01258038406095, 36.19112331180307], [-115.01260689127398, 36.19147189075264], [-115.01260251147765, 36.19154131360875], [-115.01258486239031, 36.191649355294], [-115.01254565773017, 36.19176972195856], [-115.01245869932642, 36.1919547666498], [-115.01238656141437, 36.19205580863198], [-115.01231033963687, 36.19214731445613], [-115.01208345038759, 36.192176854705835], [-115.01183152471248, 36.19218586006706], [-115.01144130359276, 36.19216358049927], [-115.01048426823787, 36.1921590041984], [-115.01005582273737, 36.19219778464745], [-115.00970196503312, 36.19236962027118], [-115.00937351397418, 36.19251095293395], [-115.00918298552448, 36.192734608713245], [-115.00908093884716, 36.19291275400841], [-115.00893951211344, 36.19331017488549], [-115.00888630789501, 36.193697811984066], [-115.00882073368504, 36.19405476593638], [-115.00880485941585, 36.19450382775546], [-115.00872598340892, 36.19495769106291], [-115.00861342236291, 36.19571251943782], [-115.00854181883278, 36.19603244207962], [-115.0084433099138, 36.1963867418629], [-115.0084206630966, 36.19647689092762], [-115.00841091292267, 36.19650328045605], [-115.008603778671, 36.198671240759175], [-115.00861906264278, 36.19884303416732], [-115.00781370753545, 36.19887983466758], [-115.00570059541973, 36.199009195985575], [-115.00232293585553, 36.19921938869009], [-115.00166793331746, 36.199269861402726], [-115.0009905564441, 36.199361953624305], [-114.99974594932036, 36.199570508807035], [-114.99899475043347, 36.19969799882239], [-114.99711625446274, 36.20008227917752], [-114.99598908502108, 36.20032117832191], [-114.99400624663546, 36.20088374565074], [-114.99227372920005, 36.201411745534514], [-114.99028397161966, 36.202071278107304], [-114.98928005236226, 36.20238477438245], [-114.98840998967788, 36.20265646117967], [-114.98774669373263, 36.20282604823248], [-114.98745942462499, 36.20287827236637], [-114.98720915946483, 36.202900873039134], [-114.98697383093524, 36.20289373872812], [-114.98675334881021, 36.20286879388895], [-114.98650358021196, 36.20282581763428], [-114.98627606060124, 36.202759104923715], [-114.98593135257714, 36.202626229872884], [-114.98559436417143, 36.2024456994293], [-114.9850015260264, 36.20205523336878], [-114.9840723037231, 36.201406732624406], [-114.98378681155566, 36.20122645492194], [-114.98348629203137, 36.20108783222905], [-114.98317069813586, 36.20099682615608], [-114.98285492285709, 36.200929665273804], [-114.98256834200456, 36.200892457190186], [-114.98225946761126, 36.20088494535288], [-114.9819356550381, 36.20090716474435], [-114.98149406665956, 36.20094071500389], [-114.98079472444444, 36.201014696400456], [-114.98020539082762, 36.201130960007674], [-114.97891606622424, 36.20140465070768], [-114.9773983524555, 36.20172486435727], [-114.97494483667577, 36.202254923192015], [-114.97448057162913, 36.202365832238385], [-114.97417081489868, 36.20247156492622], [-114.97206064323838, 36.20330139009166], [-114.97010549629749, 36.204054471295066], [-114.96857814989234, 36.20465471771472], [-114.96688839466452, 36.20532564693869], [-114.96626157570047, 36.205525110341455], [-114.96576040752369, 36.2056477189742], [-114.96503107188173, 36.205787030980595], [-114.9623352706301, 36.20623211529163], [-114.96025086414703, 36.2065670536062], [-114.95939665235143, 36.20668183408794], [-114.95880790800581, 36.206714533140214], [-114.95762858076517, 36.20670490239954], [-114.95536481086292, 36.20665436641531], [-114.95464499025067, 36.20663828846727], [-114.95021197240624, 36.20653413966594], [-114.94957226485404, 36.2065009459064], [-114.94894015461212, 36.20643798109858], [-114.94849934133079, 36.206370065892536], [-114.94802934736826, 36.206272187166434], [-114.94743474215254, 36.20611998979854], [-114.94686239846274, 36.20594406191346], [-114.94620171188069, 36.205686583138565], [-114.94490446021285, 36.20510139695322], [-114.94168339434162, 36.20357956116772], [-114.94129339903809, 36.203407826082596], [-114.93803935166302, 36.20184526533442], [-114.93726253403386, 36.2014953035497], [-114.93660331009754, 36.20115789429673], [-114.93573236251456, 36.20062856648614], [-114.93381881635364, 36.19942886250997], [-114.93102728799622, 36.19767588081292], [-114.93050769135552, 36.197360064373235], [-114.92990026137481, 36.19699309373941], [-114.92931105102691, 36.19664708503572], [-114.9287728077954, 36.196363948524535], [-114.92808451714562, 36.19604067999712], [-114.92771029777391, 36.195887167663166], [-114.92637172685231, 36.19544165273818], [-114.92603073193278, 36.19532054897004], [-114.92572648741428, 36.19520262666923], [-114.92541871534634, 36.19506680017848], [-114.924942711581, 36.19481975753728], [-114.92450345869509, 36.19457589672161], [-114.9237718266086, 36.19411580707427], [-114.92328908039326, 36.193797181891604], [-114.9228322538503, 36.19345783234152], [-114.92186085408142, 36.1926506356506], [-114.92096316906888, 36.19182595406491], [-114.92075185325136, 36.19159228307497], [-114.92049396564728, 36.19121229471481], [-114.9202116990355, 36.190671208099566], [-114.92004521673569, 36.19035432146193], [-114.9198580319634, 36.18987635718417], [-114.91966089852927, 36.18927016412128], [-114.9194745235909, 36.188696817913296], [-114.91740865370579, 36.18244574785728], [-114.91709849700548, 36.18155693748982], [-114.91698294452546, 36.1813082923744], [-114.91685578837541, 36.181040505186736], [-114.91652773400921, 36.180460165960184], [-114.91616570690596, 36.1798629439028], [-114.91417603074844, 36.17680868338118], [-114.91401317713417, 36.17650373208806], [-114.9138832596093, 36.176216849715956], [-114.91373919559177, 36.17586430923389], [-114.91360651723451, 36.17547010215137], [-114.91343464375593, 36.17492961615316], [-114.91158720279205, 36.16911266824407], [-114.91142904272213, 36.16869148795893], [-114.91130307729999, 36.168374815781775], [-114.91106126230825, 36.167848837764836], [-114.91085542116248, 36.16741546499541], [-114.9106163961567, 36.16699382934274], [-114.91035539522207, 36.1665631271784], [-114.909912741669, 36.165881015597385], [-114.90969851385744, 36.16556980715158], [-114.9094226916217, 36.165153923981045], [-114.90891815047875, 36.164402901724095], [-114.90871830169375, 36.164130523017725], [-114.90849282684421, 36.16384607560677], [-114.90825972037936, 36.163594374213524], [-114.90797564003184, 36.16328575021401], [-114.90757449883338, 36.16291088597824], [-114.90577426215152, 36.161514639782325], [-114.9040214616083, 36.16016632779594], [-114.90270486740138, 36.159152845553116], [-114.90230889459133, 36.1588480270331], [-114.90164154914888, 36.15831821709955], [-114.90103789464897, 36.15773531051697], [-114.90038194213321, 36.15708056345574], [-114.89978656926394, 36.15656208346771], [-114.89904925863001, 36.15613579085508], [-114.89829325605226, 36.15583100290633], [-114.89735101899564, 36.15563960702686], [-114.89641661098736, 36.15556271041058], [-114.89340024971413, 36.155495292211775], [-114.89285390966394, 36.15542775746493], [-114.89225539784226, 36.15527407217815], [-114.89171037967604, 36.15505630810944], [-114.8911927709943, 36.15473139083574], [-114.88839845573817, 36.15249748904814], [-114.88786456279816, 36.152022230220645], [-114.88744629118725, 36.1514403317594], [-114.88726611634893, 36.15086697037577], [-114.88721844073083, 36.15027291676152], [-114.88738302325592, 36.14961571109132], [-114.88775300255404, 36.14898598598088], [-114.88811519680189, 36.148611259914716], [-114.89050571615513, 36.14659339542599], [-114.89079998350705, 36.146230246911266], [-114.89098885002386, 36.14581641042002], [-114.89106286683479, 36.14542337107993], [-114.89104005367905, 36.14500831153419], [-114.89093173938087, 36.14463841750444], [-114.89065914942812, 36.144190559678485], [-114.89023012763177, 36.14383038030017], [-114.8896303055509, 36.14350213039673], [-114.88875180832713, 36.14314121873183], [-114.88774424524378, 36.144371284474644], [-114.88739057411341, 36.144884908969836], [-114.88704556475334, 36.14524954316908], [-114.88661626613177, 36.145586858449], [-114.88616189739095, 36.14584950554681], [-114.88575544173466, 36.146019064438875], [-114.88417742262193, 36.12996875508813], [-114.88396890145893, 36.12999829497124], [-114.88210705492598, 36.130262032519454], [-114.88094453830342, 36.130597274433576], [-114.88009174787867, 36.13166118365604], [-114.8791354338835, 36.13251069714926], [-114.87771126170266, 36.132630584344035], [-114.87592160859472, 36.132363489298854], [-114.87434431506662, 36.13192659912194], [-114.87266433919353, 36.131189779202316], [-114.87077589417744, 36.13019516002678], [-114.86846471695688, 36.129326258655965], [-114.8661563173832, 36.12815803141143], [-114.86458696329757, 36.12686592876365], [-114.86338695243069, 36.12553326821932], [-114.86229042102394, 36.12441500200754], [-114.86177351953121, 36.12365426977468], [-114.86109440226772, 36.122654777118235], [-114.85701371091578, 36.11940198139144], [-114.84976640279966, 36.114434481277506], [-114.84747903280771, 36.11367744101653], [-114.84501830612972, 36.11285676781039], [-114.83518596556736, 36.10955247321132], [-114.83112718243726, 36.10819846465591], [-114.78334153019242, 36.087224833209085], [-114.73990555864424, 36.06278391375344], [-114.7402112604721, 36.063523810658786], [-114.7407096384338, 36.06499067257632], [-114.74074605176492, 36.06509784517421], [-114.74102356886318, 36.065914624911045], [-114.7423426524589, 36.06915647589229], [-114.74355372247601, 36.07104270408776], [-114.74524819074796, 36.07251640207646], [-114.74773648565237, 36.07389979697321], [-114.74884602844632, 36.07495333962043], [-114.74996703816633, 36.07601773287976], [-114.7509092211954, 36.076834251132084], [-114.75310227587391, 36.078734711337795], [-114.754513757163, 36.08018474650239], [-114.75552711571677, 36.082024526012745], [-114.75577432265587, 36.08347035469069], [-114.75580281705058, 36.08409258859278], [-114.75593945401457, 36.08487280591974], [-114.75585865447782, 36.085718873698355], [-114.75568081155527, 36.08641257542772], [-114.75544652011668, 36.08729250083189], [-114.7549694807092, 36.08819421719854], [-114.75441958183139, 36.089183008617866], [-114.75408174356818, 36.08960262050128], [-114.75358040325605, 36.090315764226204], [-114.7528537086473, 36.09101138510999], [-114.75189074240019, 36.09189553792844], [-114.75149662163982, 36.09232884586955], [-114.74936690899975, 36.094670212231826], [-114.74915835756754, 36.094899479275334], [-114.74892489157722, 36.09518801728114], [-114.74509425706971, 36.097716862098764], [-114.74091586662333, 36.10069467890753], [-114.73750914885073, 36.103107095712254], [-114.73676596899038, 36.10355753308068], [-114.73577215083093, 36.10405821652561], [-114.73486876364751, 36.10443134330562], [-114.73409682686257, 36.104677519930746], [-114.73366345321502, 36.104752369978165], [-114.73160050315884, 36.105108647422696], [-114.7259842191787, 36.10594638890905], [-114.7182684260639, 36.107169664146774], [-114.7172094603274, 36.10729734609983], [-114.71571367729219, 36.10732618384042], [-114.71537611852935, 36.10734686014494], [-114.7143808851297, 36.10732774811984], [-114.71134560792828, 36.10726940767951], [-114.71026511103824, 36.10737831417818], [-114.7092809726712, 36.10740167268796], [-114.70853611290748, 36.10757005798171], [-114.70797526544308, 36.10778914068826], [-114.70734412169351, 36.107999254610355], [-114.70610225336688, 36.10824416166174], [-114.70557815605271, 36.10827826756777], [-114.7046791329156, 36.1082424833549], [-114.70374884611985, 36.10835342116266], [-114.70305737572332, 36.10849332159025], [-114.70266474656403, 36.108630307607484], [-114.70162892652661, 36.10899169242538], [-114.70079662292873, 36.10924227147909], [-114.69883800235957, 36.1098118349969], [-114.69777087984784, 36.11012907471595], [-114.69751363541768, 36.11018639114319], [-114.69699291987799, 36.11030241019117], [-114.69653865699857, 36.110495382070944], [-114.69583482922546, 36.110906904819274], [-114.69548642133311, 36.11122792657995], [-114.69456386213795, 36.11194845621653], [-114.69416418232257, 36.11229581368382], [-114.69404886379394, 36.11234007637506], [-114.69366633561954, 36.112486900800334], [-114.69261696443398, 36.11257619200523], [-114.69164291731934, 36.11253981764408], [-114.68956294249134, 36.111940444142334], [-114.68808604869345, 36.11146221634957], [-114.68705560698973, 36.11095832099035], [-114.6858236136789, 36.11026193802769], [-114.68509027928485, 36.10977585324161], [-114.68443813300517, 36.109477361262485], [-114.68371010135444, 36.10934217897105], [-114.68305539722127, 36.109220608178724], [-114.68268200414656, 36.10915127238947], [-114.68185892397366, 36.109196902342354], [-114.68129206089554, 36.10933147758722], [-114.68099216247695, 36.109411781184214], [-114.6805238717922, 36.10953717305112], [-114.67983329746788, 36.10986209519276], [-114.67978792606935, 36.10987859780192], [-114.6797869925151, 36.10987893775115], [-114.67976045379979, 36.109898095133175], [-114.6790024093823, 36.11044529906512], [-114.6783864867613, 36.11082016595875], [-114.67785276268701, 36.11125223822876], [-114.67782748738578, 36.11127804169237], [-114.67736846265329, 36.11174666863899], [-114.67664090456536, 36.11244181171588], [-114.67573043113065, 36.113398307910614], [-114.67522580600598, 36.11398972162146], [-114.67511755412391, 36.11411658958336], [-114.67445848839293, 36.114498023202415], [-114.67387815307136, 36.11490233029255], [-114.67315545025356, 36.115351916121064], [-114.67246697221337, 36.11559225537183], [-114.67181770231235, 36.11573328495551], [-114.67136691865957, 36.115852557681556], [-114.67069523459877, 36.115913045045986], [-114.67037124057956, 36.11594222082665], [-114.67023201009657, 36.11595475803564], [-114.66922431431084, 36.11597626593571], [-114.66804917707563, 36.115981541255], [-114.66591102746519, 36.11624287261448], [-114.6650462150494, 36.11635302229286], [-114.66424767655275, 36.116476655201545], [-114.66371063332038, 36.1167222937846], [-114.66338445377446, 36.11692414343355], [-114.66265537579501, 36.11741416712699], [-114.66209632877657, 36.11789975921933], [-114.66194354271775, 36.11803246965537], [-114.66194133118253, 36.11803540791046], [-114.66189962684305, 36.11809081177104], [-114.66186008657743, 36.11814334188911], [-114.66045948331765, 36.12000400201722], [-114.65853732330658, 36.12342887398133], [-114.65814236567815, 36.1241325605977], [-114.65552345625728, 36.126192769206476], [-114.6525500997967, 36.1280659746749], [-114.65171174213083, 36.128594108034335], [-114.6502736128372, 36.129277396386534], [-114.64906825689492, 36.129850066210466], [-114.64573955418375, 36.1319999298799], [-114.64412770397713, 36.1327452846585], [-114.64198740487353, 36.133734950677535], [-114.64013690480658, 36.135130825091125], [-114.63829195328549, 36.13544703077118], [-114.63687343934123, 36.13555771926342], [-114.63582094333779, 36.136174866645774], [-114.63447371010766, 36.13768966804442], [-114.63254015980665, 36.13986358178239], [-114.63142619906536, 36.14135340697771], [-114.63121837504646, 36.14154567818362], [-114.63048569636967, 36.14222351675593], [-114.62847416498482, 36.141826937339395], [-114.62762276764698, 36.141174291020015], [-114.62709023411011, 36.14076606371618], [-114.626085530053, 36.13964529677077], [-114.62425971716647, 36.137608463826695], [-114.62384841515603, 36.13714960904504], [-114.62227593166999, 36.13427331372465], [-114.62061650419642, 36.131764271417104], [-114.61844087046607, 36.13033327774787], [-114.61691254173728, 36.12980018958384], [-114.61546719062194, 36.12965784076731], [-114.6132519801409, 36.13027114300147], [-114.6128461827477, 36.13047269956853], [-114.609299500412, 36.132234203940904], [-114.60825312847386, 36.132962019685195], [-114.60420352821548, 36.13577854437389], [-114.60208924359307, 36.137429205077744], [-114.59930015176859, 36.13960653403719], [-114.59807904475657, 36.14055974247196], [-114.59648524866589, 36.141542298585726], [-114.59354446068484, 36.1425150145695], [-114.59304704353185, 36.142679533765936], [-114.59158002791675, 36.14291628694627], [-114.59027024473276, 36.1431276486911], [-114.58983925683695, 36.143197194188936], [-114.58765128956861, 36.14390199966568], [-114.58497848520557, 36.14506452863618], [-114.5837276481342, 36.14556566647532], [-114.58104727646123, 36.14594534712788], [-114.58094594316098, 36.14595969960348], [-114.58071877132136, 36.14599187627001], [-114.58053141768535, 36.14611033907915], [-114.57900380482822, 36.14707622011748], [-114.5788397338758, 36.14717995694104], [-114.57707122791491, 36.14885079984507], [-114.57431272794908, 36.150058762196196], [-114.57211126471577, 36.150775472497536], [-114.57110135462499, 36.151104241943614], [-114.56905860572721, 36.15118897187159], [-114.56696074020714, 36.15102077483263], [-114.56472122220372, 36.15082905712066], [-114.56006885883914, 36.1509502568025], [-114.55762346346242, 36.151929229971756], [-114.55617345269056, 36.1524752876781], [-114.5544729847698, 36.15226237371817], [-114.55226569276816, 36.15145032905824], [-114.54875340922678, 36.15070232833921], [-114.54809094180162, 36.15082819258655], [-114.54791994375162, 36.150860680657516], [-114.54673711888813, 36.15108539734935], [-114.54486179157982, 36.151606770952526], [-114.54324330316821, 36.151876411966796], [-114.53924470435699, 36.15176952645987], [-114.53757354074611, 36.15141864081964], [-114.5347741185802, 36.150344544784176], [-114.53448968665771, 36.15023540738068], [-114.53293595906717, 36.14928765369547], [-114.53265478110406, 36.14872020543712], [-114.53232013451297, 36.14804483867961], [-114.53110316676529, 36.14764965877691], [-114.5305197896722, 36.147677318881044], [-114.52886184200264, 36.147755911679724], [-114.52622130681677, 36.14818215220411], [-114.51687587189899, 36.15028193011554], [-114.51429127334754, 36.15080001849279], [-114.51241764832781, 36.15066604431832], [-114.51122957338194, 36.150581074983265], [-114.50850835681128, 36.14982742256623], [-114.50811557232815, 36.149718632692576], [-114.50686207816733, 36.14879523990235], [-114.50106109899185, 36.14452147127869], [-114.50025375752067, 36.14324142006547], [-114.50024765799034, 36.14323174943158], [-114.50016745756953, 36.1426952237201], [-114.500003807434, 36.14159978794468], [-114.50035035378612, 36.14070530741546], [-114.50109219689202, 36.14006514535951], [-114.50322483651495, 36.13924687183031], [-114.505161268919, 36.13808318053924], [-114.507186751342, 36.136345531923354], [-114.50841826007213, 36.13458169891986], [-114.50886829982005, 36.13383693488352], [-114.50922139613267, 36.133252589161344], [-114.50908457604078, 36.13206045765709], [-114.50903412381034, 36.131620845874], [-114.508478669877, 36.129918746727135], [-114.50721251609268, 36.128489401111416], [-114.50472623287017, 36.127192966068], [-114.50308527143166, 36.126837283875595], [-114.50181013457888, 36.126560876956574], [-114.49906159383983, 36.12661387499455], [-114.49886087138425, 36.1266177428982], [-114.4947204194438, 36.12745505161244], [-114.49184725111135, 36.12803598560447], [-114.48942157262957, 36.12839726126477], [-114.4876462415258, 36.12866164265289], [-114.486031817179, 36.129112680423624], [-114.48383900385525, 36.12972526414521], [-114.47825983065688, 36.132687826471226], [-114.4765868335206, 36.133772608996935], [-114.47433539547234, 36.1352323706864], [-114.46923173511297, 36.13854106043272], [-114.46868615261299, 36.138894730163095], [-114.46755416910734, 36.13911659620854], [-114.46585572280173, 36.139449464428665], [-114.46559054834623, 36.13950143157833], [-114.46261177564571, 36.13964914159919], [-114.46051887734049, 36.13940314704022], [-114.45986414672464, 36.13932618376091], [-114.4589566627194, 36.13921950292306], [-114.45870604898082, 36.13909896072261], [-114.45798335604277, 36.138751350763194], [-114.4564983533212, 36.138037053183226], [-114.45512137408161, 36.13637696786388], [-114.45380962153747, 36.133591587291], [-114.45368346426406, 36.13339954149232], [-114.4513427868622, 36.129836207501285], [-114.44880668234944, 36.127757374770795], [-114.44752020987266, 36.12641614044395], [-114.44730058270763, 36.126187157806875], [-114.44714694998649, 36.12602702367309], [-114.44621397731962, 36.12567821276919], [-114.4450539628018, 36.125351354647556], [-114.4447071918291, 36.12541685828602], [-114.44374778134369, 36.125598079834596], [-114.43953307110198, 36.127967797486775], [-114.43824730896267, 36.12863877326032], [-114.43646772900112, 36.129567406056275], [-114.43551867943754, 36.13006262551912], [-114.43090469980945, 36.13265988394398], [-114.42963233782967, 36.133420396374234], [-114.42594720580786, 36.13562290149563], [-114.4241088884358, 36.13675182672519], [-114.42312604660384, 36.13735537229973], [-114.42153070220002, 36.13902824063108], [-114.42009467709674, 36.14053396708112], [-114.41950159067373, 36.14123768690542], [-114.41820496888981, 36.14277612376809], [-114.4152649396029, 36.14512805593032], [-114.41250266298478, 36.14651600460353], [-114.41182261309797, 36.146615289287745], [-114.40915206058315, 36.14700513887561], [-114.40563537960693, 36.14698803143611], [-114.40481820507131, 36.14687172900373], [-114.40229269054295, 36.146512253082705], [-114.39838467463343, 36.14580385592457], [-114.39811500202079, 36.14572136582346], [-114.39433936100176, 36.14456635046805], [-114.38831220002956, 36.14295120006614], [-114.38703985203746, 36.14265344146395], [-114.38149102014296, 36.14135470457685], [-114.37998766820597, 36.141393006924325], [-114.3783130240161, 36.14201953032618], [-114.37810993470242, 36.142095507905076], [-114.37665619795959, 36.14296098062774], [-114.37656061104768, 36.14300545436997], [-114.37528946957008, 36.1435971496761], [-114.37375689372809, 36.143727094306406], [-114.3729262680428, 36.14351388180968], [-114.37174782361936, 36.14321137662449], [-114.37133897375291, 36.14305825165972], [-114.37019305169312, 36.14262905670447], [-114.36986860554079, 36.142284437232405], [-114.36899643922686, 36.14135802073459], [-114.36856317050149, 36.140897792485525], [-114.36739265467415, 36.1385257261121], [-114.36554027625877, 36.13631087375485], [-114.3645104906514, 36.134077324639534], [-114.36063804777903, 36.129416921280644], [-114.36004995795618, 36.12884375047467], [-114.35897930826883, 36.127800232868225], [-114.35728803658536, 36.126665754815576], [-114.35728733587621, 36.12666530873816], [-114.3528761569026, 36.12391003364905], [-114.35246620502893, 36.123653955159426], [-114.3514192018794, 36.122975846213535], [-114.34860411338435, 36.12115250541145], [-114.3451116675813, 36.118561020426185], [-114.34261248362023, 36.1158829244548], [-114.34253614461511, 36.115770983608684], [-114.34096161752137, 36.113462059278135], [-114.33885029861844, 36.1113381550879], [-114.33882645080384, 36.11131416682623], [-114.33727528461614, 36.110432854305365], [-114.33629602382497, 36.10900331757709], [-114.33548504050766, 36.107781431649826], [-114.33464363256392, 36.10678908216246], [-114.33359880184474, 36.10634692649335], [-114.33147940064512, 36.106108583874594], [-114.33102193292692, 36.10605713359935], [-114.32881230540349, 36.105907137154965], [-114.32701413916278, 36.10491322771382], [-114.32700726180968, 36.10490942625482], [-114.3258256534233, 36.1039381081986], [-114.3255508651122, 36.1029947825589], [-114.32462458916899, 36.10200189699598], [-114.32379937968894, 36.101422744535796], [-114.32346991473675, 36.1011915149514], [-114.32265984052, 36.099900642054344], [-114.32210569742598, 36.09851930038656], [-114.32087752937227, 36.09646804984726], [-114.31907860410332, 36.09485004342378], [-114.31699463166521, 36.093414171575425], [-114.31598309599603, 36.09233854257471], [-114.31539707615349, 36.09171537206344], [-114.3151704420679, 36.09147436880143], [-114.31309800249342, 36.08882105221404], [-114.31098295505817, 36.086643541499456], [-114.31042819707899, 36.08607237589391], [-114.30695110564544, 36.0824921928143], [-114.30625697430371, 36.08097216068738], [-114.30540474502654, 36.07818782886014], [-114.30479526570247, 36.076714225865345], [-114.30418252951539, 36.07558514997577], [-114.30424789368134, 36.075106343912], [-114.30439560076064, 36.07402434558566], [-114.30549637364626, 36.07212006112753], [-114.30586462825302, 36.07148297290615], [-114.30749662079158, 36.069677569898936], [-114.31029308013034, 36.06755714815568], [-114.31243140785833, 36.06612206832885], [-114.31361134687535, 36.06415322837564], [-114.31381631066888, 36.06355305910015], [-114.31433949805755, 36.0620210359607], [-114.31443837535866, 36.060528477003075], [-114.31360217474442, 36.059053634233685], [-114.31191541467618, 36.0576658609354], [-114.30863568352494, 36.05698113089479], [-114.30466726032334, 36.05723419708625], [-114.3028720392754, 36.05734703263474], [-114.30098233181431, 36.05746577809974], [-114.29860463126862, 36.05726833819968], [-114.29784118884372, 36.05695319961815], [-114.29782274708474, 36.0569455872901], [-114.29711319706594, 36.05665268802094], [-114.2959521698053, 36.05617340490231], [-114.29567294151978, 36.055987456417604], [-114.29344690119432, 36.05450499505212], [-114.29193865538835, 36.05226805412483], [-114.29087904106225, 36.05051610221855], [-114.28800366587085, 36.049075134918525], [-114.28401775749154, 36.048247782826266], [-114.28014415215111, 36.046351507159635], [-114.2796481855091, 36.046108696824845], [-114.27822798851686, 36.0458340022263], [-114.27817805901338, 36.04582434434392], [-114.27616445138808, 36.046088035681095], [-114.27392246012147, 36.046534110443076], [-114.27231029912589, 36.046294778450545], [-114.27087327270853, 36.04552813570671], [-114.26955933193503, 36.043774487574204], [-114.26916668614416, 36.04207026829684], [-114.26890747437095, 36.04094516482345], [-114.26910169258916, 36.03848845599599], [-114.26923148289397, 36.036812363966874], [-114.26859759663618, 36.03503979885874], [-114.26745808819227, 36.032850727554376], [-114.26598227100382, 36.03031504835191], [-114.26439187211317, 36.02791647947475], [-114.2641948683826, 36.02773815384834], [-114.26239923517679, 36.026112708844934], [-114.2619363660986, 36.025806062694095], [-114.26044114096261, 36.02481546216206], [-114.25952982129792, 36.02421168348085], [-114.2516447424478, 36.01989092173753], [-114.24905156785736, 36.01881868998109], [-114.24843030234412, 36.018561795289145], [-114.24813418378201, 36.01838311704304], [-114.24612260500466, 36.017169282899474], [-114.24480545177941, 36.015828817429146], [-114.24387679444483, 36.015271750021945], [-114.2426673942761, 36.01521596305017], [-114.24215049970594, 36.01519211580753], [-114.24045110990086, 36.0152504394056], [-114.23918083540359, 36.014874977007445], [-114.23816564815205, 36.014478126677275], [-114.23690410118216, 36.013252776370294], [-114.23537768922567, 36.01301349327286], [-114.23345426167765, 36.01284061252544], [-114.23186552199998, 36.01315218605401], [-114.22950434369292, 36.01423986745962], [-114.2280269152023, 36.01473586266974], [-114.2264710231563, 36.01461113251672], [-114.22480996093223, 36.013704707132256], [-114.22424160780078, 36.0139078285761], [-114.2214642556944, 36.01416574697303], [-114.21877087955154, 36.01451602710808], [-114.21662091878362, 36.01434140769651], [-114.21469067433033, 36.01481136452162], [-114.21356020886161, 36.014620300283944], [-114.21194402982123, 36.01483955227697], [-114.2113179372488, 36.015115191915314], [-114.21060711801704, 36.01542812685381], [-114.20945308562216, 36.01573573162764], [-114.20703790484706, 36.01637944883654], [-114.20606409951378, 36.0166389800778], [-114.20416769157963, 36.016580657477945], [-114.20123877647023, 36.01775593678221], [-114.20007799701898, 36.01774831733931], [-114.19758040945145, 36.01830613013041], [-114.19380573597316, 36.0191310949744], [-114.19125185393976, 36.01964245763167], [-114.18904292893646, 36.02072178713856], [-114.18587178371824, 36.02227115510361], [-114.18220776303173, 36.02330321637824], [-114.17944995406012, 36.024318312240496], [-114.17728050563018, 36.02557539970822], [-114.17631514383015, 36.026134752911965], [-114.17469506014191, 36.02667506405476], [-114.17327832961114, 36.026757322620035], [-114.1728533287443, 36.02673241090749], [-114.17194827240941, 36.02667935557337], [-114.17125601014601, 36.026719654121855], [-114.17038179508592, 36.02677053901834], [-114.16664950566943, 36.02698770953461], [-114.16654623112599, 36.02698169556227], [-114.16544914540619, 36.02691780521182], [-114.16441399347292, 36.02685751273381], [-114.16124886865595, 36.02628442948009], [-114.15913037762711, 36.02556977635746], [-114.15735597564867, 36.02497116070949], [-114.15470767398753, 36.02378129097728], [-114.15341203672682, 36.02317504673446], [-114.15334968463449, 36.02317389937603], [-114.151402027178, 36.02313806071325], [-114.1502367862283, 36.02352041402669], [-114.14783958330008, 36.02515749505871], [-114.14608924851552, 36.0270498950963], [-114.1459186710154, 36.02723431146135], [-114.14564863709735, 36.02856468840701], [-114.14576816176044, 36.03049503887514], [-114.1456832091932, 36.032975229260536], [-114.14467718407423, 36.03427745668997], [-114.14316446016397, 36.03530046149574], [-114.14049182678266, 36.03622336372452], [-114.13827159261965, 36.03719535565027], [-114.1371237571426, 36.03849651489198], [-114.13605003927734, 36.0406163871898], [-114.13573262235879, 36.04124304962995], [-114.13564408665488, 36.04150817723424], [-114.1356112121835, 36.04160661975243], [-114.13485256111989, 36.04387836210094], [-114.13483546182884, 36.04534833491587], [-114.1348822383411, 36.04557467573044], [-114.13521104382674, 36.0471656517826], [-114.13593884576662, 36.050363687757816], [-114.13621720440128, 36.05323694772708], [-114.13557095961654, 36.05562277376492], [-114.13521204743131, 36.05694776662971], [-114.13521159872678, 36.0569493581813], [-114.13443955216154, 36.058961587639075], [-114.13354572095163, 36.06129060661943], [-114.13340015421257, 36.06166988826809], [-114.1297795641525, 36.068489078868126], [-114.12840242538911, 36.070070357082535], [-114.1264428705116, 36.0723202447953], [-114.12590273800883, 36.07294037567164], [-114.1240302753093, 36.07556843216077], [-114.12125005713034, 36.0826264096395], [-114.12119722228681, 36.08276052539064], [-114.12056209395813, 36.084027028388235], [-114.1202520462299, 36.08464527523547], [-114.11965922547547, 36.085827350240386], [-114.11833600539832, 36.08749454495706], [-114.11704064022423, 36.08895050904218], [-114.11676188147383, 36.0892638199901], [-114.11653679556147, 36.08951680183366], [-114.11514805476843, 36.09107761235228], [-114.11406478788089, 36.09229184596131], [-114.1128982974021, 36.09359931160632], [-114.11193110728586, 36.094683348025214], [-114.11180739375493, 36.09555529351859], [-114.11188125245353, 36.09649760652716], [-114.11211243478505, 36.096786255238854], [-114.11218425592502, 36.09687592788197], [-114.11341723917126, 36.098415349591505], [-114.11408329459012, 36.09922498013438], [-114.11497804987786, 36.10031257915574], [-114.11600515816349, 36.10483408897084], [-114.11514992469509, 36.11059075932659], [-114.11358894744258, 36.114062257656514], [-114.11128365589776, 36.11606777941042], [-114.10969894659017, 36.117446332016534], [-114.10946975248666, 36.11751035233151], [-114.10324524212237, 36.119248833681944], [-114.10310509513073, 36.119287971771726], [-114.10285225288014, 36.11931090440773], [-114.100495688116, 36.119524614854704], [-114.09980761229671, 36.119587005232944], [-114.09935878507284, 36.11962769987911], [-114.09838308565142, 36.11995506324779], [-114.0982202030167, 36.12000971195071], [-114.09730397916223, 36.12076088981101], [-114.09640454016441, 36.12245393102335], [-114.09363351432576, 36.129280638569085], [-114.09254679412433, 36.13195752760183], [-114.09059625264865, 36.13612337743299], [-114.09001911169482, 36.13749657763296], [-114.08997606258404, 36.13759900394117], [-114.08905750225158, 36.139784434065106], [-114.08890245630302, 36.14015330423468], [-114.08873256071861, 36.14036152230384], [-114.08700239109287, 36.142481880383215], [-114.08582359039394, 36.14367427590149], [-114.08490622134381, 36.14460223547079], [-114.08266766076588, 36.146767398528944], [-114.08095312555193, 36.15009933791712], [-114.08086629668716, 36.15026806807906], [-114.07728209064246, 36.15763159601547], [-114.07714789467997, 36.15790726349062], [-114.07711237495609, 36.157980229659806], [-114.07679204346324, 36.158462681108404], [-114.07468440636214, 36.16163682190078], [-114.07366196836928, 36.16419090866205], [-114.07324982740445, 36.16522039737881], [-114.0721083658687, 36.16807150832063], [-114.06969145313546, 36.17221562135812], [-114.06860081383573, 36.17408549949081], [-114.0676674261384, 36.17560119329598], [-114.06735506783495, 36.17610840517376], [-114.06503886040404, 36.17986926132161], [-114.06209809262967, 36.18396268909536], [-114.06131369494993, 36.185054451396326], [-114.05995465392668, 36.18648354237568], [-114.05866830778926, 36.18783612752741], [-114.05635539360962, 36.18898952252252], [-114.05373441107781, 36.1898188935061], [-114.05174107597935, 36.190377520942896], [-114.04891312554874, 36.19184829871875], [-114.04546619180678, 36.19290065626032], [-114.0439565215872, 36.19334810928309], [-114.04399324200693, 36.19767285173705], [-114.04402439154329, 36.2013419493911], [-114.04399255370392, 36.207626142405374], [-114.04398965582888, 36.2081979863147], [-114.04398726855177, 36.20866881926832], [-114.04409341734788, 36.21588198575064], [-114.04401307159345, 36.23099503593612], [-114.04386016590823, 36.245119795195265], [-114.04475422508642, 36.25952845859848], [-114.04552899028715, 36.274395522411204], [-114.04557064095066, 36.288843296881986], [-114.04504693586702, 36.30305691222026], [-114.04435769937642, 36.31024068996934], [-114.04412058957894, 36.31540676875656], [-114.0440634405285, 36.31763430335242], [-114.04478829850379, 36.33197255269297], [-114.04471715696607, 36.34630448172394], [-114.04401453195793, 36.3610907089692], [-114.0434297775436, 36.375533300160455], [-114.04314612725881, 36.380505740691014], [-114.04302508448163, 36.382627390731706], [-114.04307215816006, 36.38997769574803], [-114.04291376915437, 36.40440063330076], [-114.04278406968157, 36.41880084795612], [-114.04281857951291, 36.433684612762555], [-114.04285825336382, 36.44817794187532], [-114.04301423595686, 36.46246548438556], [-114.04314775818479, 36.46972450357023], [-114.0436819461319, 36.476825936249426], [-114.04483190734915, 36.49135098488212], [-114.0448954984969, 36.49511006978783], [-114.04495908920198, 36.498869152516995], [-114.0450226794655, 36.50262823306946], [-114.04508626928855, 36.50638731144513], [-114.04523004043732, 36.51006613157426], [-114.04537381891083, 36.51374494875886], [-114.04549507452674, 36.51684731028818], [-114.04551760581052, 36.51742376391411], [-114.0456613988894, 36.52110257791198], [-114.04566972531968, 36.52472293462029], [-114.04567804529721, 36.52834328920883], [-114.04568636103629, 36.53196364260725], [-114.04569467143821, 36.535583993900126], [-114.04577430676073, 36.539245072952205], [-114.04585394219494, 36.54290615174413], [-114.04593358004655, 36.54656722670088], [-114.04601321912921, 36.55022830141166], [-114.04609283867482, 36.55382626299991], [-114.04617245955427, 36.5574242235122], [-114.04625208178683, 36.56102218204746], [-114.04633170537394, 36.56462013860562], [-114.04642555024837, 36.56818377987725], [-114.0465193978322, 36.57174741921973], [-114.04661324812714, 36.57531105663292], [-114.04670710113493, 36.57887469211673], [-114.0470828450301, 36.59374884601706], [-114.04751553977538, 36.60814148933574], [-114.04780568392313, 36.62273952247578], [-114.04812423602839, 36.63722297997076], [-114.04850003898473, 36.651798673623944], [-114.04869142965684, 36.659556445899426], [-114.04884717848306, 36.665869219676665], [-114.04894050483222, 36.66947700876156], [-114.04903383386173, 36.67308479496383], [-114.04912716441912, 36.67669258007068], [-114.04922049876086, 36.68030036320998], [-114.04930026868124, 36.68395411357526], [-114.04938003880558, 36.68760786278299], [-114.0494598114083, 36.69126160906013], [-114.04953958421781, 36.694915354179535], [-114.04964137609741, 36.698568168033546], [-114.04974317251113, 36.70222098077432], [-114.04984497012252, 36.70587379145767], [-114.04994677229003, 36.70952660012667], [-114.04996916697462, 36.71320197688335], [-114.04999155751125, 36.71687735149248], [-114.05001394388202, 36.72055272485487], [-114.0500363261227, 36.72422809516861], [-114.05002373618574, 36.72784054253442], [-114.05001113899972, 36.73145298775266], [-114.04999853456383, 36.73506543082319], [-114.04998592287711, 36.738677871746], [-114.05006137628301, 36.74171817059285], [-114.05007419399617, 36.742234634751796], [-114.05016246624726, 36.74579139671335], [-114.05025074078719, 36.749348155843215], [-114.05033901870125, 36.7529049139575], [-114.05028245298786, 36.75653105044065], [-114.05022587585172, 36.76015718373693], [-114.05016928837472, 36.76378331566239], [-114.05011268833341, 36.76740944528724], [-114.050057388231, 36.771035585024975], [-114.05003246957683, 36.77266927912756], [-114.05000207678543, 36.77466172338126], [-114.0499467540307, 36.77828785855422], [-114.04989142104886, 36.78191399235996], [-114.0499107098424, 36.785543697644286], [-114.04992999431079, 36.78917340172806], [-114.04994927561, 36.79280310282391], [-114.04996855146382, 36.7964328027046], [-114.05000573516844, 36.799684594614206], [-114.05001025090156, 36.80007943681836], [-114.0500139662956, 36.800404438883014], [-114.0500154470746, 36.80053394492501], [-114.05001838878954, 36.80079114190791], [-114.05005194699079, 36.803726068833754], [-114.05005670261839, 36.80414494379818], [-114.05009840784815, 36.80781886105233], [-114.0500989004637, 36.80786158902845], [-114.05009984387046, 36.80794397255664], [-114.05010206270661, 36.808136200711], [-114.05010513947383, 36.808402848171546], [-114.05010821962121, 36.8086696065012], [-114.05011544789407, 36.8092957214231], [-114.05012070202993, 36.80975093970424], [-114.05012175000542, 36.80984173281134], [-114.05013440767392, 36.81093831665414], [-114.05013927445896, 36.81147346274009], [-114.05015628917242, 36.81389736878537], [-114.05015480360436, 36.81456728277504], [-114.0501506774833, 36.81642661551062], [-114.05015004222834, 36.81671318332833], [-114.05014906035431, 36.81715527081139], [-114.05014815501988, 36.817562954924355], [-114.05014812702514, 36.81757581878977], [-114.05014743408856, 36.817888134087895], [-114.05014675899488, 36.818192136874735], [-114.05014650321839, 36.81830737093669], [-114.0501434931595, 36.819662857776265], [-114.05014317883764, 36.81980433493439], [-114.05014300565101, 36.819882561515385], [-114.05014182768805, 36.82041269263136], [-114.05014049288665, 36.821013648778944], [-114.05014046212602, 36.82102738036884], [-114.05014035095567, 36.82107749856831], [-114.05014019156943, 36.82114868315183], [-114.05013870840783, 36.82181638238678], [-114.05013870742609, 36.82181699332535], [-114.05013469904664, 36.82362030269143], [-114.05013341673992, 36.824197120340926], [-114.05013289649341, 36.8244308519449], [-114.05013178539694, 36.82493071984686], [-114.05013064898701, 36.82544184762233], [-114.05012602570609, 36.82741154829279], [-114.05012385025496, 36.82838948010403], [-114.05014812069417, 36.82986839613956], [-114.05016441126591, 36.83086109339063], [-114.0502254745633, 36.83458248290976], [-114.05022759386283, 36.83471167841163], [-114.05023136629077, 36.834941587539284], [-114.05023498368458, 36.83516202223148], [-114.05023616124761, 36.835233769972646], [-114.05023979510507, 36.83545523302934], [-114.05024249928977, 36.8356199919008], [-114.05024520233474, 36.8357847516545], [-114.05024790651741, 36.83594951051757], [-114.0502511835734, 36.83614919912817], [-114.05025390771316, 36.83631520446891], [-114.05025703195767, 36.836505588079504], [-114.05026051588996, 36.83671793807708], [-114.05026555693782, 36.837025084665136], [-114.05026826111285, 36.83718984349654], [-114.05027210257731, 36.837423986821705], [-114.05028696375707, 36.8383295699105], [-114.05036600817883, 36.84314640009894], [-114.05181955068613, 36.84314764166646], [-114.0518202816666, 36.843147642074385], [-114.05423632999131, 36.843150144481456], [-114.05761921407361, 36.84315356667071], [-114.05761921423299, 36.84315401001687], [-114.06201330753808, 36.84315800472899], [-114.06225352423193, 36.84315821814269], [-114.06484674520765, 36.84316049307383], [-114.06664564259516, 36.84316245955957], [-114.06759213810687, 36.8431634824392], [-114.06779714848612, 36.84316370333883], [-114.0724947624407, 36.843168663285375], [-114.07269977314559, 36.8431688757275], [-114.07386779104391, 36.84317007767957], [-114.07568049800746, 36.843171815086016], [-114.07676705358901, 36.843172842781556], [-114.07900023612832, 36.8431749249031], [-114.07917507783503, 36.84317508584917], [-114.07934991729206, 36.84317524741052], [-114.08288004899217, 36.843178441816185], [-114.08467687284927, 36.84318000722809], [-114.08513886419554, 36.8431863910761], [-114.08542209199169, 36.843186634806706], [-114.08585067159376, 36.843187002526264], [-114.08607276621215, 36.843187191760386], [-114.08629486082853, 36.843187381480355], [-114.08651695546045, 36.843187570785275], [-114.08673905012553, 36.843187758774235], [-114.0869611447886, 36.84318794724902], [-114.0871832394672, 36.84318813530876], [-114.08740533417891, 36.843188322052534], [-114.08769152758755, 36.8431885625533], [-114.0879428839537, 36.84318877407875], [-114.08833389464385, 36.84318910080904], [-114.08885564442129, 36.84318953469831], [-114.08939333794909, 36.84318998016589], [-114.08967040548569, 36.84319020842651], [-114.08985367203657, 36.84319035950415], [-114.09003693973636, 36.84319050941235], [-114.09190268739108, 36.843192024945964], [-114.09209823472628, 36.84319219689919], [-114.09368453771249, 36.84319357709647], [-114.09484039676552, 36.84319457001987], [-114.09504869272426, 36.84319474808637], [-114.09525554580568, 36.8431949239431], [-114.1009236322995, 36.843199608500775], [-114.1013610587411, 36.843199922462894], [-114.10268978330974, 36.84320086670916], [-114.1026920726823, 36.843200868194934], [-114.10993957512477, 36.84320575562085], [-114.11169507790198, 36.843207868020095], [-114.11545424588053, 36.84321230546527], [-114.11579605143598, 36.8432127027654], [-114.11896929242462, 36.843216346054994], [-114.12069182223138, 36.843217572331795], [-114.12799636327797, 36.84322249249043], [-114.12799690029156, 36.843222493659056], [-114.129682706755, 36.84322388332692], [-114.13412714579614, 36.843268341615214], [-114.13857159558336, 36.84331263379402], [-114.14301605608028, 36.84335675986213], [-114.1474605261296, 36.84340071980483], [-114.15197088174513, 36.843400388081236], [-114.15648124301676, 36.843399885170065], [-114.16099160878551, 36.843399211057424], [-114.16550198125512, 36.843398365769865], [-114.16882362721007, 36.843397634658615], [-114.16893953747373, 36.84339760735426], [-114.17001235812916, 36.84339735018106], [-114.17452274164452, 36.84339616251546], [-114.17903312950467, 36.84339480364698], [-114.18354352391346, 36.84339327360178], [-114.18805392371178, 36.84339157236612], [-114.19256432774064, 36.84338969992654], [-114.19707473708294, 36.84338765629586], [-114.20158515280525, 36.84338544238766], [-114.20609557378107, 36.84338305638653], [-114.21060599883512, 36.843380499180185], [-114.21511643017124, 36.84337777079414], [-114.2190675025326, 36.84337524048984], [-114.22357973342122, 36.84338906245254], [-114.2280919713488, 36.843402713126096], [-114.23260421515621, 36.84341619249704], [-114.23711646704726, 36.843429500590275], [-114.24162872474187, 36.8434426373797], [-114.24614099042819, 36.84345560379097], [-114.25065326297859, 36.84346839800888], [-114.25516554121822, 36.84348102092115], [-114.25967782735086, 36.84349347255232], [-114.26419011909651, 36.84350575287669], [-114.26870241864353, 36.84351786281952], [-114.27321472486375, 36.843529800565825], [-114.27772703658256, 36.84354156700359], [-114.28223935600384, 36.84355316215693], [-114.28675168196845, 36.84356458601282], [-114.29126401331733, 36.84357583855853], [-114.29577635223917, 36.843586920718785], [-114.30028869648416, 36.84359783066679], [-114.30480104824103, 36.843608569327124], [-114.30931340522959, 36.843619136675045], [-114.31382576965376, 36.84362953273406], [-114.31833814033959, 36.843639758392534], [-114.32285051615769, 36.84364981183602], [-114.327362899297, 36.84365969398874], [-114.33037266161638, 36.843666190154295], [-114.33496201336494, 36.84367594890004], [-114.3395513714212, 36.843685530448674], [-114.34414073460945, 36.84369493568889], [-114.34873010516078, 36.84370416284151], [-114.3533695484871, 36.843713310938135], [-114.35800899923053, 36.843722277058575], [-114.36264845619978, 36.84373106299263], [-114.36728791824683, 36.8437396678272], [-114.37120600709576, 36.84374679324606], [-114.37184803245331, 36.84374794876836], [-114.37640815368995, 36.84375605477368], [-114.38096827967543, 36.843763985819756], [-114.38552841149135, 36.84377174191755], [-114.39006012062505, 36.84377927648702], [-114.39459183431826, 36.84378663827046], [-114.39912355477442, 36.84379382728982], [-114.40365527971285, 36.843800843522246], [-114.4082799817315, 36.84380782568521], [-114.41290469063922, 36.84381462701949], [-114.41752940412539, 36.8438212493045], [-114.42215412328379, 36.843827691649814], [-114.42670635229535, 36.843833856941046], [-114.43125858672374, 36.843839847888766], [-114.43581082765087, 36.843845664503306], [-114.44036307279549, 36.84385130676251], [-114.44497847760574, 36.84385684962265], [-114.4495938878227, 36.8438622132664], [-114.45420930452659, 36.843867397703875], [-114.45882472543454, 36.843872402913384], [-114.46346146106225, 36.843877250335886], [-114.46809820198175, 36.84388191688145], [-114.47273494701757, 36.84388640344014], [-114.47737169839661, 36.84389070823039], [-114.48196398143301, 36.84389479316331], [-114.48655626836432, 36.84389870156127], [-114.49114856028433, 36.843902432533305], [-114.4957408582867, 36.843905985188215], [-114.50038035045336, 36.84390939473328], [-114.50501984758823, 36.84391262318593], [-114.50965934964994, 36.843915670545776], [-114.51429885771806, 36.8439185368225], [-114.51882378638379, 36.843921158365944], [-114.52334871963116, 36.84392360674884], [-114.52787365739685, 36.84392588377304], [-114.53239859966719, 36.84392798763599], [-114.53696898245867, 36.84392993801121], [-114.54153937087531, 36.843931712658566], [-114.54610976263534, 36.84393331155804], [-114.55068015884443, 36.843934732917006], [-114.55513836315905, 36.843918399841996], [-114.5595965695951, 36.84390189771665], [-114.5640547780916, 36.84388522834312], [-114.56851298862365, 36.84386839082031], [-114.57303059192284, 36.84385115909239], [-114.5775481972239, 36.84383375563058], [-114.58206580448862, 36.84381618043483], [-114.58658341367865, 36.84379843350527], [-114.59118697542728, 36.84378017248218], [-114.59579053909505, 36.84376173312839], [-114.60039410465299, 36.84374311454292], [-114.60499767203747, 36.84372431852795], [-114.60947241591762, 36.84370587760129], [-114.61394716034933, 36.84368726727504], [-114.61842190751474, 36.843668489369705], [-114.62289665626712, 36.843649542975044], [-114.62737140544806, 36.843630428082186], [-114.63184615727378, 36.84361114380815], [-114.63632090944253, 36.84359169193718], [-114.64079566417054, 36.84357207158612], [-114.64527041918939, 36.84355228183627], [-114.64974517668207, 36.843532324507535], [-114.65421993438024, 36.8435121986813], [-114.65869469448891, 36.843491904375185], [-114.66012106031468, 36.8434905922969], [-114.66210577730241, 36.843488737736244], [-114.66234216909896, 36.843488513886456], [-114.66268403353864, 36.84348819088755], [-114.66285074822906, 36.84348803285883], [-114.66302589800732, 36.84348786600429], [-114.66319379448764, 36.84348770673079], [-114.66321949775863, 36.84348768219394], [-114.66353481580268, 36.84348738196769], [-114.66774429860597, 36.84348328771838], [-114.67226910260872, 36.8434787200908], [-114.67679391083875, 36.84347398022065], [-114.68124722119438, 36.84348035602385], [-114.68570053466398, 36.8434865649854], [-114.69015385345308, 36.84349260712191], [-114.69460717529329, 36.843498481515056], [-114.69911092651874, 36.843538737275175], [-114.70361468598044, 36.843578821553415], [-114.70811845363008, 36.843618735249926], [-114.7126222282983, 36.84365847925651], [-114.71720465941264, 36.84368677178615], [-114.7217870963455, 36.84371488679373], [-114.72636954015788, 36.84374282608883], [-114.73095199082003, 36.84377058876953], [-114.73536245998739, 36.84378057389176], [-114.73977293240301, 36.843790395374704], [-114.74418341028353, 36.84380005233275], [-114.74859389245236, 36.84380954655969], [-114.75316673976522, 36.84382686360111], [-114.75773959365242, 36.843844004759404], [-114.76231245295317, 36.843860970026086], [-114.76251857505356, 36.85347790269575]]]}, "properties": {"OBJECTID": 2, "COMMISSION": "B", "NAME": "B - Marilyn Kirkpatrick (D)", "Shape__Area": 115431778375.51651, "Shape__Length": 1790807.3538342512, "district_id": "B"}}, {"type": "Feature", "id": 3, "geometry": {"type": "Polygon", "coordinates": [[[-115.67569759946312, 36.5967936741111], [-115.67641697112396, 36.59783929689167], [-115.67886914200332, 36.599791140928836], [-115.67948497203959, 36.60028129678532], [-115.68108144784622, 36.59996699455641], [-115.68121197208039, 36.59994129692872], [-115.68122797168192, 36.59993629726637], [-115.68121197224647, 36.59651329582424], [-115.6812239726561, 36.59651229641468], [-115.6813942165485, 36.596512021289286], [-115.6855109732766, 36.59650529630961], [-115.68552797302073, 36.5965042966871], [-115.68557497405062, 36.59814629634505], [-115.68557597293452, 36.59817229606686], [-115.68947583905586, 36.59815314055627], [-115.69026147583509, 36.598149266890175], [-115.69348897487222, 36.59813329588257], [-115.69348697448544, 36.59589329579209], [-115.69348413941105, 36.5956372678811], [-115.707433809698, 36.595627030726284], [-115.7259934968009, 36.59621411552597], [-115.74029386753195, 36.5967479510084], [-115.77275007447125, 36.59736583676702], [-115.79094021063854, 36.59756236885783], [-115.80776270826955, 36.59763011454883], [-115.8266350547559, 36.59770328816295], [-115.85082352863414, 36.597765629023435], [-115.8628298517034, 36.59784120631142], [-115.88083516609008, 36.59801605513234], [-115.88737474276726, 36.59810906962972], [-115.89536106969133, 36.59816372134301], [-115.89537028247446, 36.59437525781709], [-115.89537819983673, 36.59111964621557], [-115.89538034573003, 36.58313122988162], [-115.89538061354524, 36.582139346657435], [-115.89538077143631, 36.58155328485004], [-115.89538092934659, 36.58096722028135], [-115.895381143465, 36.580167424627525], [-115.89538123236778, 36.57983964794041], [-115.89538432443682, 36.56838195435711], [-115.8953884441002, 36.553182013833116], [-115.89539238359639, 36.53871705386943], [-115.89539416213091, 36.53220747764945], [-115.89539638931993, 36.52407492517672], [-115.89540072673462, 36.50830031512993], [-115.89538704787711, 36.50454286985631], [-115.89537337168139, 36.50078542310749], [-115.89535969702354, 36.49702797308402], [-115.89534602613915, 36.493270520681435], [-115.89529347971016, 36.47882180999023], [-115.8952462685844, 36.46583058852811], [-115.89518966213683, 36.45024273493006], [-115.89513798307713, 36.43600079698859], [-115.8950892883478, 36.42257148457494], [-115.89509004153938, 36.4222931791737], [-115.89510040349349, 36.418459941086184], [-115.89511076804865, 36.41462670053415], [-115.89512113185963, 36.41079345752638], [-115.89513149603816, 36.40696021115885], [-115.89516995504134, 36.392737061202396], [-115.89520767539767, 36.37878903941143], [-115.89524582277814, 36.36468456042934], [-115.89528513816032, 36.35015045976222], [-115.89532102064256, 36.33688716568583], [-115.89533095657377, 36.33321508499525], [-115.89534089173091, 36.329543001152146], [-115.89535082723161, 36.325870915054914], [-115.89536076418977, 36.32219882670074], [-115.89539997371722, 36.30770956602687], [-115.89543934139242, 36.29316387163611], [-115.89544931674646, 36.28947827101084], [-115.89545929244814, 36.28579266811593], [-115.8954692696107, 36.28210706294842], [-115.8954757601163, 36.27970905273017], [-115.8954792460079, 36.27842145551432], [-115.895506717249, 36.2682736124351], [-115.89551939441789, 36.263591208754676], [-115.8955587383928, 36.24906049111549], [-115.8955666700795, 36.24610341620638], [-115.89556858050295, 36.24539094799016], [-115.89559811528919, 36.2343805385868], [-115.89560054193748, 36.23347581278057], [-115.8956374978362, 36.219701100757725], [-115.89567688377008, 36.205022165927254], [-115.89571627415725, 36.190343720583044], [-115.88640470723101, 36.19039657461783], [-115.8692236606191, 36.1904921949357], [-115.85137012598408, 36.190588946172724], [-115.85135800514297, 36.186930900837716], [-115.8513458876255, 36.18327285235507], [-115.85133377232252, 36.17961480162865], [-115.85132165812485, 36.17595674956228], [-115.85130954724953, 36.17229869434858], [-115.85129743747589, 36.16864063689383], [-115.85128533102967, 36.164982578094495], [-115.85127322679283, 36.16132451615055], [-115.85119056978519, 36.15768541626938], [-115.85110461322398, 36.15390059785229], [-115.85101866608957, 36.150115777845215], [-115.85093272837348, 36.14633095444575], [-115.85089013483814, 36.142593909688465], [-115.85084754758718, 36.13885686256211], [-115.85080496439701, 36.135119813071775], [-115.85076238637768, 36.131382761215015], [-115.8506779722216, 36.127749521284755], [-115.85059724290798, 36.12427454674695], [-115.85059356580472, 36.12411627905854], [-115.85058692420384, 36.12383035661575], [-115.85058094227318, 36.12357286787609], [-115.850574961504, 36.123315380924986], [-115.8505723744583, 36.12320402627466], [-115.85040255403761, 36.12310233248483], [-115.85026485613956, 36.12301987458172], [-115.8500459426381, 36.12288705231951], [-115.8498290805502, 36.12275650358213], [-115.84961364137311, 36.122623714252164], [-115.84939955811632, 36.12249319099882], [-115.84932584188896, 36.122448102999776], [-115.84906174483125, 36.12260370863534], [-115.84873855029419, 36.122642580839226], [-115.84691928467183, 36.12236147586274], [-115.84531500619553, 36.12193049585419], [-115.84183840114528, 36.12208519587605], [-115.83871361670792, 36.122582904281664], [-115.83736851034693, 36.12275902614046], [-115.8351902389676, 36.12275485399357], [-115.83264089136348, 36.12258786282525], [-115.8304851714319, 36.12225210039955], [-115.83005220030932, 36.122185913393025], [-115.829948019334, 36.12219011436803], [-115.82928801701945, 36.122216726639685], [-115.82804989160645, 36.122336980510546], [-115.82673907017637, 36.1224111225543], [-115.82512937062644, 36.122509265227244], [-115.82161668326225, 36.123033273097754], [-115.8209022899704, 36.123050357491955], [-115.8194925309683, 36.12299048269506], [-115.81713276106723, 36.122800227964206], [-115.81574459984189, 36.12301314094919], [-115.81474297624835, 36.123172074359125], [-115.81344972200978, 36.12327823343892], [-115.80773978574545, 36.12352870677232], [-115.8054963057098, 36.12365901491374], [-115.80370362488412, 36.12377584069246], [-115.80149156099696, 36.124027938960225], [-115.79991758728497, 36.124535303095946], [-115.79926467308927, 36.12454909459617], [-115.79616540312001, 36.124424309794385], [-115.79376652586592, 36.12459671649116], [-115.7908710972092, 36.12474321910036], [-115.78865089488664, 36.12490370225227], [-115.78694252294466, 36.124949052337946], [-115.78524794307106, 36.12494771596764], [-115.7840510665124, 36.125029608056096], [-115.78335150492747, 36.12504339098113], [-115.7830300504409, 36.124980863069155], [-115.78267238540123, 36.124943621137234], [-115.78221121442785, 36.12496120416163], [-115.78189008937477, 36.12502900473571], [-115.78116002466564, 36.12527826211692], [-115.7800936479241, 36.125742484392205], [-115.77883534813509, 36.126139742650984], [-115.77760952445166, 36.12645736074846], [-115.77527716947242, 36.12697793424292], [-115.772283281109, 36.1278601316592], [-115.76964289561062, 36.12871056490513], [-115.7691150710398, 36.129043518481666], [-115.76697901267659, 36.13088826533408], [-115.76637868481978, 36.1312549518178], [-115.76572645730862, 36.13159228497596], [-115.76448377972498, 36.13209447395076], [-115.76317887647303, 36.13258833520173], [-115.76229790301512, 36.13296014863625], [-115.76193158524191, 36.13322701317339], [-115.76073731748319, 36.134664660107035], [-115.76002887433316, 36.13538042650213], [-115.75971819414264, 36.13551121541528], [-115.75913816367809, 36.135713870621686], [-115.75850130384978, 36.13600069132692], [-115.75636236237347, 36.13673113128484], [-115.75099220543264, 36.138691251006996], [-115.74967639824068, 36.139216891616606], [-115.7480348478022, 36.13977054955346], [-115.74600933730405, 36.14047478733052], [-115.74407210740188, 36.14110803637077], [-115.73907975125661, 36.14297833456092], [-115.73743013525832, 36.14351004958255], [-115.7368125336479, 36.14374582808643], [-115.73424501356445, 36.144793913427606], [-115.73171666660365, 36.14578936816496], [-115.73135000773836, 36.145962143427155], [-115.72982888706618, 36.14688188513001], [-115.72849446863844, 36.14757862745709], [-115.72814429442857, 36.14711888587177], [-115.72811379942638, 36.14703450598947], [-115.72808772953817, 36.14692108083192], [-115.72811184599664, 36.1462907980007], [-115.72824769887377, 36.14602388913152], [-115.72825748102836, 36.14591079104155], [-115.72820367380676, 36.14578735354499], [-115.72803773275878, 36.145691817939735], [-115.72681318224674, 36.14536520401944], [-115.7262808994448, 36.145246388336815], [-115.72597048892074, 36.14521400512939], [-115.72587472168223, 36.14521944222889], [-115.72550210186101, 36.14533554099771], [-115.72384956273544, 36.1457087597217], [-115.7228594007563, 36.145801646349476], [-115.72263095555759, 36.14587681309779], [-115.72250333469346, 36.14587870547821], [-115.7223609394648, 36.14580930392072], [-115.7223298238495, 36.14576365397753], [-115.72224402730696, 36.145523479220444], [-115.72190578268764, 36.144869958907115], [-115.72182185111936, 36.14463625840358], [-115.72167448896873, 36.14438249964488], [-115.72152048488574, 36.14429033639006], [-115.7212706794705, 36.14421006872438], [-115.7208076068333, 36.143878546340204], [-115.72055780122398, 36.14379827718026], [-115.71943762264377, 36.14367315231535], [-115.71912689223737, 36.14365692016564], [-115.71836514036406, 36.14367785608724], [-115.71792410630677, 36.14371193860551], [-115.71772413404062, 36.1437518078056], [-115.71702229855244, 36.14400944437433], [-115.71666264608811, 36.14406382062553], [-115.71621770209543, 36.14409134514566], [-115.71503956838725, 36.144098142613], [-115.71449419945161, 36.14405349124086], [-115.71328563553324, 36.14372364698742], [-115.71274895351748, 36.14363381581249], [-115.7123866739418, 36.14360404104908], [-115.7101932784682, 36.14365479325008], [-115.70972636715958, 36.14368536602516], [-115.70849665171042, 36.14392109228813], [-115.70827364149919, 36.143908969185645], [-115.70734875930837, 36.14378580133936], [-115.70586978710237, 36.14390891819691], [-115.70535824604006, 36.14398419261478], [-115.70504422773911, 36.14405194571953], [-115.70437474387786, 36.14428072019384], [-115.70411880505968, 36.14432646186061], [-115.7031717829724, 36.144584564433025], [-115.7028921202257, 36.1446203461984], [-115.70240564650035, 36.144747652974026], [-115.70176419048111, 36.14496705289652], [-115.70080322384878, 36.145344641467126], [-115.6998069488537, 36.145682994157724], [-115.69968569992442, 36.14578516096827], [-115.69956727458596, 36.145955260511805], [-115.69948520594443, 36.14609985390218], [-115.69933680028662, 36.14651534986745], [-115.69920693929926, 36.14665296819748], [-115.69876892554996, 36.14686485178381], [-115.69835623379443, 36.14698967979267], [-115.69767803319105, 36.14738004196685], [-115.6972930823111, 36.147514885720646], [-115.69701571050997, 36.1476541083408], [-115.69665197000543, 36.14807375819398], [-115.69635193089347, 36.14861691069383], [-115.69619816580379, 36.14875427608248], [-115.69611794756122, 36.14878574036264], [-115.6957341636473, 36.14884945451454], [-115.69489736770777, 36.14894382352617], [-115.69452207572243, 36.14897528003539], [-115.69374643054289, 36.148989462160294], [-115.69328478151591, 36.148942417146216], [-115.6924493862123, 36.148710163296194], [-115.69231321312515, 36.14874747676939], [-115.69217124962157, 36.14889467386696], [-115.69203871352435, 36.14895465595061], [-115.69191145129096, 36.14893389275345], [-115.69154446111644, 36.148706790581606], [-115.69143313889035, 36.14868940136389], [-115.69124549947351, 36.14870672504316], [-115.69076231220018, 36.1486335537752], [-115.69015319964947, 36.14858163926319], [-115.69005320028778, 36.14859991937238], [-115.68988853040553, 36.14867251888635], [-115.68915822974559, 36.1490783733585], [-115.68874466242832, 36.14925493972862], [-115.6884463619674, 36.149452131678174], [-115.68809563599766, 36.14956470233493], [-115.68804400670034, 36.14955116397806], [-115.68797395914733, 36.14945016772395], [-115.68800215847861, 36.14919503702951], [-115.68796784221168, 36.149097686841316], [-115.68776654634159, 36.148979080064876], [-115.68627668585792, 36.14878816565679], [-115.68596686259134, 36.14871683129564], [-115.68585516427771, 36.14872206077486], [-115.6855952572618, 36.14876772748371], [-115.68470349309686, 36.149052171031094], [-115.68384551810077, 36.149220586632296], [-115.68338101278098, 36.14934480171663], [-115.68243760575223, 36.14961575198872], [-115.68162725800397, 36.1499139852414], [-115.68133701630818, 36.15010479418344], [-115.68062388025619, 36.15067250302512], [-115.6803457749918, 36.150853734178305], [-115.67991190584371, 36.151049419273434], [-115.67962128768161, 36.15113999066382], [-115.67919913786645, 36.1513551678967], [-115.67912160835193, 36.15145780427297], [-115.6790341768522, 36.15191919235258], [-115.67882418065793, 36.15243746366925], [-115.67859935199215, 36.1527647706916], [-115.67849381667402, 36.15287680694592], [-115.67800801556456, 36.1531979693539], [-115.67779342935069, 36.153392867484804], [-115.67758773337134, 36.15353608036218], [-115.67675644935838, 36.15401188831781], [-115.67645262491092, 36.154296316682355], [-115.67634263831118, 36.1544341307664], [-115.67619820224621, 36.15472677430609], [-115.67522392470947, 36.15576036996982], [-115.67489220303476, 36.156047686344074], [-115.6743659101571, 36.15628112952437], [-115.67428101234746, 36.15635132779597], [-115.67372617153151, 36.15721818563768], [-115.67345668749866, 36.157713152842604], [-115.67336841207953, 36.157983733588914], [-115.67326541610919, 36.15818311181153], [-115.67285312013053, 36.15863438698448], [-115.67153747333745, 36.15992607126382], [-115.67118642090838, 36.16017115202591], [-115.67082261757025, 36.16034495368198], [-115.67067774921404, 36.160427402158355], [-115.6706007565181, 36.160500947549075], [-115.67049409701102, 36.16067433881254], [-115.67041877149232, 36.16088693264717], [-115.67031251537, 36.161040962631944], [-115.67018734467707, 36.16113329246545], [-115.67001236458744, 36.161221923246025], [-115.66978783981587, 36.161297030401144], [-115.66958044361995, 36.16130118262309], [-115.66942423351267, 36.16134144701414], [-115.66909185334111, 36.16166113033897], [-115.66888721340494, 36.161739667226435], [-115.66855107791685, 36.16192667865484], [-115.66837553659909, 36.16193123603708], [-115.66810226966035, 36.16182145955646], [-115.667915141484, 36.161806459960765], [-115.66745887875713, 36.16190807748942], [-115.66675390468, 36.161977831913894], [-115.66646126487784, 36.16207160290276], [-115.66609140801047, 36.16224852275329], [-115.6654570729216, 36.162386949277916], [-115.66533266092635, 36.1624340724417], [-115.66497839883638, 36.16263384412798], [-115.66384308176248, 36.1631546795675], [-115.66342867165383, 36.16337314937262], [-115.66318276967598, 36.16353207022423], [-115.66280097385277, 36.1638252473055], [-115.66257011795483, 36.164036098766], [-115.66241687939343, 36.16413782513617], [-115.66214410269376, 36.16423180586498], [-115.66181267668969, 36.16426044058851], [-115.66161618970389, 36.16432288230905], [-115.66024573840588, 36.16507066600102], [-115.66014605436786, 36.16507275159955], [-115.66008661505272, 36.165049459591046], [-115.66000812478765, 36.16497423429199], [-115.65968390083702, 36.164462938982005], [-115.6595851383002, 36.16440691497719], [-115.65948571954635, 36.16439282965153], [-115.65933845757534, 36.164375008992295], [-115.65911501405267, 36.164385479493], [-115.65892260306062, 36.16444475335846], [-115.65876550155517, 36.16453671371845], [-115.6585653905925, 36.16469619106763], [-115.6582315225797, 36.16509982806806], [-115.65801362384589, 36.16525259732409], [-115.65774391553258, 36.16540152189966], [-115.65757956721878, 36.16545139814275], [-115.65579696362367, 36.16569655285773], [-115.6550483032285, 36.16563962958605], [-115.65431566145743, 36.165692827251306], [-115.65394978021996, 36.16563375163315], [-115.65332262634517, 36.165465092049075], [-115.6531084109792, 36.16540120050642], [-115.65290469486773, 36.16530518108872], [-115.65210022056637, 36.164778808602684], [-115.65191842943689, 36.16468618902341], [-115.65104869006257, 36.164362784173726], [-115.65090692718924, 36.164257705186046], [-115.65084052764644, 36.16417614712999], [-115.65073429868674, 36.16386129486305], [-115.65028852952737, 36.16322900325614], [-115.650072812258, 36.16301964370432], [-115.64979601000283, 36.16288720391159], [-115.64965254899028, 36.16276273109615], [-115.64951207439822, 36.1625833096435], [-115.64937354182399, 36.16229077207619], [-115.64925656844065, 36.162137452496324], [-115.64856895695951, 36.161777229966894], [-115.64840836286864, 36.16172369903901], [-115.64824134634459, 36.16169918691033], [-115.64789888707573, 36.161672693576264], [-115.6475871204751, 36.16171442919458], [-115.64705573135795, 36.16189277385801], [-115.64646463214949, 36.162183534281695], [-115.64587936223886, 36.162364465401964], [-115.64562992573042, 36.162374563793925], [-115.64524788381937, 36.162334697368514], [-115.64502944885862, 36.162283707331284], [-115.644510113888, 36.16210971203151], [-115.64407867967881, 36.162036937219334], [-115.64210305714319, 36.16180112646827], [-115.64147576541434, 36.16175846682649], [-115.64076595384955, 36.16176013245868], [-115.64037188004419, 36.16172331344763], [-115.63978585587304, 36.16160025911435], [-115.63961828297316, 36.16160806483305], [-115.63922882782333, 36.16153250383627], [-115.63853816371598, 36.1614664281815], [-115.63700271560589, 36.16148455639096], [-115.63592740850258, 36.161577203073755], [-115.63575999218683, 36.161575296328316], [-115.63526651865777, 36.16164918627656], [-115.63475728290247, 36.1618056598255], [-115.63419710528281, 36.16183900199209], [-115.63372442412933, 36.16189329061043], [-115.63358158796166, 36.1618849901748], [-115.63339453492074, 36.16183651911551], [-115.63286761018753, 36.16160193257291], [-115.63259044183441, 36.16156565602666], [-115.63244279051663, 36.16160039146401], [-115.63227558127939, 36.16170449692477], [-115.63198835553841, 36.16201255646831], [-115.63173537648548, 36.16223493115436], [-115.63150747481461, 36.162417800271285], [-115.63132587604494, 36.16252830399856], [-115.63116966368598, 36.16258283472853], [-115.63096282251752, 36.16261689976716], [-115.6305510315638, 36.16280763538858], [-115.63014853917893, 36.16293219796213], [-115.62986213436993, 36.16296204345018], [-115.62969494893146, 36.16294359740502], [-115.62951458644565, 36.16286202198978], [-115.62941782616082, 36.1627913730577], [-115.62922278075919, 36.162729516972], [-115.62758928433898, 36.16282675107931], [-115.62733932913153, 36.16287022363222], [-115.626290418576, 36.16328877674111], [-115.62614678339338, 36.163326912581724], [-115.62569151362476, 36.16338280992964], [-115.62513840039574, 36.16350676350515], [-115.62402243119777, 36.163652204791525], [-115.62366524510554, 36.16373184905879], [-115.6233201248953, 36.16377442680565], [-115.62313636964068, 36.16378161820043], [-115.62265568929578, 36.163701636173165], [-115.622313063804, 36.16360459893909], [-115.62209501524946, 36.16360209019606], [-115.62191200889086, 36.16356278955039], [-115.62183265527024, 36.16350602061297], [-115.62177727532261, 36.16339368873952], [-115.62159768918987, 36.16315891992083], [-115.62142817375224, 36.16300807031086], [-115.6211776695462, 36.162893482820564], [-115.62088271282798, 36.162694633647945], [-115.6205785683719, 36.16236538749205], [-115.62020262598827, 36.16220280033505], [-115.61975823771625, 36.16210731385123], [-115.61921214432041, 36.1622265701133], [-115.61901965778551, 36.16224501323548], [-115.6186718227456, 36.162445811444165], [-115.61835675755482, 36.162739975482296], [-115.61833098665254, 36.162897926728114], [-115.61826007320578, 36.163018105963864], [-115.61795972760194, 36.16312629052456], [-115.61762394403998, 36.163289966668756], [-115.61688020553832, 36.163811879108025], [-115.61618216793143, 36.16434367332686], [-115.61589253539765, 36.164498519914446], [-115.61569707615585, 36.16451491254912], [-115.61557121183833, 36.16449480696724], [-115.61512738985334, 36.16427562510344], [-115.61501309215353, 36.16424641183917], [-115.61488688800739, 36.16424495170515], [-115.61427685748166, 36.164340242113234], [-115.61414945268817, 36.164403918405846], [-115.61403422769581, 36.16443053091892], [-115.61390829613337, 36.164410421803304], [-115.61365550550971, 36.16442614795211], [-115.61310254251264, 36.164540753483735], [-115.61262006619185, 36.16456305702337], [-115.61211180562141, 36.1647433256084], [-115.61205365199343, 36.16478919676843], [-115.612052505318, 36.16485433393246], [-115.61215151651398, 36.165097485156494], [-115.6121158024448, 36.16517151653876], [-115.61192853473979, 36.16537410222974], [-115.61173117312913, 36.16550210661868], [-115.61165035110179, 36.16552907009143], [-115.61158214606937, 36.16549108472792], [-115.61159771741951, 36.16525856302093], [-115.61157575794493, 36.16520246143248], [-115.61152999282228, 36.165192628227906], [-115.61108061307591, 36.165289817522066], [-115.61088259416948, 36.165455017278575], [-115.6108002938894, 36.16556576617791], [-115.61073094034396, 36.165592916573054], [-115.61060599324678, 36.165516959274925], [-115.61046908146976, 36.16546887272368], [-115.61014742595665, 36.16548373819635], [-115.60951148027634, 36.16574626146534], [-115.60940788872011, 36.165763710681084], [-115.60923642141792, 36.165724471083045], [-115.60908673730037, 36.16575062481329], [-115.60887882794879, 36.165822717382376], [-115.60858932934623, 36.165968253849414], [-115.60828732804228, 36.16616948979036], [-115.60820650083201, 36.16619650681752], [-115.60786283146554, 36.16615526305996], [-115.60771288285267, 36.16620006390179], [-115.60755034296177, 36.16630052952189], [-115.60701919497296, 36.16648050076417], [-115.6069263472805, 36.16653526759186], [-115.60669287123584, 36.16675595042424], [-115.60655602637061, 36.16670781342939], [-115.60621959953166, 36.16625714852556], [-115.60591435193882, 36.1659929933834], [-115.60585685338346, 36.166001627839655], [-115.60548234863872, 36.166406759460635], [-115.60524969185698, 36.16658090346861], [-115.60512062789472, 36.16673764847241], [-115.60508408344296, 36.166858229975254], [-115.60493175889718, 36.16703325552821], [-115.60496204161133, 36.167266300698024], [-115.60491451901606, 36.167358851926245], [-115.6048463156308, 36.16732080775769], [-115.60445124360817, 36.16694389903116], [-115.60441694850783, 36.1669342052955], [-115.60438134332593, 36.1669552280447], [-115.60437825990621, 36.16717575027028], [-115.60450989665834, 36.16752163382005], [-115.60450890682382, 36.16757746945247], [-115.60446248203783, 36.16760488434425], [-115.60438198274656, 36.167613249953675], [-115.60413066507236, 36.16754517009635], [-115.60395985813993, 36.167468671260394], [-115.60357444425763, 36.16719428162681], [-115.60334656540365, 36.16709857224754], [-115.60283290312147, 36.166934333982525], [-115.60247850001414, 36.16685574562611], [-115.60222630388355, 36.16683420407483], [-115.60204155241219, 36.16689719871636], [-115.60178643878561, 36.1670431189204], [-115.60170280309794, 36.167228291000825], [-115.60155195600689, 36.167319634537805], [-115.601437164017, 36.16731829458897], [-115.60127715859255, 36.167279177064856], [-115.60106090819558, 36.16717425122127], [-115.60096894882174, 36.16718252610258], [-115.60076076780172, 36.16727314521772], [-115.60067927701873, 36.16733734304124], [-115.6006306911668, 36.167485674103574], [-115.60055003801426, 36.16750338362732], [-115.60031234455808, 36.167314448555416], [-115.60015200909424, 36.16729393148026], [-115.59962225962562, 36.16739013813003], [-115.5993348344112, 36.16741466967035], [-115.5990690815816, 36.167513961309155], [-115.59887336046135, 36.16754892931547], [-115.59867921722669, 36.167490801650786], [-115.59855311864628, 36.167480032800164], [-115.59833329553155, 36.16757980546356], [-115.59798765081878, 36.16765021354749], [-115.59780270026191, 36.167662823572094], [-115.5977702248689, 36.167668997782144], [-115.59768508769824, 36.167673120640195], [-115.5974153467211, 36.16755975485507], [-115.59710812455685, 36.16740725838365], [-115.59694929253625, 36.16730299807794], [-115.5968465129319, 36.16727389235891], [-115.59669798227482, 36.167234902614695], [-115.59645698300014, 36.16723207935633], [-115.59622662564574, 36.167275931831625], [-115.59599693231526, 36.16728254302824], [-115.59567653993736, 36.16722293032126], [-115.5952201949603, 36.167068679527894], [-115.59498019283402, 36.16701001773508], [-115.59491166271428, 36.166990615809695], [-115.59487951744671, 36.16685993778908], [-115.59488233981624, 36.166701723512226], [-115.59486056944695, 36.16663631744729], [-115.59478023772698, 36.166635375182054], [-115.59466483752051, 36.16667127046883], [-115.59446755664283, 36.16678995307903], [-115.5943173670577, 36.16684399260238], [-115.59414489774329, 36.16686061923153], [-115.59389210862058, 36.16687624957347], [-115.59375337749178, 36.16693046763786], [-115.59363842068417, 36.16693842163071], [-115.59350125130877, 36.16690890950602], [-115.59322712504742, 36.16683119092734], [-115.5927920567179, 36.16677027753695], [-115.59258513135379, 36.166786444071576], [-115.59206718200397, 36.16686410461499], [-115.59174319028241, 36.16700919274977], [-115.59158137029893, 36.16707249500741], [-115.59144363744035, 36.16707087486266], [-115.59124956645057, 36.16701274505558], [-115.59104397115561, 36.16695447056651], [-115.59089494312353, 36.166943422931], [-115.59067711107546, 36.16693150238341], [-115.5905960455791, 36.16696780713641], [-115.59064098755469, 36.16702418335038], [-115.59072015526483, 36.167090264430065], [-115.59076491931638, 36.167155942011206], [-115.59072928447979, 36.16722067279357], [-115.5906481195318, 36.16726626186522], [-115.59040662156823, 36.167291320756235], [-115.59006285749258, 36.16725937329189], [-115.58977694019926, 36.16720015925691], [-115.58965084441105, 36.16718937111589], [-115.58953560816205, 36.16721591588004], [-115.58928197348992, 36.16727807779993], [-115.589086849461, 36.16727577910174], [-115.5888124474634, 36.167216700109], [-115.58824127010897, 36.16706106965453], [-115.58792150757145, 36.166973551784345], [-115.58758549845867, 36.1669321323693], [-115.58745208508634, 36.16690286554496], [-115.5872909202596, 36.16692886533503], [-115.58699119904078, 36.16699977462873], [-115.5868188952678, 36.16700704513236], [-115.58669320067214, 36.16697766006932], [-115.58657956721036, 36.16691116897548], [-115.58646567902265, 36.16686327247671], [-115.58636284828968, 36.16683415775761], [-115.58612185172136, 36.1668313127957], [-115.58561642572249, 36.166853245774156], [-115.58526147395104, 36.166802509778094], [-115.58510064276753, 36.166809957884276], [-115.58498557318883, 36.16682719686428], [-115.58488207573826, 36.16683527658585], [-115.58465338664737, 36.166786020629765], [-115.58442559977844, 36.16669027793532], [-115.58423130381182, 36.16664142914283], [-115.58393241535343, 36.1666658498918], [-115.58378205209273, 36.166729221770915], [-115.58358648282979, 36.16675481021256], [-115.58336841898794, 36.166752231851156], [-115.583036634949, 36.16669245012407], [-115.58264611100768, 36.16670643666449], [-115.58192852475071, 36.16659091449511], [-115.58093972009878, 36.16662059387118], [-115.58012487635688, 36.166516641496194], [-115.57979528050262, 36.16642012291242], [-115.57865083215141, 36.166464625779106], [-115.57844026285053, 36.166308717871516], [-115.57830294810545, 36.166034031400244], [-115.57821139619347, 36.16598206041814], [-115.57771700397545, 36.16590037603518], [-115.57716722894956, 36.165894858252706], [-115.57773941660258, 36.16657842970239], [-115.57829173080016, 36.16746792805486], [-115.57842397393175, 36.16773919113255], [-115.57883628082948, 36.1683006479304], [-115.57954421043233, 36.16946140349874], [-115.57957531778725, 36.16972635377987], [-115.57969200995393, 36.16995345665133], [-115.58007322627992, 36.17031935062831], [-115.58027550457612, 36.170508605188616], [-115.58063338259146, 36.1709375795156], [-115.58092124572684, 36.17123407673763], [-115.58124801358358, 36.17147379936387], [-115.58162146453004, 36.171776604524545], [-115.58194823610361, 36.172054174330086], [-115.58212718233369, 36.17225604270573], [-115.58225166728933, 36.17246421760919], [-115.5824383958395, 36.1726408519362], [-115.58268736998517, 36.17283641177576], [-115.5829596866223, 36.172994121160144], [-115.58327868766912, 36.17316444632129], [-115.58352766552848, 36.17334738712722], [-115.58367549578686, 36.17349878591785], [-115.58401006696236, 36.17420531636998], [-115.58411121658135, 36.174331482122376], [-115.58462474361261, 36.17463427678359], [-115.58489707010258, 36.174779364447716], [-115.58504490474397, 36.174836136973745], [-115.5854417193485, 36.17481720611041], [-115.58570626553055, 36.17489920934195], [-115.58592412917001, 36.174987521187674], [-115.58614977770536, 36.17521461516184], [-115.58630540130777, 36.17544801954135], [-115.58643767814188, 36.17556156526183], [-115.58660885962612, 36.17564987705135], [-115.58676448023164, 36.17576342266813], [-115.58704459551238, 36.175914813378], [-115.58725468704, 36.17611036480997], [-115.58769043113928, 36.17643838237491], [-115.58793164189501, 36.17652038061167], [-115.58818841996336, 36.17667177042056], [-115.58828179753223, 36.1767790083709], [-115.58838297146298, 36.177125960366126], [-115.5883518814689, 36.1776621686603], [-115.5883519079988, 36.17807851749657], [-115.58832079416062, 36.178229917792166], [-115.58831303123793, 36.178513792462375], [-115.58831304599589, 36.17874719956738], [-115.58848424489258, 36.17898060032799], [-115.58897447254664, 36.17923290987061], [-115.58937131901703, 36.17935274860725], [-115.58968257617363, 36.17949151512501], [-115.58986933657098, 36.179636596765924], [-115.58998606461134, 36.17976275658881], [-115.5900483375785, 36.18004031831047], [-115.59023515635775, 36.180828845971604], [-115.59028963985945, 36.18099285899977], [-115.59043750998745, 36.181270416361805], [-115.5907021131831, 36.1816741317108], [-115.59097450168375, 36.18210307955122], [-115.59106011504178, 36.182279706552784], [-115.59109127418938, 36.18261404498782], [-115.59109133697972, 36.183251184057156], [-115.5911769708521, 36.18362967608644], [-115.59124701777323, 36.18374952946992], [-115.59148051762187, 36.18426048661676], [-115.59167511692415, 36.184809295912146], [-115.59186191506453, 36.18516254757833], [-115.59206427288042, 36.185459023357645], [-115.59214988456539, 36.18556625779701], [-115.59231331295055, 36.1856671790944], [-115.59249229984988, 36.18572393997982], [-115.59267907198455, 36.18579962540345], [-115.59308115200655, 36.18597622573676], [-115.59333020415023, 36.18624535921983], [-115.59360002014563, 36.18659860112974], [-115.59386982617713, 36.18685932078807], [-115.59413962475739, 36.187052751785885], [-115.59448205198916, 36.18722094185171], [-115.59489710170456, 36.18731342411062], [-115.59547817739573, 36.18747317624383], [-115.59578947944783, 36.1876245439266], [-115.59596590266482, 36.1878263913508], [-115.59616311238615, 36.188230101273014], [-115.59636030185251, 36.18849923389439], [-115.59643298291765, 36.18879361343561], [-115.59629813988325, 36.18907119378682], [-115.59627742428077, 36.189298294552366], [-115.5961321887918, 36.189483353332584], [-115.59609500273763, 36.18950680450239], [-115.59585205878949, 36.18966001522022], [-115.59550966616867, 36.18980303833847], [-115.59528140857805, 36.18993763915334], [-115.59519844861894, 36.19026567835377], [-115.59514662644726, 36.190661003313906], [-115.5951881549073, 36.19081239878794], [-115.59531270427829, 36.19103107396464], [-115.59535423710855, 36.19120770203139], [-115.59527128648907, 36.19161144189139], [-115.59522982103414, 36.19188059977649], [-115.59533362067705, 36.192099276951794], [-115.59554118292854, 36.192301120823956], [-115.59575912527984, 36.19251978682494], [-115.59580069210902, 36.19290669040594], [-115.59580072009935, 36.19308332347759], [-115.59585262891086, 36.19324312756079], [-115.59592527992181, 36.19332723058345], [-115.59598755483185, 36.19341974554136], [-115.59606020775966, 36.19352067114762], [-115.59617436122124, 36.19357953604548], [-115.59630926624531, 36.19362157682033], [-115.59648566769248, 36.1936047358077], [-115.59667244954854, 36.19360471514584], [-115.59685926066076, 36.19378132634163], [-115.5971602167315, 36.19394951323121], [-115.59733669209378, 36.19434481231428], [-115.59744048465357, 36.19447937694948], [-115.59775182129879, 36.194647561108084], [-115.59791787147006, 36.1947568842629], [-115.59815656003855, 36.194866199115964], [-115.59837450019185, 36.19499233786197], [-115.59849904720743, 36.19511848807426], [-115.59853021962194, 36.19533717153485], [-115.59845765078941, 36.19569885580021], [-115.59850956185956, 36.19583342601978], [-115.59859260472264, 36.195967992250225], [-115.59872758315927, 36.19636329533057], [-115.59881065508988, 36.19664084904303], [-115.59881069646472, 36.19685112551617], [-115.59882109660138, 36.196968879176254], [-115.59897680796347, 36.197238012448636], [-115.5990183640461, 36.19747351610279], [-115.5989561363771, 36.197658568055054], [-115.59898732557572, 36.19794453922035], [-115.59908075365198, 36.1981043372382], [-115.59935061048223, 36.19833139962087], [-115.59983843108533, 36.19873506444342], [-115.59995261804927, 36.19890326977157], [-115.60008761843704, 36.19934062549565], [-115.60023295248172, 36.19956770320215], [-115.60059624067456, 36.19991250444167], [-115.60066894185577, 36.20017323644516], [-115.60068973004606, 36.20032463186773], [-115.60065865711134, 36.2005937906335], [-115.60059647145438, 36.20096388524652], [-115.60063804546617, 36.20124985522591], [-115.60075226387656, 36.201535814629715], [-115.60095988757419, 36.201838581938354], [-115.60109485111892, 36.202065660028836], [-115.60120909340812, 36.20244414033606], [-115.60132328099715, 36.20257869986725], [-115.60153089018524, 36.20279735562887], [-115.60172813850369, 36.203083300475605], [-115.60202927746619, 36.20383183742462], [-115.60227840667031, 36.20405889622016], [-115.60269359377465, 36.20431116125441], [-115.60328526783512, 36.204782082618856], [-115.60332684509737, 36.20503440710956], [-115.60339953535426, 36.20520261589293], [-115.60358639891778, 36.20541285969894], [-115.60399130874742, 36.20600997462737], [-115.60423009245162, 36.20631273065172], [-115.60462458114318, 36.20671639167361], [-115.60475955677589, 36.20691823194668], [-115.60482190802286, 36.207212607328486], [-115.60489464040104, 36.207515391657466], [-115.60499848878698, 36.2077424716288], [-115.60519571535491, 36.207860189658874], [-115.60529952511621, 36.20794428108807], [-115.60543450111534, 36.20813771059633], [-115.6055695003012, 36.20840683860469], [-115.60565259607924, 36.20864233178798], [-115.60562148440354, 36.20872644800698], [-115.6056007834308, 36.208928317048326], [-115.60561124650846, 36.20922270156005], [-115.60561131324582, 36.209458210163255], [-115.60571516037011, 36.2096684668159], [-115.60587089639166, 36.20985348103173], [-115.60616155702684, 36.21003005762268], [-115.60640033551626, 36.210248698711496], [-115.60635887730217, 36.2104421600697], [-115.60636930780541, 36.2106187897144], [-115.6064316260099, 36.21077017677466], [-115.60644203941273, 36.21088792859238], [-115.60639017882123, 36.211005693319564], [-115.60637983945625, 36.21114027175194], [-115.6064629232327, 36.211316887357526], [-115.6065563650152, 36.21141780226734], [-115.60686779832407, 36.21161960563711], [-115.60726231039622, 36.211964379791276], [-115.60749077571936, 36.21236806405104], [-115.60758424342566, 36.21254467674506], [-115.60760507418985, 36.2127801810065], [-115.60760514950806, 36.2130241012226], [-115.6076778797628, 36.213268006673914], [-115.60789589936054, 36.21343618284566], [-115.60811390552067, 36.21356230344172], [-115.60835267340376, 36.213696830154795], [-115.60852913887858, 36.21374725916937], [-115.60862259973527, 36.213890226692854], [-115.60863301954433, 36.214016390012084], [-115.60857079984724, 36.21419303469208], [-115.6084774167531, 36.21429398639682], [-115.60833223071766, 36.214689335946076], [-115.60841534411014, 36.21493323781019], [-115.60848807437776, 36.21516032008352], [-115.608560822852, 36.21544628006965], [-115.60872701080793, 36.21579950792721], [-115.60887239753195, 36.21601816454677], [-115.608872443995, 36.21616115171579], [-115.60891404797133, 36.21642188462592], [-115.60915282867786, 36.21656482052437], [-115.6093397179605, 36.21672458983142], [-115.60996267562949, 36.21722911468201], [-115.61028454346264, 36.21749819523474], [-115.61034691225598, 36.21775892290979], [-115.61039887854493, 36.21795236430094], [-115.61053388249684, 36.21813737597223], [-115.61106339792829, 36.21852416159458], [-115.61229898070563, 36.21949954796228], [-115.61269357189238, 36.21988635885707], [-115.61343073647762, 36.22033195958633], [-115.61401226467243, 36.220928994544536], [-115.6145211291239, 36.22150081214015], [-115.61462500373408, 36.22167741724848], [-115.61453167964551, 36.221929772319086], [-115.61444879298743, 36.22232511162248], [-115.61445937654725, 36.22283818106034], [-115.61461522624572, 36.223191402983026], [-115.6147607406079, 36.2236539701285], [-115.6148854032754, 36.22388944626964], [-115.6152280866156, 36.224183741147606], [-115.61556035397503, 36.22438551589521], [-115.61595494386226, 36.22467138383806], [-115.61613151259814, 36.22489843273961], [-115.61619391020419, 36.2251675687705], [-115.61622513085162, 36.22535260224358], [-115.61624600503217, 36.22562174873055], [-115.61636027328248, 36.2258067592859], [-115.61655757645025, 36.22595810335341], [-115.61682754718304, 36.226109425874334], [-115.61873846803162, 36.22790883251995], [-115.61928898282908, 36.22858154953078], [-115.61947592132015, 36.22874130265981], [-115.61947612255517, 36.22917867493246], [-115.61897812319745, 36.229860115239454], [-115.61885358218923, 36.22994426239103], [-115.61877058743558, 36.2300704521752], [-115.61876026300034, 36.2301966204078], [-115.61866691561582, 36.230390101630924], [-115.61843864112076, 36.230659320811064], [-115.61825179364547, 36.23070984136343], [-115.61811690743824, 36.23087810086241], [-115.6179717085483, 36.23120617256689], [-115.61793036301941, 36.231618323293105], [-115.61790988762593, 36.23227438738634], [-115.61787685387498, 36.23230754813663], [-115.61769196465072, 36.23249313619754], [-115.6173925021676, 36.23268110268683], [-115.6173702140886, 36.232695092525454], [-115.61712107455891, 36.23275404072706], [-115.61698611283617, 36.232762489585305], [-115.61694465694019, 36.23293072139525], [-115.61696548631079, 36.23308211314098], [-115.61700705291678, 36.233174622354085], [-115.61693441555778, 36.2332587528463], [-115.61663343061262, 36.233477522989254], [-115.6161871983719, 36.2339402517044], [-115.61585514668933, 36.234360892714676], [-115.61538809517417, 36.23471428061076], [-115.615211697679, 36.2349582470633], [-115.61501462216096, 36.23542090375822], [-115.61492129317593, 36.23569849192902], [-115.61477603610582, 36.2359340377509], [-115.61463073012543, 36.236051830073556], [-115.61443347857217, 36.23608552569558], [-115.61427772668142, 36.236043511056494], [-115.61415310592923, 36.23595943318245], [-115.61404922333578, 36.23580806146509], [-115.61387267531394, 36.23568194159327], [-115.61374804794225, 36.235581041645894], [-115.61379987781105, 36.23537075335335], [-115.61385173354972, 36.23522775342259], [-115.61386203056237, 36.23500906485115], [-115.61376847746095, 36.23471470350056], [-115.61358145860092, 36.23435307821815], [-115.61337364879988, 36.233915757702455], [-115.61305164260877, 36.233486876935686], [-115.61250119052833, 36.23293188695404], [-115.61228979444964, 36.23274058925644], [-115.61179498778179, 36.23229282054217], [-115.61153533574627, 36.23199849669808], [-115.61119263995602, 36.231729425026586], [-115.61096419392173, 36.23159490201511], [-115.61084996235869, 36.23150240740682], [-115.61075642361929, 36.23120804352167], [-115.61078751040027, 36.23103981618371], [-115.61069402225142, 36.23088843904074], [-115.61066276560224, 36.230568828302964], [-115.61062118447418, 36.230409028394554], [-115.61057958489894, 36.230198762581125], [-115.61051705698833, 36.22950907415205], [-115.61048585394154, 36.229340860977466], [-115.61036120447892, 36.22913061476571], [-115.61020541964628, 36.22894560701062], [-115.60995620854544, 36.22877744243533], [-115.6096550465868, 36.22847471272702], [-115.6090838942977, 36.22792812103112], [-115.60886582210077, 36.22772630411078], [-115.60876193881542, 36.22750764000603], [-115.60867879634036, 36.227221682923705], [-115.60851256823385, 36.22681798976851], [-115.6083567682334, 36.22655728110498], [-115.60816982941, 36.22630498953027], [-115.60800367869957, 36.2261368035458], [-115.60782713852879, 36.2259349752008], [-115.60737029247932, 36.225665915608815], [-115.60697577184355, 36.22552300724268], [-115.60588565152948, 36.225102666684435], [-115.60487857976999, 36.22464865698314], [-115.6043594588053, 36.22435436450993], [-115.60396492042291, 36.22409369172012], [-115.60344581085273, 36.22381621603301], [-115.60294739352831, 36.22324434983841], [-115.6026566436433, 36.22287431198263], [-115.60235548765495, 36.222386521451874], [-115.60213739378517, 36.22195759390719], [-115.60161818931758, 36.22118386049003], [-115.60137938316004, 36.22093156598685], [-115.6009433541284, 36.22068771192133], [-115.6003100948325, 36.22041023920816], [-115.59987408617378, 36.220233668889506], [-115.59952112936821, 36.220099140905226], [-115.59883603853335, 36.22012446503356], [-115.59838968860886, 36.220124522009215], [-115.59804714475838, 36.22014979714296], [-115.59787069962799, 36.22025075155574], [-115.59769424174867, 36.2202844162388], [-115.59754891930254, 36.220292844430894], [-115.59742434747601, 36.22024239318399], [-115.59726279030323, 36.22009015703502], [-115.59691563156518, 36.21976302384244], [-115.59662495111016, 36.2195527807991], [-115.59600207578205, 36.219149119568165], [-115.59578407887926, 36.219056621315914], [-115.59564913970027, 36.21907345696955], [-115.59563877034964, 36.21914074661782], [-115.59570107200173, 36.219275316457676], [-115.59617863355857, 36.21973787265663], [-115.59627206523155, 36.21979673942106], [-115.59630322016552, 36.21988084631593], [-115.59635517837184, 36.22022569257467], [-115.59628253667256, 36.220351865844776], [-115.59618913846252, 36.220494862990044], [-115.59616841154377, 36.22070514085338], [-115.59620996750971, 36.220915412022286], [-115.5962515167857, 36.22108362804573], [-115.59591940859632, 36.221478981221], [-115.59573260030326, 36.22173133144121], [-115.59557690914575, 36.22183227939294], [-115.59531743068938, 36.22205099208661], [-115.59523439769946, 36.22212669976197], [-115.59507871754356, 36.222303346447205], [-115.59498531246398, 36.22243793176449], [-115.59495418404308, 36.22253045586231], [-115.59505801729225, 36.22271548877826], [-115.5953383285472, 36.22294255824025], [-115.59553559467491, 36.22316963553088], [-115.59566019083304, 36.223346254043314], [-115.5957536505544, 36.22356493076258], [-115.59585750716111, 36.22387612826571], [-115.59594058052998, 36.22404433906058], [-115.59602363955993, 36.22412844049044], [-115.5961586065585, 36.224229358892785], [-115.59637662523751, 36.22436391148032], [-115.5968126475229, 36.22453208357718], [-115.59711372865434, 36.22474232479047], [-115.59727983855707, 36.224834826587504], [-115.59731100255397, 36.22495257650445], [-115.59727987289133, 36.22502827949018], [-115.59720721598629, 36.225078754770465], [-115.59709303402221, 36.22512923388561], [-115.59662589286597, 36.2251208758345], [-115.59642865962316, 36.22514613009144], [-115.59574355299681, 36.22535647855746], [-115.59554632391246, 36.22540696477571], [-115.59539060716483, 36.225390158884785], [-115.59499612717006, 36.22536496455226], [-115.5947885096179, 36.225373395439], [-115.59459127032984, 36.22536500331269], [-115.59424868949796, 36.225289335690356], [-115.59399953214023, 36.2251800154431], [-115.5932832318253, 36.225037090156064], [-115.59304447181985, 36.22504552060157], [-115.59279532511145, 36.22499507371573], [-115.59129004325175, 36.22447370035608], [-115.59115509156895, 36.22445688756881], [-115.59097861943239, 36.22448213238864], [-115.5907813926671, 36.22456625411962], [-115.59059454965126, 36.22470084263664], [-115.59034542961882, 36.224919543816895], [-115.59026241772172, 36.22532327703259], [-115.59034553917012, 36.2261475514537], [-115.59037669368945, 36.22628212572804], [-115.59043899807776, 36.2264839866461], [-115.59062588852312, 36.22681200525556], [-115.59079201671665, 36.22713161311282], [-115.59095814871027, 36.22747645413033], [-115.5909996836505, 36.227577383307626], [-115.59108274527469, 36.2277035431954], [-115.59120732850343, 36.22777923438674], [-115.59139419824594, 36.22785492126976], [-115.5915706848788, 36.22789696433338], [-115.59170565420959, 36.22802312019913], [-115.59175757689044, 36.22817451428667], [-115.59167453689555, 36.2282670410845], [-115.59148768922674, 36.22842686341645], [-115.59132161359926, 36.228679205045175], [-115.5912385917508, 36.22897359604661], [-115.59121784202186, 36.229099762620784], [-115.5913320572484, 36.22929320781394], [-115.59166430648685, 36.229688502408465], [-115.59174737051109, 36.22980625095752], [-115.59171623377874, 36.22987354160311], [-115.59163318549656, 36.22991560245219], [-115.59146708107194, 36.22991561385286], [-115.59107257629131, 36.2298567623773], [-115.59062616793116, 36.22982314617174], [-115.59029395500241, 36.22977270005116], [-115.590107085719, 36.22975588910439], [-115.58989945322347, 36.22973066727241], [-115.5895464852276, 36.22976433033978], [-115.58930771428649, 36.229823219219554], [-115.58910009050895, 36.22991575125798], [-115.5889651341629, 36.229957812743606], [-115.58869521590843, 36.22998305763041], [-115.58851872723629, 36.22995783290619], [-115.58794774331345, 36.22995785626798], [-115.58754286414381, 36.22998310367907], [-115.58688883594294, 36.23017657852039], [-115.58673311449927, 36.230227048933116], [-115.58653586525199, 36.23025228686345], [-115.58626594739948, 36.23033640389347], [-115.58618289753699, 36.23042892684725], [-115.58609984533737, 36.23042892879336], [-115.5860271742356, 36.230420519617425], [-115.58593373815744, 36.23037846662209], [-115.58574686475323, 36.23024389451987], [-115.58550808527113, 36.2301093230756], [-115.5851031999981, 36.229932698655844], [-115.5849059490554, 36.22980653621531], [-115.58471907980854, 36.22973083922411], [-115.58451144810321, 36.22963832048031], [-115.58420000169328, 36.22952056876842], [-115.58382626765538, 36.22941122824838], [-115.58344215343223, 36.22931029740167], [-115.58290231844167, 36.229217774787], [-115.582341722463, 36.22902431866191], [-115.58188494433007, 36.2288308612095], [-115.58166693789546, 36.228704693152416], [-115.58149045751775, 36.22854488110578], [-115.58126207183483, 36.22840189047565], [-115.58043157566776, 36.228132720172894], [-115.58007861247498, 36.22809906774106], [-115.57981908147113, 36.22806541615044], [-115.57965298174699, 36.22804858858001], [-115.57946611552688, 36.228099049491526], [-115.57934153565978, 36.22819156638064], [-115.5792065684184, 36.22837660376226], [-115.57904045206216, 36.22865416084883], [-115.57898853215313, 36.22888966772866], [-115.5790196647908, 36.22910835503451], [-115.57912346694467, 36.22933545573876], [-115.57923765536061, 36.229478446570035], [-115.57968404710502, 36.229722380588484], [-115.57995395902537, 36.22989060877868], [-115.58019273078528, 36.2299915470816], [-115.58025501623506, 36.23008406965783], [-115.58006814030696, 36.230260696673575], [-115.57987088363514, 36.23042891045782], [-115.57969438821229, 36.23058871461605], [-115.5795178927746, 36.23075692934069], [-115.57939331213154, 36.23078215869328], [-115.57915453048423, 36.23084102730195], [-115.57880155095131, 36.23090830198965], [-115.57837589572513, 36.231017628599865], [-115.57811635021575, 36.23106808344093], [-115.57798138260122, 36.23114377675294], [-115.57788793999482, 36.23126152686338], [-115.57787754569162, 36.23142974659916], [-115.57790866112504, 36.231867120177384], [-115.57793979193512, 36.232085807654975], [-115.57793977806088, 36.23228767205775], [-115.57797091260983, 36.23243907108036], [-115.57808510231396, 36.2325988854956], [-115.57825120369874, 36.2327334686296], [-115.57841730834622, 36.23284281814452], [-115.57857302645009, 36.23300263378385], [-115.57867683695079, 36.233154036377925], [-115.57867683445492, 36.23319609141739], [-115.5785626304046, 36.23323814195354], [-115.57844842989753, 36.23322131478512], [-115.57829270293678, 36.233179253281136], [-115.57791895797342, 36.2330951268594], [-115.57774246748178, 36.23306147542539], [-115.577327200815, 36.23291005677844], [-115.5770988100199, 36.23276705830591], [-115.57678737284188, 36.23252312223079], [-115.57628908418306, 36.232052077582814], [-115.57598803267463, 36.23183337339946], [-115.57553125609076, 36.23160624756244], [-115.57514714793663, 36.23144641251172], [-115.5747215077778, 36.23134545085461], [-115.57447234794788, 36.231328610091694], [-115.57432700176207, 36.23135383262645], [-115.57411936024099, 36.23141269352193], [-115.57380789380375, 36.231530423444894], [-115.57357947685297, 36.23168180357677], [-115.57309149003409, 36.23201820227287], [-115.57291496385186, 36.2322789281349], [-115.57273844215042, 36.23250601041134], [-115.57271766063165, 36.23264058452791], [-115.57282142782839, 36.23302749989701], [-115.57292523284848, 36.233136851538795], [-115.57310171048081, 36.23325462105638], [-115.57323665069417, 36.233448085158884], [-115.57333006754602, 36.23361631315619], [-115.57339234352348, 36.23374248345625], [-115.57345462816899, 36.233801366207175], [-115.57354806163553, 36.23384342892305], [-115.573568806543, 36.23400323902721], [-115.57350650790367, 36.234045288958036], [-115.57339230411165, 36.23405369034626], [-115.5732884843138, 36.2340452708453], [-115.57315352113169, 36.23402002695464], [-115.57306008876732, 36.233969552204236], [-115.57297704170186, 36.233902257528285], [-115.57285246408681, 36.23384336998844], [-115.57249948080343, 36.233792871772316], [-115.5721672639304, 36.233733964529435], [-115.57184543060178, 36.233666645633164], [-115.57163779113107, 36.233658214682656], [-115.57131595341676, 36.23362453947152], [-115.57110831018517, 36.233641340082606], [-115.57095257040761, 36.23370020075286], [-115.57075530309298, 36.233759057761254], [-115.57056840526289, 36.23388520306531], [-115.57046455703734, 36.234053411170756], [-115.57031919086089, 36.23415432806181], [-115.57017383247307, 36.23421318884229], [-115.56980008259394, 36.23417950293279], [-115.56904220039509, 36.23412053809836], [-115.5687203498299, 36.2341457325915], [-115.56850231802039, 36.23418776078857], [-115.56823236248236, 36.23429706955372], [-115.5680039365929, 36.234397973112614], [-115.56734976186834, 36.234894136106], [-115.56706941222564, 36.23503708504562], [-115.56679941634586, 36.23531461155564], [-115.56669556885193, 36.23543235140253], [-115.56669553854869, 36.23557533811478], [-115.56671627530747, 36.23570991688637], [-115.56673701991537, 36.235802440632035], [-115.56663318420735, 36.23586130284811], [-115.56645668149207, 36.23587810062437], [-115.56626980462191, 36.23585284073955], [-115.565688424116, 36.23572659133065], [-115.56549116385986, 36.2357097404222], [-115.56514854731681, 36.235709688827335], [-115.56495127257689, 36.23576012451929], [-115.564691694789, 36.23584419438878], [-115.564390588913, 36.235919846301165], [-115.5641621595307, 36.23599550912446], [-115.56403756453687, 36.236020721561665], [-115.56366378762237, 36.236071126526454], [-115.56345612888371, 36.23612155894329], [-115.56310309589941, 36.236247663910994], [-115.56208553029346, 36.23659233844359], [-115.56157672843436, 36.23681934460119], [-115.56143135856423, 36.23687819473069], [-115.5612548442454, 36.23692021729437], [-115.56106793428883, 36.23701270349667], [-115.5609329400304, 36.23708837749456], [-115.5608942789918, 36.237166625501764], [-115.56087060922574, 36.237214530838045], [-115.5609017152165, 36.23735752334736], [-115.56102626553782, 36.237500534208486], [-115.56121311856904, 36.237618322207545], [-115.56139998279791, 36.23769405580926], [-115.56163876371504, 36.23776138772413], [-115.56175294409442, 36.23786234003145], [-115.56184634047493, 36.23803057686461], [-115.56178400577122, 36.23817355230439], [-115.56163860797965, 36.23832492439392], [-115.56148284245387, 36.2384174168666], [-115.56117129367996, 36.23866127783554], [-115.56096361579216, 36.23874534917812], [-115.56072478886007, 36.238829414275756], [-115.56047558135904, 36.23890506609289], [-115.5602263794423, 36.23896389485111], [-115.55990447970676, 36.23908158640995], [-115.5597175644319, 36.23916565964802], [-115.55933334608912, 36.2393506247982], [-115.55887642049647, 36.23961968475322], [-115.55814950419183, 36.239989617129986], [-115.55764065517766, 36.240258660491236], [-115.55749525937966, 36.240367972503584], [-115.55731872674868, 36.24043522258273], [-115.55709024367752, 36.24061180343817], [-115.55693444845839, 36.24076316656392], [-115.55628005220538, 36.241545242480555], [-115.55599961180636, 36.241822741944254], [-115.55570880832992, 36.242041360838144], [-115.55543876315393, 36.24227680548844], [-115.55522066853095, 36.242411330166306], [-115.55497142308786, 36.24254584706163], [-115.55443144090849, 36.242697116070914], [-115.55382913524663, 36.242907243879806], [-115.55354875153499, 36.24299969514646], [-115.55286324488127, 36.24354623706274], [-115.55242695510158, 36.244025551351086], [-115.55217768750653, 36.244193706530275], [-115.55194923463121, 36.244235701770094], [-115.55177266937595, 36.24435340938142], [-115.55131571621055, 36.24455515102327], [-115.55092105689637, 36.244765319520084], [-115.5507133728659, 36.24479890721026], [-115.548937698721, 36.24501709539418], [-115.54869886953684, 36.24503384810363], [-115.54837699132912, 36.24500852204347], [-115.54808626814514, 36.2449747925895], [-115.54797204953974, 36.24497475887959], [-115.54775396513523, 36.245041981597616], [-115.54691271529472, 36.245437045512], [-115.54663228406157, 36.245596767889836], [-115.54624799946002, 36.24579010249365], [-115.54585335251252, 36.24593296595281], [-115.54538604731448, 36.24601692851481], [-115.54517836579011, 36.24603368406936], [-115.5445656969435, 36.2461007753528], [-115.54427494094809, 36.246125914096375], [-115.54383882676579, 36.24612577090163], [-115.54361042452875, 36.246049996190905], [-115.54315363318301, 36.245873213035836], [-115.54255149152276, 36.24566273452797], [-115.54198044559442, 36.24556160696556], [-115.54163782298733, 36.24549419975217], [-115.54114978530005, 36.24551085026518], [-115.54043325692652, 36.24561993866992], [-115.5401631999093, 36.24577123878572], [-115.53980438923985, 36.24606992050101], [-115.53979207519569, 36.24609217329782], [-115.53958125244905, 36.2466037154277], [-115.53945653511371, 36.246805533641385], [-115.53930067945548, 36.24698210693642], [-115.53913447739428, 36.24709138793994], [-115.53881243164223, 36.24735200894082], [-115.53822023766499, 36.24789850120899], [-115.53798126732984, 36.24814232872438], [-115.53757395042311, 36.24868882277561], [-115.5375343408413, 36.24873922467818], [-115.53750024575034, 36.248785902762215], [-115.5374947946749, 36.24879336512756], [-115.53745275843849, 36.24885091507608], [-115.53739598370647, 36.248943644669694], [-115.53730825353301, 36.24908693440807], [-115.53706278042331, 36.249487866162205], [-115.53699227141368, 36.24959214923727], [-115.53696445688166, 36.2496332884866], [-115.53694089874622, 36.24968339807982], [-115.53692586586666, 36.2497153725895], [-115.53679634992709, 36.24996389251458], [-115.5367702313445, 36.25003063431249], [-115.5366293993041, 36.2502936423197], [-115.5365412635422, 36.25045350595641], [-115.53649322326618, 36.25055639961241], [-115.53644480813533, 36.25067933770385], [-115.53638291749652, 36.25085821962216], [-115.53629290543286, 36.25111864782337], [-115.53624092773723, 36.25124159613615], [-115.53617111976497, 36.25137290042794], [-115.53604383992797, 36.25153807212472], [-115.53579261204067, 36.25178644897113], [-115.53564808779697, 36.25192546527238], [-115.53551469513741, 36.252038789283446], [-115.53535297990379, 36.25214891844416], [-115.53512327686259, 36.25228979350644], [-115.53471495173847, 36.25251263429814], [-115.5346526181241, 36.252546655018485], [-115.53416795512362, 36.2528111689392], [-115.53314792400326, 36.253377726163386], [-115.53281458540708, 36.25355756899013], [-115.53222531420059, 36.253852611385284], [-115.53203017405382, 36.25395031463343], [-115.53124640687086, 36.2543448462392], [-115.53115799511788, 36.254389351040906], [-115.53091416284389, 36.254524302069555], [-115.53076400281296, 36.25458565246813], [-115.53071946033486, 36.25459836264017], [-115.53071856189383, 36.254598985033255], [-115.53071591652532, 36.254599373224934], [-115.53053209906838, 36.254651821845854], [-115.5303579403329, 36.254669785871116], [-115.53012366220679, 36.25467553482995], [-115.52978941784005, 36.254688682339314], [-115.5294846227918, 36.25469955831873], [-115.52916577557708, 36.254714859680654], [-115.52889174902967, 36.2547242456362], [-115.5285465570986, 36.25461871152746], [-115.52853574083528, 36.254615404262694], [-115.52834953788327, 36.25457472851986], [-115.5281138569523, 36.25450575092147], [-115.52807745588399, 36.25449231126619], [-115.5279046778069, 36.25442851674852], [-115.52775314306321, 36.254369570855665], [-115.52771255643107, 36.25435682043014], [-115.52744500061056, 36.25426324592502], [-115.52737769706711, 36.254239707129464], [-115.52728858174599, 36.25421939008806], [-115.52709948425242, 36.25419360658747], [-115.52691038799757, 36.25416782098594], [-115.52669787383313, 36.25412893823457], [-115.52648319890392, 36.25406233504081], [-115.52630751093277, 36.254026076511714], [-115.52621816737668, 36.254014274810984], [-115.52599508771051, 36.25397743348583], [-115.52565364060139, 36.25393272238117], [-115.52520219685641, 36.253858907559234], [-115.52487958023772, 36.25379308807537], [-115.52479737413796, 36.25377884181058], [-115.52447931362275, 36.25372527465152], [-115.5242403026392, 36.25369457889516], [-115.52405376862184, 36.25367523153082], [-115.52384050975657, 36.25367260025014], [-115.52370079746314, 36.25368364172903], [-115.52358965026075, 36.2537121263766], [-115.52347280165604, 36.25376612616697], [-115.52332121038732, 36.25384531737498], [-115.5229810491093, 36.2540138326395], [-115.52275110933643, 36.25413147747016], [-115.52245810073136, 36.254309092858804], [-115.52213060965744, 36.25450551052878], [-115.52192055561598, 36.25461384373229], [-115.5218198026472, 36.25464881050622], [-115.52171936668937, 36.254671080950104], [-115.52160990525702, 36.25468145689484], [-115.52148863078735, 36.25468848646828], [-115.52135217259435, 36.254665460997394], [-115.52121075162155, 36.254625319185116], [-115.52102466695256, 36.25457497933618], [-115.52096066111642, 36.25455289512718], [-115.52075898643973, 36.254497142626356], [-115.52059086517554, 36.25447584370571], [-115.52041970115128, 36.25448012773935], [-115.52030621787672, 36.254493661184235], [-115.52019229283793, 36.25453063762469], [-115.52005724369015, 36.254571590070384], [-115.51994880027331, 36.254595877276174], [-115.51979567480387, 36.25461743049189], [-115.51965071410649, 36.25462628333894], [-115.5194167472055, 36.254608460003695], [-115.51891147366825, 36.2545243991355], [-115.51873057277386, 36.254483774366925], [-115.51855519869586, 36.254430398227015], [-115.5183905788578, 36.25436222766003], [-115.51821806235128, 36.254296131832945], [-115.51805341726417, 36.25423225000463], [-115.51796825735732, 36.25420882054709], [-115.51786308871498, 36.25420111742522], [-115.51776281517346, 36.25421480349815], [-115.51764117780988, 36.25424104437975], [-115.51754613427198, 36.2542547412547], [-115.5174723066123, 36.25426240842091], [-115.51738020061084, 36.254259095017616], [-115.51722576049244, 36.25421244034118], [-115.51678018746748, 36.25410451757835], [-115.51647216659184, 36.25403352909375], [-115.51633579252932, 36.25400626280546], [-115.51622007148698, 36.25399630992971], [-115.51600691961094, 36.2539914935467], [-115.51580658553257, 36.2540039364282], [-115.51549765016689, 36.254051308041866], [-115.51522599900848, 36.254073511865855], [-115.5149946189744, 36.25405787508293], [-115.51486964439815, 36.25405524306506], [-115.51479050619491, 36.25406066133576], [-115.51468497522892, 36.2540721156409], [-115.51454771377927, 36.254091749703285], [-115.5144221053707, 36.254118965626674], [-115.51420012241063, 36.254163176274986], [-115.51404320196247, 36.254183069681204], [-115.51383963997812, 36.25421690211278], [-115.51366662590688, 36.254249658734096], [-115.51348836252498, 36.25427507737875], [-115.51341101792717, 36.25428037501152], [-115.51323083278518, 36.25429563015511], [-115.51315636773064, 36.254292570789346], [-115.51311628518023, 36.2542937234442], [-115.5129476336431, 36.25428580927664], [-115.5127952774868, 36.25427082488453], [-115.51258345791135, 36.25423794256511], [-115.5123762513349, 36.25419486275935], [-115.51224518912991, 36.25416336612842], [-115.51210861525703, 36.25414673998635], [-115.51192747565788, 36.25411891205392], [-115.5117591951253, 36.2541061727524], [-115.51155131303412, 36.25409930476394], [-115.5112509753088, 36.25411049657306], [-115.51116932832863, 36.25411377128433], [-115.511050791581, 36.254114414432], [-115.51088731145944, 36.25412730936382], [-115.51054722032508, 36.25415294095425], [-115.51028086424378, 36.25417519084612], [-115.51017393142862, 36.25418310907837], [-115.50987866652429, 36.254209604371255], [-115.50958856053242, 36.254235856064874], [-115.50931691704946, 36.254258101451164], [-115.50913491688249, 36.25427499955539], [-115.50887397743914, 36.25429096771406], [-115.50864211529608, 36.25430083283413], [-115.50839209568072, 36.25429559861199], [-115.50821067458742, 36.254282698274665], [-115.50796780988078, 36.25424660404042], [-115.50783683138059, 36.25421082242885], [-115.5077114334346, 36.25416022706906], [-115.50755778364399, 36.254068775537846], [-115.50742508281718, 36.253986058843694], [-115.50732084879522, 36.253929317116565], [-115.5071380719357, 36.25385026714583], [-115.50701267507075, 36.25379961607334], [-115.50682427603309, 36.253737596330645], [-115.50670365150017, 36.25371051570086], [-115.50654844816464, 36.25370428743128], [-115.50619298206327, 36.25370625966015], [-115.50613712076058, 36.253735418963984], [-115.50609332915656, 36.253770831944415], [-115.5060610576226, 36.2537909476221], [-115.50593570704466, 36.253874679821955], [-115.50584242365821, 36.25393323813325], [-115.50573881525192, 36.25398102021376], [-115.5056354665656, 36.25401811492977], [-115.5054715496473, 36.25405446173555], [-115.5053207087328, 36.254079801334385], [-115.50526823899175, 36.25408173280622], [-115.50510540736369, 36.254060524630496], [-115.50496068293029, 36.25402718507936], [-115.50495761321578, 36.25402784100641], [-115.50467400164325, 36.25408844654448], [-115.5044558126706, 36.25419764501185], [-115.5040818931044, 36.25426468602395], [-115.50305370901124, 36.25435652093615], [-115.50230590231692, 36.2544569480581], [-115.50188017038427, 36.25441460403476], [-115.50157899541232, 36.25443122106081], [-115.50124659404187, 36.25451510316481], [-115.50064409114601, 36.25469131847519], [-115.50037397079731, 36.254800473571116], [-115.50004140698363, 36.2550357501086], [-115.49965680801412, 36.25537191974735], [-115.49920995154473, 36.25565757960087], [-115.49896060437351, 36.25575833620023], [-115.49866967223356, 36.25590111681538], [-115.49812922516652, 36.25629604842464], [-115.49719371477309, 36.25707759822501], [-115.49704817596621, 36.25721206868612], [-115.49692348878521, 36.25727085601407], [-115.49669496027248, 36.25732115634967], [-115.4964456884236, 36.257346207908505], [-115.49579148053053, 36.25729526525269], [-115.49552154216644, 36.25722778015953], [-115.49528275899671, 36.25716031649372], [-115.4951373680416, 36.257160209378966], [-115.49491926154182, 36.25717686994233], [-115.49452449272411, 36.25729433126433], [-115.49409861573086, 36.25736971322337], [-115.49385969059576, 36.25742841117381], [-115.49366229529849, 36.25749555147899], [-115.49345433163242, 36.25772249123136], [-115.49274717690943, 36.25855464303685], [-115.49268464060737, 36.25874804830297], [-115.49268458859855, 36.258793061123086], [-115.49268447539785, 36.25889103428324], [-115.49267390559116, 36.2590508348517], [-115.49261129201393, 36.259311527207146], [-115.4925071846826, 36.259530133179304], [-115.49242403356705, 36.25958894732297], [-115.4922785882009, 36.25963089062518], [-115.49213318178825, 36.2596391915327], [-115.49155162583031, 36.25961351343219], [-115.4907415014216, 36.25966335467104], [-115.49050263646784, 36.25966316952391], [-115.49029490728348, 36.25967983059791], [-115.49018061746852, 36.25972179647911], [-115.4900455259101, 36.259788978388976], [-115.48925560444933, 36.260309839264025], [-115.4886631922757, 36.2606710437364], [-115.4878421271565, 36.2611666372781], [-115.48717696015329, 36.26156141935785], [-115.48677158697558, 36.26183024327003], [-115.4865429234406, 36.2619730453718], [-115.48629346825244, 36.26213265173191], [-115.48622067336193, 36.26220829059921], [-115.48604402136912, 36.2622838458893], [-115.48576344809479, 36.26240978178626], [-115.48529597039413, 36.26250191993727], [-115.48503622963966, 36.26257740560035], [-115.48474527751978, 36.26269491978845], [-115.48448548371913, 36.262812458119235], [-115.48425677067335, 36.262988898908525], [-115.48400729696, 36.26315691123421], [-115.48382026455226, 36.26322404382274], [-115.48283318196195, 36.263551245263265], [-115.4823864006229, 36.26369385589335], [-115.48225136170701, 36.263710563405574], [-115.48213710513382, 36.263718877570035], [-115.481950178501, 36.26370189770687], [-115.48169059404987, 36.263651211803776], [-115.48151405455278, 36.26363423918449], [-115.48130632391897, 36.263642473846424], [-115.48107779978689, 36.26366751103213], [-115.48087003606153, 36.26370097724967], [-115.4806622941785, 36.263717620662426], [-115.4803298544136, 36.26378462287535], [-115.47998704934326, 36.26383479274542], [-115.4798311925937, 36.26388512355689], [-115.47965448622091, 36.26399431335648], [-115.47937389660092, 36.26412023420312], [-115.47895823083275, 36.264288091387364], [-115.47814780221319, 36.26452288773565], [-115.47775296010445, 36.26464870423187], [-115.47757629448525, 36.26472424696305], [-115.47718130358828, 36.264959403358894], [-115.47668232151344, 36.26528698701761], [-115.47639131357994, 36.26542971309802], [-115.47608996345782, 36.265538786082935], [-115.47591324816136, 36.26564796940895], [-115.47572612214, 36.26577396556114], [-115.4753312593963, 36.2659081847872], [-115.47494676975897, 36.266050823784475], [-115.47456222040634, 36.266235515369495], [-115.47421927226398, 36.26637818888899], [-115.4738660071674, 36.26647038642087], [-115.47324257890857, 36.266646444094725], [-115.47301405420399, 36.266663055977475], [-115.47279590482684, 36.26668808688736], [-115.4726193129627, 36.266704746001295], [-115.47248425380985, 36.26672985322922], [-115.47224520069375, 36.266847384992516], [-115.47143412563523, 36.267502682862116], [-115.47092448805503, 36.26799004066618], [-115.47066453412145, 36.26819165823021], [-115.47047744313522, 36.268284003045586], [-115.47028009757764, 36.26828381666507], [-115.46984393399998, 36.26823293713886], [-115.46922087324629, 36.26813982397974], [-115.46866015885327, 36.268029945822], [-115.46834862364196, 36.26798759194658], [-115.46805778725172, 36.26799572275393], [-115.46744481968737, 36.2681044731374], [-115.4665825721495, 36.26821297639328], [-115.46633318094158, 36.2682884314423], [-115.46604221745316, 36.268380666752876], [-115.46575124178534, 36.26848131211416], [-115.46554344620436, 36.26852316240736], [-115.46529414162858, 36.26853973906163], [-115.4649202613231, 36.26851413625674], [-115.4645360330862, 36.26846328968782], [-115.46404793923807, 36.26841233833717], [-115.46381949832252, 36.268370055515064], [-115.4634766756271, 36.2684117672115], [-115.46310265470733, 36.26847867888293], [-115.46199088346552, 36.26873829542054], [-115.4614504380736, 36.26895643044696], [-115.46095160237252, 36.26913255084872], [-115.4606605779462, 36.26925841696883], [-115.46048391077755, 36.26931711282956], [-115.46027614978999, 36.26933372078303], [-115.45980866849048, 36.269383704396056], [-115.45954890710571, 36.26944231302288], [-115.45922683834677, 36.2694924447732], [-115.45886310177706, 36.269618231033334], [-115.4585825513158, 36.26968522578888], [-115.45837476215581, 36.269718652849335], [-115.45814623997121, 36.26972682463694], [-115.4580007441361, 36.26977713777512], [-115.45778248712507, 36.26986101835602], [-115.45732509038915, 36.270096044276634], [-115.45685724890429, 36.27036470046753], [-115.45642040202775, 36.27073431963442], [-115.45594192097283, 36.27115435834714], [-115.45546351708127, 36.2715239287878], [-115.45509958627689, 36.27175904601222], [-115.4546110087549, 36.27199402712259], [-115.45417437772625, 36.27222065157074], [-115.45351934876213, 36.27260684570673], [-115.45308261337681, 36.272892343185], [-115.45271857213667, 36.27318632923148], [-115.45230246417255, 36.27355595489674], [-115.45221925291385, 36.273623151613535], [-115.45190745075155, 36.27373215110165], [-115.45148118936501, 36.27395877703013], [-115.45110700420328, 36.27410135048444], [-115.45067037979523, 36.27431114052101], [-115.45055599057545, 36.274386712243185], [-115.45048283787283, 36.274555161704285], [-115.45051369583581, 36.274757442728394], [-115.45058612046407, 36.27499347962674], [-115.45067327119112, 36.27580674427616], [-115.45063689846249, 36.27582527483217], [-115.45019330032797, 36.27605302326881], [-115.45011489778352, 36.276093275521426], [-115.44864589841583, 36.276724274788435], [-115.44717189753834, 36.27726427578105], [-115.44658589752024, 36.27735827593556], [-115.44623689710676, 36.27741427583756], [-115.4456549718936, 36.27771636123471], [-115.44551466199609, 36.27778919709758], [-115.44542589748993, 36.27783527552269], [-115.44405226730365, 36.27884676334771], [-115.44379489690276, 36.27903627582762], [-115.44299189729001, 36.2793952753817], [-115.44274489720277, 36.279374275621244], [-115.4409618968539, 36.278835275753664], [-115.44054014743493, 36.27878400554307], [-115.43973324973423, 36.27868591188112], [-115.43968689693476, 36.2786802763803], [-115.43862189665413, 36.278856276171354], [-115.43857589655802, 36.278842276778285], [-115.43838089668363, 36.27878127620466], [-115.43837955724379, 36.27878085728798], [-115.43812189666922, 36.278700276599935], [-115.43766889690696, 36.27855827591461], [-115.43709789590973, 36.27837927588834], [-115.43602289629597, 36.27828427554985], [-115.43591989546671, 36.27827527641555], [-115.43542189566743, 36.2783412760947], [-115.43532089629197, 36.278319277038385], [-115.43499789605984, 36.2782512762368], [-115.43482589583219, 36.27843627693841], [-115.43446389576992, 36.27853427648643], [-115.43393389600176, 36.27867627661501], [-115.43360442235763, 36.27869876700545], [-115.43157170762125, 36.27883750120523], [-115.43075458988099, 36.27889326018182], [-115.43000689438001, 36.27894427714384], [-115.42934589479162, 36.27922927719094], [-115.42889947013795, 36.27947987678242], [-115.42709589469597, 36.28049227706102], [-115.42704221903786, 36.280497983229985], [-115.42638869120044, 36.28056745605397], [-115.42628689441163, 36.2805782774781], [-115.42573512344804, 36.28079962263233], [-115.42559389484829, 36.28085627659108], [-115.42555389469821, 36.280873277853736], [-115.42480189394647, 36.280795277886455], [-115.42458089403571, 36.28094327691208], [-115.42455324618471, 36.28081805052604], [-115.42449949168103, 36.28057458109422], [-115.42429595602553, 36.279652691559214], [-115.42420919242984, 36.2792597015221], [-115.42390033224848, 36.2778607012935], [-115.42385221455842, 36.277642747027], [-115.42378389443354, 36.27733327673479], [-115.42377923277826, 36.27591109287618], [-115.42377866279887, 36.27573718717272], [-115.42377313584666, 36.27405106145961], [-115.42377255458764, 36.27387395253195], [-115.4237667647669, 36.272107565885925], [-115.42376632041638, 36.27197203231828], [-115.42376023820876, 36.27011637722228], [-115.42376000801215, 36.27004626436789], [-115.42375378063338, 36.2681460535785], [-115.42375335596147, 36.26801672077109], [-115.42374764503246, 36.26627409572041], [-115.42374691545734, 36.26605175278131], [-115.42374663933364, 36.26596756808877], [-115.42374141105077, 36.264372329909975], [-115.42374107397879, 36.26426942005465], [-115.42373637044433, 36.26283422390569], [-115.42373483018737, 36.262364335968634], [-115.42373403782837, 36.26212254220252], [-115.42373303323407, 36.26181604049653], [-115.4237327263052, 36.2617223877201], [-115.42372213842953, 36.25849170401796], [-115.42368883152155, 36.24832860604552], [-115.42365556304522, 36.23817572855313], [-115.42365395313703, 36.23768448709165], [-115.42361522120362, 36.22586289762301], [-115.42359579417236, 36.21993297182136], [-115.4235527437539, 36.20679043272159], [-115.42352705543719, 36.19894777044501], [-115.4234928857794, 36.188514267314105], [-115.4234791809327, 36.188514869104104], [-115.42344357835545, 36.188516431267225], [-115.42341283390745, 36.1885177808955], [-115.42336140709136, 36.18852003842186], [-115.42333777470662, 36.18852107577294], [-115.42333225940814, 36.18852131805975], [-115.42312451612021, 36.18853043619995], [-115.42309273531903, 36.18853183122631], [-115.423014917331, 36.18853524658691], [-115.42224401706527, 36.188569080036565], [-115.41441788345321, 36.18891226770434], [-115.41445608571843, 36.18997449509604], [-115.41451980619482, 36.191746228053304], [-115.41454088434774, 36.19233226824071], [-115.41463548339668, 36.1945348136212], [-115.41463988373737, 36.19463726805169], [-115.40999651948493, 36.19465146553619], [-115.40853726761173, 36.19465589045688], [-115.40711938352658, 36.19466017192713], [-115.40710599453601, 36.1946602126023], [-115.40609088313511, 36.19466326801144], [-115.40607649894929, 36.19466380461174], [-115.40579007500429, 36.18890861927804], [-115.40603037778428, 36.18484067073193], [-115.40621689180941, 36.1816829657015], [-115.40652095543153, 36.17574950465161], [-115.40658707210385, 36.17445918299723], [-115.40568540817982, 36.166688189904384], [-115.3941327008552, 36.16260795569962], [-115.38669172472149, 36.15887158487806], [-115.38669089219857, 36.15887116260453], [-115.37932142522801, 36.155416706046736], [-115.37877769149202, 36.15542125116236], [-115.37481402119694, 36.15545431171922], [-115.37279829835794, 36.15547948843895], [-115.37084561670679, 36.15550384631355], [-115.37025917382819, 36.15551115480284], [-115.37025914690739, 36.15551042470301], [-115.36700696753485, 36.15548954573965], [-115.36606345807458, 36.15546847227702], [-115.36598313412152, 36.155466678037385], [-115.36583523750687, 36.155463373933664], [-115.36372378797854, 36.15544991790489], [-115.36347845906693, 36.15544835193486], [-115.36314738136616, 36.15545303335347], [-115.36299406995542, 36.155591639660024], [-115.36200670554994, 36.15648428362882], [-115.36146973538814, 36.15696972877797], [-115.36123124933826, 36.157184061553366], [-115.36118967492787, 36.157221426167524], [-115.3607944720551, 36.157576603318994], [-115.36077502620353, 36.15759407940266], [-115.36059163111385, 36.157750474159585], [-115.36043798158032, 36.15786950300522], [-115.36026434068715, 36.15799314150443], [-115.36005587402748, 36.1581273005636], [-115.35991220500009, 36.15821174199432], [-115.35969010546026, 36.15833064934492], [-115.35946063373353, 36.15843996350203], [-115.35922441868291, 36.15853938546862], [-115.35906351410746, 36.15860003359638], [-115.35881750725777, 36.15868237394449], [-115.35856652190641, 36.15875415655039], [-115.35839677182014, 36.15879604648632], [-115.35822532041863, 36.15883310563095], [-115.35796541508296, 36.15887953742335], [-115.35767292358736, 36.15892235432984], [-115.35744472370692, 36.15894744071264], [-115.35713336990796, 36.158974242506865], [-115.35712118776549, 36.15897529113717], [-115.35680317265506, 36.15897397521709], [-115.35205251445252, 36.158954211622124], [-115.35026148645713, 36.158955607761726], [-115.34624962131555, 36.158958727675675], [-115.34443599902396, 36.15896009739811], [-115.3428899547198, 36.158961243581636], [-115.34278165361214, 36.1589617660332], [-115.34120727681514, 36.15896933643384], [-115.33839477542405, 36.15896842850674], [-115.33784849926975, 36.158968244496], [-115.33745160340631, 36.15896810885244], [-115.33740819000323, 36.158967971931546], [-115.33710466771359, 36.15896798180212], [-115.33709038796476, 36.15896798488487], [-115.33643585025297, 36.15896775741916], [-115.33642702768019, 36.15896775364865], [-115.33394971817367, 36.158966858768856], [-115.33385547367446, 36.15896658043773], [-115.33358523173708, 36.15896570796241], [-115.33215537552913, 36.15896108406791], [-115.33215201346768, 36.15896107341039], [-115.33137255220814, 36.158958557081135], [-115.3306622060961, 36.15895625904816], [-115.32862730416056, 36.15894965325091], [-115.32687341195825, 36.15894393140285], [-115.32479112660637, 36.15893710484682], [-115.3231032773838, 36.15893990289132], [-115.31850549632199, 36.1589474052113], [-115.31584640811113, 36.15895166328002], [-115.31584184635251, 36.158773470265174], [-115.31582172454739, 36.15799067759223], [-115.31579035800384, 36.156770446569865], [-115.31576668646449, 36.15584952816309], [-115.31576449150634, 36.15576413793646], [-115.31575434240042, 36.15536928383678], [-115.3157487215112, 36.15515063179973], [-115.31568103930697, 36.152517405661065], [-115.31565973364177, 36.15168842969071], [-115.31561180854, 36.14980603860955], [-115.3155839333575, 36.148711163588054], [-115.31558101867226, 36.14859666240693], [-115.31556435693942, 36.14794218949764], [-115.31555321140735, 36.14750883456575], [-115.31548330906705, 36.14479069132603], [-115.31547330594766, 36.14440167092095], [-115.31541353803784, 36.14164562492118], [-115.31539425083359, 36.14075619814405], [-115.3153904013701, 36.1405746073666], [-115.31535059467495, 36.13869647239335], [-115.31531697639512, 36.13711040533086], [-115.31531360145556, 36.13696089999287], [-115.31531350178167, 36.13695590296069], [-115.31531305473526, 36.136933469495865], [-115.31529029902565, 36.13578248945629], [-115.31524550726441, 36.13347164078482], [-115.315177427907, 36.129832527375726], [-115.3149742156256, 36.129832590525645], [-115.3142351286667, 36.12983281793939], [-115.31323441614958, 36.12983311810335], [-115.31308730960346, 36.129833161244576], [-115.31255664567968, 36.12983331658057], [-115.31193948949358, 36.129833492647066], [-115.31079166943931, 36.129833814853235], [-115.3107009630402, 36.12983384007014], [-115.30982152474692, 36.12983407763799], [-115.30964384945062, 36.12983412515923], [-115.30849755480567, 36.12983446942587], [-115.30845616701788, 36.1298344357454], [-115.30797618600059, 36.129834556395906], [-115.30775088325659, 36.129834613289866], [-115.30762011105233, 36.12983464583574], [-115.30733742121048, 36.12983387494335], [-115.3073150720464, 36.12983381353169], [-115.30705345113616, 36.1298347858643], [-115.30642718580752, 36.12983493685424], [-115.30621343441804, 36.12983498781643], [-115.30620300744454, 36.12983498892951], [-115.30507592850894, 36.12983520340338], [-115.30393595171871, 36.12983541594421], [-115.30392375830486, 36.1298353920087], [-115.30392211508384, 36.12983539628737], [-115.30363287506717, 36.129835461214135], [-115.3033979398146, 36.129835501848525], [-115.30277645543919, 36.12983560616826], [-115.3021668335033, 36.12983570536568], [-115.30163079480263, 36.12983579066825], [-115.30048513645993, 36.12983596331474], [-115.30035545090597, 36.12983598238366], [-115.29985455399004, 36.12983605442418], [-115.29933947596119, 36.12983612589971], [-115.29923788269383, 36.129836139156474], [-115.29819381664328, 36.1298362775298], [-115.29770804525329, 36.129836346856024], [-115.29733320864231, 36.12983639883181], [-115.29719050636548, 36.129836408630524], [-115.29718823546041, 36.1298364005018], [-115.29704815628483, 36.12983641819967], [-115.29590305857488, 36.129815109114546], [-115.29476487276683, 36.12979391839796], [-115.29451087333034, 36.1297891881783], [-115.29431217803311, 36.12978548766874], [-115.29362668764543, 36.12977271686901], [-115.29268616402247, 36.1297551893286], [-115.29249070843993, 36.129751545934305], [-115.29135198800621, 36.12973033951962], [-115.29082245102101, 36.129720474388805], [-115.29036456908003, 36.129711942168136], [-115.2902137870736, 36.12970913166376], [-115.29002640941711, 36.12970563921095], [-115.28914113814353, 36.129689135741835], [-115.28860823328966, 36.12967922641411], [-115.28819313224645, 36.12967145540644], [-115.28806848982533, 36.12966913021694], [-115.2879330501439, 36.12966660341856], [-115.28680938407422, 36.12965376132935], [-115.2857527212632, 36.12964167634365], [-115.28553551703173, 36.12963919063392], [-115.28527271735305, 36.12963618279352], [-115.28456518508543, 36.12962808308793], [-115.28387232236122, 36.12962012583707], [-115.28344308471412, 36.129615194399975], [-115.28232142353106, 36.12960232334381], [-115.2822943080346, 36.129602010947984], [-115.28158062021963, 36.12959392501183], [-115.2811990185687, 36.12958939935039], [-115.28026530141904, 36.1295786404437], [-115.2800766129395, 36.12957646483872], [-115.27895420997008, 36.12956352161983], [-115.27895386336297, 36.12956351352866], [-115.27446593266816, 36.129464798322495], [-115.27420794330386, 36.12945905217789], [-115.27183758479686, 36.12940623050228], [-115.26998232720346, 36.12936485465758], [-115.26998869131161, 36.129972450479585], [-115.26998411191762, 36.13008642234139], [-115.26996846435165, 36.13021522858828], [-115.26994177785373, 36.130342835160135], [-115.26991459498845, 36.13043737983123], [-115.26986893724585, 36.13056139733485], [-115.26982775422061, 36.13065254890196], [-115.26978074672108, 36.1307418267258], [-115.26970923558915, 36.13085752868462], [-115.26948402436103, 36.131192216138885], [-115.26932679761073, 36.13142586989882], [-115.26923241344414, 36.13157635134553], [-115.26915655730141, 36.131715834078264], [-115.2691110311662, 36.13181052961474], [-115.26906960646448, 36.13190645625321], [-115.26901526953382, 36.13205239817951], [-115.26897042131027, 36.13220044788477], [-115.26894200232819, 36.13231920428212], [-115.26892559578638, 36.13240042241728], [-115.26890332402564, 36.132551801262345], [-115.26889084992847, 36.13270391874841], [-115.2688880249384, 36.13284083229735], [-115.26889316482759, 36.13297811375284], [-115.26890628027351, 36.133115046608694], [-115.26892733920815, 36.133251324336314], [-115.26895276483013, 36.133371978671796], [-115.26897985548052, 36.13347076282485], [-115.26899730230394, 36.133534380887305], [-115.26905312964216, 36.13369427104059], [-115.26912011045454, 36.13385131798144], [-115.2691987151642, 36.13400626379353], [-115.2696552136683, 36.134837325465085], [-115.26970349759303, 36.13492522676271], [-115.26976820348465, 36.135053381609254], [-115.2698224837358, 36.135179683097434], [-115.269865172057, 36.1352987176883], [-115.26986854131513, 36.13530811534274], [-115.26990624980488, 36.13543832741812], [-115.26993550503146, 36.13556996214412], [-115.2699562272811, 36.13570265789709], [-115.2699683601787, 36.13583605131012], [-115.26997187068454, 36.13596977817437], [-115.26999392235737, 36.13659535833713], [-115.26996552110332, 36.1370706653139], [-115.26996163448167, 36.137752170709845], [-115.26995773126515, 36.13843642404531], [-115.269953771832, 36.13913059414724], [-115.26994981239439, 36.139824736228185], [-115.26996123799834, 36.14025348060232], [-115.2699444496691, 36.14074875799658], [-115.26994201769976, 36.14116159417738], [-115.2699468405461, 36.141448171076576], [-115.26995706321854, 36.1420556432826], [-115.26995688323274, 36.142138057543306], [-115.26995375903728, 36.14356084886134], [-115.26995350457156, 36.143676791200605], [-115.26995354764188, 36.14388304079097], [-115.27108442757552, 36.14391152652041], [-115.27164841348281, 36.143926278041064], [-115.27192437972543, 36.14393226761256], [-115.27220055258258, 36.1439382868279], [-115.27220993271742, 36.14393849145551], [-115.27231150389144, 36.14394078049014], [-115.27333362446745, 36.143963652945445], [-115.2744513756517, 36.143991832257065], [-115.2744625357927, 36.1439920845614], [-115.27510146421679, 36.144006471395286], [-115.27511340435608, 36.14400674547496], [-115.27522624567268, 36.14400933683898], [-115.27558597712218, 36.14401746131711], [-115.27559024824427, 36.14401756963234], [-115.27601425275259, 36.144028315801464], [-115.276703637157, 36.14404578431496], [-115.27671796402353, 36.144046108508945], [-115.27730671011325, 36.14405943306664], [-115.27783485219852, 36.144071384304], [-115.27784569446942, 36.14407165801473], [-115.27897342854787, 36.144100205446186], [-115.27899449720165, 36.1443499546899], [-115.27907782728674, 36.14533776581866], [-115.27913466980677, 36.14595589882258], [-115.27922030610141, 36.14693354160155], [-115.27929744202044, 36.14780839480226], [-115.27945499713907, 36.14966497406589], [-115.27954737054012, 36.15072550020654], [-115.27962011134183, 36.151517391517814], [-115.27973600920848, 36.15283804794198], [-115.27980878213393, 36.15367908487136], [-115.2799402948981, 36.155198935253445], [-115.27994329668675, 36.15522318323474], [-115.28003601419847, 36.156234555804566], [-115.28009443567612, 36.15691751430959], [-115.28012501130893, 36.157274943166485], [-115.28027315970056, 36.1589376592254], [-115.28028021595276, 36.159059594518226], [-115.27794462675548, 36.15906478817117], [-115.27787567196171, 36.159065117920846], [-115.27691439500462, 36.159069704661476], [-115.27681755375114, 36.15907016613182], [-115.27566802233049, 36.15907114956122], [-115.27454644641354, 36.159076503143794], [-115.27345552709697, 36.15907649975655], [-115.27322093409549, 36.159077601299224], [-115.27232329362705, 36.15908181124414], [-115.27128571382967, 36.15907885770151], [-115.2712228047956, 36.15908069732861], [-115.27119577114253, 36.159080744031705], [-115.2711634781195, 36.15908080405671], [-115.27016248671602, 36.1590826472341], [-115.27015771639454, 36.159082656389174], [-115.27013181992314, 36.159082657156205], [-115.27010088755357, 36.15908265285634], [-115.26903771527684, 36.159083769663], [-115.26899220070698, 36.159083804313134], [-115.26894668613005, 36.159083840748565], [-115.26837750233008, 36.1590850921676], [-115.26791115397667, 36.15908611519238], [-115.26786046031803, 36.15908582121764], [-115.2678097266487, 36.159085527115984], [-115.2667882421209, 36.15908664546158], [-115.26676924425131, 36.159086667342855], [-115.26611368543828, 36.15908840066026], [-115.26591760709455, 36.159088915749415], [-115.26563732210643, 36.15908965147623], [-115.2645387824336, 36.15909003423546], [-115.26452494725909, 36.15909003795976], [-115.26448064773363, 36.1590902868358], [-115.26443634938147, 36.159090520376544], [-115.26340718594562, 36.15909354974715], [-115.26229051319173, 36.159095024300875], [-115.26216183070399, 36.159094302484334], [-115.26203309820558, 36.15909358039532], [-115.26128921030856, 36.15909717641788], [-115.26121653103371, 36.15909750458319], [-115.26120569781715, 36.15909751599932], [-115.26118468498625, 36.15909751985719], [-115.26113182511824, 36.159097509225916], [-115.26037210303188, 36.15909908581056], [-115.25993238841322, 36.15909999637108], [-115.25876675994678, 36.1591026073067], [-115.25858239522088, 36.159102527449726], [-115.25771392010525, 36.15910223654191], [-115.25767264253521, 36.15910222162933], [-115.25763390125294, 36.15910220909465], [-115.25759510324718, 36.15910220630741], [-115.25644297513891, 36.15910487280546], [-115.25532017802863, 36.1591056158027], [-115.25528253355334, 36.1591056469713], [-115.25528195004844, 36.15910564717535], [-115.25525650796003, 36.159105695541406], [-115.25506891348576, 36.15910613228891], [-115.25473545048321, 36.159106907607615], [-115.25415859836717, 36.15910824704819], [-115.25414023281779, 36.15910828939381], [-115.25382615920604, 36.159108173628795], [-115.25311672697738, 36.15910797326787], [-115.25305962157734, 36.15910766255591], [-115.25300251730833, 36.15910734731336], [-115.2529813321886, 36.15910735556549], [-115.25289072554203, 36.15910739037445], [-115.25181631071348, 36.15910779779369], [-115.25119614574638, 36.15910970695338], [-115.25091413628094, 36.159110573778264], [-115.25077706062282, 36.15911031394188], [-115.2506398460428, 36.15911005266132], [-115.24951972978182, 36.15911053511001], [-115.24946649189543, 36.15911055793227], [-115.2491447930959, 36.15911062584017], [-115.24882309429506, 36.159110694686326], [-115.24845488136098, 36.15911193496725], [-115.24835620998518, 36.15911226735588], [-115.24832693545143, 36.15911236571787], [-115.24830498538608, 36.159112439500994], [-115.24806854084426, 36.15911266550501], [-115.24806709597152, 36.15911266686738], [-115.24782920772076, 36.15911288204756], [-115.24733734800465, 36.15911296392873], [-115.24719632778559, 36.159112987253756], [-115.2471688786318, 36.15911299131418], [-115.2466150013322, 36.15911320705412], [-115.24656950356295, 36.1591132124987], [-115.24640696214696, 36.159112824664426], [-115.2460343234076, 36.159114594839004], [-115.24602430473124, 36.15911463962265], [-115.24485771083329, 36.15911866627266], [-115.24371159903376, 36.15912228900263], [-115.24370519101251, 36.15898636452566], [-115.24361008135656, 36.157221573877436], [-115.2435106485902, 36.155350507609526], [-115.24344621638359, 36.154131085991956], [-115.24341207350822, 36.15348489506122], [-115.24331256008071, 36.15161933958558], [-115.24321383147164, 36.14975216335377], [-115.24311526371405, 36.147889912515126], [-115.24301665604263, 36.146031723061455], [-115.24292904621329, 36.144369214254965], [-115.24291938770075, 36.14418963123716], [-115.24291778617186, 36.144159855930354], [-115.2428373922471, 36.14415705869568], [-115.24275262187146, 36.144154109260484], [-115.24175601165676, 36.14414139728218], [-115.24076727014712, 36.144130782416866], [-115.24061121152009, 36.14412910656561], [-115.24049675780341, 36.14412778936129], [-115.2396380689461, 36.14411790512078], [-115.23948588999335, 36.14411615241243], [-115.23836307706335, 36.14410367079697], [-115.2378308212912, 36.14409823388276], [-115.23724107125362, 36.144092206664304], [-115.23611822095187, 36.14408006080987], [-115.23555764743116, 36.144073293310605], [-115.23527989829506, 36.144070262951246], [-115.23500214807447, 36.144067231944675], [-115.23387075891672, 36.144048797800956], [-115.23279460338868, 36.14407363270123], [-115.23264440124537, 36.1440764475637], [-115.23249405684612, 36.14407926452495], [-115.2317083879728, 36.14409707464611], [-115.23063909942879, 36.14412121543477], [-115.2295706662784, 36.144143294243996], [-115.2284877319205, 36.144167161905145], [-115.22741832184278, 36.14419098966313], [-115.22731889119571, 36.144193061841044], [-115.22715746057581, 36.14419642679165], [-115.22682053986952, 36.14420344856982], [-115.2265856474672, 36.144207744101536], [-115.22658515514813, 36.14420775435189], [-115.22634977039678, 36.14421206147376], [-115.22528404747979, 36.14423658236951], [-115.22420329483957, 36.14425617720248], [-115.22363201649358, 36.14426653114294], [-115.22312404202405, 36.144275735246595], [-115.22285415066027, 36.144280385961395], [-115.22204483648291, 36.14429432652868], [-115.22100371514053, 36.14431300257911], [-115.2199202612661, 36.14433430721004], [-115.21886051521767, 36.14435073237932], [-115.2188579347645, 36.14435077229502], [-115.21846235577365, 36.144356062526896], [-115.21824079120312, 36.1443590249398], [-115.21778991483792, 36.144366802290804], [-115.21777179038843, 36.14436711469898], [-115.21777086132805, 36.1443671307904], [-115.21671935457664, 36.14438538908758], [-115.21562641737601, 36.14440438521333], [-115.21545335580676, 36.14440726875573], [-115.21467479476101, 36.14442023911163], [-115.21462820169356, 36.14442103843532], [-115.21462314853798, 36.14442112472507], [-115.21457149787337, 36.144422009401254], [-115.21349176750844, 36.14444106366053], [-115.21347816939779, 36.14444130377336], [-115.21339516825095, 36.14444276799494], [-115.21330146731374, 36.14444442081946], [-115.21266638457085, 36.144455623070954], [-115.21251281345296, 36.144458331051304], [-115.21241198585776, 36.14445863530647], [-115.2123815138565, 36.14170375473674], [-115.21238797646107, 36.14078534777126], [-115.21344964318699, 36.14075716516069], [-115.21455701965321, 36.14072945007276], [-115.21452443455624, 36.138885910319935], [-115.214508306318, 36.137973520538324], [-115.21449182761802, 36.13704134605463], [-115.2144881814748, 36.136278909087515], [-115.21550245101584, 36.13624219357288], [-115.21556573795283, 36.136242387911956], [-115.21562343339737, 36.13621646707303], [-115.21565644578719, 36.136172613926256], [-115.21566620189193, 36.13612319507205], [-115.21566286975518, 36.13552155681265], [-115.21565883155054, 36.13479904054784], [-115.21565542365686, 36.13421388486275], [-115.21564992088987, 36.134168539887185], [-115.21561986467064, 36.13412311953514], [-115.21557278082226, 36.13409824966886], [-115.21551125826753, 36.134082952296225], [-115.21447649156444, 36.13411823037497], [-115.21447461391963, 36.133343524604264], [-115.2120239413754, 36.13344995966678], [-115.2111383881086, 36.13348841855], [-115.21072133308512, 36.13350635197599], [-115.20978242595747, 36.13354738289991], [-115.20879630712045, 36.13359100509759], [-115.2080959498696, 36.13362396460705], [-115.20800157610941, 36.133624230426946], [-115.20788621614591, 36.13362524156073], [-115.20563070513494, 36.133634241242], [-115.20509088484421, 36.133636094301735], [-115.20509168666166, 36.13371558679664], [-115.20509807836433, 36.135118470583784], [-115.20509893846389, 36.1354518389459], [-115.2050999685166, 36.135850735760854], [-115.20510020295796, 36.13594149175219], [-115.20510377179482, 36.1360285521364], [-115.20511413679489, 36.136115254533834], [-115.20513125632158, 36.136201250009236], [-115.20515506095155, 36.13628619134103], [-115.20518545567043, 36.136369738436294], [-115.20522231766762, 36.13645155471843], [-115.20526549854065, 36.13653131073963], [-115.2053000458998, 36.1365939716265], [-115.20531804023655, 36.13663038225005], [-115.20533069028043, 36.13665795500679], [-115.20534260930636, 36.13668574086516], [-115.20537404583798, 36.1367706061887], [-115.20539866978172, 36.136856939851214], [-115.2054163817348, 36.136944381024264], [-115.20542710452371, 36.13703256714572], [-115.20543079544426, 36.13712113035337], [-115.20543087197164, 36.13716170970445], [-115.20543087353772, 36.13716230997341], [-115.20543097674702, 36.13721725248246], [-115.20543108111484, 36.13727218508039], [-115.20544360510834, 36.13780851629851], [-115.20543544716378, 36.138645226908], [-115.2054220249661, 36.138717888589696], [-115.20538789411698, 36.138765563157705], [-115.20531767253064, 36.13879830739058], [-115.20522535125245, 36.138804883859], [-115.20450648967831, 36.1388081066202], [-115.20409477683222, 36.13880955085034], [-115.20409811297664, 36.13952382304867], [-115.20410108568738, 36.140181776479146], [-115.20417739375846, 36.14020399529517], [-115.20441895486987, 36.14028442719546], [-115.20450636468172, 36.14033140619991], [-115.20464682423268, 36.140441245288834], [-115.204605885111, 36.14049863209571], [-115.20439325564553, 36.14090692925477], [-115.20426920525948, 36.140907775985454], [-115.20427706400638, 36.14122805230608], [-115.2042886870573, 36.141599471080376], [-115.20430035186658, 36.141962228503026], [-115.20431068633584, 36.14232389923566], [-115.20432378447252, 36.142665004797465], [-115.20432365461238, 36.14269315638149], [-115.20433023826783, 36.14300067702769], [-115.2043313618406, 36.14304615639494], [-115.20434041408753, 36.14339699482847], [-115.20435756702929, 36.144304392190925], [-115.20435712240078, 36.14440075557232], [-115.20432224403775, 36.14451007607693], [-115.20209385632553, 36.14449567391724], [-115.19994549489824, 36.14448145495771], [-115.1998469547482, 36.14448141346403], [-115.19796412991637, 36.14446968893961], [-115.19635836818735, 36.144458850198525], [-115.19504187877801, 36.14444994750689], [-115.19414159595651, 36.14444385090908], [-115.19404819748796, 36.14444336709975], [-115.19396553875585, 36.14444293886422], [-115.1908076270976, 36.144421990636886], [-115.19080762003254, 36.144422739590496], [-115.19080665968542, 36.144529626514014], [-115.19079237688885, 36.14635872398412], [-115.19079245214873, 36.14648434769329], [-115.19078489701859, 36.14781100805456], [-115.19078438520052, 36.14792018748002], [-115.1907837086616, 36.14806442945137], [-115.19077658423296, 36.14901420624047], [-115.19077408936765, 36.149384386975164], [-115.1907699937667, 36.14999213927963], [-115.19076658863673, 36.150480056722344], [-115.19076197329412, 36.15114143695332], [-115.19075859876916, 36.151624964196046], [-115.19075801643316, 36.151708357280405], [-115.19075855086803, 36.152098809782814], [-115.19076184588955, 36.15450689812991], [-115.19076183473797, 36.15450779758501], [-115.19075838746444, 36.15478935780974], [-115.1907515561426, 36.15534735456931], [-115.19075129987088, 36.15540634523152], [-115.19074976227066, 36.15565705406916], [-115.19078292307324, 36.15585318522343], [-115.19084034376684, 36.156025842363874], [-115.19091530324364, 36.15619366382382], [-115.19094363124422, 36.15624457881787], [-115.191003457938, 36.156347792745116], [-115.1910370932257, 36.15639597796018], [-115.19116435517033, 36.15656259791822], [-115.19129639058907, 36.15670588174128], [-115.19135459990433, 36.15675371739761], [-115.19174109609145, 36.157071334284915], [-115.19195440027217, 36.15726433169788], [-115.19208256020323, 36.15742133859778], [-115.192216048014, 36.15761407472536], [-115.19232670442189, 36.15784244991737], [-115.1924082049976, 36.15810094749682], [-115.1924443303644, 36.1583730335174], [-115.19246952246735, 36.158885458847884], [-115.19247731462904, 36.15900415130629], [-115.19249152551838, 36.15992960265358], [-115.19253706629502, 36.16289514133136], [-115.19257424687054, 36.166239912463304], [-115.19268668344593, 36.16624027935133], [-115.19361540816331, 36.16624055866414], [-115.1938372614526, 36.166252269114814], [-115.1939962409809, 36.166261027587154], [-115.19433857131135, 36.16631708303625], [-115.19551050063777, 36.16655164531945], [-115.19551134761706, 36.16655164806285], [-115.19580448111448, 36.166622649234064], [-115.19583323787154, 36.16663098372332], [-115.19599127005577, 36.1666603400317], [-115.19617620020126, 36.16668840953844], [-115.19635861090502, 36.1667123499074], [-115.19649619134255, 36.166723783040275], [-115.19663546578431, 36.16673522148617], [-115.19696660966483, 36.166741784781735], [-115.19735070231712, 36.16674577072228], [-115.19767636112573, 36.166748193663075], [-115.20071715701347, 36.166775805687514], [-115.20088442933475, 36.16677771366715], [-115.2010715990809, 36.16678105850911], [-115.20425046415681, 36.16680764795279], [-115.20435484874697, 36.16680935196298], [-115.20435675390289, 36.166809357993124], [-115.20449741917487, 36.16679606743409], [-115.20464645536269, 36.166759452489615], [-115.2047659263039, 36.16670626104145], [-115.20486084011799, 36.166651618281875], [-115.20495762045186, 36.16660522276679], [-115.20507853412339, 36.166560276985564], [-115.20516163057424, 36.16654130948233], [-115.20524850541148, 36.16652922170428], [-115.20597039118225, 36.16653757824145], [-115.20614842398062, 36.166532059987524], [-115.20682154344902, 36.16653829925126], [-115.2070807785039, 36.16652675201487], [-115.20729649242918, 36.16649446398553], [-115.20747805545646, 36.16643047534651], [-115.20778492666781, 36.16625035315323], [-115.20790635054715, 36.166179082041914], [-115.20801904917128, 36.16612449252873], [-115.20815732881778, 36.16607822358889], [-115.20827348878674, 36.16605249056507], [-115.2084234688153, 36.16603922366227], [-115.20855170884488, 36.1660396251333], [-115.20863862774362, 36.16603440378405], [-115.20875542434189, 36.16603414643215], [-115.20890720456522, 36.166033811801675], [-115.21044188672636, 36.166030418256675], [-115.21246727207021, 36.166025720215956], [-115.21333439059876, 36.16602290768982], [-115.21462246345793, 36.16602001323378], [-115.2148448138072, 36.16601657701638], [-115.21546228041225, 36.16601435498089], [-115.21647996744333, 36.16600786236877], [-115.2166220545397, 36.1660069240497], [-115.21678087524025, 36.16600466321963], [-115.21699029688314, 36.16600393057963], [-115.21719332149121, 36.16601279300948], [-115.21740688226855, 36.166032675864244], [-115.21758778990369, 36.16606207449882], [-115.21784719042934, 36.16610544729148], [-115.21862513912895, 36.16624517652766], [-115.21899330880414, 36.16630398737854], [-115.2193530970405, 36.16634354162442], [-115.2196111638005, 36.16635531440838], [-115.22278546450607, 36.166359420712915], [-115.22326676139593, 36.16636086903552], [-115.22376534512343, 36.1663664150468], [-115.22436317297789, 36.166365534714124], [-115.2253662046486, 36.16636991121476], [-115.22621826280853, 36.166373829122364], [-115.2265435032722, 36.166374798726], [-115.22711500498457, 36.1663765003411], [-115.22799818938947, 36.16638049818086], [-115.22879794633945, 36.16638424250626], [-115.23301166718456, 36.16640076591768], [-115.23325390383071, 36.16640147441132], [-115.23579441811907, 36.16641162252843], [-115.23742231319555, 36.16641771011404], [-115.23800652061472, 36.166419396449186], [-115.2403177219122, 36.16642741344002], [-115.2417245617214, 36.16643143547957], [-115.24206991934912, 36.1664324203017], [-115.24402474763993, 36.16644072305952], [-115.24426530663946, 36.16645216146683], [-115.24427274055796, 36.166776578083606], [-115.24429379799001, 36.1677381399291], [-115.24433903511947, 36.170546900157646], [-115.24433945671647, 36.170572640490576], [-115.24436321062664, 36.17202295907952], [-115.24438840112087, 36.17343514767315], [-115.24439101497173, 36.17358167197346], [-115.24439535461758, 36.173878305195295], [-115.24440772629694, 36.17420944731198], [-115.24443766678692, 36.17454752682178], [-115.24446281259917, 36.17485522096869], [-115.24449408896945, 36.175105700353065], [-115.2444811014361, 36.17538944013395], [-115.24443002215578, 36.175639686393275], [-115.24438449457051, 36.175785064906876], [-115.24430944337301, 36.17590558236245], [-115.24420092926869, 36.176105588223336], [-115.24408721338156, 36.17628411675709], [-115.2439627742526, 36.17642024141025], [-115.24376416128788, 36.17664158098171], [-115.24380239173436, 36.176706075946676], [-115.24392736539251, 36.17692895582831], [-115.24400482135759, 36.17709080237076], [-115.24408375373504, 36.17726740089183], [-115.24412842869637, 36.17736735192688], [-115.24415369416775, 36.177430024578655], [-115.24420176686853, 36.177549271966875], [-115.2443122159481, 36.17791185566133], [-115.2443941359685, 36.17822702800354], [-115.24446944892966, 36.17857956267107], [-115.24454799143494, 36.17903837327072], [-115.24458780951544, 36.17949965732341], [-115.24459698982402, 36.180018538237505], [-115.24460491193825, 36.180598059878804], [-115.24460009963329, 36.18126085995342], [-115.24460203185323, 36.181513673281295], [-115.24460206450895, 36.181574520486954], [-115.24461329905321, 36.18219217058326], [-115.24463444615901, 36.183019549481145], [-115.2446444417138, 36.183630420011625], [-115.24466517609197, 36.186220103173746], [-115.2446706580155, 36.187157677701364], [-115.2446751685799, 36.187858611810555], [-115.2446759667519, 36.18835216003873], [-115.2446736853469, 36.18851663825487], [-115.24467706618124, 36.18859909069025], [-115.24467869431372, 36.188638772820205], [-115.24468043605282, 36.188681250173936], [-115.24468108439382, 36.188839011238045], [-115.24468160099295, 36.1888651906891], [-115.2446840184671, 36.18898779109335], [-115.24468424207564, 36.18907117734029], [-115.2446860440214, 36.18946458230004], [-115.24468645325547, 36.189553921188846], [-115.24469702078986, 36.19186131054892], [-115.24470883720379, 36.193698160687745], [-115.24470833890611, 36.195214819276835], [-115.24470772951932, 36.195428901813045], [-115.24470585924678, 36.19554380735921], [-115.2446971413925, 36.19565410506471], [-115.24470512511651, 36.1960125435233], [-115.24470547253334, 36.19602895699095], [-115.24471256427712, 36.196364212635814], [-115.24471461158682, 36.196490443135296], [-115.24471606879762, 36.196767655990364], [-115.24472982840264, 36.19973132710689], [-115.24473140473778, 36.20031037013267], [-115.2447332276003, 36.200979865353965], [-115.24473379357354, 36.20107903126758], [-115.24473509092071, 36.20130351084931], [-115.2447390794059, 36.20199406529058], [-115.24474411325578, 36.20292036366764], [-115.24474449026934, 36.20315248891182], [-115.24474358438087, 36.20338942249735], [-115.24474357364222, 36.20339217410096], [-115.24474276606286, 36.203603180588146], [-115.24474726331165, 36.20383762025403], [-115.24476184920935, 36.204522924635135], [-115.24479728340924, 36.205208534862734], [-115.2448309520427, 36.20566199881279], [-115.24487300988706, 36.20611333326742], [-115.2449532245377, 36.20678607873584], [-115.24505379532886, 36.20745010847998], [-115.24513219382158, 36.20789296065944], [-115.24517521664721, 36.20811444303717], [-115.2453696964621, 36.208993940863444], [-115.24542249979312, 36.209213312879285], [-115.24553659819851, 36.20964542027214], [-115.24565774780744, 36.2100731248055], [-115.24571834851567, 36.21028585002894], [-115.24584104044088, 36.21070681615516], [-115.24587217294128, 36.2108089513195], [-115.24590185347509, 36.2109063199774], [-115.24590452178666, 36.2109150762981], [-115.246091746565, 36.21152854256724], [-115.24618762263863, 36.211870565544494], [-115.24626174874906, 36.21213499573371], [-115.2463572769599, 36.21252502733256], [-115.24641020834046, 36.21274113289174], [-115.24649855898659, 36.21314356567375], [-115.24650609483552, 36.21317973300465], [-115.24658060617652, 36.21354815994052], [-115.24665575300658, 36.21395039857708], [-115.24672405127154, 36.21434803032744], [-115.2467841603534, 36.21473878199343], [-115.24683721966052, 36.2151339363971], [-115.24686059671163, 36.21533259437259], [-115.2469195074874, 36.215932910636404], [-115.24696570616086, 36.21654205523678], [-115.24698649413835, 36.2169502586041], [-115.2469995852158, 36.217360602494615], [-115.24700330007838, 36.2175679863419], [-115.24700627014796, 36.21777761319321], [-115.24700572316902, 36.217957892377974], [-115.24700466412996, 36.21821336444222], [-115.24700460648646, 36.21822605168869], [-115.24700421485691, 36.21832663955593], [-115.247004018057, 36.21837703352887], [-115.24700207255022, 36.21858884206999], [-115.24699526111367, 36.218800578343675], [-115.24699270947022, 36.2192264685912], [-115.24700784366162, 36.22205523156869], [-115.24701118558183, 36.22268000864957], [-115.24701153091986, 36.22274458584036], [-115.2470176802683, 36.22365286922238], [-115.24702054566032, 36.224054048483836], [-115.24702377887546, 36.22456340463644], [-115.24702650096454, 36.22546938433913], [-115.24702703042344, 36.225643213115376], [-115.24702704980821, 36.22564959787472], [-115.24703009007432, 36.226648059174714], [-115.24704140385982, 36.22807248721953], [-115.24704325499513, 36.22855027344748], [-115.24705470396775, 36.23071613055124], [-115.24704885994467, 36.231009009954604], [-115.2470558340516, 36.231973644501025], [-115.2470608356509, 36.23271514422297], [-115.24706022739707, 36.23306217748242], [-115.24706022687221, 36.233062300055586], [-115.24706053002741, 36.23306528686202], [-115.24706017651992, 36.23309120589955], [-115.24705994606221, 36.23322218617267], [-115.24705763718902, 36.23348131418837], [-115.24703418327204, 36.2350922780484], [-115.2470171161621, 36.23624637711178], [-115.2470164570014, 36.23629092120453], [-115.24701109917541, 36.23678077002212], [-115.24699309467015, 36.238426969552876], [-115.24696984904313, 36.23981032441144], [-115.24696695304654, 36.24003338564508], [-115.24696291816583, 36.24048304966198], [-115.24696274433778, 36.24050206804792], [-115.24695815125996, 36.240925672566696], [-115.24693518404828, 36.24270115230532], [-115.2469127386782, 36.24404846071552], [-115.24690560661251, 36.2446873796185], [-115.24689814972484, 36.24535531973068], [-115.24689559612754, 36.245594161367976], [-115.24689225499003, 36.24580594789329], [-115.24688886428703, 36.24605732849996], [-115.24687422953892, 36.24714205337192], [-115.24687075544576, 36.24785151655359], [-115.24687072843963, 36.24785651859234], [-115.24686973499857, 36.248059191568146], [-115.24686822901089, 36.24828227262334], [-115.24686448045476, 36.24919716855115], [-115.24685425609648, 36.2503395791629], [-115.24683505120679, 36.25144805538392], [-115.24683096731071, 36.25231561999882], [-115.24683313816925, 36.252529741686914], [-115.24684801085702, 36.25295363083175], [-115.24686413908577, 36.253165702587154], [-115.24688261516455, 36.25333499171529], [-115.2468872714879, 36.25337562374837], [-115.2469180538386, 36.25358565744201], [-115.24695509420746, 36.25379578262378], [-115.24699769720142, 36.25400598922129], [-115.24704789948571, 36.25421856049137], [-115.24714151838809, 36.25453114092782], [-115.24720544519884, 36.254790522659235], [-115.24728215955135, 36.25502729468881], [-115.24734633082453, 36.25520119683468], [-115.24751525713862, 36.25559835642815], [-115.24778158758954, 36.25611037156075], [-115.24802020957398, 36.25649258346597], [-115.24824259910248, 36.25681561007431], [-115.24834803995847, 36.256945630330634], [-115.24851572274058, 36.257150941058256], [-115.2487651843406, 36.25745314625449], [-115.25082282184815, 36.259671862543236], [-115.25145574614486, 36.2604284226848], [-115.25217304294321, 36.26118061020109], [-115.25228054557574, 36.261293340675095], [-115.25386372603518, 36.26306133217901], [-115.25435277722765, 36.26360806975283], [-115.25538588592646, 36.264735502942074], [-115.25807632043961, 36.2676023470803], [-115.25832632756986, 36.2678799997367], [-115.25834830366077, 36.26790408124778], [-115.26014389409477, 36.269871574907825], [-115.26095587061211, 36.27076482295202], [-115.26191524088262, 36.271820688174294], [-115.26215289825136, 36.27208224773472], [-115.2628574329262, 36.272845956113386], [-115.26285856322284, 36.27284718217724], [-115.26306742999223, 36.27307358677813], [-115.26470162034263, 36.27487111566902], [-115.26500868567554, 36.275208860970345], [-115.26538911461064, 36.27562681691996], [-115.26666907648578, 36.2770329992511], [-115.26677144114869, 36.27714545594584], [-115.26690498311915, 36.277295436842685], [-115.26700797553437, 36.27741110714744], [-115.2671129528493, 36.27752900606332], [-115.26748740825299, 36.27793331481307], [-115.26749221394587, 36.277938475604934], [-115.26765121228142, 36.278109213521475], [-115.26782668806439, 36.27829757952973], [-115.26782997095764, 36.2783011031747], [-115.26820196393065, 36.27870729043101], [-115.26854948667321, 36.27908675410712], [-115.27005811109625, 36.28074112191531], [-115.2701113849948, 36.28079954167856], [-115.27056939389985, 36.28129744621882], [-115.27079770594979, 36.28154638835006], [-115.27198305909, 36.282857076244596], [-115.27375288806222, 36.28479034674332], [-115.27384186330337, 36.28488753554503], [-115.27432466293101, 36.285414899199], [-115.27534380880158, 36.286536108692324], [-115.27557923248138, 36.28679385271808], [-115.27704290552958, 36.28839625131773], [-115.27998521092589, 36.29161717458668], [-115.28009162862644, 36.29173471046638], [-115.28009167518292, 36.29173476285846], [-115.28158741660675, 36.293386734785486], [-115.2817663952629, 36.29358127971206], [-115.28188786501073, 36.293713313802186], [-115.28247043001257, 36.294345924789084], [-115.2829141509192, 36.29483263438549], [-115.28322967405447, 36.29517872171629], [-115.28334338094444, 36.295303441695395], [-115.28444817085274, 36.29651521663872], [-115.28537340536717, 36.297520063384205], [-115.28552275126668, 36.297684884893144], [-115.28597958855369, 36.29818905256787], [-115.28607242500608, 36.29829013973606], [-115.2860781598608, 36.2982963845107], [-115.28648836187449, 36.298742740915515], [-115.28658394206337, 36.298846745611264], [-115.28686261986806, 36.299156051636984], [-115.28734091718695, 36.29968690802785], [-115.28782295510861, 36.30020988105387], [-115.28938563895667, 36.30192468671343], [-115.28993904328442, 36.30252754787629], [-115.28999478079125, 36.30258893708268], [-115.29002887492743, 36.30262648762441], [-115.29031219373172, 36.30293852862083], [-115.29240859138537, 36.30524009609012], [-115.29264318327068, 36.30549442144613], [-115.29318378204646, 36.30608048240904], [-115.29359617529978, 36.306536448550204], [-115.29377263156613, 36.30673154590578], [-115.29432567304725, 36.30734300803222], [-115.29435103270349, 36.30737078441796], [-115.2950116853564, 36.30809441821026], [-115.29577447704524, 36.308929905984634], [-115.29589042180352, 36.30905678407131], [-115.29896724452757, 36.3124631432875], [-115.30058689401739, 36.31424010626445], [-115.30071622360117, 36.3143848816946], [-115.30086295361482, 36.31455361158348], [-115.30119311545899, 36.31490721001681], [-115.3015875808842, 36.315337372642595], [-115.30207127175275, 36.315865990793476], [-115.30239511443769, 36.31622550135992], [-115.30307154222581, 36.31696049737639], [-115.30358940967103, 36.31753369696386], [-115.30455437652601, 36.31858646228385], [-115.3050347826937, 36.31909887101503], [-115.30546260772458, 36.31960065213487], [-115.30713702763927, 36.32141962620135], [-115.30784970809589, 36.322160926100196], [-115.30797224534496, 36.32229600002517], [-115.30871332349052, 36.3231128903261], [-115.30972682222874, 36.3242179578935], [-115.31073945945008, 36.3253320193617], [-115.31143512466676, 36.32609676930405], [-115.31157193678389, 36.32624716562589], [-115.31190449021545, 36.32661273534007], [-115.31267821834068, 36.32750142319814], [-115.3142960002722, 36.329259917877174], [-115.31493093797054, 36.32996141780213], [-115.31588119168234, 36.33099944474063], [-115.31725904647995, 36.33250900450634], [-115.31756762372733, 36.33284706921718], [-115.31809445163093, 36.33342422191052], [-115.31830834388114, 36.333658543726465], [-115.3188676202335, 36.33427123531332], [-115.31894772165344, 36.334356808834876], [-115.32063788851278, 36.336210360292995], [-115.32069659268693, 36.336209975588204], [-115.3215361465297, 36.33620447674711], [-115.32155294970343, 36.336204366646484], [-115.32167778378196, 36.33620354857651], [-115.3228142035866, 36.336196094667784], [-115.32395062324132, 36.33618862995242], [-115.32508850423577, 36.33618891933036], [-115.3262263853019, 36.33618919877608], [-115.3273642664421, 36.33618946738822], [-115.32793320759968, 36.336189596731636], [-115.32850214877261, 36.33618972426796], [-115.32963999390692, 36.33618978367198], [-115.33077783910802, 36.336189832243164], [-115.33191568548634, 36.336189870885086], [-115.33305353081917, 36.3361898977905], [-115.33418741684935, 36.3361900371947], [-115.33532130183306, 36.33619016583898], [-115.33645518799763, 36.33619028372799], [-115.33758907311167, 36.33619039175841], [-115.33872295940817, 36.33619048813219], [-115.3398568446558, 36.33619057374612], [-115.34099073108183, 36.33619064860474], [-115.34155767431609, 36.33619068290122], [-115.34212461757177, 36.33619071270574], [-115.3432611763351, 36.336187186161226], [-115.34439773617407, 36.336183647908896], [-115.34553429485469, 36.33618009974685], [-115.34667085460966, 36.33617653987697], [-115.34780741320515, 36.33617297009739], [-115.34894397287376, 36.33616938860996], [-115.35008053138164, 36.336165797212864], [-115.35121709096144, 36.336162194107935], [-115.35235800573544, 36.336161700700444], [-115.35349892055457, 36.336161196401555], [-115.35463983652951, 36.33616068211465], [-115.35578075143971, 36.33616015513165], [-115.35692166639056, 36.336159618158455], [-115.35806258138412, 36.336159070293824], [-115.35920349753368, 36.33615851153988], [-115.36034441261077, 36.33615794189241], [-115.36149147510817, 36.336146147430696], [-115.36263853731748, 36.33613434195873], [-115.36378560035205, 36.33612252547858], [-115.36493266198336, 36.336110697986086], [-115.36607972332469, 36.33609885948337], [-115.36722678437552, 36.336087009970456], [-115.36837384624907, 36.33607514944936], [-115.3695209067144, 36.336063278817306], [-115.36975073228636, 36.336063182342585], [-115.36890616165498, 36.365541969168746], [-115.36876668526834, 36.36554110229816], [-115.35598420727618, 36.36541404303616], [-115.3555283055852, 36.36540948575425], [-115.36132921007582, 36.37022014797514], [-115.36414655618009, 36.372556243861624], [-115.36679172468847, 36.374721628714056], [-115.36694756082174, 36.37485031708756], [-115.36891843194115, 36.37647779328674], [-115.36897284994724, 36.37652278477394], [-115.36983113634945, 36.37723240355449], [-115.3724494397145, 36.37940224550332], [-115.37386668561993, 36.380568618956225], [-115.37571785736603, 36.38211271766266], [-115.37823791234953, 36.38419771664826], [-115.37915589118984, 36.38495385745454], [-115.38202054532907, 36.387331911118004], [-115.38373880893415, 36.388747887107044], [-115.38596467557747, 36.39058986435046], [-115.3876903262131, 36.39202616638518], [-115.38991312899294, 36.39385676153835], [-115.39309009519006, 36.39649792555109], [-115.39527329826342, 36.398300847605654], [-115.3959900150654, 36.3988964061341], [-115.39762582479538, 36.40024572434263], [-115.39893263902204, 36.40133070578716], [-115.3989970018998, 36.40138414273628], [-115.40440549990639, 36.40586678323488], [-115.4059244283237, 36.40711752345077], [-115.40634786572042, 36.407474733056915], [-115.40828278517203, 36.4090757922581], [-115.40893191079424, 36.40961178010391], [-115.40958374021754, 36.4101523088705], [-115.4104652961871, 36.41087843088298], [-115.41157975559929, 36.41180596089286], [-115.41336976881203, 36.41327655651528], [-115.41490153995723, 36.414561158215385], [-115.41576470036904, 36.41527122368193], [-115.41618339479095, 36.41562608234935], [-115.41638888738879, 36.41580458679889], [-115.41679681357206, 36.41617507681395], [-115.41720446952016, 36.416559082138846], [-115.41761259840214, 36.4169543605693], [-115.41781411006875, 36.417157599298584], [-115.41839365737694, 36.41776247608522], [-115.41876193771607, 36.41816398266062], [-115.41893980691087, 36.418364653427936], [-115.41945734664627, 36.418968703236196], [-115.41978861160992, 36.4193742249578], [-115.42011690833345, 36.419788720027384], [-115.42028061926028, 36.42000046840845], [-115.4205995884366, 36.420428361018345], [-115.42090453121432, 36.4208605741353], [-115.4210507766458, 36.42107434442753], [-115.42133555962987, 36.42150403521708], [-115.42160980051966, 36.42193809384578], [-115.4217441107164, 36.422156212788394], [-115.42266188155975, 36.42372330790894], [-115.4238144998861, 36.42571040867421], [-115.42392987562923, 36.42591072691472], [-115.42393793579798, 36.42592471980261], [-115.42471567037194, 36.42727501536823], [-115.42587434583903, 36.429277950954265], [-115.42665063717564, 36.4306087776734], [-115.42716175410213, 36.43150342132809], [-115.42792097984771, 36.432818240419756], [-115.42893355331029, 36.43457132858174], [-115.4295826065203, 36.43568186639735], [-115.43091603398604, 36.437986776657205], [-115.43185520441313, 36.439617182124515], [-115.43279482018515, 36.44122730479385], [-115.43332513982419, 36.442144709668085], [-115.4351364883986, 36.445280651371895], [-115.43580385966784, 36.446425198702016], [-115.43742730671264, 36.44923863729927], [-115.43890159841725, 36.45177516622667], [-115.44171190043565, 36.4566277693215], [-115.44267980346315, 36.45830804404705], [-115.44296397974466, 36.4587804941858], [-115.44326014847736, 36.45924633978127], [-115.44356826336286, 36.45970783292499], [-115.44388349094045, 36.46016265706382], [-115.44404498607605, 36.460387866168645], [-115.44437573799368, 36.46083387749504], [-115.44471360277214, 36.46127321964981], [-115.44506620460747, 36.461708246468476], [-115.44561819173305, 36.462357704258096], [-115.44600083189411, 36.462790865764184], [-115.44639476833026, 36.463217412061965], [-115.44680069735182, 36.46363735285018], [-115.44743144181206, 36.46425627747215], [-115.44786423944605, 36.46465853554883], [-115.44830628680485, 36.46505189811807], [-115.4487533545527, 36.46543856387344], [-115.44943401832592, 36.46600404196892], [-115.44989684328398, 36.466370625831615], [-115.45037366289277, 36.46673513617134], [-115.45086387129163, 36.46709305777313], [-115.45111494885984, 36.46726984204677], [-115.45136951556469, 36.467446671103744], [-115.45188371111178, 36.46779137830515], [-115.45214403841285, 36.467959266208545], [-115.4526682734389, 36.46829057941539], [-115.45293222620904, 36.46845175162101], [-115.4534616615922, 36.46876735366529], [-115.45452695794941, 36.46939187301518], [-115.45746352018723, 36.47108624516642], [-115.45851929509854, 36.47170159167027], [-115.4601055430186, 36.47261899430886], [-115.46116158375428, 36.47322305464403], [-115.46168912712919, 36.47353183523597], [-115.46328307795383, 36.47445154923213], [-115.46395893729313, 36.474845611908876], [-115.46486512040518, 36.47537559567027], [-115.46643020963597, 36.476276868543806], [-115.46774491597064, 36.47703518337889], [-115.46822003932091, 36.47731622024693], [-115.4685221480026, 36.47749136938661], [-115.46930784688973, 36.47794315217759], [-115.46983475937493, 36.47825188875671], [-115.47009202735951, 36.47840167058838], [-115.471648172981, 36.47930276073443], [-115.47176061976998, 36.47936730087533], [-115.47347745672236, 36.48036507542108], [-115.47582843560127, 36.48172248531205], [-115.47736531790356, 36.4826164948489], [-115.4783898095883, 36.48320648022573], [-115.47992535560634, 36.484100440114965], [-115.48096309627638, 36.48469282560633], [-115.48307271120888, 36.48591856799255], [-115.48469820997421, 36.486856428958454], [-115.48659690610381, 36.487955483354426], [-115.4893271921264, 36.48952927781834], [-115.49149780204654, 36.49078944895115], [-115.49257291048836, 36.49140699667006], [-115.49364245631173, 36.49202446377463], [-115.49549846115717, 36.49310706436885], [-115.49838145576547, 36.49477722983592], [-115.49916061731656, 36.49522422838653], [-115.5009602678119, 36.49626997967138], [-115.5035096147773, 36.49773976833476], [-115.50527973097215, 36.49876705606757], [-115.50655172758971, 36.49949962399834], [-115.50885826007632, 36.500833298739266], [-115.51042848104828, 36.501738571983225], [-115.51359638226128, 36.50357869618448], [-115.51520474427168, 36.504502411280455], [-115.51655203439618, 36.50528539022607], [-115.51844692741666, 36.50637488242767], [-115.52006352123755, 36.507312156666494], [-115.52141099522387, 36.50809057607738], [-115.52620942042323, 36.510867776381524], [-115.53082597907218, 36.51353662693872], [-115.53206748826277, 36.51424601433365], [-115.53427260653781, 36.51552612274206], [-115.53525029168229, 36.51609026107861], [-115.53745703944611, 36.51736357049893], [-115.53869243348025, 36.5180705618638], [-115.5399200045056, 36.51878645894016], [-115.540669939262, 36.51921705628063], [-115.54143227473311, 36.5196568152962], [-115.54455819505762, 36.52146856993052], [-115.54820799042864, 36.523568319190424], [-115.5483427216112, 36.52364645887508], [-115.55026794584225, 36.524762985376306], [-115.5515587777379, 36.52550432252158], [-115.55363533527029, 36.52671265515326], [-115.55468102859105, 36.52731351645968], [-115.55754109930913, 36.52896396177964], [-115.55832217949691, 36.52941961600994], [-115.55964149098448, 36.53017698624315], [-115.56639362455867, 36.534076573222954], [-115.5664010949001, 36.53408088763469], [-115.56764788307996, 36.53480086496597], [-115.57136996512233, 36.53694810712455], [-115.57321714533168, 36.538020392153], [-115.57584800478259, 36.539534698364385], [-115.57844287659546, 36.54103725106797], [-115.58077895883154, 36.54237891681462], [-115.58233966387577, 36.54328539400116], [-115.58442917490119, 36.544486589075646], [-115.58601977886143, 36.54540464171525], [-115.586818441136, 36.545871586797944], [-115.5889882949581, 36.547116473286444], [-115.59498227711846, 36.55057889897823], [-115.59604935912448, 36.55119092176601], [-115.59734990675933, 36.55194540469633], [-115.59800347796079, 36.55232199871664], [-115.59802142302766, 36.55233233914512], [-115.5980243288304, 36.55272390257368], [-115.59802598292914, 36.55294686116056], [-115.59804507292434, 36.555420229908265], [-115.5980736930729, 36.55912807035688], [-115.59807438714587, 36.55921802749661], [-115.59811551717678, 36.562849499337815], [-115.59815782729405, 36.56658473649271], [-115.59815745873428, 36.56662052471626], [-115.59812006377493, 36.570246934110685], [-115.59808266649532, 36.573873341283], [-115.59808177892474, 36.57395945461814], [-115.59831391947024, 36.577503507893056], [-115.59855115410681, 36.58112498585981], [-115.59920730505168, 36.59576682826284], [-115.59985075299055, 36.59574456688983], [-115.61748413807119, 36.59566275093284], [-115.6354713321701, 36.59566045912731], [-115.64446558132796, 36.59565759152972], [-115.64896303331759, 36.59565590392809], [-115.65345983446123, 36.59565416326126], [-115.65350596699574, 36.59659429776219], [-115.65353078069032, 36.59659429757087], [-115.65360296740725, 36.59659429829495], [-115.65428279161812, 36.596591679438866], [-115.65515896748649, 36.59658829776915], [-115.65536596806916, 36.5965882981233], [-115.6571279681121, 36.59658229862888], [-115.65944996772724, 36.59657429817163], [-115.66011796830716, 36.596571297595354], [-115.66176411959789, 36.59656632253035], [-115.66177196906253, 36.596566298439136], [-115.66271288783186, 36.59656463820586], [-115.66397895673164, 36.596562393202866], [-115.66738905935351, 36.59655627811015], [-115.67146457905527, 36.596548842593585], [-115.67189500340291, 36.59654804860957], [-115.67224432325715, 36.596547403721566], [-115.67552397178795, 36.59654129731556], [-115.67569759946312, 36.5967936741111]]]}, "properties": {"OBJECTID": 3, "COMMISSION": "C", "NAME": "C - April Becker (R)", "Shape__Area": 22446480269.169453, "Shape__Length": 874171.1225048506, "district_id": "C"}}, {"type": "Feature", "id": 4, "geometry": {"type": "Polygon", "coordinates": [[[-115.15019552816, 36.28394377488496], [-115.15044640203426, 36.28394823433905], [-115.15289256016321, 36.2839916887358], [-115.15294760979465, 36.2839927674232], [-115.15460619545387, 36.284012841125225], [-115.15688907095507, 36.28404128719019], [-115.15784428872087, 36.28405302572008], [-115.15918389103034, 36.28406947518126], [-115.16113208710141, 36.28409337204529], [-115.16198021135924, 36.28410373681767], [-115.16213663678822, 36.2841046889616], [-115.16396432386385, 36.28412694079874], [-115.16663567789216, 36.28415941420082], [-115.17112886853205, 36.28421368594136], [-115.173482297466, 36.28413063480847], [-115.17350773662967, 36.28412973690334], [-115.17723676597748, 36.28398048904259], [-115.1808295338101, 36.28384555352545], [-115.18164713070124, 36.28381911584698], [-115.18218200614345, 36.283800861603936], [-115.18246535686949, 36.28378315272045], [-115.18267649071939, 36.28375938980585], [-115.18288579981281, 36.28372671220946], [-115.18309270920642, 36.28368521084747], [-115.18336387702075, 36.28361634777314], [-115.18356299586294, 36.28355473913888], [-115.1837578589292, 36.28348477735823], [-115.18394793308349, 36.28340665444498], [-115.18419301468286, 36.28329016822753], [-115.18436991119417, 36.28319387241401], [-115.18454034036942, 36.28309021298445], [-115.18470383431527, 36.282979474110405], [-115.18491026718732, 36.28282133583643], [-115.18505587326823, 36.282695289106115], [-115.185193130417, 36.28256324615591], [-115.18534284141296, 36.28240137354056], [-115.1855182923896, 36.28219901998051], [-115.18654703674197, 36.28101250338865], [-115.18667315711478, 36.280876225397215], [-115.18681060194706, 36.280745517746986], [-115.18695664645381, 36.280622974250306], [-115.18711284245327, 36.28050725801914], [-115.18729773788642, 36.28038744840276], [-115.18754262936667, 36.28025284526697], [-115.18780107741426, 36.280136035277515], [-115.18801837685116, 36.28005529023216], [-115.18894088042047, 36.2797438722094], [-115.18891097631845, 36.27967939908795], [-115.1888573170799, 36.279542299437935], [-115.18881259254599, 36.2794031130428], [-115.18877692653597, 36.27926222156028], [-115.18875041723295, 36.27912001287067], [-115.18873313609859, 36.27897687566529], [-115.18872676559371, 36.27888112837266], [-115.18869511989662, 36.27817669603506], [-115.18865728781513, 36.277244554807794], [-115.18860749051349, 36.27614310440827], [-115.1886540317152, 36.274257169354996], [-115.18866362517083, 36.27388587972112], [-115.18870104060328, 36.272480363583774], [-115.18871479289028, 36.27196376843494], [-115.18872862210857, 36.271444229022606], [-115.18874973587259, 36.270651041825246], [-115.18876949599587, 36.269908682066486], [-115.18879840511991, 36.2688225999441], [-115.18883683211162, 36.26739053156961], [-115.18889655788122, 36.26516464459516], [-115.18892738790623, 36.26398278461609], [-115.18894111770308, 36.263456462036196], [-115.18899322239929, 36.261505275106245], [-115.18900892104095, 36.26036364532046], [-115.18903357574594, 36.25965725055835], [-115.18908103532738, 36.257844702443336], [-115.18908515445453, 36.25693037865727], [-115.18909449719717, 36.25654510553872], [-115.18909552709424, 36.25650269474972], [-115.1891071210849, 36.25602458647662], [-115.18912602184454, 36.25524517672262], [-115.18917173632765, 36.25418652626567], [-115.18917698842127, 36.253143124417505], [-115.18919604962299, 36.25235713996871], [-115.18920663799075, 36.251920556297044], [-115.18921828172925, 36.25144041812613], [-115.18925959250154, 36.250523381353155], [-115.189263803849, 36.249563224855265], [-115.18928539843249, 36.24867271059371], [-115.18934967995408, 36.246867074970964], [-115.18935944091596, 36.24651560056967], [-115.18936448771512, 36.246109088352746], [-115.18936522088269, 36.24597409788279], [-115.1893988121435, 36.24404079756829], [-115.1894151076809, 36.24310491525512], [-115.18943910468732, 36.241724330921016], [-115.18944500926854, 36.24138504775953], [-115.18947919405369, 36.239420040804724], [-115.18945134371899, 36.23835031360804], [-115.18942926856982, 36.2377402111466], [-115.18938361344135, 36.23574265261088], [-115.18933653940582, 36.23392893138536], [-115.18928850771952, 36.232065198783275], [-115.18922423799454, 36.23104797168136], [-115.18909846491297, 36.229107122421716], [-115.18907201415482, 36.22843710077261], [-115.18896560721065, 36.22655054638337], [-115.18894017576154, 36.22620405158737], [-115.18885241400707, 36.22478360353579], [-115.18873839056438, 36.22296010808223], [-115.1886745321619, 36.22185061609053], [-115.18867286020605, 36.22178731610007], [-115.18864218924166, 36.221257898893114], [-115.18863533356519, 36.22113954488067], [-115.18861993593708, 36.220837538652404], [-115.18860406915931, 36.22059970950878], [-115.18855811655678, 36.21987207638058], [-115.18854674670595, 36.219685464894795], [-115.18852972908252, 36.219334974952005], [-115.18841767795104, 36.21750362758907], [-115.18848546874062, 36.217502801290074], [-115.1885532651039, 36.217501972267165], [-115.19063596462502, 36.21747688879], [-115.19065299871286, 36.217476697735286], [-115.19285605863872, 36.21745191282522], [-115.19287341858887, 36.21745194964144], [-115.192890750733, 36.21745198636445], [-115.19513554184098, 36.21742553091812], [-115.19721120656997, 36.21740101767707], [-115.19736363942802, 36.21739918410741], [-115.20234340562787, 36.21734034520378], [-115.20242497770704, 36.21733938003281], [-115.20492921180451, 36.21730826141979], [-115.20498782107359, 36.217307569784346], [-115.2074838336917, 36.217278099475024], [-115.20748406949521, 36.21727809841303], [-115.21181867475026, 36.217142330548995], [-115.21185339517245, 36.217141332457636], [-115.21209839273774, 36.21713284825519], [-115.20855124312924, 36.21325064343113], [-115.20780501045917, 36.21243366862706], [-115.2068595922545, 36.21138129564009], [-115.2061680918954, 36.210622284828354], [-115.20594047168194, 36.210372952833545], [-115.20561642008748, 36.21001995296132], [-115.2054814297864, 36.209872901062], [-115.20536026378183, 36.20973653505975], [-115.20547429578619, 36.20959404485275], [-115.20553015327881, 36.20952142248903], [-115.20557024050777, 36.209424026229904], [-115.20560683106963, 36.20930464194961], [-115.20562674326305, 36.209084934190265], [-115.20562780860541, 36.20908356399182], [-115.20565293250162, 36.20820367842242], [-115.20566076298, 36.207909031958614], [-115.2056774182362, 36.20728241442909], [-115.2056893712425, 36.20683264241965], [-115.20570124173234, 36.206384966508], [-115.20573117162476, 36.205259821220345], [-115.20574215303343, 36.20484663734473], [-115.20574249251685, 36.204833841039246], [-115.20575989144628, 36.20417918376882], [-115.20576182576778, 36.204106389292754], [-115.20591728171371, 36.2041066966482], [-115.20611752365339, 36.20410709088642], [-115.20650557208029, 36.20411350830261], [-115.20674867589003, 36.20411752801444], [-115.20704035224242, 36.20412234978383], [-115.20724678222874, 36.20412614051413], [-115.20738927787401, 36.204129762527174], [-115.207390188264, 36.20418821477101], [-115.20737448010331, 36.20470447686014], [-115.20702418893848, 36.20470138955773], [-115.2070086574698, 36.20519275674953], [-115.20700673234758, 36.20527501387837], [-115.20702479414707, 36.20535624149043], [-115.20700959024165, 36.205802148738954], [-115.20778476671542, 36.20580959930838], [-115.20777430183114, 36.20633778106681], [-115.20777104629943, 36.20642003492082], [-115.20854618133592, 36.2064339751188], [-115.20903496126775, 36.20644391375335], [-115.2101723441921, 36.206466368136205], [-115.21018433252435, 36.206466399205446], [-115.21053692130421, 36.206473287867645], [-115.21129562193433, 36.206488106320926], [-115.21262979865331, 36.20651481537007], [-115.21296867608744, 36.2065223177461], [-115.21296914604284, 36.206434610441484], [-115.21297033363437, 36.20639734499125], [-115.21298197895992, 36.206031838772134], [-115.21299592573216, 36.205421164271655], [-115.21301577785103, 36.20470439400434], [-115.21303026409252, 36.204242070250885], [-115.21303184169312, 36.20419659616514], [-115.21268629794639, 36.204190156695354], [-115.21270213648005, 36.20344114296458], [-115.21268348855178, 36.20344109513037], [-115.21269183804228, 36.20301789884884], [-115.2126935566308, 36.20296378364918], [-115.21269411140473, 36.202881490592155], [-115.21268973941754, 36.202742664328056], [-115.21270412590161, 36.20225156474334], [-115.21309083752955, 36.202259266218086], [-115.21310526829667, 36.20176387384144], [-115.21310700626786, 36.20168148708569], [-115.21394310202416, 36.20169707960931], [-115.21467519541238, 36.20171019011461], [-115.21478094513301, 36.20170745592039], [-115.21481463174756, 36.20048829361388], [-115.21482190910547, 36.19991951667417], [-115.21484026949497, 36.1992608468616], [-115.21487300484016, 36.198079035909394], [-115.21487623318562, 36.19796246418259], [-115.2148966546839, 36.196854178239214], [-115.21492799479165, 36.19560633858411], [-115.21545144906501, 36.19561412687889], [-115.21587487043288, 36.195620425144895], [-115.21591065274573, 36.195620956791615], [-115.21629281479333, 36.19562664022566], [-115.21632342690178, 36.19562709460721], [-115.21642417710727, 36.195628593183805], [-115.21716449609133, 36.195639597312976], [-115.21789550003439, 36.19565045936887], [-115.21790998664929, 36.19565067393982], [-115.2190833246996, 36.195668098601], [-115.21938817416641, 36.195672623851195], [-115.21938850883826, 36.19567262937521], [-115.21939927068196, 36.195672788277285], [-115.21990245624058, 36.195680076381045], [-115.21990308216478, 36.19568009901118], [-115.21999548183084, 36.19568398918816], [-115.22386898670311, 36.195739049150966], [-115.22387086553901, 36.19565544761099], [-115.22392347098106, 36.193517773565155], [-115.22395803959783, 36.192112978768186], [-115.22396059063783, 36.1920311421165], [-115.22404502988975, 36.18848579493219], [-115.22003575908161, 36.188365337554266], [-115.21957620019829, 36.188351579854206], [-115.21900778694378, 36.18833474200887], [-115.21892619918853, 36.188333380575195], [-115.21845143483583, 36.188317996813666], [-115.2180080938844, 36.18830496841006], [-115.217899307805, 36.188301771160326], [-115.21733114012976, 36.18828655834107], [-115.2167668443565, 36.18826986665244], [-115.21621358789815, 36.1882535116979], [-115.2161103869703, 36.18825003432831], [-115.21571841690566, 36.18823688644168], [-115.21546204563786, 36.188230128711396], [-115.21520509855003, 36.1882233560433], [-115.21510648219032, 36.18822075624415], [-115.21510658336346, 36.18802765968493], [-115.21510587599167, 36.18776027090092], [-115.2151056177557, 36.187720905363136], [-115.2150855291391, 36.184933717052715], [-115.21508583297458, 36.18459542401418], [-115.21507878575989, 36.18370772575986], [-115.21507306542942, 36.182390011193554], [-115.2150668932463, 36.18148759451937], [-115.21506334064483, 36.18096824889606], [-115.21506639180717, 36.17897831997953], [-115.21506916934909, 36.1777275487082], [-115.21506932190314, 36.17766478233337], [-115.2149689278585, 36.177038066807796], [-115.2149474681131, 36.17688459913641], [-115.21483829166763, 36.176257612151105], [-115.21481828326812, 36.1761335481412], [-115.21481268512575, 36.17607272165496], [-115.21481198044961, 36.175909369362245], [-115.21480798772846, 36.17501336480083], [-115.21474255084149, 36.17501316335915], [-115.21467188465307, 36.17499921009033], [-115.21462708635966, 36.174978468602106], [-115.21459253017827, 36.17494127581566], [-115.21458563899127, 36.17487532328279], [-115.21459745410934, 36.17452669667468], [-115.21458063622173, 36.174455219287516], [-115.21452853530201, 36.17441110459547], [-115.21456161664861, 36.174111290754574], [-115.21464252695299, 36.17381723743397], [-115.214293981222, 36.173813256920035], [-115.21252346344674, 36.173719220937066], [-115.21098025513905, 36.17363497079513], [-115.21095197454483, 36.173633427250735], [-115.20597270161245, 36.173361448879795], [-115.20597263690438, 36.17332022899167], [-115.20597249608082, 36.173229735233996], [-115.20597208568896, 36.17296547153684], [-115.20597201727378, 36.17292154685711], [-115.20597313665453, 36.17250051452959], [-115.20597393517725, 36.172200187605576], [-115.20597477070513, 36.17188611067045], [-115.20597160637293, 36.17006570122548], [-115.20597338188833, 36.1688960968547], [-115.20597075168344, 36.16837999940044], [-115.20596870720712, 36.168271315988854], [-115.20596783116862, 36.16822473622504], [-115.20596556361964, 36.16816258675043], [-115.2059654604828, 36.16815975456374], [-115.20596534457661, 36.16815657173393], [-115.20596522618574, 36.16705946642743], [-115.20596518906373, 36.16671614853114], [-115.20597039118225, 36.16653757824145], [-115.20524850541148, 36.16652922170428], [-115.20516163057424, 36.16654130948233], [-115.20507853412339, 36.166560276985564], [-115.20495762045186, 36.16660522276679], [-115.20486084011799, 36.166651618281875], [-115.2047659263039, 36.16670626104145], [-115.20464645536269, 36.166759452489615], [-115.20449741917487, 36.16679606743409], [-115.20435675390289, 36.166809357993124], [-115.20435484874697, 36.16680935196298], [-115.20425046415681, 36.16680764795279], [-115.2010715990809, 36.16678105850911], [-115.20088442933475, 36.16677771366715], [-115.20071715701347, 36.166775805687514], [-115.19767636112573, 36.166748193663075], [-115.19735070231712, 36.16674577072228], [-115.19696660966483, 36.166741784781735], [-115.19663546578431, 36.16673522148617], [-115.19649619134255, 36.166723783040275], [-115.19635861090502, 36.1667123499074], [-115.19617620020126, 36.16668840953844], [-115.19599127005577, 36.1666603400317], [-115.19583323787154, 36.16663098372332], [-115.19580448111448, 36.166622649234064], [-115.19551134761706, 36.16655164806285], [-115.19551050063777, 36.16655164531945], [-115.19433857131135, 36.16631708303625], [-115.1939962409809, 36.166261027587154], [-115.1938372614526, 36.166252269114814], [-115.19361540816331, 36.16624055866414], [-115.19268668344593, 36.16624027935133], [-115.19257424687054, 36.166239912463304], [-115.19253706629502, 36.16289514133136], [-115.19249152551838, 36.15992960265358], [-115.19247731462904, 36.15900415130629], [-115.19072290141442, 36.15899376573084], [-115.19065138662987, 36.158993478054995], [-115.19023229554712, 36.15899214173762], [-115.19013620035943, 36.15899140352783], [-115.18917020192076, 36.15898750751022], [-115.18818833383516, 36.158983539615654], [-115.18785943222768, 36.158982208668625], [-115.18720570405358, 36.158978124488534], [-115.18660486402214, 36.158974366998855], [-115.18631938556231, 36.158973591176604], [-115.18622733827621, 36.158973294970366], [-115.18620935377898, 36.158973157816156], [-115.18619175938326, 36.158973022854354], [-115.18611661595273, 36.15897248880307], [-115.18515201387403, 36.15897653964602], [-115.18348780402779, 36.158951756945534], [-115.183386422667, 36.15894933548537], [-115.18295016450011, 36.15894829398403], [-115.18257461756798, 36.15894564610167], [-115.18239716774238, 36.158947358493535], [-115.18221971791621, 36.15894906972112], [-115.18186483479492, 36.15894924588564], [-115.18171870328102, 36.15894804293664], [-115.18115402368564, 36.15894483632664], [-115.17891779818096, 36.15893217369031], [-115.17780022845609, 36.15892707729251], [-115.17621474774212, 36.15891982983988], [-115.17621330291705, 36.158919823125025], [-115.17277636589417, 36.15889836718452], [-115.17000177615034, 36.158896481239324], [-115.1699942273457, 36.158896475911995], [-115.16996221054067, 36.15889644560575], [-115.16965497070908, 36.158895284541735], [-115.16896554563061, 36.15889265836764], [-115.16838916078196, 36.15889045964698], [-115.1677185275327, 36.15888789862043], [-115.16740288229273, 36.15888669178825], [-115.16594025381866, 36.15888108599588], [-115.16547479655696, 36.15887930401923], [-115.16537316874599, 36.15887905749212], [-115.1649835954941, 36.15887810986992], [-115.16459148045311, 36.15887715569694], [-115.16425272113729, 36.15887633020437], [-115.16386861054667, 36.15887539356622], [-115.16363839204573, 36.158874832040894], [-115.1635301335595, 36.15887456791969], [-115.16213170364234, 36.158871141528444], [-115.16170006508386, 36.15889449092433], [-115.16148630595184, 36.15892147984932], [-115.16129655965742, 36.15896081240892], [-115.16114134445532, 36.158987457251236], [-115.16089303621858, 36.15900819811359], [-115.16043750833524, 36.159019173155265], [-115.16042844139054, 36.15901935924633], [-115.16016537441796, 36.15902474973721], [-115.15997396526977, 36.159024045216924], [-115.15879367809818, 36.15899485198534], [-115.15827531646154, 36.15894136811103], [-115.15689045349802, 36.158863164653845], [-115.15664627240915, 36.15886278150616], [-115.15663611403728, 36.15886276513666], [-115.15641760007827, 36.15886242160853], [-115.15634549229286, 36.15886230871303], [-115.15626005192284, 36.15886217436108], [-115.1552095727888, 36.1588605177786], [-115.15488366909729, 36.15886000105719], [-115.15483288835358, 36.158859920295804], [-115.15482694225648, 36.158859911635886], [-115.15454211774141, 36.1588594598638], [-115.15427076030849, 36.15885902772955], [-115.15422975560851, 36.1588589628139], [-115.15396438428353, 36.15885854062089], [-115.15354509921087, 36.15885787194844], [-115.15342823905202, 36.158857685889814], [-115.15312186972811, 36.15885719664952], [-115.15258572566505, 36.158856338150265], [-115.15250913249352, 36.158856167152614], [-115.15242383294361, 36.158856098166936], [-115.15222775945723, 36.158856244141546], [-115.15221624497734, 36.15885625856648], [-115.15205505002984, 36.158856462229934], [-115.15182873269724, 36.158856747375935], [-115.1515023053418, 36.15885708931127], [-115.15096148445483, 36.15885764513571], [-115.15035015860329, 36.1588582707685], [-115.14890983210826, 36.15885597061414], [-115.14796097024437, 36.158852316255306], [-115.14778992839648, 36.15885165639631], [-115.14746682522366, 36.158846605188124], [-115.14745727755951, 36.158846493824626], [-115.14713500649054, 36.158842719177045], [-115.14615438721823, 36.15883121614941], [-115.14600114906247, 36.15883061873422], [-115.14596487620237, 36.15883067191853], [-115.14587605812982, 36.1588305664898], [-115.14456300441073, 36.158834242618326], [-115.14454375640054, 36.15883429646597], [-115.14362606047494, 36.1588368561499], [-115.14357306284516, 36.1588369093834], [-115.1430917556505, 36.158837699585646], [-115.14302561767315, 36.158838138688154], [-115.14302523644102, 36.15883814089148], [-115.1413860683515, 36.158844225613116], [-115.14094639629985, 36.158846011669134], [-115.14016851059601, 36.15884611677028], [-115.13914841109644, 36.15885297956363], [-115.13838918192572, 36.158856998035155], [-115.13836079533567, 36.158857125086485], [-115.13692770038155, 36.15886353762821], [-115.13691115627893, 36.15886382114545], [-115.13690819069893, 36.158863872278495], [-115.13687878056037, 36.15886437731018], [-115.13532938013948, 36.158875267096576], [-115.13409800741098, 36.158883907270564], [-115.13398869420453, 36.15888328711738], [-115.13284830815346, 36.15887680769839], [-115.13278310155738, 36.15887704095512], [-115.1327722693589, 36.15887707951099], [-115.13262352583477, 36.15887785545564], [-115.1323987440738, 36.15887899923116], [-115.13193760675018, 36.15887613697234], [-115.13184191509417, 36.158875542773764], [-115.13179046327295, 36.15887523970899], [-115.13131343816623, 36.1588752776793], [-115.13054309045675, 36.15887533428153], [-115.13044975607319, 36.158874561316665], [-115.1302659479893, 36.1588730395118], [-115.12998880554493, 36.15887074410078], [-115.12894180025712, 36.15887040602193], [-115.12893613199552, 36.15887040253835], [-115.12880949223164, 36.15886892237488], [-115.12868716229066, 36.15886864904707], [-115.12824387061146, 36.15886765912472], [-115.12806487828529, 36.15886865963606], [-115.12790390013843, 36.15886943998224], [-115.12789164115397, 36.15886981335812], [-115.12789122208194, 36.158869824382286], [-115.12788588863069, 36.15886996632903], [-115.12723568276142, 36.1588685433087], [-115.1250978735174, 36.158863841503305], [-115.12503074101416, 36.15886423351216], [-115.12340814050228, 36.15887370553969], [-115.12312266736095, 36.15887022030353], [-115.1228371953638, 36.15886673439122], [-115.12128177076357, 36.15885873185922], [-115.12060267594346, 36.15885523168042], [-115.11889790979706, 36.15885057134321], [-115.11862597585694, 36.1588488727985], [-115.11835424643859, 36.158847173529104], [-115.11811759455848, 36.158844194900574], [-115.11676778403736, 36.158827187627615], [-115.11668909026854, 36.15882686656214], [-115.11655782555674, 36.1588279367154], [-115.11648132792835, 36.15882855961409], [-115.11644994753956, 36.1588288094989], [-115.11620221633032, 36.158830832917886], [-115.11617500291015, 36.15883066907047], [-115.11613211074398, 36.1588304800963], [-115.1144337028794, 36.158842466607325], [-115.11441986801218, 36.1588424376674], [-115.11392416338077, 36.15884141119057], [-115.11390151501047, 36.158841363863814], [-115.11272215614703, 36.15884018386174], [-115.11165045956798, 36.15883910183339], [-115.11164295200501, 36.15883908127307], [-115.11152336994175, 36.158838768788065], [-115.10989979104542, 36.15883422179327], [-115.1080333461912, 36.1588329277918], [-115.10771962854137, 36.158832712315935], [-115.10768113114283, 36.1588326819766], [-115.1071544898525, 36.158832274284435], [-115.10608539558474, 36.15883467413751], [-115.10547248018847, 36.15883604581543], [-115.10545604118677, 36.15883602888104], [-115.10349059196945, 36.15883401204993], [-115.10336863706696, 36.1588338865052], [-115.10336847146306, 36.15883388674271], [-115.10336830697052, 36.15883388698467], [-115.10109744483994, 36.15883151300478], [-115.10106839124259, 36.15883148251969], [-115.10104448138512, 36.15883144210108], [-115.10099250061135, 36.15883079740527], [-115.10059611311921, 36.15883110809098], [-115.1004721918706, 36.158831206004514], [-115.09946371704555, 36.158831990385444], [-115.09844182732454, 36.15883277684381], [-115.09802383591153, 36.15883309607863], [-115.09792979526962, 36.158831584686894], [-115.0974346739893, 36.15883194789374], [-115.09679732517179, 36.15883241172144], [-115.09647785047076, 36.15883382340448], [-115.09580821777037, 36.158837568394745], [-115.09471313611591, 36.15884644216186], [-115.09358785870677, 36.158855550143876], [-115.09232225260268, 36.15885376235652], [-115.09231754464489, 36.15885375566945], [-115.09178282990999, 36.158859814059845], [-115.09174390613401, 36.158860255431065], [-115.0915430239348, 36.15886253100927], [-115.09152762626152, 36.15886270571024], [-115.09066082165239, 36.15887252032139], [-115.09063011411229, 36.15887286805311], [-115.09050368490155, 36.15887429906741], [-115.0892185637812, 36.15887614121036], [-115.08914668833462, 36.15887624387077], [-115.08900742006932, 36.158877649158406], [-115.08737251091141, 36.158894327708], [-115.08733902030201, 36.1588945053428], [-115.08691497371134, 36.15889675887373], [-115.08636178622004, 36.15890198101651], [-115.08580044700535, 36.15890727669061], [-115.08523959125368, 36.15891010401281], [-115.084683284703, 36.158912906192825], [-115.083461257026, 36.158922035202714], [-115.08208965802291, 36.15893183169955], [-115.08200295113177, 36.15893254215106], [-115.08200076595371, 36.15893256004103], [-115.0819162441423, 36.15893326786127], [-115.08020624038147, 36.15894891308567], [-115.0802240447957, 36.15938146349023], [-115.08027314404977, 36.16054660597346], [-115.08029093142322, 36.160968699428125], [-115.08029423315098, 36.16104704974289], [-115.08030574733837, 36.16132026711777], [-115.08035273004954, 36.16243514984955], [-115.0803548514536, 36.162485494844105], [-115.08035872667246, 36.162577438081826], [-115.08037277662605, 36.16291084148416], [-115.08042187281364, 36.16407583631674], [-115.0804221015969, 36.164081259430176], [-115.08045105310052, 36.164768208907034], [-115.0805141251668, 36.16626510199974], [-115.0805154378727, 36.16629625423439], [-115.08050661638718, 36.167186776510114], [-115.08049771728976, 36.168083482064155], [-115.08049485648273, 36.16837176415172], [-115.08047974697658, 36.16988436822658], [-115.08047138982484, 36.1707364583067], [-115.08047102140868, 36.17077359341587], [-115.0804620888302, 36.17167359519913], [-115.08046201063286, 36.171681484741605], [-115.08045313678133, 36.17257554895307], [-115.08045032539788, 36.17285879734112], [-115.08044495824707, 36.173389971900306], [-115.08044424654511, 36.173472474548596], [-115.08267076417383, 36.173474646257986], [-115.08277445320873, 36.17347474634265], [-115.083092383491, 36.1734750531033], [-115.08489570168027, 36.17347677628916], [-115.08601344755229, 36.17347783014392], [-115.08657466051547, 36.1734783556568], [-115.08714839377419, 36.17347888716663], [-115.0893576865981, 36.17348088385446], [-115.08935630493984, 36.173567297215236], [-115.0893558952073, 36.173593258916675], [-115.08935551797639, 36.17361705315548], [-115.08934905204211, 36.174025742363135], [-115.08932910394577, 36.175286612559056], [-115.08932875147701, 36.17530929200071], [-115.08932841539169, 36.17533042399953], [-115.08931385847735, 36.17625016094069], [-115.0893118936271, 36.17637473325507], [-115.08929918300875, 36.17718073883114], [-115.09422410374779, 36.17718782981977], [-115.09421932315787, 36.17792332914932], [-115.09421457733221, 36.17865267183872], [-115.09421007781876, 36.17937652210165], [-115.09420022819712, 36.180894802257264], [-115.09463735353995, 36.1808952905232], [-115.09506603636241, 36.180896854046274], [-115.0959834034463, 36.180900194626126], [-115.09828048606818, 36.18090852701488], [-115.09828120643945, 36.1809085326375], [-115.09838145633033, 36.18090888199998], [-115.101415200594, 36.180960764324766], [-115.1015734648558, 36.18096340398106], [-115.10251146855498, 36.18097906392697], [-115.10484756386478, 36.18101823839544], [-115.10707407555957, 36.18105553348165], [-115.10724553656996, 36.18105689144513], [-115.10741691831626, 36.18105977562849], [-115.10822303753623, 36.18107141182441], [-115.1083524753253, 36.18107508085936], [-115.10878647464794, 36.18108221514291], [-115.11037446475274, 36.18110830696676], [-115.11080726284767, 36.18111541475884], [-115.11164725692278, 36.1811292733186], [-115.1117833631358, 36.18113184191454], [-115.1120724148907, 36.18113664926691], [-115.11340663899448, 36.18115883104595], [-115.1160613907651, 36.18120282615341], [-115.11942763860837, 36.18120017883225], [-115.12059133367327, 36.18120007612525], [-115.1205882882326, 36.18146761521143], [-115.12058696861591, 36.18236037604617], [-115.12058803638013, 36.18304304235855], [-115.12058912026062, 36.18372296063065], [-115.12058802681207, 36.18484429294192], [-115.12058876464738, 36.18665354840122], [-115.12058984983747, 36.18840330802443], [-115.12059326147583, 36.18850282505922], [-115.11952152616232, 36.188506841140985], [-115.11834302262207, 36.188510450961964], [-115.11806006970448, 36.18851220227513], [-115.11777711670176, 36.18851396643835], [-115.11714981292954, 36.18851832799753], [-115.11611746770647, 36.188521809957194], [-115.1160386696005, 36.18852001705735], [-115.1160152014535, 36.188519525270806], [-115.11600140479497, 36.18851911089443], [-115.11598182717171, 36.18851840265939], [-115.11500986212214, 36.188499803948524], [-115.1134310108111, 36.188468996135306], [-115.1127169248578, 36.188455073492406], [-115.11166473899888, 36.18843455045411], [-115.11122270773411, 36.18842449265421], [-115.11081428083617, 36.18841519767724], [-115.11054059890569, 36.18840896799475], [-115.11035630142389, 36.18840515484012], [-115.10951177324006, 36.18838767649602], [-115.1090699861081, 36.1883785310264], [-115.1086617916904, 36.18837207048155], [-115.10822619081368, 36.18836517440807], [-115.10772170870382, 36.18835687377939], [-115.10721886432643, 36.188348594663225], [-115.10598883056417, 36.18832213184326], [-115.10421728486737, 36.18828399788256], [-115.10376071684055, 36.18827416529225], [-115.10309439201151, 36.18825981238559], [-115.10300123415834, 36.18825780548407], [-115.10299497087846, 36.188257668592264], [-115.10281536862135, 36.188253814901564], [-115.10278734827764, 36.188252675854926], [-115.10239945966252, 36.18824493075376], [-115.10069042042375, 36.188209604040836], [-115.10002012461705, 36.188194457328336], [-115.09831346939737, 36.18815586708922], [-115.09710833780909, 36.1881816695739], [-115.0966947774237, 36.188190521463156], [-115.09600900327273, 36.18820378802034], [-115.09541621990424, 36.188216341861555], [-115.09441361240968, 36.18823756905867], [-115.09369879132794, 36.188252697379056], [-115.09314342990501, 36.188265029806466], [-115.09229867040581, 36.188283783339536], [-115.09221515843653, 36.188285635371386], [-115.09178947201464, 36.1882950848054], [-115.09174146031647, 36.188293686232136], [-115.09145879821875, 36.18829826537909], [-115.09138723505671, 36.188299425975494], [-115.0892063701317, 36.18834701809622], [-115.08915737869972, 36.18834830928561], [-115.08910818908417, 36.18834946714773], [-115.0884972679172, 36.188360867239176], [-115.08795370738115, 36.18837088462704], [-115.08680411428392, 36.188392062492035], [-115.08680913222715, 36.189156109999395], [-115.08685141140552, 36.19115362399153], [-115.08686267156618, 36.19202815399105], [-115.08693036177742, 36.19566294185233], [-115.08698405997318, 36.19938291919556], [-115.08699638169821, 36.20078674824089], [-115.08701672358362, 36.203101278432], [-115.08701585308667, 36.203141050247154], [-115.0847362298337, 36.203124473177596], [-115.0824588146875, 36.20311356254422], [-115.08017492267965, 36.2030877155878], [-115.08017711295855, 36.204257834906315], [-115.08017890519235, 36.20521577510977], [-115.08018167155028, 36.206694069184316], [-115.08018925828326, 36.21031021927382], [-115.08017587644191, 36.211235008671416], [-115.08013662302119, 36.21400755104725], [-115.08011356793132, 36.215851751771865], [-115.0801134829879, 36.215857721499255], [-115.08008905194882, 36.217569873745], [-115.08008879725024, 36.217599048029015], [-115.0800885630665, 36.21762606112825], [-115.08008808020756, 36.21770735731282], [-115.08008846533917, 36.217785981244454], [-115.08008872668314, 36.21784329567759], [-115.08009793488307, 36.21963621285191], [-115.08010428190116, 36.221458863307035], [-115.08010655749523, 36.22172875036531], [-115.0801119881906, 36.22275636571221], [-115.08011741763336, 36.22378452074513], [-115.08012275843691, 36.22519741433083], [-115.0801255719762, 36.22545903785021], [-115.0801282492211, 36.22570807802315], [-115.0801283534779, 36.22571767618606], [-115.08012811338281, 36.226728240937994], [-115.08013920342212, 36.228433275161514], [-115.08014239326808, 36.22894437052985], [-115.080144902246, 36.22930076838893], [-115.08015067576487, 36.23012066257111], [-115.08015847102725, 36.23122785220626], [-115.08015882704969, 36.23131483519781], [-115.08016445596193, 36.2326884333941], [-115.08009201478345, 36.236106943363794], [-115.0800868266173, 36.23635177619634], [-115.08006877122816, 36.23720373578781], [-115.08004357088222, 36.238392357248124], [-115.08003622429977, 36.238738844100936], [-115.08000960466879, 36.2399943737061], [-115.08000497545865, 36.240454397673815], [-115.08017751774916, 36.24044985909936], [-115.08032078961462, 36.24045046157213], [-115.0806658652657, 36.240446417760076], [-115.08119278595979, 36.24044313633316], [-115.08430272609634, 36.24040258067176], [-115.08607822658689, 36.24039898511748], [-115.08919491799666, 36.24035218180501], [-115.09231257792719, 36.24030778697892], [-115.0948502358991, 36.24027520594411], [-115.0972728932601, 36.240243619852514], [-115.09897433376221, 36.240228001920386], [-115.0997612318794, 36.24022652553589], [-115.10095003918144, 36.2402030192377], [-115.10102866403408, 36.24020118127543], [-115.10164241910505, 36.24018814479642], [-115.10165366190033, 36.2401881107499], [-115.1017649435725, 36.24018619107943], [-115.10191821451606, 36.24018688904864], [-115.10205814307274, 36.24018710323894], [-115.10213745866903, 36.24018619384047], [-115.10351089085741, 36.24017240018908], [-115.10439378204178, 36.24016191310391], [-115.10677658008655, 36.24012583357633], [-115.1070967539218, 36.24012325554596], [-115.11131802345454, 36.24006306583657], [-115.11158535534834, 36.240051758327695], [-115.11188061767608, 36.24003778615389], [-115.11215947032773, 36.240024590419225], [-115.11218446532199, 36.24002664823519], [-115.1122930129365, 36.24002158056587], [-115.11229449596358, 36.240021586404886], [-115.11239684453658, 36.2400138823289], [-115.11314414628266, 36.239957624764216], [-115.11359369924766, 36.23991955780268], [-115.11460312574359, 36.239860333668226], [-115.11678897535181, 36.23984678281884], [-115.11679025116453, 36.239924158971306], [-115.11679106740351, 36.23997365227233], [-115.11682093519693, 36.2417846411821], [-115.11682456600374, 36.24200475835785], [-115.1168460387184, 36.243306698115575], [-115.1168462072548, 36.243316906650286], [-115.1169048330942, 36.246871330408744], [-115.11690664201431, 36.246981288836885], [-115.11690811731738, 36.24711855377501], [-115.11692274123092, 36.248483369477746], [-115.1169305202327, 36.24920928143972], [-115.11694568503488, 36.25062450991214], [-115.11694605648222, 36.25065918349275], [-115.11696505644854, 36.252432165917746], [-115.11696520744822, 36.25244626518089], [-115.11698355182753, 36.25415811723755], [-115.11698471707155, 36.254266875226], [-115.11698472933053, 36.25426799556063], [-115.11698523758102, 36.254315602972966], [-115.11698590349684, 36.25437787386871], [-115.11701275568583, 36.25689092917157], [-115.11702089321857, 36.25765251672773], [-115.1170235115901, 36.25789763077197], [-115.11702363959941, 36.25790960832879], [-115.11702400436975, 36.257943725753975], [-115.1170275268822, 36.25827338570623], [-115.1170400954484, 36.25944959709189], [-115.11706112356904, 36.26141737931893], [-115.1170625658552, 36.261552378893064], [-115.1170616160797, 36.26168671030682], [-115.11706160454925, 36.261688275777445], [-115.11705388495152, 36.26277994438632], [-115.11705368925853, 36.26280762449304], [-115.1170412289354, 36.264569791565194], [-115.11703652066876, 36.26523562077869], [-115.11703651603047, 36.26523621379955], [-115.11703638024485, 36.26525549785079], [-115.11702453543678, 36.2669301879751], [-115.11702346465339, 36.26708165112686], [-115.11701674637165, 36.268031544957445], [-115.11701124994588, 36.268958774546874], [-115.1169995316562, 36.27064835407636], [-115.11699853159683, 36.270792572968034], [-115.11698564234564, 36.27265062343927], [-115.11698557057812, 36.27266100673559], [-115.11698234599854, 36.273125918067066], [-115.1169728554014, 36.274493907264926], [-115.1169627682217, 36.275941135580354], [-115.11696226209199, 36.276020799862835], [-115.11695988682004, 36.27636324111804], [-115.11696069603948, 36.27636324066871], [-115.1192318223989, 36.27636157520356], [-115.12120263149059, 36.27636009443226], [-115.1213556409526, 36.2763599781066], [-115.12145742130222, 36.276359900776406], [-115.12144838931393, 36.27789741391467], [-115.12143370357175, 36.27945769531082], [-115.1214127445055, 36.28168422784345], [-115.12139405187816, 36.28366979510721], [-115.12435135266985, 36.28367198507354], [-115.12840617097916, 36.28367486915667], [-115.12848753635727, 36.28367491369706], [-115.12852393993643, 36.283674934091934], [-115.13044442441748, 36.283675973545066], [-115.13044542406546, 36.28367597372593], [-115.13271164771092, 36.28367768092763], [-115.13497173851594, 36.28367890219166], [-115.13724521562831, 36.283716923341736], [-115.13829912642146, 36.283735282323086], [-115.139518724496, 36.28375821717449], [-115.14406572149645, 36.2838373584202], [-115.14449954093656, 36.28384439761827], [-115.14902157670602, 36.283917671843525], [-115.14914672951336, 36.283909986026316], [-115.14926917043655, 36.28389508275099], [-115.14939158293582, 36.28387263739126], [-115.14994493327463, 36.28375114715128], [-115.15019552816, 36.28394377488496]]]}, "properties": {"OBJECTID": 4, "COMMISSION": "D", "NAME": "D - William McCurdy, II (D)", "Shape__Area": 1366445659.8613694, "Shape__Length": 203152.64481191334, "district_id": "D"}}, {"type": "Feature", "id": 5, "geometry": {"type": "Polygon", "coordinates": [[[-115.07115842151154, 36.20699305662489], [-115.07115739768234, 36.20738623372615], [-115.07115301697459, 36.209068905110655], [-115.07114891342587, 36.21064495202989], [-115.07566625729453, 36.210481036162506], [-115.07568330798941, 36.21048013600793], [-115.07569971453125, 36.20683760499965], [-115.07567749828422, 36.205022724108666], [-115.07571921058825, 36.20319896129881], [-115.07611929897396, 36.20318723379776], [-115.07792407617991, 36.203131703152906], [-115.07812931356007, 36.203125546861344], [-115.08017492267965, 36.2030877155878], [-115.0824588146875, 36.20311356254422], [-115.0847362298337, 36.203124473177596], [-115.08701585308667, 36.203141050247154], [-115.08701672358362, 36.203101278432], [-115.08699638169821, 36.20078674824089], [-115.08698405997318, 36.19938291919556], [-115.08693036177742, 36.19566294185233], [-115.08686267156618, 36.19202815399105], [-115.08685141140552, 36.19115362399153], [-115.08680913222715, 36.189156109999395], [-115.08680411428392, 36.188392062492035], [-115.08795370738115, 36.18837088462704], [-115.0884972679172, 36.188360867239176], [-115.08910818908417, 36.18834946714773], [-115.08915737869972, 36.18834830928561], [-115.0892063701317, 36.18834701809622], [-115.09138723505671, 36.188299425975494], [-115.09145879821875, 36.18829826537909], [-115.09174146031647, 36.188293686232136], [-115.09178947201464, 36.1882950848054], [-115.09221515843653, 36.188285635371386], [-115.09229867040581, 36.188283783339536], [-115.09314342990501, 36.188265029806466], [-115.09369879132794, 36.188252697379056], [-115.09441361240968, 36.18823756905867], [-115.09541621990424, 36.188216341861555], [-115.09600900327273, 36.18820378802034], [-115.0966947774237, 36.188190521463156], [-115.09710833780909, 36.1881816695739], [-115.09831346939737, 36.18815586708922], [-115.10002012461705, 36.188194457328336], [-115.10069042042375, 36.188209604040836], [-115.10239945966252, 36.18824493075376], [-115.10278734827764, 36.188252675854926], [-115.10281536862135, 36.188253814901564], [-115.10299497087846, 36.188257668592264], [-115.10300123415834, 36.18825780548407], [-115.10309439201151, 36.18825981238559], [-115.10376071684055, 36.18827416529225], [-115.10421728486737, 36.18828399788256], [-115.10598883056417, 36.18832213184326], [-115.10721886432643, 36.188348594663225], [-115.10772170870382, 36.18835687377939], [-115.10822619081368, 36.18836517440807], [-115.1086617916904, 36.18837207048155], [-115.1090699861081, 36.1883785310264], [-115.10951177324006, 36.18838767649602], [-115.11035630142389, 36.18840515484012], [-115.11054059890569, 36.18840896799475], [-115.11081428083617, 36.18841519767724], [-115.11122270773411, 36.18842449265421], [-115.11166473899888, 36.18843455045411], [-115.1127169248578, 36.188455073492406], [-115.1134310108111, 36.188468996135306], [-115.11500986212214, 36.188499803948524], [-115.11598182717171, 36.18851840265939], [-115.11600140479497, 36.18851911089443], [-115.1160152014535, 36.188519525270806], [-115.1160386696005, 36.18852001705735], [-115.11611746770647, 36.188521809957194], [-115.11714981292954, 36.18851832799753], [-115.11777711670176, 36.18851396643835], [-115.11806006970448, 36.18851220227513], [-115.11834302262207, 36.188510450961964], [-115.11952152616232, 36.188506841140985], [-115.12059326147583, 36.18850282505922], [-115.12058984983747, 36.18840330802443], [-115.12058876464738, 36.18665354840122], [-115.12058802681207, 36.18484429294192], [-115.12058912026062, 36.18372296063065], [-115.12058803638013, 36.18304304235855], [-115.12058696861591, 36.18236037604617], [-115.1205882882326, 36.18146761521143], [-115.12059133367327, 36.18120007612525], [-115.11942763860837, 36.18120017883225], [-115.1160613907651, 36.18120282615341], [-115.11340663899448, 36.18115883104595], [-115.1120724148907, 36.18113664926691], [-115.1117833631358, 36.18113184191454], [-115.11164725692278, 36.1811292733186], [-115.11080726284767, 36.18111541475884], [-115.11037446475274, 36.18110830696676], [-115.10878647464794, 36.18108221514291], [-115.1083524753253, 36.18107508085936], [-115.10822303753623, 36.18107141182441], [-115.10741691831626, 36.18105977562849], [-115.10724553656996, 36.18105689144513], [-115.10707407555957, 36.18105553348165], [-115.10484756386478, 36.18101823839544], [-115.10251146855498, 36.18097906392697], [-115.1015734648558, 36.18096340398106], [-115.101415200594, 36.180960764324766], [-115.09838145633033, 36.18090888199998], [-115.09828120643945, 36.1809085326375], [-115.09828048606818, 36.18090852701488], [-115.0959834034463, 36.180900194626126], [-115.09506603636241, 36.180896854046274], [-115.09463735353995, 36.1808952905232], [-115.09420022819712, 36.180894802257264], [-115.09421007781876, 36.17937652210165], [-115.09421457733221, 36.17865267183872], [-115.09421932315787, 36.17792332914932], [-115.09422410374779, 36.17718782981977], [-115.08929918300875, 36.17718073883114], [-115.0893118936271, 36.17637473325507], [-115.08931385847735, 36.17625016094069], [-115.08932841539169, 36.17533042399953], [-115.08932875147701, 36.17530929200071], [-115.08932910394577, 36.175286612559056], [-115.08934905204211, 36.174025742363135], [-115.08935551797639, 36.17361705315548], [-115.0893558952073, 36.173593258916675], [-115.08935630493984, 36.173567297215236], [-115.0893576865981, 36.17348088385446], [-115.08714839377419, 36.17347888716663], [-115.08657466051547, 36.1734783556568], [-115.08601344755229, 36.17347783014392], [-115.08489570168027, 36.17347677628916], [-115.083092383491, 36.1734750531033], [-115.08277445320873, 36.17347474634265], [-115.08267076417383, 36.173474646257986], [-115.08044424654511, 36.173472474548596], [-115.08044495824707, 36.173389971900306], [-115.08045032539788, 36.17285879734112], [-115.08045313678133, 36.17257554895307], [-115.08046201063286, 36.171681484741605], [-115.0804620888302, 36.17167359519913], [-115.08047102140868, 36.17077359341587], [-115.08047138982484, 36.1707364583067], [-115.08047974697658, 36.16988436822658], [-115.08049485648273, 36.16837176415172], [-115.08049771728976, 36.168083482064155], [-115.08050661638718, 36.167186776510114], [-115.0805154378727, 36.16629625423439], [-115.0805141251668, 36.16626510199974], [-115.08045105310052, 36.164768208907034], [-115.0804221015969, 36.164081259430176], [-115.08042187281364, 36.16407583631674], [-115.08037277662605, 36.16291084148416], [-115.08035872667246, 36.162577438081826], [-115.0803548514536, 36.162485494844105], [-115.08035273004954, 36.16243514984955], [-115.08030574733837, 36.16132026711777], [-115.08029423315098, 36.16104704974289], [-115.08029093142322, 36.160968699428125], [-115.08027314404977, 36.16054660597346], [-115.0802240447957, 36.15938146349023], [-115.08020624038147, 36.15894891308567], [-115.0819162441423, 36.15893326786127], [-115.08200076595371, 36.15893256004103], [-115.08200295113177, 36.15893254215106], [-115.08208965802291, 36.15893183169955], [-115.083461257026, 36.158922035202714], [-115.084683284703, 36.158912906192825], [-115.08523959125368, 36.15891010401281], [-115.08580044700535, 36.15890727669061], [-115.08636178622004, 36.15890198101651], [-115.08691497371134, 36.15889675887373], [-115.08733902030201, 36.1588945053428], [-115.08737251091141, 36.158894327708], [-115.08900742006932, 36.158877649158406], [-115.08914668833462, 36.15887624387077], [-115.0892185637812, 36.15887614121036], [-115.09050368490155, 36.15887429906741], [-115.09063011411229, 36.15887286805311], [-115.09066082165239, 36.15887252032139], [-115.09152762626152, 36.15886270571024], [-115.0915430239348, 36.15886253100927], [-115.09174390613401, 36.158860255431065], [-115.09178282990999, 36.158859814059845], [-115.09231754464489, 36.15885375566945], [-115.09232225260268, 36.15885376235652], [-115.09358785870677, 36.158855550143876], [-115.09471313611591, 36.15884644216186], [-115.09580821777037, 36.158837568394745], [-115.09647785047076, 36.15883382340448], [-115.09679732517179, 36.15883241172144], [-115.0974346739893, 36.15883194789374], [-115.09792979526962, 36.158831584686894], [-115.09802383591153, 36.15883309607863], [-115.09844182732454, 36.15883277684381], [-115.09946371704555, 36.158831990385444], [-115.1004721918706, 36.158831206004514], [-115.10059611311921, 36.15883110809098], [-115.10099250061135, 36.15883079740527], [-115.10104448138512, 36.15883144210108], [-115.10106839124259, 36.15883148251969], [-115.10109744483994, 36.15883151300478], [-115.10336830697052, 36.15883388698467], [-115.10336847146306, 36.15883388674271], [-115.10336863706696, 36.1588338865052], [-115.10349059196945, 36.15883401204993], [-115.10545604118677, 36.15883602888104], [-115.10547248018847, 36.15883604581543], [-115.10608539558474, 36.15883467413751], [-115.1071544898525, 36.158832274284435], [-115.10768113114283, 36.1588326819766], [-115.10771962854137, 36.158832712315935], [-115.1080333461912, 36.1588329277918], [-115.10989979104542, 36.15883422179327], [-115.11152336994175, 36.158838768788065], [-115.11164295200501, 36.15883908127307], [-115.11165045956798, 36.15883910183339], [-115.11272215614703, 36.15884018386174], [-115.11390151501047, 36.158841363863814], [-115.11392416338077, 36.15884141119057], [-115.11441986801218, 36.1588424376674], [-115.1144337028794, 36.158842466607325], [-115.11613211074398, 36.1588304800963], [-115.11617500291015, 36.15883066907047], [-115.11620221633032, 36.158830832917886], [-115.11644994753956, 36.1588288094989], [-115.11648132792835, 36.15882855961409], [-115.11655782555674, 36.1588279367154], [-115.11668909026854, 36.15882686656214], [-115.11676778403736, 36.158827187627615], [-115.11811759455848, 36.158844194900574], [-115.11835424643859, 36.158847173529104], [-115.11862597585694, 36.1588488727985], [-115.11889790979706, 36.15885057134321], [-115.12060267594346, 36.15885523168042], [-115.12128177076357, 36.15885873185922], [-115.1228371953638, 36.15886673439122], [-115.12312266736095, 36.15887022030353], [-115.12340814050228, 36.15887370553969], [-115.12503074101416, 36.15886423351216], [-115.1250978735174, 36.158863841503305], [-115.12723568276142, 36.1588685433087], [-115.12788588863069, 36.15886996632903], [-115.12789122208194, 36.158869824382286], [-115.12789164115397, 36.15886981335812], [-115.12790390013843, 36.15886943998224], [-115.12806487828529, 36.15886865963606], [-115.12824387061146, 36.15886765912472], [-115.12868716229066, 36.15886864904707], [-115.12880949223164, 36.15886892237488], [-115.12893613199552, 36.15887040253835], [-115.12894180025712, 36.15887040602193], [-115.12998880554493, 36.15887074410078], [-115.1302659479893, 36.1588730395118], [-115.13044975607319, 36.158874561316665], [-115.13054309045675, 36.15887533428153], [-115.13131343816623, 36.1588752776793], [-115.13179046327295, 36.15887523970899], [-115.13184191509417, 36.158875542773764], [-115.13193760675018, 36.15887613697234], [-115.1323987440738, 36.15887899923116], [-115.13262352583477, 36.15887785545564], [-115.1327722693589, 36.15887707951099], [-115.13278310155738, 36.15887704095512], [-115.13284830815346, 36.15887680769839], [-115.13398869420453, 36.15888328711738], [-115.13409800741098, 36.158883907270564], [-115.13532938013948, 36.158875267096576], [-115.13687878056037, 36.15886437731018], [-115.13690819069893, 36.158863872278495], [-115.13691115627893, 36.15886382114545], [-115.13692770038155, 36.15886353762821], [-115.13836079533567, 36.158857125086485], [-115.13838918192572, 36.158856998035155], [-115.13914841109644, 36.15885297956363], [-115.14016851059601, 36.15884611677028], [-115.14094639629985, 36.158846011669134], [-115.1413860683515, 36.158844225613116], [-115.14302523644102, 36.15883814089148], [-115.14302561767315, 36.158838138688154], [-115.1430917556505, 36.158837699585646], [-115.14357306284516, 36.1588369093834], [-115.14362606047494, 36.1588368561499], [-115.14454375640054, 36.15883429646597], [-115.14456300441073, 36.158834242618326], [-115.14587605812982, 36.1588305664898], [-115.14596487620237, 36.15883067191853], [-115.14600114906247, 36.15883061873422], [-115.14615438721823, 36.15883121614941], [-115.14713500649054, 36.158842719177045], [-115.14745727755951, 36.158846493824626], [-115.14746682522366, 36.158846605188124], [-115.14778992839648, 36.15885165639631], [-115.14796097024437, 36.158852316255306], [-115.14890983210826, 36.15885597061414], [-115.15035015860329, 36.1588582707685], [-115.15096148445483, 36.15885764513571], [-115.1515023053418, 36.15885708931127], [-115.15182873269724, 36.158856747375935], [-115.15205505002984, 36.158856462229934], [-115.15221624497734, 36.15885625856648], [-115.15222775945723, 36.158856244141546], [-115.15242383294361, 36.158856098166936], [-115.15250913249352, 36.158856167152614], [-115.15258572566505, 36.158856338150265], [-115.15312186972811, 36.15885719664952], [-115.15342823905202, 36.158857685889814], [-115.15354509921087, 36.15885787194844], [-115.15396438428353, 36.15885854062089], [-115.15422975560851, 36.1588589628139], [-115.15427076030849, 36.15885902772955], [-115.15454211774141, 36.1588594598638], [-115.15482694225648, 36.158859911635886], [-115.15483288835358, 36.158859920295804], [-115.15488366909729, 36.15886000105719], [-115.1552095727888, 36.1588605177786], [-115.15626005192284, 36.15886217436108], [-115.15634549229286, 36.15886230871303], [-115.15641760007827, 36.15886242160853], [-115.15663611403728, 36.15886276513666], [-115.15664627240915, 36.15886278150616], [-115.15689045349802, 36.158863164653845], [-115.15827531646154, 36.15894136811103], [-115.15879367809818, 36.15899485198534], [-115.15997396526977, 36.159024045216924], [-115.16016537441796, 36.15902474973721], [-115.16042844139054, 36.15901935924633], [-115.16043750833524, 36.159019173155265], [-115.16089303621858, 36.15900819811359], [-115.16114134445532, 36.158987457251236], [-115.16129655965742, 36.15896081240892], [-115.16148630595184, 36.15892147984932], [-115.16170006508386, 36.15889449092433], [-115.16213170364234, 36.158871141528444], [-115.1635301335595, 36.15887456791969], [-115.16363839204573, 36.158874832040894], [-115.16386861054667, 36.15887539356622], [-115.16425272113729, 36.15887633020437], [-115.16459148045311, 36.15887715569694], [-115.1649835954941, 36.15887810986992], [-115.16537316874599, 36.15887905749212], [-115.16547479655696, 36.15887930401923], [-115.16594025381866, 36.15888108599588], [-115.16740288229273, 36.15888669178825], [-115.1677185275327, 36.15888789862043], [-115.16838916078196, 36.15889045964698], [-115.16896554563061, 36.15889265836764], [-115.16965497070908, 36.158895284541735], [-115.16996221054067, 36.15889644560575], [-115.1699942273457, 36.158896475911995], [-115.17000177615034, 36.158896481239324], [-115.17277636589417, 36.15889836718452], [-115.17621330291705, 36.158919823125025], [-115.17621474774212, 36.15891982983988], [-115.17780022845609, 36.15892707729251], [-115.17891779818096, 36.15893217369031], [-115.18115402368564, 36.15894483632664], [-115.18171870328102, 36.15894804293664], [-115.18186483479492, 36.15894924588564], [-115.18221971791621, 36.15894906972112], [-115.18239716774238, 36.158947358493535], [-115.18257461756798, 36.15894564610167], [-115.18295016450011, 36.15894829398403], [-115.183386422667, 36.15894933548537], [-115.18348780402779, 36.158951756945534], [-115.18515201387403, 36.15897653964602], [-115.18611661595273, 36.15897248880307], [-115.18619175938326, 36.158973022854354], [-115.18620935377898, 36.158973157816156], [-115.18622733827621, 36.158973294970366], [-115.18631938556231, 36.158973591176604], [-115.18660486402214, 36.158974366998855], [-115.18720570405358, 36.158978124488534], [-115.18785943222768, 36.158982208668625], [-115.18818833383516, 36.158983539615654], [-115.18917020192076, 36.15898750751022], [-115.19013620035943, 36.15899140352783], [-115.19023229554712, 36.15899214173762], [-115.19065138662987, 36.158993478054995], [-115.19072290141442, 36.15899376573084], [-115.19247731462904, 36.15900415130629], [-115.19246952246735, 36.158885458847884], [-115.1924443303644, 36.1583730335174], [-115.1924082049976, 36.15810094749682], [-115.19232670442189, 36.15784244991737], [-115.192216048014, 36.15761407472536], [-115.19208256020323, 36.15742133859778], [-115.19195440027217, 36.15726433169788], [-115.19174109609145, 36.157071334284915], [-115.19135459990433, 36.15675371739761], [-115.19129639058907, 36.15670588174128], [-115.19116435517033, 36.15656259791822], [-115.1910370932257, 36.15639597796018], [-115.191003457938, 36.156347792745116], [-115.19094363124422, 36.15624457881787], [-115.19091530324364, 36.15619366382382], [-115.19084034376684, 36.156025842363874], [-115.19078292307324, 36.15585318522343], [-115.19074976227066, 36.15565705406916], [-115.19075129987088, 36.15540634523152], [-115.1907515561426, 36.15534735456931], [-115.19075838746444, 36.15478935780974], [-115.19076183473797, 36.15450779758501], [-115.19076184588955, 36.15450689812991], [-115.19075855086803, 36.152098809782814], [-115.19075801643316, 36.151708357280405], [-115.19075859876916, 36.151624964196046], [-115.19076197329412, 36.15114143695332], [-115.19076658863673, 36.150480056722344], [-115.1907699937667, 36.14999213927963], [-115.19077408936765, 36.149384386975164], [-115.19077658423296, 36.14901420624047], [-115.1907837086616, 36.14806442945137], [-115.19078438520052, 36.14792018748002], [-115.19078489701859, 36.14781100805456], [-115.19079245214873, 36.14648434769329], [-115.19079237688885, 36.14635872398412], [-115.19080665968542, 36.144529626514014], [-115.19080762003254, 36.144422739590496], [-115.1908076270976, 36.144421990636886], [-115.19396553875585, 36.14444293886422], [-115.19404819748796, 36.14444336709975], [-115.19414159595651, 36.14444385090908], [-115.19504187877801, 36.14444994750689], [-115.19635836818735, 36.144458850198525], [-115.19796412991637, 36.14446968893961], [-115.1998469547482, 36.14448141346403], [-115.19994549489824, 36.14448145495771], [-115.20209385632553, 36.14449567391724], [-115.20432224403775, 36.14451007607693], [-115.20435712240078, 36.14440075557232], [-115.20435756702929, 36.144304392190925], [-115.20434041408753, 36.14339699482847], [-115.2043313618406, 36.14304615639494], [-115.20433023826783, 36.14300067702769], [-115.20432365461238, 36.14269315638149], [-115.20432378447252, 36.142665004797465], [-115.20431068633584, 36.14232389923566], [-115.20430035186658, 36.141962228503026], [-115.2042886870573, 36.141599471080376], [-115.20427706400638, 36.14122805230608], [-115.20426920525948, 36.140907775985454], [-115.20439325564553, 36.14090692925477], [-115.204605885111, 36.14049863209571], [-115.20464682423268, 36.140441245288834], [-115.20450636468172, 36.14033140619991], [-115.20441895486987, 36.14028442719546], [-115.20417739375846, 36.14020399529517], [-115.20410108568738, 36.140181776479146], [-115.20409811297664, 36.13952382304867], [-115.20409477683222, 36.13880955085034], [-115.20450648967831, 36.1388081066202], [-115.20522535125245, 36.138804883859], [-115.20531767253064, 36.13879830739058], [-115.20538789411698, 36.138765563157705], [-115.2054220249661, 36.138717888589696], [-115.20543544716378, 36.138645226908], [-115.20544360510834, 36.13780851629851], [-115.20543108111484, 36.13727218508039], [-115.20543097674702, 36.13721725248246], [-115.20543087353772, 36.13716230997341], [-115.20543087197164, 36.13716170970445], [-115.20543079544426, 36.13712113035337], [-115.20542710452371, 36.13703256714572], [-115.2054163817348, 36.136944381024264], [-115.20539866978172, 36.136856939851214], [-115.20537404583798, 36.1367706061887], [-115.20534260930636, 36.13668574086516], [-115.20533069028043, 36.13665795500679], [-115.20531804023655, 36.13663038225005], [-115.2053000458998, 36.1365939716265], [-115.20526549854065, 36.13653131073963], [-115.20522231766762, 36.13645155471843], [-115.20518545567043, 36.136369738436294], [-115.20515506095155, 36.13628619134103], [-115.20513125632158, 36.136201250009236], [-115.20511413679489, 36.136115254533834], [-115.20510377179482, 36.1360285521364], [-115.20510020295796, 36.13594149175219], [-115.2050999685166, 36.135850735760854], [-115.20509893846389, 36.1354518389459], [-115.20509807836433, 36.135118470583784], [-115.20509168666166, 36.13371558679664], [-115.20509088484421, 36.133636094301735], [-115.20327786813671, 36.13364230112433], [-115.20233576983978, 36.13364205529784], [-115.20197847918669, 36.13364366542726], [-115.20120188305587, 36.13364668465677], [-115.19929114749222, 36.13365142065373], [-115.19918866753721, 36.133653004583635], [-115.19915480716818, 36.13365353320134], [-115.19876482343129, 36.13365962008915], [-115.19483599541414, 36.133720872179545], [-115.1948328885846, 36.133720925193415], [-115.19433887504249, 36.13372931722654], [-115.19351724643904, 36.13374327139287], [-115.19269231853885, 36.133757274956594], [-115.19262014027781, 36.133758500537105], [-115.19259614478116, 36.13375841595272], [-115.19055789849837, 36.133793668814825], [-115.1903900842681, 36.13379912374453], [-115.19028875498329, 36.13379604232353], [-115.19025371422418, 36.133794852086154], [-115.19021978546503, 36.133793699737495], [-115.18840643137722, 36.133732100158674], [-115.18799614101137, 36.133718159143946], [-115.18564999660536, 36.13363878624955], [-115.18340770662067, 36.133562756092815], [-115.18121233364558, 36.13348787347474], [-115.18117764965916, 36.13348671602991], [-115.1810762727528, 36.133484413489604], [-115.18107493942945, 36.13348442072867], [-115.1802820875558, 36.13346960413216], [-115.18045449234964, 36.13303338493355], [-115.18058228604414, 36.13266981683437], [-115.18069131391891, 36.13233365613149], [-115.18081336783489, 36.131891773647155], [-115.18093678769124, 36.131389458193446], [-115.18103140070284, 36.13089116654977], [-115.18105872262333, 36.130717564767544], [-115.18108433693025, 36.130554816973], [-115.18110440781744, 36.13038822634813], [-115.18111656985323, 36.130287270488154], [-115.18112480351276, 36.13021892930778], [-115.18114167085434, 36.13005805655733], [-115.18112708856604, 36.13006373804388], [-115.1809643250876, 36.1301570372135], [-115.18090597885545, 36.13019048123509], [-115.18076972601521, 36.13026858319407], [-115.18077637271462, 36.130208866628955], [-115.18077712379691, 36.13020211663184], [-115.18080968206617, 36.12990954047294], [-115.18082071219095, 36.12978053154885], [-115.18082680689254, 36.1297092314464], [-115.18083254665966, 36.12949072030261], [-115.18084332952672, 36.129053688438795], [-115.18084589973812, 36.12794946845067], [-115.18085635675652, 36.12707523464651], [-115.18083566209587, 36.126858575980854], [-115.18083528009952, 36.12684504891727], [-115.1808340671434, 36.126739898507225], [-115.18083296578068, 36.126644443733895], [-115.18083289673761, 36.126641211446945], [-115.18082862115892, 36.126441555042604], [-115.18082959029172, 36.12636945534996], [-115.1808296400743, 36.12636666780208], [-115.18083116466835, 36.12628042770572], [-115.18083116634526, 36.126280316851684], [-115.18083186016176, 36.126241035201765], [-115.18083201687637, 36.12623427599217], [-115.18083227657682, 36.12622301244043], [-115.18083294919353, 36.12620115731884], [-115.18083510221697, 36.12613065780032], [-115.18083533370869, 36.12612470189855], [-115.1808402533665, 36.125997775086525], [-115.18085105879601, 36.12577032642875], [-115.18085070759345, 36.124521832395665], [-115.18085233279913, 36.123918142740834], [-115.18085252466071, 36.123846823634416], [-115.18085309096139, 36.123636207392636], [-115.18085197005301, 36.12329364437442], [-115.18085164951468, 36.12303673083063], [-115.18084775663819, 36.12287441279186], [-115.18084042471827, 36.12272921868432], [-115.18082202003673, 36.12236471040267], [-115.18082077880331, 36.122059013633304], [-115.18081854706259, 36.12150992677988], [-115.18081851374092, 36.12150143823522], [-115.18081877222696, 36.12149911375269], [-115.18081848820951, 36.12149534086263], [-115.1808184866782, 36.12149477033528], [-115.18081989097821, 36.12092237994504], [-115.18082141312743, 36.12037237546034], [-115.18082152145723, 36.120333306313675], [-115.18082152177925, 36.120333243223804], [-115.18082206801795, 36.12013590923613], [-115.18082286957525, 36.119768851562625], [-115.18082555371217, 36.11854041949032], [-115.18082893560171, 36.11746100045303], [-115.18083202606161, 36.1170261040825], [-115.18083198567174, 36.11636580105389], [-115.18083378660819, 36.11559608274496], [-115.18083406364295, 36.115477585289646], [-115.18083449890122, 36.11547500903463], [-115.18083407319365, 36.11547375479771], [-115.18083425863404, 36.11539453657821], [-115.18083529314323, 36.1147477709005], [-115.18083681457279, 36.11449164280423], [-115.18064521380866, 36.11450715654366], [-115.18046724703811, 36.11452135576306], [-115.18032195259848, 36.11453223788808], [-115.17977342809034, 36.11457612157856], [-115.179311178422, 36.11462017566823], [-115.17795280005087, 36.114776914245056], [-115.17762490985304, 36.11479778159763], [-115.17688995332195, 36.11480490550164], [-115.17638461032146, 36.11480868433039], [-115.1754034216249, 36.11478018039785], [-115.17285470983141, 36.11472067404355], [-115.17282928223645, 36.114719840642636], [-115.17267213662537, 36.114714237678314], [-115.16789688631604, 36.11458466709863], [-115.16770932371439, 36.11457957404298], [-115.16760530984904, 36.11457815592574], [-115.16750663679392, 36.11457567379522], [-115.1656545445141, 36.11452207232752], [-115.16415785080584, 36.114482693805755], [-115.16401844407513, 36.11448432311083], [-115.16402736505295, 36.116260529348466], [-115.16403379495736, 36.11672367084216], [-115.1640408521997, 36.117226365295224], [-115.16404105110725, 36.11724076964948], [-115.1639009326313, 36.117242051113365], [-115.16390580628729, 36.11750849934081], [-115.16323881323065, 36.11728451396151], [-115.16323533313921, 36.11728385462541], [-115.1631759740503, 36.11727261095388], [-115.163134993902, 36.117264071623275], [-115.16309420236274, 36.11725495250378], [-115.1630536149609, 36.11724525815657], [-115.16301324057903, 36.11723498951434], [-115.1629730947406, 36.11722415203952], [-115.1629331874341, 36.11721274757002], [-115.16289353086981, 36.11720077795154], [-115.16285413833982, 36.117188250441366], [-115.16281502205426, 36.117175166885204], [-115.16277619310758, 36.117161530026166], [-115.1627376614642, 36.117147346208604], [-115.162699442657, 36.11713261909256], [-115.16266154554911, 36.11711735321592], [-115.16264402137239, 36.117109981243836], [-115.16262398345171, 36.11710155223093], [-115.16258676632908, 36.117085222482025], [-115.16254990527068, 36.11706836761359], [-115.16251341468407, 36.11705099398576], [-115.1624773012105, 36.117033106128645], [-115.16244157926221, 36.117014709500985], [-115.16240625880329, 36.116995810447264], [-115.1623256936658, 36.11695323389654], [-115.16227624728054, 36.11692840688999], [-115.16222627618052, 36.116904284636966], [-115.16217579366109, 36.11688087349266], [-115.16212481412828, 36.116858179816134], [-115.16207375429458, 36.11683638352925], [-115.16207335530599, 36.11683621268209], [-115.16202143160979, 36.1168149766471], [-115.16196905965747, 36.11679447988069], [-115.16191625275364, 36.11677472693558], [-115.16186302974246, 36.11675572508794], [-115.16180940726088, 36.116737478902174], [-115.16175540081562, 36.11671999654403], [-115.16170102594717, 36.116703279870315], [-115.16164629816222, 36.11668733704676], [-115.16159123743957, 36.11667217084714], [-115.1615358593002, 36.11665778673342], [-115.16153184887318, 36.116656807322144], [-115.16148017926515, 36.11664419016765], [-115.16142421731787, 36.11663138302231], [-115.16136798565657, 36.116619368945216], [-115.1613115053464, 36.1166081552206], [-115.16125479193718, 36.11659774190287], [-115.16119786428705, 36.11658813356463], [-115.16114073793592, 36.11657933206294], [-115.16108343063112, 36.11657134196657], [-115.16102596014377, 36.11656416333789], [-115.16096834534164, 36.1165577989471], [-115.16091060175007, 36.11655225335524], [-115.16085274603437, 36.116547525719554], [-115.1607997540391, 36.1165439508469], [-115.16079480040413, 36.11654361701954], [-115.16073677817282, 36.11654053000585], [-115.16067869710679, 36.116538265642454], [-115.16062057830965, 36.116536824003674], [-115.16056243511412, 36.11653620423521], [-115.16050428972015, 36.11653640911923], [-115.16044615657613, 36.11653743690418], [-115.16038805456397, 36.116539287656714], [-115.16033000034894, 36.11654196053441], [-115.16030158273304, 36.11654367360462], [-115.16027201392377, 36.11654545560798], [-115.16021411085255, 36.1165497702285], [-115.16015630890162, 36.11655490536019], [-115.16009862696754, 36.11656085836609], [-115.16004108061922, 36.11656762569612], [-115.16001524543198, 36.11657103956083], [-115.15998368984467, 36.11657520832241], [-115.15992646911171, 36.11658360088852], [-115.15986943952416, 36.116592803469295], [-115.15981261665094, 36.11660281251483], [-115.15975601717682, 36.11661362357793], [-115.15969965776718, 36.11662523581648], [-115.15964355733811, 36.11663764298867], [-115.15958773255505, 36.11665084425248], [-115.1595676770748, 36.11665589629519], [-115.15953220122822, 36.116664832460906], [-115.15947804794737, 36.116678496545006], [-115.15942362417196, 36.11669143500309], [-115.15941731563008, 36.11663978988778], [-115.15923753095737, 36.116682264506444], [-115.15882608640962, 36.11673826867986], [-115.1587000721638, 36.11675250514556], [-115.15864160335438, 36.11675229788767], [-115.15859021213838, 36.11673983549842], [-115.15852796349088, 36.11671069571051], [-115.15847426618923, 36.116682775030164], [-115.15817407727585, 36.116508108197166], [-115.15859410295243, 36.116133497789114], [-115.15861450239719, 36.11611530348636], [-115.15844697232546, 36.115992766403444], [-115.15824576542624, 36.11584559606747], [-115.1582337271819, 36.11583657641461], [-115.15822519091803, 36.11582990625526], [-115.15821561529441, 36.11582213732894], [-115.15820507170913, 36.11581321310688], [-115.15819140546034, 36.11580101870557], [-115.15818254702764, 36.115792707035865], [-115.15817282867317, 36.11578318637572], [-115.15816441395593, 36.11577457704807], [-115.15815520389933, 36.115764730117625], [-115.1581443195129, 36.115752470775945], [-115.158136667072, 36.115743403588006], [-115.1581256122977, 36.11572957718227], [-115.15811852799182, 36.11572021097575], [-115.15811304980329, 36.1157127233687], [-115.15810767893177, 36.115705728251584], [-115.15810300770212, 36.11570000194256], [-115.15809415873667, 36.11568993817467], [-115.1580890061277, 36.11568449136166], [-115.1580815115967, 36.115677042562254], [-115.15807370152044, 36.115669813460514], [-115.1580632092772, 36.11566085065224], [-115.15805716903103, 36.1156560397079], [-115.15804972790704, 36.11565042974593], [-115.15784473155293, 36.115500554002125], [-115.15784910324442, 36.115504762371316], [-115.15785390593624, 36.11551041164554], [-115.15785710007451, 36.115515253952026], [-115.15785968200117, 36.11552033022445], [-115.15786162643526, 36.115525590801674], [-115.15786291366912, 36.11553098243712], [-115.15786357990578, 36.11553782476101], [-115.15786298571504, 36.115546043398545], [-115.15786133760018, 36.11555277565632], [-115.15785985561116, 36.11555671718118], [-115.15785659230949, 36.1155630480323], [-115.15785329506748, 36.11556784565328], [-115.15784942510847, 36.11557235102185], [-115.15784616890852, 36.115575512029515], [-115.15782349921064, 36.11559591623619], [-115.15763876834393, 36.115756755612125], [-115.15750442962313, 36.11565849446399], [-115.15733270514963, 36.11581305788334], [-115.15737042628609, 36.11584064737665], [-115.15731375206742, 36.11589165945898], [-115.15727602982564, 36.115864068141484], [-115.15704118908842, 36.116075449857384], [-115.1567387440495, 36.11634766329845], [-115.15677646521547, 36.11637525568051], [-115.15671978912667, 36.11642626566562], [-115.15668206684083, 36.116398674163236], [-115.15643900722212, 36.116617437680034], [-115.15637744455769, 36.1165672178436], [-115.15636966542466, 36.116561262277465], [-115.15636052751407, 36.1165551441408], [-115.15634946794285, 36.11654880644791], [-115.15634225252543, 36.11654521699576], [-115.15633482555029, 36.116541925118966], [-115.15632410597891, 36.116537829264296], [-115.15631624619668, 36.11653528121779], [-115.15630499984981, 36.11653225602924], [-115.15629352228856, 36.116529876246666], [-115.15628018934855, 36.116527960327076], [-115.15627346334752, 36.11652732887531], [-115.15625994448146, 36.11652672097645], [-115.15593860565451, 36.116522747638314], [-115.1554233197624, 36.11651637378393], [-115.1553164427003, 36.11651505193188], [-115.15529227831227, 36.116550955355066], [-115.1552233689899, 36.11660558559835], [-115.15518998928792, 36.116627531904996], [-115.15513382361115, 36.11665612405434], [-115.1550728267644, 36.11667778143935], [-115.15500097752313, 36.11669587140773], [-115.15489890753054, 36.116712001992376], [-115.15473286911745, 36.11671849769867], [-115.15472574125462, 36.116694720273834], [-115.15466501770486, 36.11649214793467], [-115.1541656613281, 36.11649233124313], [-115.15401371151016, 36.11650361004436], [-115.15386372170887, 36.11650683175998], [-115.15335520358369, 36.11649837144361], [-115.15317859755984, 36.11648501832641], [-115.15306396788003, 36.11646093137], [-115.1529982635904, 36.116438288186075], [-115.15296514787185, 36.116426821876594], [-115.15292160647245, 36.1164117922214], [-115.15282892316398, 36.11636601842485], [-115.15279756298432, 36.11634837907408], [-115.15279671358779, 36.116347901037145], [-115.1523083713218, 36.116073205677914], [-115.15220305241556, 36.11602004485769], [-115.1520444601597, 36.115959883760134], [-115.15188777825281, 36.115920324908856], [-115.15175045960642, 36.11589998640491], [-115.15160022730305, 36.11589210221949], [-115.15064916912381, 36.11588754805293], [-115.15063607154299, 36.11657937269615], [-115.15063602608244, 36.11658178711076], [-115.15063670189761, 36.11672222357908], [-115.15063544897001, 36.11679975235685], [-115.15032331190821, 36.116796927416964], [-115.15027856372687, 36.116776161985285], [-115.15024753948374, 36.11676094046638], [-115.14981886757258, 36.11636517196463], [-115.14977816354339, 36.1163403002431], [-115.14966139329046, 36.116333009702714], [-115.14954885412318, 36.11632573436896], [-115.14907304366999, 36.116383074461794], [-115.14878736481461, 36.11642402556511], [-115.14698890309492, 36.116681809677885], [-115.14690984295915, 36.11670487253184], [-115.14680612961315, 36.11674707650797], [-115.14671498459232, 36.11681267613696], [-115.14663869585875, 36.11690854858141], [-115.14661536358716, 36.11695653878155], [-115.14659838639602, 36.117041638767994], [-115.1465940077417, 36.11710618100106], [-115.14632083412107, 36.117102437654644], [-115.1463362747829, 36.11657458281085], [-115.14638635942619, 36.114862365921596], [-115.14638811531513, 36.11469920392173], [-115.14638980240225, 36.114546454370206], [-115.14639654909557, 36.114398131519856], [-115.14641212982146, 36.114259456839484], [-115.14645234683071, 36.114142849264816], [-115.14650048373953, 36.114009787600224], [-115.14658491035914, 36.113857627201185], [-115.14667040205501, 36.11374255816491], [-115.14667935015684, 36.1137316021435], [-115.14679473002353, 36.113607026889824], [-115.1469396967812, 36.113489426292766], [-115.14708857549442, 36.11339107077566], [-115.14727614801747, 36.113298350230416], [-115.14742883437111, 36.113238468371215], [-115.14948710497214, 36.11266354001622], [-115.14964257643065, 36.112596797506306], [-115.14981534730188, 36.112501272215475], [-115.14999737438411, 36.11237693497481], [-115.15014244616512, 36.11223872713635], [-115.15025639055082, 36.11210452824293], [-115.15036337285665, 36.11192772309632], [-115.15042450773502, 36.11177685021242], [-115.15046948459934, 36.11160119357167], [-115.15047892938486, 36.111461122523565], [-115.15042417631803, 36.10805855853776], [-115.15042474160455, 36.107955542011375], [-115.14952629652916, 36.10794904766414], [-115.14849185166646, 36.107882923292124], [-115.14553068837083, 36.10785025237458], [-115.14184077178105, 36.107772550567894], [-115.14180379888833, 36.107762960590655], [-115.14178867103458, 36.10775641368145], [-115.14177490953938, 36.1077480475757], [-115.14175780247434, 36.10773652810919], [-115.1417428217462, 36.107723144478136], [-115.14172989931237, 36.107707154663046], [-115.14171811255271, 36.10768849127158], [-115.14170651778615, 36.107423023023685], [-115.14158039683463, 36.10475207804389], [-115.14156831172647, 36.10470624654607], [-115.14153859408584, 36.10466035093331], [-115.14149648696801, 36.10462299450825], [-115.14143503827242, 36.104578989949374], [-115.14135941870691, 36.10454093304077], [-115.14128377145478, 36.10451060643239], [-115.14117281337457, 36.104488734355655], [-115.14102305137166, 36.10446958146392], [-115.13935314754166, 36.10444567398288], [-115.13716265598606, 36.10445181456475], [-115.13717887355476, 36.10467559109396], [-115.1372701400565, 36.105934899717504], [-115.13729161897379, 36.10623126480446], [-115.1374024736695, 36.10776079871026], [-115.13738549602908, 36.107760292981546], [-115.13703432283809, 36.10774982276705], [-115.13605755531138, 36.10772420304481], [-115.13561351639439, 36.107712536530286], [-115.13532619828041, 36.10770498758509], [-115.13532575522528, 36.1077049670011], [-115.13509813821888, 36.1076945817223], [-115.13382665959757, 36.10766777780222], [-115.13323831057374, 36.107653207689175], [-115.13280899033482, 36.10762989802704], [-115.13179443818812, 36.107601428217606], [-115.13052452306738, 36.107563565955765], [-115.12824301136492, 36.10749774865109], [-115.12595786586114, 36.107445773871895], [-115.12527781025787, 36.10743068026318], [-115.12366104297935, 36.10739540515714], [-115.12135890173347, 36.10734335588376], [-115.1190798895065, 36.107290197443035], [-115.11742105032337, 36.107320414941746], [-115.11679231784088, 36.107332326035774], [-115.11450477363373, 36.10736983515553], [-115.1144808570754, 36.10737111514593], [-115.11363102871921, 36.10738564308439], [-115.11276681353921, 36.10740010848963], [-115.11229153813208, 36.10740785593678], [-115.1122091800142, 36.107414856969584], [-115.1108803030829, 36.107432518080266], [-115.11004189097085, 36.107448439150396], [-115.10991809746122, 36.107450697224316], [-115.10770304476958, 36.1074928531317], [-115.10699263898219, 36.10750084462744], [-115.10698813144585, 36.107500895205234], [-115.10593241384264, 36.107517296934624], [-115.1058517832455, 36.10751972278466], [-115.10531896137844, 36.107532735468276], [-115.10362001914844, 36.107561778045905], [-115.1029706096289, 36.10757330667214], [-115.1022166294755, 36.107585919780334], [-115.1019507019499, 36.107590398213155], [-115.10069264995637, 36.10761005597287], [-115.09735810672107, 36.107632545933235], [-115.09649757909484, 36.107637909458184], [-115.0936543197781, 36.10763479117547], [-115.0923583352065, 36.10763281136556], [-115.09186928421441, 36.10763644030036], [-115.09174014924369, 36.10763984558767], [-115.09174899099179, 36.10754510501695], [-115.09178725367674, 36.10717714231153], [-115.09183107601969, 36.10669794258278], [-115.09185805436042, 36.10647690633243], [-115.09185228776545, 36.10628183463029], [-115.09184368218332, 36.105761212411856], [-115.09183596110357, 36.10530240478884], [-115.09183167976624, 36.10503865933484], [-115.09183222990875, 36.10478042890277], [-115.0918345851015, 36.103994750001746], [-115.09183322907307, 36.10390683542471], [-115.09182242103172, 36.10316230976862], [-115.09179824558416, 36.10150704463508], [-115.09178254558657, 36.100314836197185], [-115.09178360343218, 36.1001778142955], [-115.0907784550936, 36.10019203164176], [-115.09061593125824, 36.100194329612165], [-115.08980726161784, 36.100205760320456], [-115.0882751112298, 36.100227401718726], [-115.08776837990689, 36.10023454622962], [-115.08734750312638, 36.10024049558131], [-115.08688800739306, 36.10024697835514], [-115.08575762765439, 36.10026292034078], [-115.08574015082128, 36.10026316592274], [-115.08557925172619, 36.10026543406426], [-115.085219600909, 36.10027050364224], [-115.08469558776363, 36.100277888679756], [-115.08468684212315, 36.100278011814154], [-115.08467459889162, 36.10027818438429], [-115.08410353981328, 36.100286228167036], [-115.08312405107755, 36.10030001861847], [-115.08268752743493, 36.100306162074496], [-115.08251806139282, 36.10030854623372], [-115.08235019111191, 36.10030343351703], [-115.0819238518138, 36.100296435284605], [-115.08166257373695, 36.10029215825802], [-115.08072494678821, 36.10027677611156], [-115.0801804690474, 36.10026784030077], [-115.0801046946358, 36.100267734791615], [-115.07787058977269, 36.1002646095504], [-115.0769845477709, 36.10026623305547], [-115.07611421875554, 36.100267820986495], [-115.0752308789577, 36.10026942673796], [-115.07434754254065, 36.10027102508977], [-115.07322676842455, 36.10027304480827], [-115.07118284321255, 36.10026754895212], [-115.07022311607032, 36.10026495623462], [-115.0669571321399, 36.10025607581255], [-115.06635956848189, 36.100253114232764], [-115.0661702820158, 36.10025217572296], [-115.0654872755438, 36.10024770985205], [-115.06393772838622, 36.10024002054507], [-115.06393616449512, 36.10024004621268], [-115.06393579711711, 36.10024001127217], [-115.06382940898291, 36.10024347791084], [-115.05942623755371, 36.100339507455395], [-115.05856280959738, 36.10035843185366], [-115.05492188303216, 36.10043816912412], [-115.05489492384662, 36.100438405341706], [-115.05356476868705, 36.10045001501299], [-115.05247634072315, 36.10045968430167], [-115.05229949108436, 36.10047484189054], [-115.05213391787964, 36.100495524589114], [-115.05193756161381, 36.10052897170585], [-115.05174756548367, 36.10057809863888], [-115.05157681602375, 36.10063280589356], [-115.0513966134622, 36.10070834947915], [-115.05125112755859, 36.10077836879151], [-115.05098913087087, 36.10089451245141], [-115.05402740395722, 36.10359254261306], [-115.05549686902243, 36.104897354514556], [-115.05708941064043, 36.10631138347086], [-115.05859033888323, 36.10764384534684], [-115.05909925095108, 36.10809623093595], [-115.05890042540766, 36.108245081406864], [-115.05868181047339, 36.10841032688532], [-115.05662125392975, 36.109943813201866], [-115.05638252311321, 36.11004085775269], [-115.05620742867832, 36.11010340082562], [-115.05605852471858, 36.11014972382562], [-115.05589118592404, 36.11019501191259], [-115.05569344416523, 36.110232773445496], [-115.05550988367042, 36.11025914977298], [-115.05531181803437, 36.11027953407065], [-115.0551294747205, 36.110291471916625], [-115.05407119721008, 36.11036857789327], [-115.05369075448276, 36.110382111414296], [-115.05118374826904, 36.11036629029222], [-115.05123894184713, 36.111491502519215], [-115.0513477240582, 36.112946224411914], [-115.05141732911461, 36.114539750690355], [-115.0514310674802, 36.114854681720445], [-115.0533149072971, 36.114865469798296], [-115.05396101696951, 36.11487378567567], [-115.05469067124572, 36.11488942564897], [-115.05487793974642, 36.11490695465045], [-115.0549714741116, 36.11491869557802], [-115.05507970843499, 36.11493348994556], [-115.05544730184971, 36.11499798638634], [-115.05589962110713, 36.11508629742293], [-115.05601460794695, 36.11510565058344], [-115.05607795955129, 36.11511594370367], [-115.05614315002732, 36.115124338643746], [-115.05619249527297, 36.11512884774568], [-115.0562600018437, 36.115132749042594], [-115.0563076022284, 36.115132905277704], [-115.05653315708004, 36.115132261468446], [-115.05798823512502, 36.11507935212081], [-115.05852327136877, 36.11505989300275], [-115.05887026018044, 36.11504710178013], [-115.06004070878988, 36.11500394665206], [-115.06069769663175, 36.11498071576887], [-115.06141204707944, 36.114954984951254], [-115.06278628283005, 36.11491563605364], [-115.06419418982674, 36.11487229657648], [-115.06469056318183, 36.114853129055724], [-115.06486432062198, 36.114850434602886], [-115.06542894077573, 36.11487332538279], [-115.06577412754368, 36.11489568392326], [-115.06619652081731, 36.11490943121062], [-115.06677415630847, 36.114914298157395], [-115.06723029323511, 36.11531722604746], [-115.07421372057243, 36.12151533182332], [-115.07431177703921, 36.121602283634616], [-115.07455860823892, 36.12182035767551], [-115.0749966455319, 36.122219179915064], [-115.07605402240439, 36.123160441750606], [-115.08259184433702, 36.12897344819622], [-115.0819804583083, 36.12942966473527], [-115.08152251726348, 36.12975191099306], [-115.08144798054177, 36.129691161548955], [-115.0813905217977, 36.12965406597756], [-115.08131430761793, 36.12962036085428], [-115.08122904270698, 36.12961097791409], [-115.08112322333204, 36.1296111300483], [-115.07745761025377, 36.1296163664389], [-115.07730268406826, 36.12961670075916], [-115.07713934282837, 36.129617073223805], [-115.07418989304354, 36.129623161861296], [-115.0703395015558, 36.12962490096697], [-115.06976800859512, 36.129625139715124], [-115.06755594622292, 36.129626037814155], [-115.0675527164599, 36.12962604553792], [-115.06750936680369, 36.12962607337475], [-115.0655161534719, 36.12962688371806], [-115.0654822908477, 36.12962689685435], [-115.06534722364616, 36.12962695005995], [-115.06534683812409, 36.12962695019538], [-115.06539833646761, 36.13146401617761], [-115.06544971968951, 36.13329690449907], [-115.06549831800254, 36.13512761800951], [-115.06554670684176, 36.136950396874234], [-115.06554667870593, 36.13695349539478], [-115.06538985254672, 36.136960426927956], [-115.06097991466856, 36.137031822808495], [-115.06090223855995, 36.133743390174274], [-115.06089690510194, 36.133340978620076], [-115.05909663579591, 36.133357991163564], [-115.0563494845901, 36.13338463029377], [-115.05634422191024, 36.131777462331584], [-115.0563119569112, 36.12967025060064], [-115.05189598630275, 36.129685701681026], [-115.05181411500561, 36.1296859864434], [-115.04760675115345, 36.12970805875653], [-115.04755736894688, 36.129707068179826], [-115.04747289797827, 36.129705374430365], [-115.04735282406126, 36.12970801245605], [-115.04729139257415, 36.129709361685386], [-115.04622263168258, 36.12971350405374], [-115.04476064320977, 36.12971915287601], [-115.04434329832452, 36.129720748327664], [-115.04280537942965, 36.12972661472493], [-115.04065389716804, 36.12973588224066], [-115.04045120965178, 36.1297376559386], [-115.0383011832203, 36.12974665795867], [-115.03829984101009, 36.129746673482316], [-115.03821839106176, 36.12974691030989], [-115.03819826332516, 36.12974700257234], [-115.0381510456397, 36.12608735389733], [-115.03814932338904, 36.12594183689477], [-115.03814552822084, 36.12562150747323], [-115.03814428606205, 36.12551661480126], [-115.03813184158788, 36.12540779197846], [-115.03810905901419, 36.12530180803702], [-115.0380756422709, 36.12520340783046], [-115.03803196907195, 36.12510199567138], [-115.03797012419463, 36.125006534018404], [-115.0378982593165, 36.12491580806603], [-115.03781512510045, 36.12482878913984], [-115.03648351318218, 36.12390765945676], [-115.03647797952696, 36.123903831641016], [-115.0364690018509, 36.12389762130769], [-115.03607541507613, 36.12362535401982], [-115.03593802237825, 36.123519749995], [-115.0358149878573, 36.12340307236204], [-115.03570766127474, 36.12327659996041], [-115.03560385734023, 36.12311852351341], [-115.03553434845394, 36.12297570497017], [-115.03548362201983, 36.12282777452939], [-115.03545223324768, 36.122676352574146], [-115.03544045564462, 36.12251483659697], [-115.0354399684663, 36.12241388145422], [-115.0354358325159, 36.121557589166024], [-115.0354355899096, 36.12150728959671], [-115.03543244785746, 36.1214226176726], [-115.03542384848811, 36.121338193878394], [-115.03540981463594, 36.1212542517524], [-115.0353963617468, 36.12119925460421], [-115.03538271880154, 36.12114347426234], [-115.03535618019195, 36.121061545198735], [-115.03532439296028, 36.12098085573097], [-115.03527399935349, 36.12087557857594], [-115.03523032977111, 36.12079863276784], [-115.03518175541929, 36.12072364734491], [-115.03512841152684, 36.120650826612426], [-115.03507044334356, 36.120580371315924], [-115.03498623612681, 36.120490441517525], [-115.03491811676768, 36.12042624332424], [-115.0348459509689, 36.120365024266164], [-115.03476993417875, 36.12030695377291], [-115.0346810664709, 36.120246225045825], [-115.03403280358265, 36.11984146588855], [-115.03399010617098, 36.11980860452868], [-115.0339365842916, 36.1197620551425], [-115.03389914242896, 36.119725217012096], [-115.03385301130388, 36.119673721840414], [-115.03382138215096, 36.11963345569035], [-115.03376612277536, 36.11954917372768], [-115.03374264646146, 36.119505388454556], [-115.03371579711117, 36.11944557262145], [-115.0336853233131, 36.11935336479686], [-115.0336716844967, 36.11929067495394], [-115.03366501117424, 36.11924323360398], [-115.0336608839132, 36.11914782809378], [-115.03367088117025, 36.118678223529194], [-115.03367108730778, 36.11866857072175], [-115.03308307461319, 36.11865981550592], [-115.03308490307973, 36.11857002354163], [-115.03309471438466, 36.11845870209446], [-115.03311169223412, 36.1183479498298], [-115.03312697066022, 36.11827458171479], [-115.03315577986659, 36.118165451128135], [-115.033178881321, 36.11809344203036], [-115.03321930494288, 36.1179867649063], [-115.0332506669058, 36.11791533900697], [-115.03254430276067, 36.11746694731984], [-115.03184549351447, 36.11702333876654], [-115.03150567349222, 36.11680738053993], [-115.03153727761699, 36.11677198810884], [-115.03178361643965, 36.11652750016834], [-115.03188800148855, 36.1164193604058], [-115.03186595849388, 36.11640535197757], [-115.02936880544159, 36.114967287707266], [-115.0294092592077, 36.116754896771624], [-115.02936135214225, 36.117842008191964], [-115.02922125786783, 36.11749026237239], [-115.02914194698907, 36.11736352696516], [-115.02842523162512, 36.11645777123187], [-115.02826047490649, 36.116234489427434], [-115.02802422206466, 36.11588725368732], [-115.02757537512106, 36.11513932124382], [-115.02733984306177, 36.11472066174083], [-115.0270780287942, 36.11427852900985], [-115.02674333512844, 36.113759137103145], [-115.02642570350203, 36.11331124928286], [-115.02604559122912, 36.112812247819825], [-115.02583368708633, 36.112525558069365], [-115.02570903633183, 36.11240822433797], [-115.0255516185889, 36.11228661720953], [-115.02527115434735, 36.11209026298645], [-115.02344459595966, 36.11093068565667], [-115.02167015852997, 36.109835434785296], [-115.019313585741, 36.10831402119047], [-115.01786690061253, 36.107419544352936], [-115.0147142289029, 36.10537758362635], [-115.01185413748158, 36.10353566494006], [-115.0104565036527, 36.10265458161131], [-115.00660476794488, 36.10026459906706], [-115.00369637194267, 36.098382506955716], [-115.0022177891094, 36.097434692553556], [-115.00054403970718, 36.09639317028312], [-114.99670972773548, 36.09393671109793], [-114.99511744421548, 36.09293525716364], [-114.99333041613315, 36.091787089329166], [-114.99318410550451, 36.09170687731092], [-114.99293985619956, 36.09162618172346], [-114.99267908691688, 36.09157190229876], [-114.99209176340426, 36.091529259699456], [-114.99147159526868, 36.09151295008968], [-114.99107984669337, 36.091511014563345], [-114.9908352035665, 36.09148330711318], [-114.99063952830313, 36.09145584317392], [-114.99032979246823, 36.091401315542434], [-114.98975929191121, 36.09129250226682], [-114.9886838845811, 36.09103544597507], [-114.98799932986894, 36.09089956112527], [-114.98676050787694, 36.09066817282241], [-114.9863205981905, 36.09055999326402], [-114.98592985839457, 36.090425559149566], [-114.98575081039387, 36.09035842391173], [-114.98542556319221, 36.09019781755613], [-114.98506807292651, 36.08998405499129], [-114.98500425485997, 36.08994178557615], [-114.98166346567815, 36.088270932951694], [-114.9814377865762, 36.08803144127742], [-114.98138281292523, 36.08797333353262], [-114.98132808322796, 36.08788309760919], [-114.98122619925357, 36.08774764469812], [-114.9811319864221, 36.087644358726536], [-114.98099804533547, 36.087560150809345], [-114.9808324389738, 36.08747578354432], [-114.98059524270906, 36.08743603605111], [-114.98029466655379, 36.08740239540527], [-114.98009661027551, 36.087420675499196], [-114.97991409201923, 36.08747758821867], [-114.97970747986993, 36.08757936024686], [-114.97905553413281, 36.08794234297289], [-114.97876115046724, 36.088133631711386], [-114.97853806341735, 36.08831885242339], [-114.97840195767658, 36.08851736429256], [-114.97830567945985, 36.088683948618545], [-114.97816917734639, 36.088933864471706], [-114.97809635276323, 36.08913912084921], [-114.9780553911487, 36.08931883498459], [-114.97798217062058, 36.089575495537886], [-114.97794096212728, 36.08978733773444], [-114.97784344927415, 36.09011455950651], [-114.97767552406617, 36.0903321865836], [-114.9774127948806, 36.09052363096074], [-114.977261736994, 36.090606402667696], [-114.97707153994189, 36.090631143693166], [-114.97665061546401, 36.090576657187725], [-114.97643658920414, 36.09051225027012], [-114.9760331721685, 36.090303886586355], [-114.97576904564572, 36.0901361885474], [-114.975630235579, 36.090004537372366], [-114.97536197052688, 36.08993251963512], [-114.97536179333056, 36.08983628388451], [-114.97534179394133, 36.08978628403203], [-114.975319979402, 36.08966630474457], [-114.97530779322284, 36.08959928391751], [-114.9752087943171, 36.08924028342193], [-114.97515179283654, 36.08910528390338], [-114.9750757934011, 36.08897428431285], [-114.97490979324962, 36.088686284541545], [-114.97486679357857, 36.0886112830705], [-114.97479879381356, 36.088468284417594], [-114.97461679383773, 36.088364283468906], [-114.97452179309967, 36.08832028364063], [-114.97438579383144, 36.088265283303436], [-114.97409479334303, 36.088138284480166], [-114.97371579281445, 36.08807328354403], [-114.97338479265348, 36.0880232844408], [-114.97245679267115, 36.08789228334206], [-114.97188879311867, 36.087804284499335], [-114.97148279316154, 36.08774928462645], [-114.97140979189656, 36.08773828381147], [-114.97017679290992, 36.087560283812635], [-114.9689267918656, 36.08757028420885], [-114.9676377917114, 36.087581284343734], [-114.96701446414916, 36.08757528979144], [-114.96354979072021, 36.0875402837238], [-114.95928634540292, 36.087015448232535], [-114.95887078985058, 36.0869642846598], [-114.95877914294721, 36.08694570816843], [-114.9585747898242, 36.08690428481273], [-114.95855390956696, 36.086907539584814], [-114.95858119964421, 36.086800371948485], [-114.95859355435545, 36.086724126464404], [-114.95860896024988, 36.086633588835255], [-114.95861849122815, 36.08654302057683], [-114.9586250076059, 36.086461975901706], [-114.95862854936038, 36.08638568446768], [-114.95863521776998, 36.08628556198105], [-114.95863874063588, 36.086211655271114], [-114.95863917457615, 36.086156810158705], [-114.95864073202333, 36.08604501269519], [-114.95812118248186, 36.086045906647506], [-114.95805763592567, 36.08500243301153], [-114.95788246670227, 36.08232239934535], [-114.95782034399308, 36.08141762820656], [-114.9577123883079, 36.079730017509405], [-114.95763857539394, 36.07857609473436], [-114.95744374141738, 36.075617764641365], [-114.95733104318028, 36.07390569765724], [-114.95732464095424, 36.07386740058746], [-114.9572894469256, 36.07365686322751], [-114.95719910166127, 36.073367939522704], [-114.957060786924, 36.07310074320955], [-114.95688984296604, 36.07286771468381], [-114.95667770457138, 36.07262897713534], [-114.95652042436801, 36.07248667551171], [-114.9560664083637, 36.07215885207182], [-114.9564200497074, 36.07182823657708], [-114.95678700800896, 36.071452421099], [-114.95697965377414, 36.07124189637139], [-114.95727390149892, 36.07089866607998], [-114.95758842153593, 36.07049968120209], [-114.95799000918075, 36.06994231059564], [-114.95833701521347, 36.06944001703818], [-114.95853004642095, 36.069175673469296], [-114.95812631408835, 36.06900355478815], [-114.9580560717357, 36.068969428495436], [-114.95799536649756, 36.0689316881464], [-114.95797372916664, 36.068895984842065], [-114.95797469889371, 36.06885930801384], [-114.95798525264611, 36.06882486232685], [-114.95839524802025, 36.068257540437564], [-114.95844507084449, 36.06817449239647], [-114.95848866108393, 36.06809188502369], [-114.95851254226571, 36.068013714729645], [-114.95852698372026, 36.06792588108653], [-114.95850577544377, 36.06761259408439], [-114.95850779205429, 36.067079932495474], [-114.95852280313586, 36.06339691039271], [-114.95853334743767, 36.060809393592564], [-114.95855753953616, 36.060290306071096], [-114.95855901249772, 36.05976840160275], [-114.95856354900958, 36.05803216914302], [-114.95856363051534, 36.05800079536099], [-114.95856371658199, 36.05796800205714], [-114.95856714871957, 36.05664984975022], [-114.95856832773566, 36.05619708838691], [-114.95856836960547, 36.056170586810865], [-114.95857231686063, 36.053687442645455], [-114.95857408875865, 36.05257258597943], [-114.95857412938528, 36.052547362423724], [-114.95857002129381, 36.05015058511247], [-114.95857562060712, 36.04894046771018], [-114.95867053396348, 36.0489402583667], [-114.95907528399657, 36.04894009710971], [-114.95907845385398, 36.048941213201175], [-114.95907847621656, 36.04893655359633], [-114.95910668793509, 36.04320853665919], [-114.95910706291768, 36.04316862450071], [-114.95911364312524, 36.042468287522254], [-114.9591198923767, 36.041803245493305], [-114.95911978699517, 36.04176443401715], [-114.95911461813633, 36.039872999366686], [-114.95911687781722, 36.038062208912685], [-114.95913605745093, 36.036079144617844], [-114.95911131243076, 36.035868082293014], [-114.9590819116772, 36.035689172200264], [-114.95904794095036, 36.03553168838987], [-114.95906540563193, 36.03387648560505], [-114.9591276923217, 36.03262229067362], [-114.95912766850557, 36.03261223021129], [-114.95912950347531, 36.030807914837915], [-114.95912951186375, 36.0307986945544], [-114.95913105463254, 36.02908406938768], [-114.95913123871945, 36.029007149541265], [-114.95913131571824, 36.028988950831426], [-114.9591388865129, 36.02718031634672], [-114.9591389097748, 36.02717441383252], [-114.9591390874439, 36.027128121115986], [-114.95914408848341, 36.026896010168066], [-114.95914409708702, 36.02593183728568], [-114.95914409639965, 36.02593037717047], [-114.95914843781364, 36.02441533005743], [-114.95913567457856, 36.02407736125049], [-114.95913599353838, 36.02401005715103], [-114.95913917242818, 36.0233933646752], [-114.95914166585483, 36.022909140419074], [-114.95914715814907, 36.021843097609555], [-114.95914720383028, 36.021830975307275], [-114.95882728942624, 36.021549006012094], [-114.95828981267559, 36.02105105736618], [-114.95735499880492, 36.02022986764826], [-114.95731902656193, 36.02022074615197], [-114.95727865027952, 36.02020384232638], [-114.95722957228793, 36.02017377727914], [-114.957182502156, 36.02013758120804], [-114.95625027764281, 36.01930786463138], [-114.95583213185438, 36.01961405513814], [-114.95505249890547, 36.01891138138694], [-114.95502502922463, 36.01889108070622], [-114.95499317581468, 36.01887557091797], [-114.9549581875175, 36.0188654606334], [-114.95491801332996, 36.018861401561395], [-114.95488602405281, 36.01886258859637], [-114.95484998680155, 36.01886987246318], [-114.95481642113194, 36.018882778088745], [-114.95478744259003, 36.018900208859755], [-114.95426988588008, 36.019279184951685], [-114.95375232311774, 36.019658157829625], [-114.95372834754988, 36.01967937574605], [-114.95370897024287, 36.01970511170102], [-114.95369620906266, 36.01973344389486], [-114.953690755915, 36.0197666544591], [-114.95369225948613, 36.01979339953942], [-114.9537012251247, 36.01982267680369], [-114.95371711093296, 36.0198499453392], [-114.95373856705174, 36.019873487381574], [-114.95406390436284, 36.020166717200325], [-114.95362762001866, 36.020486171978], [-114.9534999676722, 36.0205495969683], [-114.95320957257334, 36.02076499373725], [-114.95317233237684, 36.0207650774655], [-114.9531719877273, 36.02068365095562], [-114.95317134769073, 36.020532446643884], [-114.95283271458301, 36.02053343830102], [-114.95274536722803, 36.0205328501625], [-114.9527455957035, 36.020588141853914], [-114.95274269612362, 36.020612437478434], [-114.95273443017342, 36.02063476437793], [-114.95272016290428, 36.02065655589104], [-114.95269334227243, 36.02068039314525], [-114.95267853956163, 36.020690292737505], [-114.95265324563859, 36.02070130885115], [-114.95262417894234, 36.02070849620753], [-114.95259561937782, 36.020710797551665], [-114.95175404161736, 36.0207130867316], [-114.95169183177536, 36.02071092674226], [-114.95163152678688, 36.02070433332637], [-114.95162972090658, 36.02138984917882], [-114.95091502898208, 36.02138238437082], [-114.95084318445262, 36.021384179425695], [-114.9506973827921, 36.02139819625993], [-114.94982655730142, 36.02140658615096], [-114.94982864971193, 36.02002190080835], [-114.94982784780049, 36.01997834827356], [-114.94982738914267, 36.019953454541785], [-114.9498227961128, 36.01970379974654], [-114.94982153666614, 36.01963535258103], [-114.94982148886055, 36.01963273133668], [-114.94982211708746, 36.019529293806386], [-114.94983263566155, 36.01779772885432], [-114.9498333751896, 36.017715308491866], [-114.94983395394107, 36.01765075833896], [-114.94983930797522, 36.01764647117553], [-114.94984501108067, 36.01760328105919], [-114.94985395329425, 36.01749526732364], [-114.9498540497619, 36.01748446119539], [-114.9498567847713, 36.01747583303549], [-114.94985692643435, 36.017469360616694], [-114.94985957721647, 36.01746072119619], [-114.94985961868491, 36.01745609411921], [-114.94985963576217, 36.01745423752268], [-114.94986054971275, 36.01745135367008], [-114.94986237076989, 36.017445609362596], [-114.94986240369232, 36.01744191148518], [-114.94986242931533, 36.01743912568909], [-114.9498637996536, 36.017434803962885], [-114.94986516431499, 36.01743049843018], [-114.94986518986576, 36.017427721646754], [-114.94986522286739, 36.0174240138554], [-114.94986652688229, 36.01742090944086], [-114.94986793835119, 36.017417547820905], [-114.94986797376896, 36.017413538105366], [-114.94986799578676, 36.01741106414151], [-114.94986921360838, 36.01740722380741], [-114.949870730792, 36.017402435981126], [-114.94987354384145, 36.01738516472511], [-114.94987625933041, 36.017378697789106], [-114.94987833620912, 36.017365939981474], [-114.9498790712828, 36.017361424724484], [-114.94988003147385, 36.017359139581934], [-114.94988178787264, 36.01735495869544], [-114.94988181500237, 36.017351984534685], [-114.94988182690176, 36.017350636246356], [-114.94988262424769, 36.01734873690321], [-114.94988454238884, 36.01734416931011], [-114.94988457052955, 36.01734093017123], [-114.9498845803084, 36.01733984685516], [-114.94988522042829, 36.017338324328016], [-114.94988729689706, 36.01733338082594], [-114.94988742788173, 36.017329074184694], [-114.94989005030233, 36.017322591434535], [-114.94989015137683, 36.0173182792275], [-114.94989280591837, 36.01731180295608], [-114.949892874864, 36.017307485171486], [-114.94989555931488, 36.0173010144658], [-114.94989559833596, 36.01729669291792], [-114.94990927330595, 36.01725355391353], [-114.9499092928197, 36.01725139268894], [-114.94990931122406, 36.017249231458464], [-114.94991053727163, 36.01724727399191], [-114.949912008301, 36.01724492575188], [-114.94991203127651, 36.01724233191954], [-114.94991204732831, 36.0172406033027], [-114.94991302727006, 36.01723903840627], [-114.94991474328822, 36.01723629849144], [-114.9499147708421, 36.017233271155895], [-114.94991478231537, 36.017231976042254], [-114.94991551614417, 36.01723080461723], [-114.94991747938424, 36.017227671236796], [-114.94991750929044, 36.0172242112876], [-114.94991751730186, 36.017223348781734], [-114.94991800727979, 36.01722256543222], [-114.94992021326806, 36.01721904306906], [-114.9499203121076, 36.01721473265271], [-114.94992294825349, 36.01721041580838], [-114.94992298727297, 36.01720609426042], [-114.94992568323106, 36.01720178944886], [-114.94993012233492, 36.0171860860352], [-114.94993117272634, 36.017182371899956], [-114.94993180990747, 36.01718135498871], [-114.94993386868319, 36.0171780670882], [-114.94993726760116, 36.01716604992293], [-114.94993935926969, 36.01715865134717], [-114.94994062802674, 36.0171566247054], [-114.94994205411587, 36.01715434652933], [-114.9499475561981, 36.0171370984854], [-114.94995022004545, 36.017132785391915], [-114.9499529756391, 36.01712199781281], [-114.94995920426528, 36.017108786040694], [-114.94996110253055, 36.01710476002506], [-114.94996474690414, 36.01709326240511], [-114.9499665724908, 36.01708750459999], [-114.94996811431486, 36.017085043168734], [-114.94996926843521, 36.0170832006886], [-114.94996927752052, 36.01708220389401], [-114.94996928906377, 36.017081038568485], [-114.94997063873235, 36.017078882565855], [-114.94997198390567, 36.01707673374991], [-114.94997199542725, 36.01707557112818], [-114.94997200452696, 36.01707457253106], [-114.94997316090189, 36.01707272555631], [-114.94997469936845, 36.01707026771243], [-114.94997471109309, 36.017068941054426], [-114.94997471888752, 36.01706810558645], [-114.94997568533303, 36.01706656315079], [-114.94997741594015, 36.01706380168071], [-114.9499774290061, 36.01706230738717], [-114.94997743434253, 36.01706164045017], [-114.94997820637073, 36.01706040883905], [-114.94998013140926, 36.01705733474182], [-114.9499802394691, 36.01705519922125], [-114.9499828468707, 36.0170508687041], [-114.9499829261588, 36.01704872401856], [-114.9499855623389, 36.01704440176508], [-114.94998829730368, 36.01703577540376], [-114.94999640465991, 36.01702069973919], [-114.94999634670953, 36.017018513770196], [-114.94999912012594, 36.01701423279978], [-114.95000107316716, 36.017008074586684], [-114.95000185621194, 36.01700560464142], [-114.95000320474007, 36.01700345223761], [-114.95000724809813, 36.0169969959155], [-114.95001006054203, 36.0169883915941], [-114.95001537606676, 36.0169797590306], [-114.95001811104035, 36.016971130865954], [-114.9500235029296, 36.01696252123791], [-114.95002357444363, 36.01696037741257], [-114.95002891543736, 36.016951750390746], [-114.95002903785263, 36.01694962305765], [-114.95003432795076, 36.01694097864201], [-114.95003434059014, 36.01693953752313], [-114.95003434635152, 36.01693881741139], [-114.95003636802406, 36.01693558970044], [-114.95003973823677, 36.01693020778254], [-114.95003974895076, 36.01692900730177], [-114.95003975774675, 36.0169280465578], [-114.95004245593641, 36.016923738149934], [-114.95004515074002, 36.01691943693453], [-114.9500451595359, 36.016918476190575], [-114.95004517024982, 36.01691727570977], [-114.9500485404539, 36.01691189469291], [-114.95005325807324, 36.01690436126561], [-114.95005338048055, 36.01690223483372], [-114.95005867058003, 36.01689358951563], [-114.95005868320452, 36.01689215019926], [-114.95005869008945, 36.01689142829084], [-114.95006071625497, 36.01688819339271], [-114.95006677790798, 36.01687851384566], [-114.95006679852655, 36.01687635262671], [-114.95006947495627, 36.01687420903633], [-114.95006941371906, 36.01687201764213], [-114.95007758228732, 36.01685913246427], [-114.95007759540795, 36.01685776976139], [-114.95007760290558, 36.01685697124532], [-114.95007845596811, 36.01685628805439], [-114.95008027821775, 36.016854828550045], [-114.95008040501851, 36.01685270754914], [-114.9500910825905, 36.01683544716729], [-114.95009109096043, 36.01683453959803], [-114.95009110321558, 36.01683328504708], [-114.95009244310066, 36.01683221235911], [-114.95009377963596, 36.01683114235736], [-114.95009379073845, 36.016829893208154], [-114.95009379803501, 36.01682898112667], [-114.9501010002928, 36.016817482458876], [-114.95011806478121, 36.01679023689775], [-114.95011808428896, 36.016788075672906], [-114.95012076182363, 36.01678593208714], [-114.95012081008126, 36.016783782731025], [-114.95012345665424, 36.016781626363475], [-114.95012353585884, 36.016779491591635], [-114.95012615368887, 36.01677732245399], [-114.95012626165055, 36.016775198649626], [-114.95012884962104, 36.01677301763734], [-114.95012886530738, 36.0167713340836], [-114.95012886913567, 36.016770855511204], [-114.95012949664735, 36.01677035319255], [-114.95013154556014, 36.01676871191935], [-114.95013155916374, 36.016767150030674], [-114.95013156506027, 36.01676655159573], [-114.95013235113368, 36.01676592122769], [-114.95013424149172, 36.016764407102514], [-114.95013425412199, 36.01676296688485], [-114.95013426099901, 36.01676224587765], [-114.95013520561245, 36.01676149016402], [-114.95013693852518, 36.016760103192794], [-114.95013695021092, 36.01675878104097], [-114.95013695693021, 36.01675794106079], [-114.95013806010537, 36.01675705729775], [-114.95013963446337, 36.016755797474595], [-114.9501638702028, 36.016717040453706], [-114.95016657757873, 36.01671491054401], [-114.95016659597572, 36.01671274931327], [-114.95016927240441, 36.01671060481923], [-114.95018012022553, 36.0166934147281], [-114.95018273475182, 36.01669124196653], [-114.95018274738118, 36.01668980174882], [-114.95018275425053, 36.016689081642866], [-114.95018389984705, 36.0166881647551], [-114.95018543178733, 36.01668693715431], [-114.95019082476965, 36.01667832482003], [-114.95019351956391, 36.016674022699746], [-114.95019428441366, 36.0166734102453], [-114.9501961959833, 36.01667187910632], [-114.95021505016376, 36.01664390661283], [-114.95021772769817, 36.01664176212349], [-114.95022317256915, 36.01663318070594], [-114.95022579706225, 36.01663100979861], [-114.95023871205271, 36.01661294373072], [-114.95024732653583, 36.016600892798344], [-114.95024885846625, 36.01659966609797], [-114.95025000406068, 36.01659874920952], [-114.950256457618, 36.01658972246275], [-114.95026076934876, 36.016583690259864], [-114.95026238065857, 36.016581970964815], [-114.95026881919749, 36.01657509915685], [-114.95027421103202, 36.016566489516464], [-114.95027688855497, 36.01656434592701], [-114.95027959661698, 36.01656004838118], [-114.95028226088476, 36.016557897511234], [-114.95028498331038, 36.01655360725152], [-114.95028763321369, 36.016551449095175], [-114.95029036890072, 36.01654716521447], [-114.95029300776046, 36.01654500069058], [-114.95031630066404, 36.016516332368376], [-114.95032794095751, 36.01650200448211], [-114.95033875111558, 36.01649131979222], [-114.95034136422727, 36.0164869640603], [-114.95035746279073, 36.016469780033844], [-114.95036015980905, 36.01646547521739], [-114.95036551373387, 36.01646118802855], [-114.95036820964212, 36.01645688320606], [-114.95041650860358, 36.016405331125995], [-114.9504218625285, 36.01640104303326], [-114.95043081471391, 36.016391011889816], [-114.9504352846466, 36.01638600349574], [-114.95043795769998, 36.01638386258291], [-114.95044063856199, 36.016381716303435], [-114.95044869957228, 36.016373111727184], [-114.95045673819172, 36.01636453226875], [-114.95045941124377, 36.01636239135542], [-114.95046476850595, 36.01635810147574], [-114.95048086701624, 36.01634091743182], [-114.95054788443618, 36.01627652223793], [-114.95074072926238, 36.016109217354995], [-114.95168783763324, 36.01540225970779], [-114.95170831438298, 36.01538703455516], [-114.95178314685504, 36.01533139452452], [-114.95135065955675, 36.01494638361362], [-114.95112401135187, 36.014748327020875], [-114.9505064635169, 36.01418808725972], [-114.94984676668591, 36.013610422990595], [-114.94922314021997, 36.01305758656841], [-114.94802983142031, 36.011999707418184], [-114.94783871154058, 36.012140905510435], [-114.94772273758672, 36.0122182709603], [-114.94761920030336, 36.012282108735434], [-114.9475395456121, 36.0123324813475], [-114.9474449229081, 36.01238277364723], [-114.94732235897857, 36.01244007226375], [-114.94714681636358, 36.01251545203167], [-114.94697494116325, 36.01257272666017], [-114.94681848470769, 36.012620757970815], [-114.94667183658353, 36.01265160188548], [-114.9465143022329, 36.01267747480654], [-114.94642861159191, 36.012690330259545], [-114.94634742127404, 36.01269757369386], [-114.94628092382571, 36.01270365221703], [-114.94621578869399, 36.01270683213355], [-114.94610578522243, 36.012712380209365], [-114.94538801528661, 36.012714122871834], [-114.94356089097548, 36.012718539125224], [-114.94092464226787, 36.012724791073275], [-114.94092816006653, 36.01121133927693], [-114.94093293828065, 36.00978911942854], [-114.9409325678761, 36.00909153174952], [-114.94093687822772, 36.008413546308006], [-114.94094020760473, 36.00728627830993], [-114.94094142155998, 36.006822969721355], [-114.94095798469782, 36.00668261342326], [-114.94098257153426, 36.006565594327164], [-114.94101960318281, 36.00644570992041], [-114.94106830735427, 36.00632804212218], [-114.94112750604951, 36.00621381038631], [-114.9411835082517, 36.00611072237078], [-114.94126975318456, 36.005965520484864], [-114.94142980285764, 36.005662795787615], [-114.94153253594652, 36.005475855948035], [-114.94161413362097, 36.005370939819265], [-114.94171592528761, 36.00526846513557], [-114.94182284033226, 36.0051855724909], [-114.94208773797467, 36.004983572373405], [-114.94266920701823, 36.0045349856624], [-114.94169329036627, 36.003525189009466], [-114.94145099698821, 36.00327697632097], [-114.94043692380357, 36.002378189958236], [-114.94001575839144, 36.00198959701349], [-114.9395749878599, 36.00159617722965], [-114.93909794739652, 36.00115886390828], [-114.93855408033394, 36.00066387092795], [-114.93816757051836, 36.000322029140214], [-114.93783844924762, 36.00001564317407], [-114.93748049535064, 35.99970910106542], [-114.93713696174991, 35.999402635569666], [-114.93683649086074, 35.99911983334178], [-114.9366266392587, 35.99894049318498], [-114.93620932033959, 35.99860203281899], [-114.93612063763926, 35.9983550570074], [-114.93604969969788, 35.99812912774127], [-114.9359623611049, 35.99788256914555], [-114.93586009885071, 35.99759388127978], [-114.93573194455615, 35.99722403690258], [-114.93564766938779, 35.99696998670547], [-114.93561155099104, 35.99687426491282], [-114.93558912957023, 35.996816910880106], [-114.9355614501091, 35.99675666589994], [-114.9355320047079, 35.99669712791525], [-114.93549468869128, 35.996631108483655], [-114.93546431485578, 35.99657728876421], [-114.93542082517565, 35.9965126663396], [-114.93537207055134, 35.996445869449204], [-114.93531370172047, 35.99637043565758], [-114.93524827972966, 35.996296395007086], [-114.93515489097604, 35.99619716310982], [-114.93508935804903, 35.99613671437738], [-114.93501327881584, 35.996074061699474], [-114.9349284016925, 35.996010646682855], [-114.93484962232012, 35.99595513387811], [-114.93473661006, 35.99588727460545], [-114.93460165395553, 35.99581142634819], [-114.93446479737796, 35.995752737550866], [-114.93410678785334, 35.995562058799536], [-114.93420521116148, 35.99537026881388], [-114.93417599269375, 35.9953582062445], [-114.93386600276588, 35.99522892135042], [-114.93361028921896, 35.995118598404034], [-114.93334972469601, 35.99500819274895], [-114.93308581448683, 35.994893220400556], [-114.93282623777843, 35.99477156254669], [-114.93256961176064, 35.994643194589024], [-114.93206837636967, 35.994377648904674], [-114.93182238193017, 35.99424044838342], [-114.93134177735976, 35.99395497386301], [-114.93110716724627, 35.993806700810445], [-114.93104322331386, 35.993764553231706], [-114.93087544732072, 35.99365396893245], [-114.93064794527032, 35.99349905676215], [-114.93042408499454, 35.9933374465423], [-114.93020305645199, 35.99317363140347], [-114.92998699628, 35.993005394066174], [-114.92977521361468, 35.9928327235826], [-114.92956834081829, 35.992657882997456], [-114.92947073627039, 35.99257281747592], [-114.92916702474673, 35.9923062342848], [-114.92916170536522, 35.99230156444903], [-114.92851536951456, 35.991727018843235], [-114.92846542994879, 35.99168266782796], [-114.9283988424718, 35.99162353280046], [-114.9283575105023, 35.99158682674922], [-114.9269640447224, 35.990343586519835], [-114.92541354604303, 35.98895918503322], [-114.92541336329982, 35.98895902179575], [-114.9238833159601, 35.98759281629362], [-114.92211252095964, 35.986014337046015], [-114.92162226327359, 35.98557730660472], [-114.92125188488963, 35.9852489295348], [-114.9204841885623, 35.98456827907595], [-114.91970709593575, 35.98388325085126], [-114.91960459882054, 35.98379276761357], [-114.91960043998304, 35.98378909070504], [-114.91924886836978, 35.98347870604048], [-114.91892597750831, 35.983193640079605], [-114.91814366538429, 35.98249724336481], [-114.91754913863095, 35.98196184964661], [-114.917354395997, 35.98177593223315], [-114.9171660676236, 35.98158336511754], [-114.9169847865141, 35.981386413226225], [-114.91681211629346, 35.98117834259344], [-114.91664787924189, 35.9809659120764], [-114.91649490718694, 35.980746915724374], [-114.91635036710531, 35.98052355865295], [-114.91621426115859, 35.98029584180523], [-114.91614266234824, 35.980153444419095], [-114.91599945820342, 35.98004600704836], [-114.91586399800781, 35.9799307874323], [-114.91575879421806, 35.97982350258474], [-114.91430680233994, 35.97819603664441], [-114.9141271442487, 35.978005867286726], [-114.91383059879135, 35.977684661351326], [-114.91348066197854, 35.97730200736033], [-114.91320405966522, 35.97693783317692], [-114.91299599564444, 35.97661250190537], [-114.91294863511146, 35.97650881668348], [-114.91257524782033, 35.97651131485363], [-114.9125702513995, 35.97650042976262], [-114.91251132545622, 35.97634782159529], [-114.91209134986666, 35.97631308161415], [-114.91208964384153, 35.976514562229426], [-114.91208913886614, 35.9765705324471], [-114.91205673538893, 35.98016246709647], [-114.91205592863332, 35.980250524848444], [-114.91203843577624, 35.98215998485458], [-114.91022810953595, 35.98216352393727], [-114.90533390149486, 35.98217297393757], [-114.90087449567672, 35.98213825306803], [-114.8964150397851, 35.98210338418509], [-114.89195558945448, 35.98206834957753], [-114.88745434104202, 35.982032818459906], [-114.88745242195162, 35.98217662150792], [-114.88745166849844, 35.983753626515785], [-114.88740892435709, 35.99306002604403], [-114.88739478995235, 35.9982133872256], [-114.88739977184156, 36.00756888480059], [-114.88738303520135, 36.01266754290937], [-114.8873036524472, 36.02207727446476], [-114.88725636355896, 36.02717251904278], [-114.88715994399709, 36.036578454378684], [-114.88710988375233, 36.0416773469377], [-114.88717480092812, 36.05108229565062], [-114.88719863600602, 36.05639607907164], [-114.88724842863483, 36.06559530062393], [-114.88727441901196, 36.07156139538867], [-114.88680972222194, 36.08021821186984], [-114.88649246765212, 36.08599472380764], [-114.88601873363176, 36.09486312464028], [-114.88570756432053, 36.100472351034156], [-114.88530219226611, 36.10777831310921], [-114.88469882043428, 36.11871925201832], [-114.88417742262193, 36.12996875508813], [-114.88575544173466, 36.146019064438875], [-114.88616189739095, 36.14584950554681], [-114.88661626613177, 36.145586858449], [-114.88704556475334, 36.14524954316908], [-114.88739057411341, 36.144884908969836], [-114.88774424524378, 36.144371284474644], [-114.88875180832713, 36.14314121873183], [-114.8896303055509, 36.14350213039673], [-114.89023012763177, 36.14383038030017], [-114.89065914942812, 36.144190559678485], [-114.89093173938087, 36.14463841750444], [-114.89104005367905, 36.14500831153419], [-114.89106286683479, 36.14542337107993], [-114.89098885002386, 36.14581641042002], [-114.89079998350705, 36.146230246911266], [-114.89050571615513, 36.14659339542599], [-114.88811519680189, 36.148611259914716], [-114.88775300255404, 36.14898598598088], [-114.88738302325592, 36.14961571109132], [-114.88721844073083, 36.15027291676152], [-114.88726611634893, 36.15086697037577], [-114.88744629118725, 36.1514403317594], [-114.88786456279816, 36.152022230220645], [-114.88839845573817, 36.15249748904814], [-114.8911927709943, 36.15473139083574], [-114.89171037967604, 36.15505630810944], [-114.89225539784226, 36.15527407217815], [-114.89285390966394, 36.15542775746493], [-114.89340024971413, 36.155495292211775], [-114.89641661098736, 36.15556271041058], [-114.89735101899564, 36.15563960702686], [-114.89829325605226, 36.15583100290633], [-114.89904925863001, 36.15613579085508], [-114.89978656926394, 36.15656208346771], [-114.90038194213321, 36.15708056345574], [-114.90103789464897, 36.15773531051697], [-114.90164154914888, 36.15831821709955], [-114.90230889459133, 36.1588480270331], [-114.90270486740138, 36.159152845553116], [-114.9040214616083, 36.16016632779594], [-114.90577426215152, 36.161514639782325], [-114.90757449883338, 36.16291088597824], [-114.90797564003184, 36.16328575021401], [-114.90825972037936, 36.163594374213524], [-114.90849282684421, 36.16384607560677], [-114.90871830169375, 36.164130523017725], [-114.90891815047875, 36.164402901724095], [-114.9094226916217, 36.165153923981045], [-114.90969851385744, 36.16556980715158], [-114.909912741669, 36.165881015597385], [-114.91035539522207, 36.1665631271784], [-114.9106163961567, 36.16699382934274], [-114.91085542116248, 36.16741546499541], [-114.91106126230825, 36.167848837764836], [-114.91130307729999, 36.168374815781775], [-114.91142904272213, 36.16869148795893], [-114.91158720279205, 36.16911266824407], [-114.91343464375593, 36.17492961615316], [-114.91360651723451, 36.17547010215137], [-114.91373919559177, 36.17586430923389], [-114.9138832596093, 36.176216849715956], [-114.91401317713417, 36.17650373208806], [-114.91417603074844, 36.17680868338118], [-114.91616570690596, 36.1798629439028], [-114.91652773400921, 36.180460165960184], [-114.91685578837541, 36.181040505186736], [-114.91698294452546, 36.1813082923744], [-114.91709849700548, 36.18155693748982], [-114.91740865370579, 36.18244574785728], [-114.9194745235909, 36.188696817913296], [-114.91966089852927, 36.18927016412128], [-114.9198580319634, 36.18987635718417], [-114.92004521673569, 36.19035432146193], [-114.9202116990355, 36.190671208099566], [-114.92049396564728, 36.19121229471481], [-114.92075185325136, 36.19159228307497], [-114.92096316906888, 36.19182595406491], [-114.92186085408142, 36.1926506356506], [-114.9228322538503, 36.19345783234152], [-114.92328908039326, 36.193797181891604], [-114.9237718266086, 36.19411580707427], [-114.92450345869509, 36.19457589672161], [-114.924942711581, 36.19481975753728], [-114.92541871534634, 36.19506680017848], [-114.92572648741428, 36.19520262666923], [-114.92603073193278, 36.19532054897004], [-114.92637172685231, 36.19544165273818], [-114.92771029777391, 36.195887167663166], [-114.92808451714562, 36.19604067999712], [-114.9287728077954, 36.196363948524535], [-114.92931105102691, 36.19664708503572], [-114.92990026137481, 36.19699309373941], [-114.93050769135552, 36.197360064373235], [-114.93102728799622, 36.19767588081292], [-114.93381881635364, 36.19942886250997], [-114.93573236251456, 36.20062856648614], [-114.93660331009754, 36.20115789429673], [-114.93726253403386, 36.2014953035497], [-114.93803935166302, 36.20184526533442], [-114.94129339903809, 36.203407826082596], [-114.94168339434162, 36.20357956116772], [-114.94490446021285, 36.20510139695322], [-114.94620171188069, 36.205686583138565], [-114.94686239846274, 36.20594406191346], [-114.94743474215254, 36.20611998979854], [-114.94802934736826, 36.206272187166434], [-114.94849934133079, 36.206370065892536], [-114.94894015461212, 36.20643798109858], [-114.94957226485404, 36.2065009459064], [-114.95021197240624, 36.20653413966594], [-114.95464499025067, 36.20663828846727], [-114.95536481086292, 36.20665436641531], [-114.95762858076517, 36.20670490239954], [-114.95880790800581, 36.206714533140214], [-114.95939665235143, 36.20668183408794], [-114.96025086414703, 36.2065670536062], [-114.9623352706301, 36.20623211529163], [-114.96503107188173, 36.205787030980595], [-114.96576040752369, 36.2056477189742], [-114.96626157570047, 36.205525110341455], [-114.96688839466452, 36.20532564693869], [-114.96857814989234, 36.20465471771472], [-114.97010549629749, 36.204054471295066], [-114.97206064323838, 36.20330139009166], [-114.97417081489868, 36.20247156492622], [-114.97448057162913, 36.202365832238385], [-114.97494483667577, 36.202254923192015], [-114.9773983524555, 36.20172486435727], [-114.97891606622424, 36.20140465070768], [-114.98020539082762, 36.201130960007674], [-114.98079472444444, 36.201014696400456], [-114.98149406665956, 36.20094071500389], [-114.9819356550381, 36.20090716474435], [-114.98225946761126, 36.20088494535288], [-114.98256834200456, 36.200892457190186], [-114.98285492285709, 36.200929665273804], [-114.98317069813586, 36.20099682615608], [-114.98348629203137, 36.20108783222905], [-114.98378681155566, 36.20122645492194], [-114.9840723037231, 36.201406732624406], [-114.9850015260264, 36.20205523336878], [-114.98559436417143, 36.2024456994293], [-114.98593135257714, 36.202626229872884], [-114.98627606060124, 36.202759104923715], [-114.98650358021196, 36.20282581763428], [-114.98675334881021, 36.20286879388895], [-114.98697383093524, 36.20289373872812], [-114.98720915946483, 36.202900873039134], [-114.98745942462499, 36.20287827236637], [-114.98774669373263, 36.20282604823248], [-114.98840998967788, 36.20265646117967], [-114.98928005236226, 36.20238477438245], [-114.99028397161966, 36.202071278107304], [-114.99227372920005, 36.201411745534514], [-114.99400624663546, 36.20088374565074], [-114.99598908502108, 36.20032117832191], [-114.99711625446274, 36.20008227917752], [-114.99899475043347, 36.19969799882239], [-114.99974594932036, 36.199570508807035], [-115.0009905564441, 36.199361953624305], [-115.00166793331746, 36.199269861402726], [-115.00232293585553, 36.19921938869009], [-115.00570059541973, 36.199009195985575], [-115.00781370753545, 36.19887983466758], [-115.00861906264278, 36.19884303416732], [-115.008603778671, 36.198671240759175], [-115.00841091292267, 36.19650328045605], [-115.0084206630966, 36.19647689092762], [-115.0084433099138, 36.1963867418629], [-115.00854181883278, 36.19603244207962], [-115.00861342236291, 36.19571251943782], [-115.00872598340892, 36.19495769106291], [-115.00880485941585, 36.19450382775546], [-115.00882073368504, 36.19405476593638], [-115.00888630789501, 36.193697811984066], [-115.00893951211344, 36.19331017488549], [-115.00908093884716, 36.19291275400841], [-115.00918298552448, 36.192734608713245], [-115.00937351397418, 36.19251095293395], [-115.00970196503312, 36.19236962027118], [-115.01005582273737, 36.19219778464745], [-115.01048426823787, 36.1921590041984], [-115.01144130359276, 36.19216358049927], [-115.01183152471248, 36.19218586006706], [-115.01208345038759, 36.192176854705835], [-115.01231033963687, 36.19214731445613], [-115.01238656141437, 36.19205580863198], [-115.01245869932642, 36.1919547666498], [-115.01254565773017, 36.19176972195856], [-115.01258486239031, 36.191649355294], [-115.01260251147765, 36.19154131360875], [-115.01260689127398, 36.19147189075264], [-115.01258038406095, 36.19112331180307], [-115.01255223464699, 36.190753154625284], [-115.01252408659272, 36.1903829965245], [-115.01249998341227, 36.19006604321947], [-115.01249593766137, 36.19001283929256], [-115.01246779008976, 36.1896426811376], [-115.01243651151088, 36.189231353691284], [-115.01239732053769, 36.188715976034835], [-115.01238268786726, 36.18852354744611], [-115.0123748829271, 36.188420896566576], [-115.01236436290799, 36.18828255548806], [-115.01668424374681, 36.188538324503384], [-115.01890986113821, 36.18857509009139], [-115.02113573574995, 36.18861181821583], [-115.02260239945886, 36.188636103086864], [-115.02336248897706, 36.18864868211155], [-115.02549860754735, 36.188679990910025], [-115.02558457231564, 36.18868542695126], [-115.02669530193168, 36.18870112051532], [-115.02754682558755, 36.18871540227499], [-115.02785593744039, 36.188723861683876], [-115.02811927690107, 36.18873248653911], [-115.029523137507, 36.18875802483153], [-115.0295638310998, 36.18875627713854], [-115.03014514878676, 36.18876897374432], [-115.03114907653863, 36.18879200417802], [-115.03186670800342, 36.18880932374936], [-115.03373713550666, 36.188846628319766], [-115.0347082055993, 36.188864292063286], [-115.03470970432059, 36.18886429893219], [-115.034867608323, 36.188863566057535], [-115.03835031866423, 36.18887517447271], [-115.03927838767385, 36.1888793042259], [-115.0411316208607, 36.18888466020374], [-115.04114760001029, 36.18888470644349], [-115.04213566776734, 36.18888548065348], [-115.04287195543043, 36.188898244588266], [-115.0437875976517, 36.18889302979705], [-115.04622051142265, 36.188897904509666], [-115.04827859374299, 36.18890348118368], [-115.05049871871742, 36.1889408552872], [-115.05271997273556, 36.188944384268886], [-115.05278748769447, 36.19258683126875], [-115.05470668989167, 36.19259806953869], [-115.05526799875712, 36.192599173575175], [-115.05535627402615, 36.19259845530152], [-115.05575820299798, 36.19259907654554], [-115.05724450526078, 36.192601361455615], [-115.05734859668584, 36.192600736460996], [-115.05756746179703, 36.1925984533838], [-115.05759608388853, 36.1925985214179], [-115.05973191115815, 36.19260361387748], [-115.05983167952292, 36.19260298673976], [-115.05993475593573, 36.19260233793238], [-115.06202982980254, 36.19260499041852], [-115.06216860953309, 36.19257075562256], [-115.06216836428614, 36.19260776486452], [-115.0621514458868, 36.19541050858505], [-115.06214646552695, 36.196235442149515], [-115.06214646713644, 36.19623570262733], [-115.06215351665155, 36.19809814884244], [-115.06215523898918, 36.19855297786164], [-115.06198307583513, 36.198551981127046], [-115.06092654166649, 36.1985485397788], [-115.0608931872874, 36.19854843114755], [-115.06002132331237, 36.19854558404281], [-115.05991990101268, 36.19854514056298], [-115.05991973925514, 36.198513980713145], [-115.05991924210375, 36.198417942369346], [-115.05991874495214, 36.19832190402401], [-115.05991824780027, 36.19822586567716], [-115.05991824560823, 36.198225526785286], [-115.05991784963983, 36.19814903409536], [-115.05991756611937, 36.198094069934264], [-115.05991736694881, 36.198052994907705], [-115.0599169020426, 36.19795695669757], [-115.05991689852449, 36.197956315870194], [-115.05991643824203, 36.19786091939203], [-115.05991597444711, 36.1977648811837], [-115.05991551065786, 36.197668842072595], [-115.05991504575036, 36.19757280385632], [-115.05991458196043, 36.19747676474215], [-115.05991455493522, 36.19747130285039], [-115.05991485525014, 36.19741616368352], [-115.05992589490718, 36.19708355298314], [-115.05992455677143, 36.19662471664398], [-115.05992123546126, 36.19623512437781], [-115.05980912252613, 36.196235010801985], [-115.05763448493032, 36.19623277360083], [-115.05767189608733, 36.196343128746406], [-115.05770397225503, 36.199972164911394], [-115.05770187358854, 36.200032592080326], [-115.05767045407809, 36.20026458565107], [-115.05767114830326, 36.201090836445495], [-115.05767175490963, 36.201812589401236], [-115.05768330620216, 36.20236618409306], [-115.06216981341252, 36.20240365509348], [-115.06217296354419, 36.20323575044179], [-115.06217394868321, 36.20349612067698], [-115.06217437545651, 36.20360871969048], [-115.06231148426285, 36.203608885830604], [-115.06667541005368, 36.20347783215581], [-115.06891898645134, 36.2034122671125], [-115.07117415765315, 36.20335734834856], [-115.07115842151154, 36.20699305662489]]]}, "properties": {"OBJECTID": 5, "COMMISSION": "E", "NAME": "E - Tick Segerblom (D)", "Shape__Area": 3298134444.9128146, "Shape__Length": 438050.7348377172, "district_id": "E"}}, {"type": "Feature", "id": 6, "geometry": {"type": "Polygon", "coordinates": [[[-115.42455324618471, 36.28081805052604], [-115.42458089403571, 36.28094327691208], [-115.42480189394647, 36.280795277886455], [-115.42555389469821, 36.280873277853736], [-115.42559389484829, 36.28085627659108], [-115.42573512344804, 36.28079962263233], [-115.42628689441163, 36.2805782774781], [-115.42638869120044, 36.28056745605397], [-115.42704221903786, 36.280497983229985], [-115.42709589469597, 36.28049227706102], [-115.42889947013795, 36.27947987678242], [-115.42934589479162, 36.27922927719094], [-115.43000689438001, 36.27894427714384], [-115.43075458988099, 36.27889326018182], [-115.43157170762125, 36.27883750120523], [-115.43360442235763, 36.27869876700545], [-115.43393389600176, 36.27867627661501], [-115.43446389576992, 36.27853427648643], [-115.43482589583219, 36.27843627693841], [-115.43499789605984, 36.2782512762368], [-115.43532089629197, 36.278319277038385], [-115.43542189566743, 36.2783412760947], [-115.43591989546671, 36.27827527641555], [-115.43602289629597, 36.27828427554985], [-115.43709789590973, 36.27837927588834], [-115.43766889690696, 36.27855827591461], [-115.43812189666922, 36.278700276599935], [-115.43837955724379, 36.27878085728798], [-115.43838089668363, 36.27878127620466], [-115.43857589655802, 36.278842276778285], [-115.43862189665413, 36.278856276171354], [-115.43968689693476, 36.2786802763803], [-115.43973324973423, 36.27868591188112], [-115.44054014743493, 36.27878400554307], [-115.4409618968539, 36.278835275753664], [-115.44274489720277, 36.279374275621244], [-115.44299189729001, 36.2793952753817], [-115.44379489690276, 36.27903627582762], [-115.44405226730365, 36.27884676334771], [-115.44542589748993, 36.27783527552269], [-115.44551466199609, 36.27778919709758], [-115.4456549718936, 36.27771636123471], [-115.44623689710676, 36.27741427583756], [-115.44658589752024, 36.27735827593556], [-115.44717189753834, 36.27726427578105], [-115.44864589841583, 36.276724274788435], [-115.45011489778352, 36.276093275521426], [-115.45019330032797, 36.27605302326881], [-115.45063689846249, 36.27582527483217], [-115.45067327119112, 36.27580674427616], [-115.45058612046407, 36.27499347962674], [-115.45051369583581, 36.274757442728394], [-115.45048283787283, 36.274555161704285], [-115.45055599057545, 36.274386712243185], [-115.45067037979523, 36.27431114052101], [-115.45110700420328, 36.27410135048444], [-115.45148118936501, 36.27395877703013], [-115.45190745075155, 36.27373215110165], [-115.45221925291385, 36.273623151613535], [-115.45230246417255, 36.27355595489674], [-115.45271857213667, 36.27318632923148], [-115.45308261337681, 36.272892343185], [-115.45351934876213, 36.27260684570673], [-115.45417437772625, 36.27222065157074], [-115.4546110087549, 36.27199402712259], [-115.45509958627689, 36.27175904601222], [-115.45546351708127, 36.2715239287878], [-115.45594192097283, 36.27115435834714], [-115.45642040202775, 36.27073431963442], [-115.45685724890429, 36.27036470046753], [-115.45732509038915, 36.270096044276634], [-115.45778248712507, 36.26986101835602], [-115.4580007441361, 36.26977713777512], [-115.45814623997121, 36.26972682463694], [-115.45837476215581, 36.269718652849335], [-115.4585825513158, 36.26968522578888], [-115.45886310177706, 36.269618231033334], [-115.45922683834677, 36.2694924447732], [-115.45954890710571, 36.26944231302288], [-115.45980866849048, 36.269383704396056], [-115.46027614978999, 36.26933372078303], [-115.46048391077755, 36.26931711282956], [-115.4606605779462, 36.26925841696883], [-115.46095160237252, 36.26913255084872], [-115.4614504380736, 36.26895643044696], [-115.46199088346552, 36.26873829542054], [-115.46310265470733, 36.26847867888293], [-115.4634766756271, 36.2684117672115], [-115.46381949832252, 36.268370055515064], [-115.46404793923807, 36.26841233833717], [-115.4645360330862, 36.26846328968782], [-115.4649202613231, 36.26851413625674], [-115.46529414162858, 36.26853973906163], [-115.46554344620436, 36.26852316240736], [-115.46575124178534, 36.26848131211416], [-115.46604221745316, 36.268380666752876], [-115.46633318094158, 36.2682884314423], [-115.4665825721495, 36.26821297639328], [-115.46744481968737, 36.2681044731374], [-115.46805778725172, 36.26799572275393], [-115.46834862364196, 36.26798759194658], [-115.46866015885327, 36.268029945822], [-115.46922087324629, 36.26813982397974], [-115.46984393399998, 36.26823293713886], [-115.47028009757764, 36.26828381666507], [-115.47047744313522, 36.268284003045586], [-115.47066453412145, 36.26819165823021], [-115.47092448805503, 36.26799004066618], [-115.47143412563523, 36.267502682862116], [-115.47224520069375, 36.266847384992516], [-115.47248425380985, 36.26672985322922], [-115.4726193129627, 36.266704746001295], [-115.47279590482684, 36.26668808688736], [-115.47301405420399, 36.266663055977475], [-115.47324257890857, 36.266646444094725], [-115.4738660071674, 36.26647038642087], [-115.47421927226398, 36.26637818888899], [-115.47456222040634, 36.266235515369495], [-115.47494676975897, 36.266050823784475], [-115.4753312593963, 36.2659081847872], [-115.47572612214, 36.26577396556114], [-115.47591324816136, 36.26564796940895], [-115.47608996345782, 36.265538786082935], [-115.47639131357994, 36.26542971309802], [-115.47668232151344, 36.26528698701761], [-115.47718130358828, 36.264959403358894], [-115.47757629448525, 36.26472424696305], [-115.47775296010445, 36.26464870423187], [-115.47814780221319, 36.26452288773565], [-115.47895823083275, 36.264288091387364], [-115.47937389660092, 36.26412023420312], [-115.47965448622091, 36.26399431335648], [-115.4798311925937, 36.26388512355689], [-115.47998704934326, 36.26383479274542], [-115.4803298544136, 36.26378462287535], [-115.4806622941785, 36.263717620662426], [-115.48087003606153, 36.26370097724967], [-115.48107779978689, 36.26366751103213], [-115.48130632391897, 36.263642473846424], [-115.48151405455278, 36.26363423918449], [-115.48169059404987, 36.263651211803776], [-115.481950178501, 36.26370189770687], [-115.48213710513382, 36.263718877570035], [-115.48225136170701, 36.263710563405574], [-115.4823864006229, 36.26369385589335], [-115.48283318196195, 36.263551245263265], [-115.48382026455226, 36.26322404382274], [-115.48400729696, 36.26315691123421], [-115.48425677067335, 36.262988898908525], [-115.48448548371913, 36.262812458119235], [-115.48474527751978, 36.26269491978845], [-115.48503622963966, 36.26257740560035], [-115.48529597039413, 36.26250191993727], [-115.48576344809479, 36.26240978178626], [-115.48604402136912, 36.2622838458893], [-115.48622067336193, 36.26220829059921], [-115.48629346825244, 36.26213265173191], [-115.4865429234406, 36.2619730453718], [-115.48677158697558, 36.26183024327003], [-115.48717696015329, 36.26156141935785], [-115.4878421271565, 36.2611666372781], [-115.4886631922757, 36.2606710437364], [-115.48925560444933, 36.260309839264025], [-115.4900455259101, 36.259788978388976], [-115.49018061746852, 36.25972179647911], [-115.49029490728348, 36.25967983059791], [-115.49050263646784, 36.25966316952391], [-115.4907415014216, 36.25966335467104], [-115.49155162583031, 36.25961351343219], [-115.49213318178825, 36.2596391915327], [-115.4922785882009, 36.25963089062518], [-115.49242403356705, 36.25958894732297], [-115.4925071846826, 36.259530133179304], [-115.49261129201393, 36.259311527207146], [-115.49267390559116, 36.2590508348517], [-115.49268447539785, 36.25889103428324], [-115.49268458859855, 36.258793061123086], [-115.49268464060737, 36.25874804830297], [-115.49274717690943, 36.25855464303685], [-115.49345433163242, 36.25772249123136], [-115.49366229529849, 36.25749555147899], [-115.49385969059576, 36.25742841117381], [-115.49409861573086, 36.25736971322337], [-115.49452449272411, 36.25729433126433], [-115.49491926154182, 36.25717686994233], [-115.4951373680416, 36.257160209378966], [-115.49528275899671, 36.25716031649372], [-115.49552154216644, 36.25722778015953], [-115.49579148053053, 36.25729526525269], [-115.4964456884236, 36.257346207908505], [-115.49669496027248, 36.25732115634967], [-115.49692348878521, 36.25727085601407], [-115.49704817596621, 36.25721206868612], [-115.49719371477309, 36.25707759822501], [-115.49812922516652, 36.25629604842464], [-115.49866967223356, 36.25590111681538], [-115.49896060437351, 36.25575833620023], [-115.49920995154473, 36.25565757960087], [-115.49965680801412, 36.25537191974735], [-115.50004140698363, 36.2550357501086], [-115.50037397079731, 36.254800473571116], [-115.50064409114601, 36.25469131847519], [-115.50124659404187, 36.25451510316481], [-115.50157899541232, 36.25443122106081], [-115.50188017038427, 36.25441460403476], [-115.50230590231692, 36.2544569480581], [-115.50305370901124, 36.25435652093615], [-115.5040818931044, 36.25426468602395], [-115.5044558126706, 36.25419764501185], [-115.50467400164325, 36.25408844654448], [-115.50495761321578, 36.25402784100641], [-115.50496068293029, 36.25402718507936], [-115.50510540736369, 36.254060524630496], [-115.50526823899175, 36.25408173280622], [-115.5053207087328, 36.254079801334385], [-115.5054715496473, 36.25405446173555], [-115.5056354665656, 36.25401811492977], [-115.50573881525192, 36.25398102021376], [-115.50584242365821, 36.25393323813325], [-115.50593570704466, 36.253874679821955], [-115.5060610576226, 36.2537909476221], [-115.50609332915656, 36.253770831944415], [-115.50613712076058, 36.253735418963984], [-115.50619298206327, 36.25370625966015], [-115.50654844816464, 36.25370428743128], [-115.50670365150017, 36.25371051570086], [-115.50682427603309, 36.253737596330645], [-115.50701267507075, 36.25379961607334], [-115.5071380719357, 36.25385026714583], [-115.50732084879522, 36.253929317116565], [-115.50742508281718, 36.253986058843694], [-115.50755778364399, 36.254068775537846], [-115.5077114334346, 36.25416022706906], [-115.50783683138059, 36.25421082242885], [-115.50796780988078, 36.25424660404042], [-115.50821067458742, 36.254282698274665], [-115.50839209568072, 36.25429559861199], [-115.50864211529608, 36.25430083283413], [-115.50887397743914, 36.25429096771406], [-115.50913491688249, 36.25427499955539], [-115.50931691704946, 36.254258101451164], [-115.50958856053242, 36.254235856064874], [-115.50987866652429, 36.254209604371255], [-115.51017393142862, 36.25418310907837], [-115.51028086424378, 36.25417519084612], [-115.51054722032508, 36.25415294095425], [-115.51088731145944, 36.25412730936382], [-115.511050791581, 36.254114414432], [-115.51116932832863, 36.25411377128433], [-115.5112509753088, 36.25411049657306], [-115.51155131303412, 36.25409930476394], [-115.5117591951253, 36.2541061727524], [-115.51192747565788, 36.25411891205392], [-115.51210861525703, 36.25414673998635], [-115.51224518912991, 36.25416336612842], [-115.5123762513349, 36.25419486275935], [-115.51258345791135, 36.25423794256511], [-115.5127952774868, 36.25427082488453], [-115.5129476336431, 36.25428580927664], [-115.51311628518023, 36.2542937234442], [-115.51315636773064, 36.254292570789346], [-115.51323083278518, 36.25429563015511], [-115.51341101792717, 36.25428037501152], [-115.51348836252498, 36.25427507737875], [-115.51366662590688, 36.254249658734096], [-115.51383963997812, 36.25421690211278], [-115.51404320196247, 36.254183069681204], [-115.51420012241063, 36.254163176274986], [-115.5144221053707, 36.254118965626674], [-115.51454771377927, 36.254091749703285], [-115.51468497522892, 36.2540721156409], [-115.51479050619491, 36.25406066133576], [-115.51486964439815, 36.25405524306506], [-115.5149946189744, 36.25405787508293], [-115.51522599900848, 36.254073511865855], [-115.51549765016689, 36.254051308041866], [-115.51580658553257, 36.2540039364282], [-115.51600691961094, 36.2539914935467], [-115.51622007148698, 36.25399630992971], [-115.51633579252932, 36.25400626280546], [-115.51647216659184, 36.25403352909375], [-115.51678018746748, 36.25410451757835], [-115.51722576049244, 36.25421244034118], [-115.51738020061084, 36.254259095017616], [-115.5174723066123, 36.25426240842091], [-115.51754613427198, 36.2542547412547], [-115.51764117780988, 36.25424104437975], [-115.51776281517346, 36.25421480349815], [-115.51786308871498, 36.25420111742522], [-115.51796825735732, 36.25420882054709], [-115.51805341726417, 36.25423225000463], [-115.51821806235128, 36.254296131832945], [-115.5183905788578, 36.25436222766003], [-115.51855519869586, 36.254430398227015], [-115.51873057277386, 36.254483774366925], [-115.51891147366825, 36.2545243991355], [-115.5194167472055, 36.254608460003695], [-115.51965071410649, 36.25462628333894], [-115.51979567480387, 36.25461743049189], [-115.51994880027331, 36.254595877276174], [-115.52005724369015, 36.254571590070384], [-115.52019229283793, 36.25453063762469], [-115.52030621787672, 36.254493661184235], [-115.52041970115128, 36.25448012773935], [-115.52059086517554, 36.25447584370571], [-115.52075898643973, 36.254497142626356], [-115.52096066111642, 36.25455289512718], [-115.52102466695256, 36.25457497933618], [-115.52121075162155, 36.254625319185116], [-115.52135217259435, 36.254665460997394], [-115.52148863078735, 36.25468848646828], [-115.52160990525702, 36.25468145689484], [-115.52171936668937, 36.254671080950104], [-115.5218198026472, 36.25464881050622], [-115.52192055561598, 36.25461384373229], [-115.52213060965744, 36.25450551052878], [-115.52245810073136, 36.254309092858804], [-115.52275110933643, 36.25413147747016], [-115.5229810491093, 36.2540138326395], [-115.52332121038732, 36.25384531737498], [-115.52347280165604, 36.25376612616697], [-115.52358965026075, 36.2537121263766], [-115.52370079746314, 36.25368364172903], [-115.52384050975657, 36.25367260025014], [-115.52405376862184, 36.25367523153082], [-115.5242403026392, 36.25369457889516], [-115.52447931362275, 36.25372527465152], [-115.52479737413796, 36.25377884181058], [-115.52487958023772, 36.25379308807537], [-115.52520219685641, 36.253858907559234], [-115.52565364060139, 36.25393272238117], [-115.52599508771051, 36.25397743348583], [-115.52621816737668, 36.254014274810984], [-115.52630751093277, 36.254026076511714], [-115.52648319890392, 36.25406233504081], [-115.52669787383313, 36.25412893823457], [-115.52691038799757, 36.25416782098594], [-115.52709948425242, 36.25419360658747], [-115.52728858174599, 36.25421939008806], [-115.52737769706711, 36.254239707129464], [-115.52744500061056, 36.25426324592502], [-115.52771255643107, 36.25435682043014], [-115.52775314306321, 36.254369570855665], [-115.5279046778069, 36.25442851674852], [-115.52807745588399, 36.25449231126619], [-115.5281138569523, 36.25450575092147], [-115.52834953788327, 36.25457472851986], [-115.52853574083528, 36.254615404262694], [-115.5285465570986, 36.25461871152746], [-115.52889174902967, 36.2547242456362], [-115.52916577557708, 36.254714859680654], [-115.5294846227918, 36.25469955831873], [-115.52978941784005, 36.254688682339314], [-115.53012366220679, 36.25467553482995], [-115.5303579403329, 36.254669785871116], [-115.53053209906838, 36.254651821845854], [-115.53071591652532, 36.254599373224934], [-115.53071856189383, 36.254598985033255], [-115.53071946033486, 36.25459836264017], [-115.53076400281296, 36.25458565246813], [-115.53091416284389, 36.254524302069555], [-115.53115799511788, 36.254389351040906], [-115.53124640687086, 36.2543448462392], [-115.53203017405382, 36.25395031463343], [-115.53222531420059, 36.253852611385284], [-115.53281458540708, 36.25355756899013], [-115.53314792400326, 36.253377726163386], [-115.53416795512362, 36.2528111689392], [-115.5346526181241, 36.252546655018485], [-115.53471495173847, 36.25251263429814], [-115.53512327686259, 36.25228979350644], [-115.53535297990379, 36.25214891844416], [-115.53551469513741, 36.252038789283446], [-115.53564808779697, 36.25192546527238], [-115.53579261204067, 36.25178644897113], [-115.53604383992797, 36.25153807212472], [-115.53617111976497, 36.25137290042794], [-115.53624092773723, 36.25124159613615], [-115.53629290543286, 36.25111864782337], [-115.53638291749652, 36.25085821962216], [-115.53644480813533, 36.25067933770385], [-115.53649322326618, 36.25055639961241], [-115.5365412635422, 36.25045350595641], [-115.5366293993041, 36.2502936423197], [-115.5367702313445, 36.25003063431249], [-115.53679634992709, 36.24996389251458], [-115.53692586586666, 36.2497153725895], [-115.53694089874622, 36.24968339807982], [-115.53696445688166, 36.2496332884866], [-115.53699227141368, 36.24959214923727], [-115.53706278042331, 36.249487866162205], [-115.53730825353301, 36.24908693440807], [-115.53739598370647, 36.248943644669694], [-115.53745275843849, 36.24885091507608], [-115.5374947946749, 36.24879336512756], [-115.53750024575034, 36.248785902762215], [-115.5375343408413, 36.24873922467818], [-115.53757395042311, 36.24868882277561], [-115.53798126732984, 36.24814232872438], [-115.53822023766499, 36.24789850120899], [-115.53881243164223, 36.24735200894082], [-115.53913447739428, 36.24709138793994], [-115.53930067945548, 36.24698210693642], [-115.53945653511371, 36.246805533641385], [-115.53958125244905, 36.2466037154277], [-115.53979207519569, 36.24609217329782], [-115.53980438923985, 36.24606992050101], [-115.5401631999093, 36.24577123878572], [-115.54043325692652, 36.24561993866992], [-115.54114978530005, 36.24551085026518], [-115.54163782298733, 36.24549419975217], [-115.54198044559442, 36.24556160696556], [-115.54255149152276, 36.24566273452797], [-115.54315363318301, 36.245873213035836], [-115.54361042452875, 36.246049996190905], [-115.54383882676579, 36.24612577090163], [-115.54427494094809, 36.246125914096375], [-115.5445656969435, 36.2461007753528], [-115.54517836579011, 36.24603368406936], [-115.54538604731448, 36.24601692851481], [-115.54585335251252, 36.24593296595281], [-115.54624799946002, 36.24579010249365], [-115.54663228406157, 36.245596767889836], [-115.54691271529472, 36.245437045512], [-115.54775396513523, 36.245041981597616], [-115.54797204953974, 36.24497475887959], [-115.54808626814514, 36.2449747925895], [-115.54837699132912, 36.24500852204347], [-115.54869886953684, 36.24503384810363], [-115.548937698721, 36.24501709539418], [-115.5507133728659, 36.24479890721026], [-115.55092105689637, 36.244765319520084], [-115.55131571621055, 36.24455515102327], [-115.55177266937595, 36.24435340938142], [-115.55194923463121, 36.244235701770094], [-115.55217768750653, 36.244193706530275], [-115.55242695510158, 36.244025551351086], [-115.55286324488127, 36.24354623706274], [-115.55354875153499, 36.24299969514646], [-115.55382913524663, 36.242907243879806], [-115.55443144090849, 36.242697116070914], [-115.55497142308786, 36.24254584706163], [-115.55522066853095, 36.242411330166306], [-115.55543876315393, 36.24227680548844], [-115.55570880832992, 36.242041360838144], [-115.55599961180636, 36.241822741944254], [-115.55628005220538, 36.241545242480555], [-115.55693444845839, 36.24076316656392], [-115.55709024367752, 36.24061180343817], [-115.55731872674868, 36.24043522258273], [-115.55749525937966, 36.240367972503584], [-115.55764065517766, 36.240258660491236], [-115.55814950419183, 36.239989617129986], [-115.55887642049647, 36.23961968475322], [-115.55933334608912, 36.2393506247982], [-115.5597175644319, 36.23916565964802], [-115.55990447970676, 36.23908158640995], [-115.5602263794423, 36.23896389485111], [-115.56047558135904, 36.23890506609289], [-115.56072478886007, 36.238829414275756], [-115.56096361579216, 36.23874534917812], [-115.56117129367996, 36.23866127783554], [-115.56148284245387, 36.2384174168666], [-115.56163860797965, 36.23832492439392], [-115.56178400577122, 36.23817355230439], [-115.56184634047493, 36.23803057686461], [-115.56175294409442, 36.23786234003145], [-115.56163876371504, 36.23776138772413], [-115.56139998279791, 36.23769405580926], [-115.56121311856904, 36.237618322207545], [-115.56102626553782, 36.237500534208486], [-115.5609017152165, 36.23735752334736], [-115.56087060922574, 36.237214530838045], [-115.5608942789918, 36.237166625501764], [-115.5609329400304, 36.23708837749456], [-115.56106793428883, 36.23701270349667], [-115.5612548442454, 36.23692021729437], [-115.56143135856423, 36.23687819473069], [-115.56157672843436, 36.23681934460119], [-115.56208553029346, 36.23659233844359], [-115.56310309589941, 36.236247663910994], [-115.56345612888371, 36.23612155894329], [-115.56366378762237, 36.236071126526454], [-115.56403756453687, 36.236020721561665], [-115.5641621595307, 36.23599550912446], [-115.564390588913, 36.235919846301165], [-115.564691694789, 36.23584419438878], [-115.56495127257689, 36.23576012451929], [-115.56514854731681, 36.235709688827335], [-115.56549116385986, 36.2357097404222], [-115.565688424116, 36.23572659133065], [-115.56626980462191, 36.23585284073955], [-115.56645668149207, 36.23587810062437], [-115.56663318420735, 36.23586130284811], [-115.56673701991537, 36.235802440632035], [-115.56671627530747, 36.23570991688637], [-115.56669553854869, 36.23557533811478], [-115.56669556885193, 36.23543235140253], [-115.56679941634586, 36.23531461155564], [-115.56706941222564, 36.23503708504562], [-115.56734976186834, 36.234894136106], [-115.5680039365929, 36.234397973112614], [-115.56823236248236, 36.23429706955372], [-115.56850231802039, 36.23418776078857], [-115.5687203498299, 36.2341457325915], [-115.56904220039509, 36.23412053809836], [-115.56980008259394, 36.23417950293279], [-115.57017383247307, 36.23421318884229], [-115.57031919086089, 36.23415432806181], [-115.57046455703734, 36.234053411170756], [-115.57056840526289, 36.23388520306531], [-115.57075530309298, 36.233759057761254], [-115.57095257040761, 36.23370020075286], [-115.57110831018517, 36.233641340082606], [-115.57131595341676, 36.23362453947152], [-115.57163779113107, 36.233658214682656], [-115.57184543060178, 36.233666645633164], [-115.5721672639304, 36.233733964529435], [-115.57249948080343, 36.233792871772316], [-115.57285246408681, 36.23384336998844], [-115.57297704170186, 36.233902257528285], [-115.57306008876732, 36.233969552204236], [-115.57315352113169, 36.23402002695464], [-115.5732884843138, 36.2340452708453], [-115.57339230411165, 36.23405369034626], [-115.57350650790367, 36.234045288958036], [-115.573568806543, 36.23400323902721], [-115.57354806163553, 36.23384342892305], [-115.57345462816899, 36.233801366207175], [-115.57339234352348, 36.23374248345625], [-115.57333006754602, 36.23361631315619], [-115.57323665069417, 36.233448085158884], [-115.57310171048081, 36.23325462105638], [-115.57292523284848, 36.233136851538795], [-115.57282142782839, 36.23302749989701], [-115.57271766063165, 36.23264058452791], [-115.57273844215042, 36.23250601041134], [-115.57291496385186, 36.2322789281349], [-115.57309149003409, 36.23201820227287], [-115.57357947685297, 36.23168180357677], [-115.57380789380375, 36.231530423444894], [-115.57411936024099, 36.23141269352193], [-115.57432700176207, 36.23135383262645], [-115.57447234794788, 36.231328610091694], [-115.5747215077778, 36.23134545085461], [-115.57514714793663, 36.23144641251172], [-115.57553125609076, 36.23160624756244], [-115.57598803267463, 36.23183337339946], [-115.57628908418306, 36.232052077582814], [-115.57678737284188, 36.23252312223079], [-115.5770988100199, 36.23276705830591], [-115.577327200815, 36.23291005677844], [-115.57774246748178, 36.23306147542539], [-115.57791895797342, 36.2330951268594], [-115.57829270293678, 36.233179253281136], [-115.57844842989753, 36.23322131478512], [-115.5785626304046, 36.23323814195354], [-115.57867683445492, 36.23319609141739], [-115.57867683695079, 36.233154036377925], [-115.57857302645009, 36.23300263378385], [-115.57841730834622, 36.23284281814452], [-115.57825120369874, 36.2327334686296], [-115.57808510231396, 36.2325988854956], [-115.57797091260983, 36.23243907108036], [-115.57793977806088, 36.23228767205775], [-115.57793979193512, 36.232085807654975], [-115.57790866112504, 36.231867120177384], [-115.57787754569162, 36.23142974659916], [-115.57788793999482, 36.23126152686338], [-115.57798138260122, 36.23114377675294], [-115.57811635021575, 36.23106808344093], [-115.57837589572513, 36.231017628599865], [-115.57880155095131, 36.23090830198965], [-115.57915453048423, 36.23084102730195], [-115.57939331213154, 36.23078215869328], [-115.5795178927746, 36.23075692934069], [-115.57969438821229, 36.23058871461605], [-115.57987088363514, 36.23042891045782], [-115.58006814030696, 36.230260696673575], [-115.58025501623506, 36.23008406965783], [-115.58019273078528, 36.2299915470816], [-115.57995395902537, 36.22989060877868], [-115.57968404710502, 36.229722380588484], [-115.57923765536061, 36.229478446570035], [-115.57912346694467, 36.22933545573876], [-115.5790196647908, 36.22910835503451], [-115.57898853215313, 36.22888966772866], [-115.57904045206216, 36.22865416084883], [-115.5792065684184, 36.22837660376226], [-115.57934153565978, 36.22819156638064], [-115.57946611552688, 36.228099049491526], [-115.57965298174699, 36.22804858858001], [-115.57981908147113, 36.22806541615044], [-115.58007861247498, 36.22809906774106], [-115.58043157566776, 36.228132720172894], [-115.58126207183483, 36.22840189047565], [-115.58149045751775, 36.22854488110578], [-115.58166693789546, 36.228704693152416], [-115.58188494433007, 36.2288308612095], [-115.582341722463, 36.22902431866191], [-115.58290231844167, 36.229217774787], [-115.58344215343223, 36.22931029740167], [-115.58382626765538, 36.22941122824838], [-115.58420000169328, 36.22952056876842], [-115.58451144810321, 36.22963832048031], [-115.58471907980854, 36.22973083922411], [-115.5849059490554, 36.22980653621531], [-115.5851031999981, 36.229932698655844], [-115.58550808527113, 36.2301093230756], [-115.58574686475323, 36.23024389451987], [-115.58593373815744, 36.23037846662209], [-115.5860271742356, 36.230420519617425], [-115.58609984533737, 36.23042892879336], [-115.58618289753699, 36.23042892684725], [-115.58626594739948, 36.23033640389347], [-115.58653586525199, 36.23025228686345], [-115.58673311449927, 36.230227048933116], [-115.58688883594294, 36.23017657852039], [-115.58754286414381, 36.22998310367907], [-115.58794774331345, 36.22995785626798], [-115.58851872723629, 36.22995783290619], [-115.58869521590843, 36.22998305763041], [-115.5889651341629, 36.229957812743606], [-115.58910009050895, 36.22991575125798], [-115.58930771428649, 36.229823219219554], [-115.5895464852276, 36.22976433033978], [-115.58989945322347, 36.22973066727241], [-115.590107085719, 36.22975588910439], [-115.59029395500241, 36.22977270005116], [-115.59062616793116, 36.22982314617174], [-115.59107257629131, 36.2298567623773], [-115.59146708107194, 36.22991561385286], [-115.59163318549656, 36.22991560245219], [-115.59171623377874, 36.22987354160311], [-115.59174737051109, 36.22980625095752], [-115.59166430648685, 36.229688502408465], [-115.5913320572484, 36.22929320781394], [-115.59121784202186, 36.229099762620784], [-115.5912385917508, 36.22897359604661], [-115.59132161359926, 36.228679205045175], [-115.59148768922674, 36.22842686341645], [-115.59167453689555, 36.2282670410845], [-115.59175757689044, 36.22817451428667], [-115.59170565420959, 36.22802312019913], [-115.5915706848788, 36.22789696433338], [-115.59139419824594, 36.22785492126976], [-115.59120732850343, 36.22777923438674], [-115.59108274527469, 36.2277035431954], [-115.5909996836505, 36.227577383307626], [-115.59095814871027, 36.22747645413033], [-115.59079201671665, 36.22713161311282], [-115.59062588852312, 36.22681200525556], [-115.59043899807776, 36.2264839866461], [-115.59037669368945, 36.22628212572804], [-115.59034553917012, 36.2261475514537], [-115.59026241772172, 36.22532327703259], [-115.59034542961882, 36.224919543816895], [-115.59059454965126, 36.22470084263664], [-115.5907813926671, 36.22456625411962], [-115.59097861943239, 36.22448213238864], [-115.59115509156895, 36.22445688756881], [-115.59129004325175, 36.22447370035608], [-115.59279532511145, 36.22499507371573], [-115.59304447181985, 36.22504552060157], [-115.5932832318253, 36.225037090156064], [-115.59399953214023, 36.2251800154431], [-115.59424868949796, 36.225289335690356], [-115.59459127032984, 36.22536500331269], [-115.5947885096179, 36.225373395439], [-115.59499612717006, 36.22536496455226], [-115.59539060716483, 36.225390158884785], [-115.59554632391246, 36.22540696477571], [-115.59574355299681, 36.22535647855746], [-115.59642865962316, 36.22514613009144], [-115.59662589286597, 36.2251208758345], [-115.59709303402221, 36.22512923388561], [-115.59720721598629, 36.225078754770465], [-115.59727987289133, 36.22502827949018], [-115.59731100255397, 36.22495257650445], [-115.59727983855707, 36.224834826587504], [-115.59711372865434, 36.22474232479047], [-115.5968126475229, 36.22453208357718], [-115.59637662523751, 36.22436391148032], [-115.5961586065585, 36.224229358892785], [-115.59602363955993, 36.22412844049044], [-115.59594058052998, 36.22404433906058], [-115.59585750716111, 36.22387612826571], [-115.5957536505544, 36.22356493076258], [-115.59566019083304, 36.223346254043314], [-115.59553559467491, 36.22316963553088], [-115.5953383285472, 36.22294255824025], [-115.59505801729225, 36.22271548877826], [-115.59495418404308, 36.22253045586231], [-115.59498531246398, 36.22243793176449], [-115.59507871754356, 36.222303346447205], [-115.59523439769946, 36.22212669976197], [-115.59531743068938, 36.22205099208661], [-115.59557690914575, 36.22183227939294], [-115.59573260030326, 36.22173133144121], [-115.59591940859632, 36.221478981221], [-115.5962515167857, 36.22108362804573], [-115.59620996750971, 36.220915412022286], [-115.59616841154377, 36.22070514085338], [-115.59618913846252, 36.220494862990044], [-115.59628253667256, 36.220351865844776], [-115.59635517837184, 36.22022569257467], [-115.59630322016552, 36.21988084631593], [-115.59627206523155, 36.21979673942106], [-115.59617863355857, 36.21973787265663], [-115.59570107200173, 36.219275316457676], [-115.59563877034964, 36.21914074661782], [-115.59564913970027, 36.21907345696955], [-115.59578407887926, 36.219056621315914], [-115.59600207578205, 36.219149119568165], [-115.59662495111016, 36.2195527807991], [-115.59691563156518, 36.21976302384244], [-115.59726279030323, 36.22009015703502], [-115.59742434747601, 36.22024239318399], [-115.59754891930254, 36.220292844430894], [-115.59769424174867, 36.2202844162388], [-115.59787069962799, 36.22025075155574], [-115.59804714475838, 36.22014979714296], [-115.59838968860886, 36.220124522009215], [-115.59883603853335, 36.22012446503356], [-115.59952112936821, 36.220099140905226], [-115.59987408617378, 36.220233668889506], [-115.6003100948325, 36.22041023920816], [-115.6009433541284, 36.22068771192133], [-115.60137938316004, 36.22093156598685], [-115.60161818931758, 36.22118386049003], [-115.60213739378517, 36.22195759390719], [-115.60235548765495, 36.222386521451874], [-115.6026566436433, 36.22287431198263], [-115.60294739352831, 36.22324434983841], [-115.60344581085273, 36.22381621603301], [-115.60396492042291, 36.22409369172012], [-115.6043594588053, 36.22435436450993], [-115.60487857976999, 36.22464865698314], [-115.60588565152948, 36.225102666684435], [-115.60697577184355, 36.22552300724268], [-115.60737029247932, 36.225665915608815], [-115.60782713852879, 36.2259349752008], [-115.60800367869957, 36.2261368035458], [-115.60816982941, 36.22630498953027], [-115.6083567682334, 36.22655728110498], [-115.60851256823385, 36.22681798976851], [-115.60867879634036, 36.227221682923705], [-115.60876193881542, 36.22750764000603], [-115.60886582210077, 36.22772630411078], [-115.6090838942977, 36.22792812103112], [-115.6096550465868, 36.22847471272702], [-115.60995620854544, 36.22877744243533], [-115.61020541964628, 36.22894560701062], [-115.61036120447892, 36.22913061476571], [-115.61048585394154, 36.229340860977466], [-115.61051705698833, 36.22950907415205], [-115.61057958489894, 36.230198762581125], [-115.61062118447418, 36.230409028394554], [-115.61066276560224, 36.230568828302964], [-115.61069402225142, 36.23088843904074], [-115.61078751040027, 36.23103981618371], [-115.61075642361929, 36.23120804352167], [-115.61084996235869, 36.23150240740682], [-115.61096419392173, 36.23159490201511], [-115.61119263995602, 36.231729425026586], [-115.61153533574627, 36.23199849669808], [-115.61179498778179, 36.23229282054217], [-115.61228979444964, 36.23274058925644], [-115.61250119052833, 36.23293188695404], [-115.61305164260877, 36.233486876935686], [-115.61337364879988, 36.233915757702455], [-115.61358145860092, 36.23435307821815], [-115.61376847746095, 36.23471470350056], [-115.61386203056237, 36.23500906485115], [-115.61385173354972, 36.23522775342259], [-115.61379987781105, 36.23537075335335], [-115.61374804794225, 36.235581041645894], [-115.61387267531394, 36.23568194159327], [-115.61404922333578, 36.23580806146509], [-115.61415310592923, 36.23595943318245], [-115.61427772668142, 36.236043511056494], [-115.61443347857217, 36.23608552569558], [-115.61463073012543, 36.236051830073556], [-115.61477603610582, 36.2359340377509], [-115.61492129317593, 36.23569849192902], [-115.61501462216096, 36.23542090375822], [-115.615211697679, 36.2349582470633], [-115.61538809517417, 36.23471428061076], [-115.61585514668933, 36.234360892714676], [-115.6161871983719, 36.2339402517044], [-115.61663343061262, 36.233477522989254], [-115.61693441555778, 36.2332587528463], [-115.61700705291678, 36.233174622354085], [-115.61696548631079, 36.23308211314098], [-115.61694465694019, 36.23293072139525], [-115.61698611283617, 36.232762489585305], [-115.61712107455891, 36.23275404072706], [-115.6173702140886, 36.232695092525454], [-115.6173925021676, 36.23268110268683], [-115.61769196465072, 36.23249313619754], [-115.61787685387498, 36.23230754813663], [-115.61790988762593, 36.23227438738634], [-115.61793036301941, 36.231618323293105], [-115.6179717085483, 36.23120617256689], [-115.61811690743824, 36.23087810086241], [-115.61825179364547, 36.23070984136343], [-115.61843864112076, 36.230659320811064], [-115.61866691561582, 36.230390101630924], [-115.61876026300034, 36.2301966204078], [-115.61877058743558, 36.2300704521752], [-115.61885358218923, 36.22994426239103], [-115.61897812319745, 36.229860115239454], [-115.61947612255517, 36.22917867493246], [-115.61947592132015, 36.22874130265981], [-115.61928898282908, 36.22858154953078], [-115.61873846803162, 36.22790883251995], [-115.61682754718304, 36.226109425874334], [-115.61655757645025, 36.22595810335341], [-115.61636027328248, 36.2258067592859], [-115.61624600503217, 36.22562174873055], [-115.61622513085162, 36.22535260224358], [-115.61619391020419, 36.2251675687705], [-115.61613151259814, 36.22489843273961], [-115.61595494386226, 36.22467138383806], [-115.61556035397503, 36.22438551589521], [-115.6152280866156, 36.224183741147606], [-115.6148854032754, 36.22388944626964], [-115.6147607406079, 36.2236539701285], [-115.61461522624572, 36.223191402983026], [-115.61445937654725, 36.22283818106034], [-115.61444879298743, 36.22232511162248], [-115.61453167964551, 36.221929772319086], [-115.61462500373408, 36.22167741724848], [-115.6145211291239, 36.22150081214015], [-115.61401226467243, 36.220928994544536], [-115.61343073647762, 36.22033195958633], [-115.61269357189238, 36.21988635885707], [-115.61229898070563, 36.21949954796228], [-115.61106339792829, 36.21852416159458], [-115.61053388249684, 36.21813737597223], [-115.61039887854493, 36.21795236430094], [-115.61034691225598, 36.21775892290979], [-115.61028454346264, 36.21749819523474], [-115.60996267562949, 36.21722911468201], [-115.6093397179605, 36.21672458983142], [-115.60915282867786, 36.21656482052437], [-115.60891404797133, 36.21642188462592], [-115.608872443995, 36.21616115171579], [-115.60887239753195, 36.21601816454677], [-115.60872701080793, 36.21579950792721], [-115.608560822852, 36.21544628006965], [-115.60848807437776, 36.21516032008352], [-115.60841534411014, 36.21493323781019], [-115.60833223071766, 36.214689335946076], [-115.6084774167531, 36.21429398639682], [-115.60857079984724, 36.21419303469208], [-115.60863301954433, 36.214016390012084], [-115.60862259973527, 36.213890226692854], [-115.60852913887858, 36.21374725916937], [-115.60835267340376, 36.213696830154795], [-115.60811390552067, 36.21356230344172], [-115.60789589936054, 36.21343618284566], [-115.6076778797628, 36.213268006673914], [-115.60760514950806, 36.2130241012226], [-115.60760507418985, 36.2127801810065], [-115.60758424342566, 36.21254467674506], [-115.60749077571936, 36.21236806405104], [-115.60726231039622, 36.211964379791276], [-115.60686779832407, 36.21161960563711], [-115.6065563650152, 36.21141780226734], [-115.6064629232327, 36.211316887357526], [-115.60637983945625, 36.21114027175194], [-115.60639017882123, 36.211005693319564], [-115.60644203941273, 36.21088792859238], [-115.6064316260099, 36.21077017677466], [-115.60636930780541, 36.2106187897144], [-115.60635887730217, 36.2104421600697], [-115.60640033551626, 36.210248698711496], [-115.60616155702684, 36.21003005762268], [-115.60587089639166, 36.20985348103173], [-115.60571516037011, 36.2096684668159], [-115.60561131324582, 36.209458210163255], [-115.60561124650846, 36.20922270156005], [-115.6056007834308, 36.208928317048326], [-115.60562148440354, 36.20872644800698], [-115.60565259607924, 36.20864233178798], [-115.6055695003012, 36.20840683860469], [-115.60543450111534, 36.20813771059633], [-115.60529952511621, 36.20794428108807], [-115.60519571535491, 36.207860189658874], [-115.60499848878698, 36.2077424716288], [-115.60489464040104, 36.207515391657466], [-115.60482190802286, 36.207212607328486], [-115.60475955677589, 36.20691823194668], [-115.60462458114318, 36.20671639167361], [-115.60423009245162, 36.20631273065172], [-115.60399130874742, 36.20600997462737], [-115.60358639891778, 36.20541285969894], [-115.60339953535426, 36.20520261589293], [-115.60332684509737, 36.20503440710956], [-115.60328526783512, 36.204782082618856], [-115.60269359377465, 36.20431116125441], [-115.60227840667031, 36.20405889622016], [-115.60202927746619, 36.20383183742462], [-115.60172813850369, 36.203083300475605], [-115.60153089018524, 36.20279735562887], [-115.60132328099715, 36.20257869986725], [-115.60120909340812, 36.20244414033606], [-115.60109485111892, 36.202065660028836], [-115.60095988757419, 36.201838581938354], [-115.60075226387656, 36.201535814629715], [-115.60063804546617, 36.20124985522591], [-115.60059647145438, 36.20096388524652], [-115.60065865711134, 36.2005937906335], [-115.60068973004606, 36.20032463186773], [-115.60066894185577, 36.20017323644516], [-115.60059624067456, 36.19991250444167], [-115.60023295248172, 36.19956770320215], [-115.60008761843704, 36.19934062549565], [-115.59995261804927, 36.19890326977157], [-115.59983843108533, 36.19873506444342], [-115.59935061048223, 36.19833139962087], [-115.59908075365198, 36.1981043372382], [-115.59898732557572, 36.19794453922035], [-115.5989561363771, 36.197658568055054], [-115.5990183640461, 36.19747351610279], [-115.59897680796347, 36.197238012448636], [-115.59882109660138, 36.196968879176254], [-115.59881069646472, 36.19685112551617], [-115.59881065508988, 36.19664084904303], [-115.59872758315927, 36.19636329533057], [-115.59859260472264, 36.195967992250225], [-115.59850956185956, 36.19583342601978], [-115.59845765078941, 36.19569885580021], [-115.59853021962194, 36.19533717153485], [-115.59849904720743, 36.19511848807426], [-115.59837450019185, 36.19499233786197], [-115.59815656003855, 36.194866199115964], [-115.59791787147006, 36.1947568842629], [-115.59775182129879, 36.194647561108084], [-115.59744048465357, 36.19447937694948], [-115.59733669209378, 36.19434481231428], [-115.5971602167315, 36.19394951323121], [-115.59685926066076, 36.19378132634163], [-115.59667244954854, 36.19360471514584], [-115.59648566769248, 36.1936047358077], [-115.59630926624531, 36.19362157682033], [-115.59617436122124, 36.19357953604548], [-115.59606020775966, 36.19352067114762], [-115.59598755483185, 36.19341974554136], [-115.59592527992181, 36.19332723058345], [-115.59585262891086, 36.19324312756079], [-115.59580072009935, 36.19308332347759], [-115.59580069210902, 36.19290669040594], [-115.59575912527984, 36.19251978682494], [-115.59554118292854, 36.192301120823956], [-115.59533362067705, 36.192099276951794], [-115.59522982103414, 36.19188059977649], [-115.59527128648907, 36.19161144189139], [-115.59535423710855, 36.19120770203139], [-115.59531270427829, 36.19103107396464], [-115.5951881549073, 36.19081239878794], [-115.59514662644726, 36.190661003313906], [-115.59519844861894, 36.19026567835377], [-115.59528140857805, 36.18993763915334], [-115.59550966616867, 36.18980303833847], [-115.59585205878949, 36.18966001522022], [-115.59609500273763, 36.18950680450239], [-115.5961321887918, 36.189483353332584], [-115.59627742428077, 36.189298294552366], [-115.59629813988325, 36.18907119378682], [-115.59643298291765, 36.18879361343561], [-115.59636030185251, 36.18849923389439], [-115.59616311238615, 36.188230101273014], [-115.59596590266482, 36.1878263913508], [-115.59578947944783, 36.1876245439266], [-115.59547817739573, 36.18747317624383], [-115.59489710170456, 36.18731342411062], [-115.59448205198916, 36.18722094185171], [-115.59413962475739, 36.187052751785885], [-115.59386982617713, 36.18685932078807], [-115.59360002014563, 36.18659860112974], [-115.59333020415023, 36.18624535921983], [-115.59308115200655, 36.18597622573676], [-115.59267907198455, 36.18579962540345], [-115.59249229984988, 36.18572393997982], [-115.59231331295055, 36.1856671790944], [-115.59214988456539, 36.18556625779701], [-115.59206427288042, 36.185459023357645], [-115.59186191506453, 36.18516254757833], [-115.59167511692415, 36.184809295912146], [-115.59148051762187, 36.18426048661676], [-115.59124701777323, 36.18374952946992], [-115.5911769708521, 36.18362967608644], [-115.59109133697972, 36.183251184057156], [-115.59109127418938, 36.18261404498782], [-115.59106011504178, 36.182279706552784], [-115.59097450168375, 36.18210307955122], [-115.5907021131831, 36.1816741317108], [-115.59043750998745, 36.181270416361805], [-115.59028963985945, 36.18099285899977], [-115.59023515635775, 36.180828845971604], [-115.5900483375785, 36.18004031831047], [-115.58998606461134, 36.17976275658881], [-115.58986933657098, 36.179636596765924], [-115.58968257617363, 36.17949151512501], [-115.58937131901703, 36.17935274860725], [-115.58897447254664, 36.17923290987061], [-115.58848424489258, 36.17898060032799], [-115.58831304599589, 36.17874719956738], [-115.58831303123793, 36.178513792462375], [-115.58832079416062, 36.178229917792166], [-115.5883519079988, 36.17807851749657], [-115.5883518814689, 36.1776621686603], [-115.58838297146298, 36.177125960366126], [-115.58828179753223, 36.1767790083709], [-115.58818841996336, 36.17667177042056], [-115.58793164189501, 36.17652038061167], [-115.58769043113928, 36.17643838237491], [-115.58725468704, 36.17611036480997], [-115.58704459551238, 36.175914813378], [-115.58676448023164, 36.17576342266813], [-115.58660885962612, 36.17564987705135], [-115.58643767814188, 36.17556156526183], [-115.58630540130777, 36.17544801954135], [-115.58614977770536, 36.17521461516184], [-115.58592412917001, 36.174987521187674], [-115.58570626553055, 36.17489920934195], [-115.5854417193485, 36.17481720611041], [-115.58504490474397, 36.174836136973745], [-115.58489707010258, 36.174779364447716], [-115.58462474361261, 36.17463427678359], [-115.58411121658135, 36.174331482122376], [-115.58401006696236, 36.17420531636998], [-115.58367549578686, 36.17349878591785], [-115.58352766552848, 36.17334738712722], [-115.58327868766912, 36.17316444632129], [-115.5829596866223, 36.172994121160144], [-115.58268736998517, 36.17283641177576], [-115.5824383958395, 36.1726408519362], [-115.58225166728933, 36.17246421760919], [-115.58212718233369, 36.17225604270573], [-115.58194823610361, 36.172054174330086], [-115.58162146453004, 36.171776604524545], [-115.58124801358358, 36.17147379936387], [-115.58092124572684, 36.17123407673763], [-115.58063338259146, 36.1709375795156], [-115.58027550457612, 36.170508605188616], [-115.58007322627992, 36.17031935062831], [-115.57969200995393, 36.16995345665133], [-115.57957531778725, 36.16972635377987], [-115.57954421043233, 36.16946140349874], [-115.57883628082948, 36.1683006479304], [-115.57842397393175, 36.16773919113255], [-115.57829173080016, 36.16746792805486], [-115.57773941660258, 36.16657842970239], [-115.57716722894956, 36.165894858252706], [-115.57771700397545, 36.16590037603518], [-115.57821139619347, 36.16598206041814], [-115.57830294810545, 36.166034031400244], [-115.57844026285053, 36.166308717871516], [-115.57865083215141, 36.166464625779106], [-115.57979528050262, 36.16642012291242], [-115.58012487635688, 36.166516641496194], [-115.58093972009878, 36.16662059387118], [-115.58192852475071, 36.16659091449511], [-115.58264611100768, 36.16670643666449], [-115.583036634949, 36.16669245012407], [-115.58336841898794, 36.166752231851156], [-115.58358648282979, 36.16675481021256], [-115.58378205209273, 36.166729221770915], [-115.58393241535343, 36.1666658498918], [-115.58423130381182, 36.16664142914283], [-115.58442559977844, 36.16669027793532], [-115.58465338664737, 36.166786020629765], [-115.58488207573826, 36.16683527658585], [-115.58498557318883, 36.16682719686428], [-115.58510064276753, 36.166809957884276], [-115.58526147395104, 36.166802509778094], [-115.58561642572249, 36.166853245774156], [-115.58612185172136, 36.1668313127957], [-115.58636284828968, 36.16683415775761], [-115.58646567902265, 36.16686327247671], [-115.58657956721036, 36.16691116897548], [-115.58669320067214, 36.16697766006932], [-115.5868188952678, 36.16700704513236], [-115.58699119904078, 36.16699977462873], [-115.5872909202596, 36.16692886533503], [-115.58745208508634, 36.16690286554496], [-115.58758549845867, 36.1669321323693], [-115.58792150757145, 36.166973551784345], [-115.58824127010897, 36.16706106965453], [-115.5888124474634, 36.167216700109], [-115.589086849461, 36.16727577910174], [-115.58928197348992, 36.16727807779993], [-115.58953560816205, 36.16721591588004], [-115.58965084441105, 36.16718937111589], [-115.58977694019926, 36.16720015925691], [-115.59006285749258, 36.16725937329189], [-115.59040662156823, 36.167291320756235], [-115.5906481195318, 36.16726626186522], [-115.59072928447979, 36.16722067279357], [-115.59076491931638, 36.167155942011206], [-115.59072015526483, 36.167090264430065], [-115.59064098755469, 36.16702418335038], [-115.5905960455791, 36.16696780713641], [-115.59067711107546, 36.16693150238341], [-115.59089494312353, 36.166943422931], [-115.59104397115561, 36.16695447056651], [-115.59124956645057, 36.16701274505558], [-115.59144363744035, 36.16707087486266], [-115.59158137029893, 36.16707249500741], [-115.59174319028241, 36.16700919274977], [-115.59206718200397, 36.16686410461499], [-115.59258513135379, 36.166786444071576], [-115.5927920567179, 36.16677027753695], [-115.59322712504742, 36.16683119092734], [-115.59350125130877, 36.16690890950602], [-115.59363842068417, 36.16693842163071], [-115.59375337749178, 36.16693046763786], [-115.59389210862058, 36.16687624957347], [-115.59414489774329, 36.16686061923153], [-115.5943173670577, 36.16684399260238], [-115.59446755664283, 36.16678995307903], [-115.59466483752051, 36.16667127046883], [-115.59478023772698, 36.166635375182054], [-115.59486056944695, 36.16663631744729], [-115.59488233981624, 36.166701723512226], [-115.59487951744671, 36.16685993778908], [-115.59491166271428, 36.166990615809695], [-115.59498019283402, 36.16701001773508], [-115.5952201949603, 36.167068679527894], [-115.59567653993736, 36.16722293032126], [-115.59599693231526, 36.16728254302824], [-115.59622662564574, 36.167275931831625], [-115.59645698300014, 36.16723207935633], [-115.59669798227482, 36.167234902614695], [-115.5968465129319, 36.16727389235891], [-115.59694929253625, 36.16730299807794], [-115.59710812455685, 36.16740725838365], [-115.5974153467211, 36.16755975485507], [-115.59768508769824, 36.167673120640195], [-115.5977702248689, 36.167668997782144], [-115.59780270026191, 36.167662823572094], [-115.59798765081878, 36.16765021354749], [-115.59833329553155, 36.16757980546356], [-115.59855311864628, 36.167480032800164], [-115.59867921722669, 36.167490801650786], [-115.59887336046135, 36.16754892931547], [-115.5990690815816, 36.167513961309155], [-115.5993348344112, 36.16741466967035], [-115.59962225962562, 36.16739013813003], [-115.60015200909424, 36.16729393148026], [-115.60031234455808, 36.167314448555416], [-115.60055003801426, 36.16750338362732], [-115.6006306911668, 36.167485674103574], [-115.60067927701873, 36.16733734304124], [-115.60076076780172, 36.16727314521772], [-115.60096894882174, 36.16718252610258], [-115.60106090819558, 36.16717425122127], [-115.60127715859255, 36.167279177064856], [-115.601437164017, 36.16731829458897], [-115.60155195600689, 36.167319634537805], [-115.60170280309794, 36.167228291000825], [-115.60178643878561, 36.1670431189204], [-115.60204155241219, 36.16689719871636], [-115.60222630388355, 36.16683420407483], [-115.60247850001414, 36.16685574562611], [-115.60283290312147, 36.166934333982525], [-115.60334656540365, 36.16709857224754], [-115.60357444425763, 36.16719428162681], [-115.60395985813993, 36.167468671260394], [-115.60413066507236, 36.16754517009635], [-115.60438198274656, 36.167613249953675], [-115.60446248203783, 36.16760488434425], [-115.60450890682382, 36.16757746945247], [-115.60450989665834, 36.16752163382005], [-115.60437825990621, 36.16717575027028], [-115.60438134332593, 36.1669552280447], [-115.60441694850783, 36.1669342052955], [-115.60445124360817, 36.16694389903116], [-115.6048463156308, 36.16732080775769], [-115.60491451901606, 36.167358851926245], [-115.60496204161133, 36.167266300698024], [-115.60493175889718, 36.16703325552821], [-115.60508408344296, 36.166858229975254], [-115.60512062789472, 36.16673764847241], [-115.60524969185698, 36.16658090346861], [-115.60548234863872, 36.166406759460635], [-115.60585685338346, 36.166001627839655], [-115.60591435193882, 36.1659929933834], [-115.60621959953166, 36.16625714852556], [-115.60655602637061, 36.16670781342939], [-115.60669287123584, 36.16675595042424], [-115.6069263472805, 36.16653526759186], [-115.60701919497296, 36.16648050076417], [-115.60755034296177, 36.16630052952189], [-115.60771288285267, 36.16620006390179], [-115.60786283146554, 36.16615526305996], [-115.60820650083201, 36.16619650681752], [-115.60828732804228, 36.16616948979036], [-115.60858932934623, 36.165968253849414], [-115.60887882794879, 36.165822717382376], [-115.60908673730037, 36.16575062481329], [-115.60923642141792, 36.165724471083045], [-115.60940788872011, 36.165763710681084], [-115.60951148027634, 36.16574626146534], [-115.61014742595665, 36.16548373819635], [-115.61046908146976, 36.16546887272368], [-115.61060599324678, 36.165516959274925], [-115.61073094034396, 36.165592916573054], [-115.6108002938894, 36.16556576617791], [-115.61088259416948, 36.165455017278575], [-115.61108061307591, 36.165289817522066], [-115.61152999282228, 36.165192628227906], [-115.61157575794493, 36.16520246143248], [-115.61159771741951, 36.16525856302093], [-115.61158214606937, 36.16549108472792], [-115.61165035110179, 36.16552907009143], [-115.61173117312913, 36.16550210661868], [-115.61192853473979, 36.16537410222974], [-115.6121158024448, 36.16517151653876], [-115.61215151651398, 36.165097485156494], [-115.612052505318, 36.16485433393246], [-115.61205365199343, 36.16478919676843], [-115.61211180562141, 36.1647433256084], [-115.61262006619185, 36.16456305702337], [-115.61310254251264, 36.164540753483735], [-115.61365550550971, 36.16442614795211], [-115.61390829613337, 36.164410421803304], [-115.61403422769581, 36.16443053091892], [-115.61414945268817, 36.164403918405846], [-115.61427685748166, 36.164340242113234], [-115.61488688800739, 36.16424495170515], [-115.61501309215353, 36.16424641183917], [-115.61512738985334, 36.16427562510344], [-115.61557121183833, 36.16449480696724], [-115.61569707615585, 36.16451491254912], [-115.61589253539765, 36.164498519914446], [-115.61618216793143, 36.16434367332686], [-115.61688020553832, 36.163811879108025], [-115.61762394403998, 36.163289966668756], [-115.61795972760194, 36.16312629052456], [-115.61826007320578, 36.163018105963864], [-115.61833098665254, 36.162897926728114], [-115.61835675755482, 36.162739975482296], [-115.6186718227456, 36.162445811444165], [-115.61901965778551, 36.16224501323548], [-115.61921214432041, 36.1622265701133], [-115.61975823771625, 36.16210731385123], [-115.62020262598827, 36.16220280033505], [-115.6205785683719, 36.16236538749205], [-115.62088271282798, 36.162694633647945], [-115.6211776695462, 36.162893482820564], [-115.62142817375224, 36.16300807031086], [-115.62159768918987, 36.16315891992083], [-115.62177727532261, 36.16339368873952], [-115.62183265527024, 36.16350602061297], [-115.62191200889086, 36.16356278955039], [-115.62209501524946, 36.16360209019606], [-115.622313063804, 36.16360459893909], [-115.62265568929578, 36.163701636173165], [-115.62313636964068, 36.16378161820043], [-115.6233201248953, 36.16377442680565], [-115.62366524510554, 36.16373184905879], [-115.62402243119777, 36.163652204791525], [-115.62513840039574, 36.16350676350515], [-115.62569151362476, 36.16338280992964], [-115.62614678339338, 36.163326912581724], [-115.626290418576, 36.16328877674111], [-115.62733932913153, 36.16287022363222], [-115.62758928433898, 36.16282675107931], [-115.62922278075919, 36.162729516972], [-115.62941782616082, 36.1627913730577], [-115.62951458644565, 36.16286202198978], [-115.62969494893146, 36.16294359740502], [-115.62986213436993, 36.16296204345018], [-115.63014853917893, 36.16293219796213], [-115.6305510315638, 36.16280763538858], [-115.63096282251752, 36.16261689976716], [-115.63116966368598, 36.16258283472853], [-115.63132587604494, 36.16252830399856], [-115.63150747481461, 36.162417800271285], [-115.63173537648548, 36.16223493115436], [-115.63198835553841, 36.16201255646831], [-115.63227558127939, 36.16170449692477], [-115.63244279051663, 36.16160039146401], [-115.63259044183441, 36.16156565602666], [-115.63286761018753, 36.16160193257291], [-115.63339453492074, 36.16183651911551], [-115.63358158796166, 36.1618849901748], [-115.63372442412933, 36.16189329061043], [-115.63419710528281, 36.16183900199209], [-115.63475728290247, 36.1618056598255], [-115.63526651865777, 36.16164918627656], [-115.63575999218683, 36.161575296328316], [-115.63592740850258, 36.161577203073755], [-115.63700271560589, 36.16148455639096], [-115.63853816371598, 36.1614664281815], [-115.63922882782333, 36.16153250383627], [-115.63961828297316, 36.16160806483305], [-115.63978585587304, 36.16160025911435], [-115.64037188004419, 36.16172331344763], [-115.64076595384955, 36.16176013245868], [-115.64147576541434, 36.16175846682649], [-115.64210305714319, 36.16180112646827], [-115.64407867967881, 36.162036937219334], [-115.644510113888, 36.16210971203151], [-115.64502944885862, 36.162283707331284], [-115.64524788381937, 36.162334697368514], [-115.64562992573042, 36.162374563793925], [-115.64587936223886, 36.162364465401964], [-115.64646463214949, 36.162183534281695], [-115.64705573135795, 36.16189277385801], [-115.6475871204751, 36.16171442919458], [-115.64789888707573, 36.161672693576264], [-115.64824134634459, 36.16169918691033], [-115.64840836286864, 36.16172369903901], [-115.64856895695951, 36.161777229966894], [-115.64925656844065, 36.162137452496324], [-115.64937354182399, 36.16229077207619], [-115.64951207439822, 36.1625833096435], [-115.64965254899028, 36.16276273109615], [-115.64979601000283, 36.16288720391159], [-115.650072812258, 36.16301964370432], [-115.65028852952737, 36.16322900325614], [-115.65073429868674, 36.16386129486305], [-115.65084052764644, 36.16417614712999], [-115.65090692718924, 36.164257705186046], [-115.65104869006257, 36.164362784173726], [-115.65191842943689, 36.16468618902341], [-115.65210022056637, 36.164778808602684], [-115.65290469486773, 36.16530518108872], [-115.6531084109792, 36.16540120050642], [-115.65332262634517, 36.165465092049075], [-115.65394978021996, 36.16563375163315], [-115.65431566145743, 36.165692827251306], [-115.6550483032285, 36.16563962958605], [-115.65579696362367, 36.16569655285773], [-115.65757956721878, 36.16545139814275], [-115.65774391553258, 36.16540152189966], [-115.65801362384589, 36.16525259732409], [-115.6582315225797, 36.16509982806806], [-115.6585653905925, 36.16469619106763], [-115.65876550155517, 36.16453671371845], [-115.65892260306062, 36.16444475335846], [-115.65911501405267, 36.164385479493], [-115.65933845757534, 36.164375008992295], [-115.65948571954635, 36.16439282965153], [-115.6595851383002, 36.16440691497719], [-115.65968390083702, 36.164462938982005], [-115.66000812478765, 36.16497423429199], [-115.66008661505272, 36.165049459591046], [-115.66014605436786, 36.16507275159955], [-115.66024573840588, 36.16507066600102], [-115.66161618970389, 36.16432288230905], [-115.66181267668969, 36.16426044058851], [-115.66214410269376, 36.16423180586498], [-115.66241687939343, 36.16413782513617], [-115.66257011795483, 36.164036098766], [-115.66280097385277, 36.1638252473055], [-115.66318276967598, 36.16353207022423], [-115.66342867165383, 36.16337314937262], [-115.66384308176248, 36.1631546795675], [-115.66497839883638, 36.16263384412798], [-115.66533266092635, 36.1624340724417], [-115.6654570729216, 36.162386949277916], [-115.66609140801047, 36.16224852275329], [-115.66646126487784, 36.16207160290276], [-115.66675390468, 36.161977831913894], [-115.66745887875713, 36.16190807748942], [-115.667915141484, 36.161806459960765], [-115.66810226966035, 36.16182145955646], [-115.66837553659909, 36.16193123603708], [-115.66855107791685, 36.16192667865484], [-115.66888721340494, 36.161739667226435], [-115.66909185334111, 36.16166113033897], [-115.66942423351267, 36.16134144701414], [-115.66958044361995, 36.16130118262309], [-115.66978783981587, 36.161297030401144], [-115.67001236458744, 36.161221923246025], [-115.67018734467707, 36.16113329246545], [-115.67031251537, 36.161040962631944], [-115.67041877149232, 36.16088693264717], [-115.67049409701102, 36.16067433881254], [-115.6706007565181, 36.160500947549075], [-115.67067774921404, 36.160427402158355], [-115.67082261757025, 36.16034495368198], [-115.67118642090838, 36.16017115202591], [-115.67153747333745, 36.15992607126382], [-115.67285312013053, 36.15863438698448], [-115.67326541610919, 36.15818311181153], [-115.67336841207953, 36.157983733588914], [-115.67345668749866, 36.157713152842604], [-115.67372617153151, 36.15721818563768], [-115.67428101234746, 36.15635132779597], [-115.6743659101571, 36.15628112952437], [-115.67489220303476, 36.156047686344074], [-115.67522392470947, 36.15576036996982], [-115.67619820224621, 36.15472677430609], [-115.67634263831118, 36.1544341307664], [-115.67645262491092, 36.154296316682355], [-115.67675644935838, 36.15401188831781], [-115.67758773337134, 36.15353608036218], [-115.67779342935069, 36.153392867484804], [-115.67800801556456, 36.1531979693539], [-115.67849381667402, 36.15287680694592], [-115.67859935199215, 36.1527647706916], [-115.67882418065793, 36.15243746366925], [-115.6790341768522, 36.15191919235258], [-115.67912160835193, 36.15145780427297], [-115.67919913786645, 36.1513551678967], [-115.67962128768161, 36.15113999066382], [-115.67991190584371, 36.151049419273434], [-115.6803457749918, 36.150853734178305], [-115.68062388025619, 36.15067250302512], [-115.68133701630818, 36.15010479418344], [-115.68162725800397, 36.1499139852414], [-115.68243760575223, 36.14961575198872], [-115.68338101278098, 36.14934480171663], [-115.68384551810077, 36.149220586632296], [-115.68470349309686, 36.149052171031094], [-115.6855952572618, 36.14876772748371], [-115.68585516427771, 36.14872206077486], [-115.68596686259134, 36.14871683129564], [-115.68627668585792, 36.14878816565679], [-115.68776654634159, 36.148979080064876], [-115.68796784221168, 36.149097686841316], [-115.68800215847861, 36.14919503702951], [-115.68797395914733, 36.14945016772395], [-115.68804400670034, 36.14955116397806], [-115.68809563599766, 36.14956470233493], [-115.6884463619674, 36.149452131678174], [-115.68874466242832, 36.14925493972862], [-115.68915822974559, 36.1490783733585], [-115.68988853040553, 36.14867251888635], [-115.69005320028778, 36.14859991937238], [-115.69015319964947, 36.14858163926319], [-115.69076231220018, 36.1486335537752], [-115.69124549947351, 36.14870672504316], [-115.69143313889035, 36.14868940136389], [-115.69154446111644, 36.148706790581606], [-115.69191145129096, 36.14893389275345], [-115.69203871352435, 36.14895465595061], [-115.69217124962157, 36.14889467386696], [-115.69231321312515, 36.14874747676939], [-115.6924493862123, 36.148710163296194], [-115.69328478151591, 36.148942417146216], [-115.69374643054289, 36.148989462160294], [-115.69452207572243, 36.14897528003539], [-115.69489736770777, 36.14894382352617], [-115.6957341636473, 36.14884945451454], [-115.69611794756122, 36.14878574036264], [-115.69619816580379, 36.14875427608248], [-115.69635193089347, 36.14861691069383], [-115.69665197000543, 36.14807375819398], [-115.69701571050997, 36.1476541083408], [-115.6972930823111, 36.147514885720646], [-115.69767803319105, 36.14738004196685], [-115.69835623379443, 36.14698967979267], [-115.69876892554996, 36.14686485178381], [-115.69920693929926, 36.14665296819748], [-115.69933680028662, 36.14651534986745], [-115.69948520594443, 36.14609985390218], [-115.69956727458596, 36.145955260511805], [-115.69968569992442, 36.14578516096827], [-115.6998069488537, 36.145682994157724], [-115.70080322384878, 36.145344641467126], [-115.70176419048111, 36.14496705289652], [-115.70240564650035, 36.144747652974026], [-115.7028921202257, 36.1446203461984], [-115.7031717829724, 36.144584564433025], [-115.70411880505968, 36.14432646186061], [-115.70437474387786, 36.14428072019384], [-115.70504422773911, 36.14405194571953], [-115.70535824604006, 36.14398419261478], [-115.70586978710237, 36.14390891819691], [-115.70734875930837, 36.14378580133936], [-115.70827364149919, 36.143908969185645], [-115.70849665171042, 36.14392109228813], [-115.70972636715958, 36.14368536602516], [-115.7101932784682, 36.14365479325008], [-115.7123866739418, 36.14360404104908], [-115.71274895351748, 36.14363381581249], [-115.71328563553324, 36.14372364698742], [-115.71449419945161, 36.14405349124086], [-115.71503956838725, 36.144098142613], [-115.71621770209543, 36.14409134514566], [-115.71666264608811, 36.14406382062553], [-115.71702229855244, 36.14400944437433], [-115.71772413404062, 36.1437518078056], [-115.71792410630677, 36.14371193860551], [-115.71836514036406, 36.14367785608724], [-115.71912689223737, 36.14365692016564], [-115.71943762264377, 36.14367315231535], [-115.72055780122398, 36.14379827718026], [-115.7208076068333, 36.143878546340204], [-115.7212706794705, 36.14421006872438], [-115.72152048488574, 36.14429033639006], [-115.72167448896873, 36.14438249964488], [-115.72182185111936, 36.14463625840358], [-115.72190578268764, 36.144869958907115], [-115.72224402730696, 36.145523479220444], [-115.7223298238495, 36.14576365397753], [-115.7223609394648, 36.14580930392072], [-115.72250333469346, 36.14587870547821], [-115.72263095555759, 36.14587681309779], [-115.7228594007563, 36.145801646349476], [-115.72384956273544, 36.1457087597217], [-115.72550210186101, 36.14533554099771], [-115.72587472168223, 36.14521944222889], [-115.72597048892074, 36.14521400512939], [-115.7262808994448, 36.145246388336815], [-115.72681318224674, 36.14536520401944], [-115.72803773275878, 36.145691817939735], [-115.72820367380676, 36.14578735354499], [-115.72825748102836, 36.14591079104155], [-115.72824769887377, 36.14602388913152], [-115.72811184599664, 36.1462907980007], [-115.72808772953817, 36.14692108083192], [-115.72811379942638, 36.14703450598947], [-115.72814429442857, 36.14711888587177], [-115.72849446863844, 36.14757862745709], [-115.72982888706618, 36.14688188513001], [-115.73135000773836, 36.145962143427155], [-115.73171666660365, 36.14578936816496], [-115.73424501356445, 36.144793913427606], [-115.7368125336479, 36.14374582808643], [-115.73743013525832, 36.14351004958255], [-115.73907975125661, 36.14297833456092], [-115.74407210740188, 36.14110803637077], [-115.74600933730405, 36.14047478733052], [-115.7480348478022, 36.13977054955346], [-115.74967639824068, 36.139216891616606], [-115.75099220543264, 36.138691251006996], [-115.75636236237347, 36.13673113128484], [-115.75850130384978, 36.13600069132692], [-115.75913816367809, 36.135713870621686], [-115.75971819414264, 36.13551121541528], [-115.76002887433316, 36.13538042650213], [-115.76073731748319, 36.134664660107035], [-115.76193158524191, 36.13322701317339], [-115.76229790301512, 36.13296014863625], [-115.76317887647303, 36.13258833520173], [-115.76448377972498, 36.13209447395076], [-115.76572645730862, 36.13159228497596], [-115.76637868481978, 36.1312549518178], [-115.76697901267659, 36.13088826533408], [-115.7691150710398, 36.129043518481666], [-115.76964289561062, 36.12871056490513], [-115.772283281109, 36.1278601316592], [-115.77527716947242, 36.12697793424292], [-115.77760952445166, 36.12645736074846], [-115.77883534813509, 36.126139742650984], [-115.7800936479241, 36.125742484392205], [-115.78116002466564, 36.12527826211692], [-115.78189008937477, 36.12502900473571], [-115.78221121442785, 36.12496120416163], [-115.78267238540123, 36.124943621137234], [-115.7830300504409, 36.124980863069155], [-115.78335150492747, 36.12504339098113], [-115.7840510665124, 36.125029608056096], [-115.78524794307106, 36.12494771596764], [-115.78694252294466, 36.124949052337946], [-115.78865089488664, 36.12490370225227], [-115.7908710972092, 36.12474321910036], [-115.79376652586592, 36.12459671649116], [-115.79616540312001, 36.124424309794385], [-115.79926467308927, 36.12454909459617], [-115.79991758728497, 36.124535303095946], [-115.80149156099696, 36.124027938960225], [-115.80370362488412, 36.12377584069246], [-115.8054963057098, 36.12365901491374], [-115.80773978574545, 36.12352870677232], [-115.81344972200978, 36.12327823343892], [-115.81474297624835, 36.123172074359125], [-115.81574459984189, 36.12301314094919], [-115.81713276106723, 36.122800227964206], [-115.8194925309683, 36.12299048269506], [-115.8209022899704, 36.123050357491955], [-115.82161668326225, 36.123033273097754], [-115.82512937062644, 36.122509265227244], [-115.82673907017637, 36.1224111225543], [-115.82804989160645, 36.122336980510546], [-115.82928801701945, 36.122216726639685], [-115.829948019334, 36.12219011436803], [-115.83005220030932, 36.122185913393025], [-115.8304851714319, 36.12225210039955], [-115.83264089136348, 36.12258786282525], [-115.8351902389676, 36.12275485399357], [-115.83736851034693, 36.12275902614046], [-115.83871361670792, 36.122582904281664], [-115.84183840114528, 36.12208519587605], [-115.84531500619553, 36.12193049585419], [-115.84691928467183, 36.12236147586274], [-115.84873855029419, 36.122642580839226], [-115.84906174483125, 36.12260370863534], [-115.84932584188896, 36.122448102999776], [-115.84939955811632, 36.12249319099882], [-115.84961364137311, 36.122623714252164], [-115.8498290805502, 36.12275650358213], [-115.8500459426381, 36.12288705231951], [-115.85026485613956, 36.12301987458172], [-115.85040255403761, 36.12310233248483], [-115.8505723744583, 36.12320402627466], [-115.85057025818077, 36.12311291382505], [-115.85056464308236, 36.12287118981831], [-115.85056234222613, 36.12277215532623], [-115.85050916934682, 36.120483034531574], [-115.85042478062391, 36.11684978770887], [-115.85043242487357, 36.11323345643994], [-115.85044006837401, 36.109617123891844], [-115.85044771223009, 36.10600078825964], [-115.8504553575586, 36.10238445134355], [-115.85046260832509, 36.09869901178755], [-115.85046985840427, 36.0950135699671], [-115.85047711001732, 36.091328125877425], [-115.85048436205376, 36.08764267952103], [-115.85046350531731, 36.08398613271704], [-115.8504426504822, 36.08032958276895], [-115.85042179977458, 36.07667303147452], [-115.8504009509702, 36.073016477937486], [-115.85040256765161, 36.06927331204816], [-115.85040418531776, 36.06553014472056], [-115.85040580396243, 36.061786974152255], [-115.85040742359175, 36.05804380214586], [-115.85040898124133, 36.05444461716576], [-115.85041054090824, 36.05084543002052], [-115.85041210148543, 36.04724624161401], [-115.85041366185699, 36.04364705014618], [-115.8504152345011, 36.04002164444931], [-115.85041680917536, 36.03639623655602], [-115.85041838476991, 36.032770826468926], [-115.85041996017208, 36.02914541328925], [-115.85042153593189, 36.02552246121684], [-115.8504231126076, 36.02189950605255], [-115.85042469131464, 36.01827654959661], [-115.85042626982795, 36.01465359005139], [-115.85042786007563, 36.011005881668815], [-115.85042945125461, 36.00735817106597], [-115.85043104336174, 36.00371045734161], [-115.85043263640308, 36.000062742298525], [-115.85043426183228, 35.99634342939267], [-115.85043588822937, 35.992624114178895], [-115.85043751559131, 35.988904795756], [-115.85043914392107, 35.98518547502542], [-115.85086987183595, 35.98178688562166], [-115.85093019829512, 35.98131086298248], [-115.85130056484748, 35.97838829199763], [-115.85130236664773, 35.9778610772923], [-115.85131421647066, 35.97439468016232], [-115.8513278620263, 35.970402902584915], [-115.8513365473167, 35.967862345613796], [-115.8498907818243, 35.96673681637192], [-115.84680154281033, 35.964331676857995], [-115.84521159646201, 35.963093728321034], [-115.84222779571677, 35.96077034891609], [-115.8405343912973, 35.95945166009688], [-115.8376993411167, 35.95724379768837], [-115.83592468817307, 35.95586164607062], [-115.83308741080216, 35.9536517370308], [-115.83169417650392, 35.95256696714154], [-115.8283963092756, 35.94999906784571], [-115.8271810643706, 35.94905274621452], [-115.82376762849817, 35.94639448866813], [-115.8227542371912, 35.94560524325695], [-115.81917024646235, 35.942813778059836], [-115.81811444047916, 35.941991383771146], [-115.8150947848355, 35.9396392456553], [-115.81341671037342, 35.93833202778227], [-115.81054064080726, 35.936091418925706], [-115.80854961165177, 35.93454018718692], [-115.80598777559341, 35.932544094756956], [-115.80376865999303, 35.93081491275159], [-115.8016100404488, 35.92913275754718], [-115.79910788355855, 35.92718275394529], [-115.79758622570166, 35.925996527879505], [-115.79471503882765, 35.92375809026199], [-115.79309459488648, 35.92249467105386], [-115.79024368948896, 35.92027174102924], [-115.78862448251938, 35.91900911466646], [-115.78507368759544, 35.91624005438773], [-115.7841885071871, 35.91554970608381], [-115.78020329585404, 35.91244142748493], [-115.77941865200627, 35.9118283060185], [-115.77578157085215, 35.90896494765374], [-115.77539723730672, 35.9086623561941], [-115.7711725884431, 35.90533598563659], [-115.77064147876459, 35.904917773813594], [-115.76604184319228, 35.90129560147042], [-115.76585666010534, 35.90114976183587], [-115.76134433340911, 35.89759582884272], [-115.76080059755564, 35.897167546114254], [-115.75821053947968, 35.89515269363645], [-115.75668570405493, 35.8939664225573], [-115.75616130775182, 35.89355844641858], [-115.7524352141876, 35.890659390819096], [-115.75154735597879, 35.88996855226873], [-115.7478323722421, 35.88707773393008], [-115.74752376578576, 35.886837576844904], [-115.74688410104831, 35.886339785007664], [-115.74332574284037, 35.88357045765604], [-115.74206235765357, 35.88258577248486], [-115.74108268208896, 35.88182187437926], [-115.73890659516503, 35.88012499799065], [-115.73731306383878, 35.87888231712269], [-115.73464849757136, 35.876804277676065], [-115.7344585507463, 35.87665613522717], [-115.7326508604211, 35.87524625103046], [-115.72993441780967, 35.873127452714606], [-115.7282151255124, 35.87178632932534], [-115.72800674359142, 35.87162377817705], [-115.72546028174752, 35.8696372868852], [-115.72337778690415, 35.86801471303921], [-115.72177948513557, 35.86676996644788], [-115.71534171333847, 35.86175566179828], [-115.71397253208863, 35.8606890961123], [-115.70907678675641, 35.85687504118621], [-115.70890475237476, 35.856741007236124], [-115.70749076214497, 35.85558514783383], [-115.70465974426341, 35.853372458184445], [-115.70250642729917, 35.85168824232344], [-115.6999038216834, 35.84965916159954], [-115.69842487433309, 35.84850605197992], [-115.69522653645699, 35.84601218607251], [-115.69393742416213, 35.845006946501755], [-115.68944512664024, 35.84150358413828], [-115.68589786736132, 35.83870501131074], [-115.6812266606899, 35.83504976514703], [-115.68049190857917, 35.834474771035524], [-115.6765017953254, 35.83135200316284], [-115.67594480090277, 35.830916053593306], [-115.6714738974465, 35.8274164975962], [-115.66721045214896, 35.82408350978609], [-115.66427854557904, 35.82178194051777], [-115.66270595586766, 35.82055071934775], [-115.6582551094757, 35.817065715908], [-115.65797562377423, 35.81684686410137], [-115.65785878765466, 35.81675537461542], [-115.65383882670976, 35.81360731062886], [-115.65333121615252, 35.8132099190886], [-115.64947785007021, 35.81019304260706], [-115.64847578654425, 35.80940845046129], [-115.64566070728785, 35.807204233617405], [-115.64348399383012, 35.8054997318801], [-115.64110913413788, 35.80363994002715], [-115.63998820384079, 35.80276207471621], [-115.63681375660347, 35.8002758165627], [-115.62937596595543, 35.794449969994275], [-115.62361202253898, 35.78993418419345], [-115.62130373206989, 35.788125522202265], [-115.61909796800177, 35.78639707677954], [-115.61585207114274, 35.78385320442612], [-115.61461831229006, 35.7828862174537], [-115.61132018656407, 35.78030105900039], [-115.60599339861453, 35.77612344092394], [-115.6013463004461, 35.772478328302725], [-115.59659937370228, 35.76875628067823], [-115.5965211737482, 35.76869495992153], [-115.59651494182627, 35.768690072535684], [-115.59643866997891, 35.7686302639935], [-115.59168500142714, 35.76490237369769], [-115.59152539821184, 35.76477720207438], [-115.58279390561506, 35.75790007546234], [-115.58272816190966, 35.75784852273871], [-115.5822380703169, 35.757464207097684], [-115.57987244102432, 35.75560907460157], [-115.5736147866491, 35.75070116181599], [-115.57345927672999, 35.75057918321658], [-115.5733967469569, 35.75053013588653], [-115.57295106810047, 35.750180549320504], [-115.56918200811259, 35.747219945793574], [-115.56830922017906, 35.74653432072569], [-115.56704977510145, 35.7455449226124], [-115.56467054390582, 35.74367573632648], [-115.56368085383518, 35.742898390510206], [-115.56064304026789, 35.74051221521034], [-115.56014945945651, 35.74012449082009], [-115.55902203232908, 35.739238837609285], [-115.55566955435087, 35.736605110125076], [-115.55440624422343, 35.73561257654832], [-115.55423827547044, 35.73548040783554], [-115.55116358240787, 35.73306092300857], [-115.54978249025265, 35.73197406302945], [-115.54783987386658, 35.73044523149674], [-115.54666265604644, 35.72951872186053], [-115.54515063122382, 35.72832973634305], [-115.54221953301952, 35.72602469954232], [-115.54144036200326, 35.725411919788634], [-115.54053168841473, 35.72469727431311], [-115.53774796033302, 35.72250782933966], [-115.53589226196186, 35.721048192060685], [-115.53504062291535, 35.72037823125687], [-115.53337050483849, 35.719064346502755], [-115.53125836478425, 35.717402626883995], [-115.52891307982517, 35.715557357185574], [-115.52825036273225, 35.71503636767879], [-115.51824724113226, 35.7071597744277], [-115.50532816726115, 35.69698358572438], [-115.5001098380904, 35.692872044064835], [-115.48757668164006, 35.682994464444164], [-115.48171083355528, 35.678370207803695], [-115.46969842130736, 35.66889783066883], [-115.46674323543719, 35.66656699338906], [-115.46365291064251, 35.66412508412647], [-115.45191831744205, 35.654850575644645], [-115.44513622357137, 35.64948880124521], [-115.43387663100066, 35.64058478342963], [-115.42603861856493, 35.63438473792587], [-115.42567374438023, 35.63438426092789], [-115.42082671782802, 35.630552199774584], [-115.4199235302912, 35.629838077825084], [-115.41547338670746, 35.62631920270238], [-115.4116533814871, 35.623295123501194], [-115.41111362837216, 35.62286780331051], [-115.40707892855741, 35.619673330866206], [-115.40242100347724, 35.61599251992978], [-115.39784947440023, 35.61237947749637], [-115.39779321116234, 35.6123350600666], [-115.39417553104445, 35.60947885946639], [-115.39319659679703, 35.60870592576668], [-115.39298217429943, 35.608536622422136], [-115.39291658058629, 35.60848481014987], [-115.39172367618377, 35.60754252879632], [-115.39146322194516, 35.607336789598385], [-115.39111812529931, 35.60706418738186], [-115.39086061781335, 35.60686077262754], [-115.3886752150929, 35.60513438307741], [-115.38814328342797, 35.604714159307306], [-115.38419911021481, 35.6015989994642], [-115.38322238712624, 35.600827513716396], [-115.37979223136989, 35.59811794909618], [-115.37863022656816, 35.597200408746566], [-115.37525289409898, 35.59453341819041], [-115.37402419551104, 35.59356307981614], [-115.37126589111286, 35.59138463703605], [-115.37092972427895, 35.591119128471334], [-115.37096612034873, 35.59308654906219], [-115.37075859247491, 35.59479953742403], [-115.37048455766039, 35.59607025135024], [-115.36997125037729, 35.598252486704176], [-115.36935508195815, 35.60093196046977], [-115.3677453551137, 35.60816938042895], [-115.36620459112854, 35.6148265658718], [-115.36609324167699, 35.615362096609985], [-115.3650730068868, 35.620268542644794], [-115.36401115240872, 35.62490922874965], [-115.36356563015045, 35.62692574156418], [-115.36315544640948, 35.62838962517859], [-115.3630487020513, 35.62892235515797], [-115.36552943413012, 35.62803282076299], [-115.37141224925927, 35.62586824531309], [-115.3738439362024, 35.62498922232423], [-115.37714940845285, 35.62380172670178], [-115.37834689229024, 35.62354616151627], [-115.37909881681198, 35.62338790171911], [-115.37972280806314, 35.62329691722014], [-115.38227813177144, 35.62323371257841], [-115.38611025316456, 35.62309469854653], [-115.38632314364101, 35.623086972312194], [-115.38670887869849, 35.62307297218793], [-115.38643615882624, 35.62469715752975], [-115.38513774029558, 35.63232927456523], [-115.38419003272806, 35.63792184618591], [-115.3836773865848, 35.640936375749526], [-115.38283697966943, 35.64587773540398], [-115.38225535362886, 35.64932053369074], [-115.38204130451251, 35.65055500917804], [-115.38170247299554, 35.652567630076355], [-115.38092319171257, 35.65714368792072], [-115.38043256337475, 35.660071567224016], [-115.37975630306879, 35.66405173354098], [-115.378841180604, 35.6694325976033], [-115.37780881485287, 35.675501953838925], [-115.37702168234763, 35.68013420397928], [-115.37681513884482, 35.681364256135666], [-115.37668417512609, 35.6821017405419], [-115.376586539416, 35.68259175498017], [-115.37641893283451, 35.68333099948004], [-115.37622789337503, 35.68406767319751], [-115.37608670827522, 35.68455935358265], [-115.37601061395063, 35.68480399216138], [-115.37585082955998, 35.68529316771773], [-115.37568349333469, 35.68577998643341], [-115.37533997612586, 35.686746742930225], [-115.37500689735798, 35.68770913208293], [-115.37280750388042, 35.6939472614368], [-115.37149871796545, 35.697659723700355], [-115.37068102591388, 35.69997897821957], [-115.3700089638883, 35.70187659606583], [-115.36960173428015, 35.703047565667156], [-115.36894039066512, 35.704925036467216], [-115.36810628624158, 35.70727796671859], [-115.36776920529168, 35.7082244998358], [-115.36768831848565, 35.70846455901155], [-115.36752248983653, 35.7089401152968], [-115.36744026601868, 35.709177903140024], [-115.36701868496075, 35.71037120409461], [-115.3657727411343, 35.71390627681314], [-115.36471667735275, 35.716900749022685], [-115.36366103536756, 35.71990423105823], [-115.36163227166297, 35.72564858879695], [-115.36157728802758, 35.7258055518038], [-115.3611317451892, 35.727077438201725], [-115.36054649284632, 35.7287282547153], [-115.35922587242501, 35.732471827175864], [-115.35873322538448, 35.733882740605786], [-115.35823157883974, 35.73529352845988], [-115.3572465640674, 35.73809731575245], [-115.35609081584289, 35.74137090469618], [-115.35599538009055, 35.74164120469318], [-115.35581687767413, 35.74212107521173], [-115.35572214344768, 35.742358682134345], [-115.35552438365572, 35.74283378087538], [-115.35521129547693, 35.74353944221543], [-115.35499100529093, 35.74400070914521], [-115.35476039597759, 35.74445958094261], [-115.35452365635048, 35.744913860788635], [-115.35440224647756, 35.74513757813213], [-115.35415122617759, 35.74558039265442], [-115.35376041105718, 35.74623314877187], [-115.3534923870129, 35.74666220617437], [-115.35321625405334, 35.747082137390684], [-115.35292556030365, 35.74750412129161], [-115.35245807283256, 35.74815356950226], [-115.35083236501613, 35.75036703983614], [-115.34791749649548, 35.75434374099022], [-115.3433884688943, 35.760521673767926], [-115.34277605534115, 35.76135164001645], [-115.34261892953758, 35.76156132931745], [-115.34215860451401, 35.7621905478926], [-115.34200493120787, 35.76240028383968], [-115.33981801409675, 35.76537664373927], [-115.33565699981482, 35.77104595220279], [-115.33378833263384, 35.773591619553144], [-115.33271288409253, 35.775064197769325], [-115.33193300747322, 35.77612166487162], [-115.33128253920451, 35.777007383439354], [-115.32959080031122, 35.77931202998642], [-115.32846839169764, 35.78084025785974], [-115.32835942048577, 35.78099199877258], [-115.32678768913665, 35.78313825261], [-115.32591997850352, 35.78432066614452], [-115.32433843554328, 35.78646674924128], [-115.32083872489463, 35.79123194238066], [-115.32029535751765, 35.79197301499558], [-115.31830324583078, 35.79468981874158], [-115.31798217440914, 35.79512480782755], [-115.3178261542711, 35.79534123939745], [-115.31766188557269, 35.79555530000181], [-115.31718976571, 35.79620002655236], [-115.31687716777891, 35.796626116943045], [-115.31672395595595, 35.79684033140861], [-115.3165680237559, 35.79705225470803], [-115.3126551607841, 35.80237258559392], [-115.31105548388402, 35.80455653719439], [-115.31008915514134, 35.80586590467921], [-115.30712332410278, 35.80990446260159], [-115.3062606896645, 35.81107901579286], [-115.30275587060295, 35.81585032485788], [-115.30199858089901, 35.81688085544093], [-115.3012506463337, 35.81789348328938], [-115.30035862215261, 35.81910915807609], [-115.29932461662123, 35.82052565329086], [-115.29857947502485, 35.82153379426407], [-115.29798314251448, 35.822343456498054], [-115.29783076036088, 35.8225463880958], [-115.29751631030652, 35.82295211318379], [-115.2971915309386, 35.823355437775774], [-115.29685642323719, 35.82375636179062], [-115.29651103281694, 35.82415263098233], [-115.296156697212, 35.82454651805006], [-115.29578921599752, 35.82494021846169], [-115.2954100225697, 35.82533149658477], [-115.29501916256146, 35.82571810175565], [-115.29462143198447, 35.82610235372995], [-115.29421697371443, 35.82647749358628], [-115.29380712317634, 35.8268457949669], [-115.29235684458449, 35.82811207420255], [-115.29153551257953, 35.82882610152665], [-115.29091792430933, 35.82936272124528], [-115.28844867658103, 35.831518200109855], [-115.28783173840182, 35.83205481334246], [-115.28742063900164, 35.83241405882146], [-115.28735365740924, 35.83247241193256], [-115.28314679504417, 35.83613707357765], [-115.28224531300032, 35.83692150127245], [-115.27943398858118, 35.83936763923482], [-115.27860180510393, 35.84009268586517], [-115.27777242226173, 35.84081551372087], [-115.27262230365439, 35.84530310546031], [-115.27244950933346, 35.845453600165285], [-115.26746458578133, 35.849794863831974], [-115.26261329676726, 35.854013615758966], [-115.25947928435029, 35.856747071504394], [-115.25846126785996, 35.85762929221341], [-115.25745573231325, 35.85850943243165], [-115.2543949058478, 35.86117169205637], [-115.25382423264347, 35.8616683278376], [-115.252469238224, 35.86284749194447], [-115.25143055414487, 35.863749633459626], [-115.24775456134859, 35.86695040838645], [-115.24642308261441, 35.868129945250054], [-115.24435920453566, 35.86993655960836], [-115.24416379070193, 35.870102730461014], [-115.24150300969323, 35.87241440807631], [-115.24053388208097, 35.87325887273571], [-115.2399494191546, 35.873768658689706], [-115.23956112344959, 35.874110036684016], [-115.23878541375402, 35.87478378698794], [-115.23536689559435, 35.87775355554418], [-115.23184640672315, 35.88081412176102], [-115.23142690279253, 35.88118214403644], [-115.23131330673863, 35.88128180004872], [-115.23078311985006, 35.88174275689216], [-115.23025356800639, 35.88220597556435], [-115.2268462369713, 35.88514184801777], [-115.22629339801983, 35.88562273423822], [-115.22537265971559, 35.88642496488073], [-115.22527025102575, 35.88651648679734], [-115.22483433724705, 35.886906057848655], [-115.22430757360502, 35.88739633415733], [-115.22379083308822, 35.887902531347464], [-115.22328193873253, 35.88842912625945], [-115.22294916110162, 35.88878929862574], [-115.22262251037642, 35.889154068124355], [-115.22230336884465, 35.889523455183586], [-115.22199312103311, 35.889897481153334], [-115.22169048498594, 35.8902716184421], [-115.22139684419268, 35.890645888402204], [-115.22111486640078, 35.89102483736595], [-115.22084257636045, 35.89140392934526], [-115.22005086294833, 35.89253030554416], [-115.21729652998394, 35.89644690751404], [-115.21706108044994, 35.89677496648615], [-115.21663824836612, 35.896776277430945], [-115.21628361182678, 35.8967773753102], [-115.21614923688624, 35.8967777910693], [-115.21586898611544, 35.89677865815255], [-115.21573769631907, 35.89677906396284], [-115.21534315118697, 35.89678028296866], [-115.21494010390546, 35.89678152687571], [-115.21363206462092, 35.89678555357744], [-115.21284485424442, 35.89678796963768], [-115.21251360497745, 35.896788985217384], [-115.21208791816092, 35.89679028845141], [-115.21139514311524, 35.8967924064336], [-115.20692129896409, 35.896805988041734], [-115.2064977557061, 35.896806558914456], [-115.20258227648804, 35.89681176626288], [-115.19824325594125, 35.89681738681527], [-115.19390423513303, 35.89682285149454], [-115.18956521742889, 35.89682815850879], [-115.18956511551255, 35.89682815907594], [-115.1851903634302, 35.89683335128867], [-115.1808155092956, 35.896838383792456], [-115.17644065726586, 35.89684325783016], [-115.17207528317353, 35.89684796168607], [-115.17206759392853, 35.897016778312356], [-115.17201180800161, 35.89824270898144], [-115.17191263388166, 35.90042199157144], [-115.17183128054721, 35.902209734697855], [-115.16954153796839, 35.904038710299034], [-115.16733313871498, 35.90407990181353], [-115.16291633346268, 35.90416216295299], [-115.16250987805536, 35.911462968056746], [-115.15406870983036, 35.91914194341111], [-115.13659384683335, 35.91870000845402], [-115.13223696218506, 35.918682880157554], [-115.13216344655521, 35.916836574129086], [-115.12603081026023, 35.91681563944343], [-115.1191351940576, 35.91679172629611], [-115.11916633111788, 35.91863054674591], [-115.11049150697016, 35.91846166032921], [-115.11055566151069, 35.92574822861393], [-115.1105172546404, 35.9257471832478], [-115.10181963667608, 35.92551004703136], [-115.10053402628371, 35.924397394027125], [-115.10053919686408, 35.92372467906856], [-115.10055314585506, 35.92191009006843], [-115.09513056760825, 35.921948382177256], [-115.09289655888782, 35.92287210662746], [-115.09150850938622, 35.92288269653553], [-115.09080004182775, 35.92288809612134], [-115.08683347262141, 35.92291824760537], [-115.08623522897653, 35.92450619043759], [-115.08520148761228, 35.92511445051265], [-115.08399026760624, 35.92508920037846], [-115.08283893140485, 35.92506518815591], [-115.08283938610279, 35.92567270525963], [-115.08283410718205, 35.9257739443439], [-115.08275194373243, 35.92734969704853], [-115.08271842406732, 35.927992531243035], [-115.08176134927496, 35.92861079881674], [-115.07980374515603, 35.928296016064586], [-115.07936160682661, 35.928140367922126], [-115.07804854817512, 35.92767811267466], [-115.07755891246282, 35.92758075841239], [-115.07715397947925, 35.92760004361567], [-115.07710053225071, 35.92867994754875], [-115.07803821271744, 35.92925042939771], [-115.07821008809564, 35.9293440151728], [-115.07873930505335, 35.92963216852714], [-115.07927237443764, 35.9298452852113], [-115.08048018785325, 35.93032814660304], [-115.08154650318583, 35.93032227737825], [-115.08254343606343, 35.93135568150668], [-115.08253424627972, 35.93153461627859], [-115.08249501582411, 35.93229841437356], [-115.08134501977034, 35.93297313311598], [-115.079117111972, 35.932955741035194], [-115.07909218277385, 35.933448238248275], [-115.07907086740329, 35.93386934598397], [-115.08000082390421, 35.934466768168804], [-115.0812692951916, 35.934530175712155], [-115.08155232316582, 35.934579676318556], [-115.08240089447888, 35.93472808276932], [-115.08342859402002, 35.935499216098414], [-115.08344100256018, 35.93550852525985], [-115.08637843268438, 35.93675995510421], [-115.08694483750881, 35.937001246524595], [-115.08723675646895, 35.93712561096392], [-115.08330730631506, 35.93760396304578], [-115.08170347127137, 35.93779911012448], [-115.08160889526155, 35.93781061683042], [-115.07885436742252, 35.93814593895067], [-115.07883961915401, 35.938437332165805], [-115.07932175046669, 35.9383771545204], [-115.07950425426455, 35.93835417442873], [-115.07996522524735, 35.9382961307426], [-115.08021741059662, 35.9382643753434], [-115.08053286745115, 35.938224652674144], [-115.08066218052501, 35.9382083692649], [-115.08092046901291, 35.93839287510911], [-115.08099678943101, 35.93844739644274], [-115.08124045127693, 35.938621452646004], [-115.08147068969359, 35.93878591894619], [-115.0817073351508, 35.938954962355034], [-115.08183188010959, 35.93904392771145], [-115.08186470728921, 35.939067377557095], [-115.0820406146417, 35.939094671562486], [-115.08225368494837, 35.939127732080344], [-115.0824667543286, 35.93916079221661], [-115.08265765137318, 35.9391898333364], [-115.08289289474865, 35.93922691046153], [-115.08310596466877, 35.93925997036818], [-115.0832109329324, 35.939276255703255], [-115.08331903478212, 35.93929302809518], [-115.08353210507167, 35.939326086346576], [-115.08374517554304, 35.93935914422095], [-115.08395824619625, 35.93939220171834], [-115.08417131814531, 35.93942525794207], [-115.08433777882354, 35.93945108340995], [-115.08450424182942, 35.93947690865695], [-115.08468862495238, 35.9395055138862], [-115.08487460710519, 35.93953436702706], [-115.08509684159003, 35.93952324889111], [-115.08558671135624, 35.93949874625183], [-115.08599603150739, 35.93961652776543], [-115.08611777649153, 35.9397247004913], [-115.08643435826528, 35.939529109408866], [-115.0866459174205, 35.93948691528425], [-115.08715158934227, 35.93941949568074], [-115.08782343824281, 35.939697887247405], [-115.08805698908687, 35.93965904961031], [-115.08830032548683, 35.93961858352567], [-115.08844625064931, 35.9394941177127], [-115.08863261182246, 35.93925961906289], [-115.089121905251, 35.93922045041219], [-115.08941562836455, 35.939433105135244], [-115.08946860885564, 35.9395053577275], [-115.08956934537197, 35.93964273532265], [-115.09010458620143, 35.93935132724724], [-115.0906957899407, 35.9392947598441], [-115.09084248979016, 35.93928072253093], [-115.09138921829255, 35.93922840733968], [-115.09204665076827, 35.9391654961795], [-115.09223753974051, 35.93913533127488], [-115.09254207360392, 35.93908720593142], [-115.09273214113371, 35.939084446106804], [-115.09280303261015, 35.93908053205329], [-115.09320467582867, 35.93905835612546], [-115.0932049194515, 35.93917507392048], [-115.09320494923742, 35.93918927798848], [-115.09320543432804, 35.93942252338338], [-115.09320557928265, 35.93949203308691], [-115.0932057200911, 35.93956006009677], [-115.09320586595834, 35.93962960134873], [-115.09320600808013, 35.939697595013456], [-115.09320615263222, 35.93976716960743], [-115.09320629384516, 35.93983513081926], [-115.09320643929874, 35.939904738764284], [-115.09320658071664, 35.93997266662646], [-115.09320672596895, 35.94004230701667], [-115.0932068675919, 35.94011020152921], [-115.0932070115235, 35.94017987616271], [-115.09320715335143, 35.9402477373256], [-115.09320729819568, 35.940317443507524], [-115.09320744021747, 35.940385273123354], [-115.09320766860404, 35.94049530121403], [-115.09320769591302, 35.94050793155949], [-115.09320789809773, 35.94060532930719], [-115.09320809862804, 35.940701738295694], [-115.09320814240326, 35.94072283122581], [-115.09320861141791, 35.94094790420416], [-115.09320852849588, 35.9409733608199], [-115.09320262744467, 35.941051821188445], [-115.09325063600203, 35.9410644527556], [-115.09350034592289, 35.941140051050134], [-115.09374296408186, 35.94122963005841], [-115.09397730731541, 35.94133275326622], [-115.094202234963, 35.94144891854351], [-115.09441664996784, 35.94157755904905], [-115.09461950771434, 35.94171804777161], [-115.09480982154113, 35.94186970205764], [-115.09493808477382, 35.94198725892596], [-115.09498666385421, 35.942031782713066], [-115.09514917274389, 35.94220349943659], [-115.09529655528252, 35.94238401533829], [-115.09542809525064, 35.942572452377625], [-115.0955431498135, 35.94276789134842], [-115.09564116055104, 35.94296938093581], [-115.0958004671947, 35.943374793927056], [-115.09590782714572, 35.943623644279725], [-115.0960902288788, 35.943997305118295], [-115.09623416236504, 35.944259564771095], [-115.09638926573948, 35.94451758106744], [-115.09655534927558, 35.94477103683137], [-115.09673220987098, 35.94501962564664], [-115.09691963331362, 35.945263043754125], [-115.09711739093405, 35.94550099364397], [-115.09732524291367, 35.945733186773104], [-115.09778494920836, 35.94622832639437], [-115.09760991426342, 35.94626925657127], [-115.09722845928792, 35.94649283278644], [-115.09700954265409, 35.94661023006549], [-115.09657181165888, 35.946827852744455], [-115.09625895263274, 35.94696012971], [-115.09598847585792, 35.94706777627403], [-115.0957462333103, 35.94716218294059], [-115.09566692234027, 35.94724696623016], [-115.09541705360485, 35.947277220313524], [-115.09460811375253, 35.94757536270573], [-115.09442699880908, 35.94764902920233], [-115.0942411915334, 35.94772267630291], [-115.09407177230237, 35.94780211330919], [-115.09395171569996, 35.94786648927231], [-115.09380573461434, 35.947949836755036], [-115.09365503655106, 35.94803698100917], [-115.09353488617049, 35.94811661824466], [-115.09343919116131, 35.9482595432208], [-115.09328729757804, 35.94831592723452], [-115.09318346415142, 35.94841280090377], [-115.09304658246045, 35.94854197263749], [-115.092952120756, 35.948640792480106], [-115.09286706762514, 35.94873583449846], [-115.09275124184727, 35.948874630608934], [-115.09264234815835, 35.949030625114645], [-115.09257365918411, 35.94913527340062], [-115.09250981176535, 35.949243524195914], [-115.09242661104032, 35.949390317416196], [-115.09234807580383, 35.94956932936063], [-115.09230517064186, 35.94967789824519], [-115.09227168501648, 35.9497807822617], [-115.09221906477568, 35.94994273086594], [-115.09220221559237, 35.95001134259386], [-115.09223429353987, 35.95017767566946], [-115.09215098405384, 35.95032782744915], [-115.09213620973964, 35.95044032757053], [-115.0921282261866, 35.95059291830052], [-115.09213391870327, 35.95081043127015], [-115.0921516020895, 35.950986020587365], [-115.09219247716776, 35.95120558561457], [-115.09224516732523, 35.95141184319084], [-115.09232523306665, 35.95174412816889], [-115.09239165944517, 35.95200576854038], [-115.09248302778806, 35.952112988427515], [-115.09243239405028, 35.952248225526596], [-115.09251453665115, 35.952624397833034], [-115.09262171065451, 35.95312658691433], [-115.09266948665254, 35.95336907347055], [-115.09271844294399, 35.95354622087931], [-115.09276132287133, 35.95369568279782], [-115.09281201139859, 35.95384660520564], [-115.09287200340135, 35.954010921377275], [-115.09299027697553, 35.95423652479069], [-115.09309002807399, 35.95442198872487], [-115.0932705632495, 35.95451686626169], [-115.0939700512905, 35.95423483642392], [-115.0943526432933, 35.954096581149074], [-115.09474093438084, 35.953969264643604], [-115.09513445370489, 35.953853042669195], [-115.09553272053951, 35.95374805653179], [-115.09573348303437, 35.953699817057874], [-115.09613795985668, 35.953611920641926], [-115.09654596338845, 35.95353555243716], [-115.09695699437565, 35.953470806826715], [-115.09716348986512, 35.953442818332206], [-115.09757812476678, 35.953395650129856], [-115.09799453165977, 35.953360274231976], [-115.0982032410487, 35.95334702318598], [-115.0986213546718, 35.953329413440166], [-115.09903996875737, 35.95332367735734], [-115.09945857352254, 35.95332982189092], [-115.09987666038636, 35.95334783868375], [-115.10008534978824, 35.95336129402916], [-115.10106287944056, 35.953413458405414], [-115.10429869676344, 35.953415636559285], [-115.10431732735641, 35.95340068950031], [-115.10433382810318, 35.95338745005361], [-115.10435861590504, 35.95337005163235], [-115.1043749774523, 35.95335856739801], [-115.10438525992195, 35.95335219823561], [-115.10440741046163, 35.953338476584726], [-115.10445258112216, 35.95331388761911], [-115.10446521074442, 35.953308005515225], [-115.10449975237086, 35.95329191954805], [-115.10453630420889, 35.95327722962494], [-115.10455091496547, 35.95327223510485], [-115.10458641600044, 35.953260098924034], [-115.10460201925194, 35.95325577984097], [-115.10463787497538, 35.95324585329652], [-115.1046852563319, 35.95323553196131], [-115.10470239102068, 35.95323277465307], [-115.10473858224574, 35.9532269513292], [-115.10475630322782, 35.953225132823924], [-115.10479251499156, 35.953221416854646], [-115.10483320347969, 35.95321928071231], [-115.10485154566197, 35.95321923035786], [-115.10488756378915, 35.953219130589936], [-115.10492826998569, 35.95322104322086], [-115.10494668755733, 35.953222830044986], [-115.10498224751778, 35.95322628052935], [-115.10500046039246, 35.95322910755543], [-115.10503564353613, 35.953234567369826], [-115.10509867089385, 35.95324849878253], [-115.1051244340535, 35.953255553327836], [-115.10516247033195, 35.953267495058235], [-115.10517878660886, 35.953273433072376], [-115.10519968662577, 35.95328103876305], [-115.1052156270915, 35.95328753229152], [-115.10522399155431, 35.95329093925798], [-115.10523904572594, 35.95329789613709], [-115.10526340788287, 35.95330915514309], [-115.10527125113771, 35.953312779051195], [-115.10527850532128, 35.95331629155252], [-115.10534527746324, 35.953348619296825], [-115.10536047969703, 35.95335547580241], [-115.10542718558332, 35.95338556345412], [-115.10546532482213, 35.953401778662524], [-115.10547262361054, 35.95340488212988], [-115.1054920850189, 35.95341263616773], [-115.10556470759137, 35.953441569272734], [-115.10558037556586, 35.95344730185431], [-115.1086071885284, 35.953444076457245], [-115.10873253112746, 35.953573654910535], [-115.10873912569579, 35.95358202091407], [-115.1090072573723, 35.953922210250106], [-115.10904388977548, 35.953968686539206], [-115.10906859708929, 35.95400003298401], [-115.10908350790199, 35.95401732877285], [-115.10909670898162, 35.954032643910395], [-115.10912918007865, 35.95406426708069], [-115.10916486246145, 35.95409351442808], [-115.1091736225813, 35.954099577074], [-115.10920215949933, 35.9541193259976], [-115.10924337080128, 35.954143291789265], [-115.10927514983364, 35.95415866046258], [-115.10928546613964, 35.954163649464235], [-115.1093094880863, 35.95417317486843], [-115.10932948887192, 35.95418110527164], [-115.10933941611471, 35.95418423330633], [-115.10937641534713, 35.95419589200059], [-115.10949414633019, 35.953891767060696], [-115.10967135518268, 35.953787651906325], [-115.10970343794524, 35.953772557906156], [-115.11025424710272, 35.953430080338364], [-115.11059159066967, 35.95378973259763], [-115.11084016281234, 35.954102192780965], [-115.11113407626331, 35.95448180081495], [-115.11119539504932, 35.95458107472879], [-115.11123246905706, 35.95468941517354], [-115.11123608381178, 35.95471349106468], [-115.11124302308761, 35.95480017318771], [-115.11120848816962, 35.955001908956184], [-115.11120066582863, 35.95509230954264], [-115.1112034663985, 35.95518427785366], [-115.11121704764982, 35.95527552515343], [-115.11123882311584, 35.955357517470254], [-115.11127642614025, 35.955453405514376], [-115.11131704322634, 35.95553051375549], [-115.11137645842943, 35.95561880649191], [-115.11144690040491, 35.955701565179474], [-115.11151347159132, 35.95576564855704], [-115.11158665843062, 35.955824770892164], [-115.1116824282884, 35.95588853721093], [-115.11178587243164, 35.955943816121824], [-115.11187712182212, 35.95598295665546], [-115.11197222078314, 35.95601548302254], [-115.11209039796529, 35.9560454374314], [-115.1121913816918, 35.9560626119965], [-115.11231441807817, 35.95607368275483], [-115.11243820314203, 35.956074235203516], [-115.11255369529168, 35.95606519918815], [-115.11266310714917, 35.95604789302941], [-115.11277162412789, 35.95602183774325], [-115.1133030781418, 35.95586063878214], [-115.1132346788553, 35.955681436096754], [-115.11318777703892, 35.955490488643875], [-115.11311429195506, 35.955096044864014], [-115.11308118606053, 35.95491887852738], [-115.11307310424769, 35.95485666470444], [-115.11307204301677, 35.95479350676481], [-115.11307812312268, 35.954730537241474], [-115.1130912926158, 35.95466828861055], [-115.1131114397295, 35.95460728590215], [-115.11313839509747, 35.95454804670896], [-115.11317192959645, 35.95449107126353], [-115.11342143344226, 35.9541790843974], [-115.11350403463484, 35.95405989977093], [-115.11356465715068, 35.95393328238731], [-115.11360298947314, 35.95379962403654], [-115.11361750133884, 35.95366426448885], [-115.11363646586652, 35.952943212962204], [-115.1142578502303, 35.952969185668266], [-115.11434885609184, 35.95284548610765], [-115.11436394897939, 35.952673843305355], [-115.11438374647796, 35.952500310780245], [-115.1144080106783, 35.95236495135116], [-115.11444662219859, 35.952183860820654], [-115.11456444389862, 35.95170164791422], [-115.1146193112842, 35.95154923776461], [-115.11466229973081, 35.95142158287415], [-115.11475026235019, 35.951227330928766], [-115.1147484688915, 35.951098353772885], [-115.11486216454414, 35.951011938111], [-115.11498496097595, 35.95077918857114], [-115.11527847035472, 35.95024519430653], [-115.11549199740276, 35.94984538912773], [-115.11572318545102, 35.949434203748076], [-115.11592055017778, 35.94908870703545], [-115.11612146620644, 35.94873749949814], [-115.1162708192578, 35.94847623491519], [-115.11634916207417, 35.948320576724406], [-115.11641697302075, 35.948160585410065], [-115.11649207369965, 35.947957696021916], [-115.11653854725839, 35.94783482371967], [-115.11658327952121, 35.947709082926], [-115.11662083003137, 35.94760763817836], [-115.11666025732363, 35.94748616882037], [-115.11662334760825, 35.94736407366106], [-115.11672667577209, 35.94726321450776], [-115.11676670948845, 35.94703872628954], [-115.11678860618939, 35.946905741933044], [-115.11680522560901, 35.94677273705757], [-115.11680953548627, 35.94663825393354], [-115.11681612588254, 35.946415066081165], [-115.11682060503621, 35.94625196660961], [-115.1168216900053, 35.94606739074238], [-115.1167671214592, 35.94593938098522], [-115.11682079765434, 35.94581000283506], [-115.11679624657378, 35.945596232612154], [-115.11677138048347, 35.945435880756186], [-115.11674187870268, 35.945265971269535], [-115.11669608958546, 35.945073104850664], [-115.1166318451903, 35.94482674884715], [-115.11656028350782, 35.944628058752095], [-115.1164538775425, 35.94437009187165], [-115.11634963801606, 35.94414265752287], [-115.11627310407944, 35.94399164320643], [-115.11618841677098, 35.943840287953186], [-115.1161639839964, 35.943796622003205], [-115.11600352012454, 35.94355561449423], [-115.1158895174255, 35.94339300723358], [-115.11578237355864, 35.94326095168969], [-115.11567985435195, 35.94314035996937], [-115.11552139111323, 35.94295850171744], [-115.11532802928785, 35.94272690286756], [-115.11509715524122, 35.9424913429766], [-115.11488708046988, 35.94230928163472], [-115.11468766810489, 35.94226409143672], [-115.11524891368734, 35.94182504486904], [-115.11531329634961, 35.94176673693959], [-115.11549264118071, 35.94164521572939], [-115.1155861154751, 35.94158834507715], [-115.11578009718146, 35.94148273384392], [-115.11598266514947, 35.9413883826087], [-115.1161928336, 35.941305751673994], [-115.11630044917196, 35.941268959293836], [-115.11652008558308, 35.941204645262616], [-115.11663184108352, 35.94117720188845], [-115.11685128207372, 35.941133039180855], [-115.11714566003351, 35.941084856100275], [-115.11733838634014, 35.941065277797854], [-115.11753218507666, 35.941054830149405], [-115.11896958633572, 35.94106386410644], [-115.11919330750432, 35.94104697329999], [-115.11928555113327, 35.941107522135404], [-115.11937980301882, 35.94113511815909], [-115.11948931937798, 35.941162727127775], [-115.11958360390015, 35.941187416349145], [-115.11966794565708, 35.94120729728611], [-115.11976345027715, 35.94122388187081], [-115.1198645527613, 35.941236196792], [-115.11998182460486, 35.94124141843677], [-115.12039153049052, 35.94125100571238], [-115.1228583395494, 35.94133634504121], [-115.12297333350573, 35.94134032201514], [-115.12312701070158, 35.941342025337065], [-115.12326499093086, 35.94133706790657], [-115.12342304549871, 35.941330284538736], [-115.12351369013643, 35.94131905700648], [-115.12354630192303, 35.94131501781252], [-115.12367136945534, 35.94129093393545], [-115.12391607515211, 35.941244164594195], [-115.12394590755783, 35.94123832101944], [-115.12492049508998, 35.94103770327736], [-115.12514646448608, 35.940992476840606], [-115.12604684095207, 35.94080493416634], [-115.12631489354182, 35.94075780901419], [-115.12643883491545, 35.94073825341969], [-115.12684604330278, 35.940677835766856], [-115.12726215966113, 35.94061479437366], [-115.12776080489225, 35.940539247055305], [-115.12776714344682, 35.94053831120172], [-115.12903199089118, 35.94035149604949], [-115.12930741980186, 35.94030977302129], [-115.12999851700657, 35.94020445417023], [-115.1307909760673, 35.94008629829588], [-115.13132044944977, 35.94000816553125], [-115.13140964586454, 35.939999916263645], [-115.13153166915711, 35.93999465219411], [-115.13161729119794, 35.93999592803328], [-115.1317321951694, 35.940004945491346], [-115.13187637458454, 35.9400226580611], [-115.13200994839288, 35.94004891569629], [-115.13216220947344, 35.94008955194523], [-115.13233234212916, 35.94013716379995], [-115.13238973436218, 35.940161093261054], [-115.13248418371968, 35.94020742008691], [-115.13256264226852, 35.94026303081823], [-115.13261428321498, 35.94030651083041], [-115.13243975993879, 35.940513324911166], [-115.13239547415988, 35.9405656228316], [-115.13231427585058, 35.940663093416916], [-115.13217983061891, 35.94084144514813], [-115.13204235041809, 35.94103767028565], [-115.13191361335609, 35.94124346775194], [-115.13181134340874, 35.9414362485644], [-115.1317193159678, 35.9416326451733], [-115.13163309242654, 35.94183979470778], [-115.13155121211236, 35.94205649923001], [-115.13149431951899, 35.94226256658738], [-115.13143877080076, 35.94249010219467], [-115.13139642479777, 35.94271649412399], [-115.1313673166673, 35.94293578296915], [-115.13135288465428, 35.94315274125815], [-115.1313459463293, 35.94334111072638], [-115.13134953748262, 35.94348301784263], [-115.13135601279502, 35.94363328117192], [-115.13137550233523, 35.94381578878249], [-115.13139391256095, 35.94393032620778], [-115.13141379601966, 35.94404367762511], [-115.13142516628004, 35.94410691583957], [-115.13147969630697, 35.94433032761425], [-115.1315851185228, 35.94476951938959], [-115.13170635827683, 35.94531560803772], [-115.13178191349063, 35.94564403442305], [-115.1318370811648, 35.94584456198067], [-115.13186930929874, 35.94595342787101], [-115.13194081291009, 35.946169278923676], [-115.13225213354445, 35.947122444090006], [-115.13263499056815, 35.94828764282102], [-115.13301091846313, 35.94943564394515], [-115.13306077345716, 35.94959081165602], [-115.13318153183431, 35.94996665387597], [-115.13332457744976, 35.95039453807373], [-115.13338910525222, 35.95060082237674], [-115.1334653320042, 35.95081287479024], [-115.13354391663812, 35.95102302788545], [-115.13361790565835, 35.9512159926059], [-115.1337822671852, 35.95160961566191], [-115.13387264948855, 35.95180836591165], [-115.13409530373816, 35.95226707227125], [-115.13422298097109, 35.95250984091354], [-115.13434837813905, 35.95274115498946], [-115.13448314880668, 35.9529744111817], [-115.13462269035267, 35.95319433015897], [-115.13475760391165, 35.95340278487726], [-115.13489021456671, 35.953603599338045], [-115.13515552408425, 35.95398996694692], [-115.13584672080137, 35.95499986561444], [-115.13611242934724, 35.95538946017235], [-115.1365472233591, 35.95602696502012], [-115.13718491375468, 35.956960345231835], [-115.13759219265826, 35.95755900057509], [-115.13790634432878, 35.9580275780398], [-115.13815761589831, 35.95841197862685], [-115.13835308582316, 35.9587045974963], [-115.13861370429949, 35.959096662345296], [-115.13901867928091, 35.95969148887638], [-115.13927702477098, 35.95984553184045], [-115.14037526885808, 35.95984231141393], [-115.14110623154363, 35.959854634189384], [-115.14134312360324, 35.959862310959124], [-115.14175589526768, 35.95987568554577], [-115.142129053877, 35.959887775618604], [-115.14322242349414, 35.95992319324144], [-115.14420282129396, 35.95995494282381], [-115.14470058781319, 35.959971059941125], [-115.1454372859087, 35.95999490971646], [-115.14574684583779, 35.960004929486296], [-115.14579197946335, 35.96000614048083], [-115.14580642173864, 35.96000652752506], [-115.1459933709979, 35.96001154070271], [-115.14629368885821, 35.96002026533418], [-115.1466831571139, 35.96003312981306], [-115.14710076220504, 35.96004991150488], [-115.14744798208719, 35.96006452712053], [-115.14772949674588, 35.96007890415898], [-115.14793357478331, 35.96009299961995], [-115.14800658530277, 35.96009883194734], [-115.14815875218717, 35.96011098654101], [-115.14835343439725, 35.96012695441443], [-115.14864426292672, 35.96015471795269], [-115.1489772777106, 35.960192171268716], [-115.14930556872298, 35.96023533087297], [-115.14964790825188, 35.96028426374282], [-115.14997848332986, 35.96033887655038], [-115.15021554006952, 35.96038200703031], [-115.15034500918262, 35.96040377155364], [-115.15106694492336, 35.960555182340904], [-115.15179809484353, 35.960739055091665], [-115.15234165362547, 35.96089744816254], [-115.15266258859565, 35.960999713314585], [-115.15297416979143, 35.96109622157354], [-115.15354328836655, 35.96130239611586], [-115.15442623763197, 35.96162415787915], [-115.15463436169104, 35.961700043836615], [-115.15506561825254, 35.961857285175306], [-115.1555246407621, 35.96202871611777], [-115.15659964083751, 35.962423643306884], [-115.15705873261037, 35.962583622746656], [-115.15737735406489, 35.96268205178953], [-115.15763749400243, 35.9627459321895], [-115.15788599357815, 35.96279260057823], [-115.1581110890381, 35.962827738739264], [-115.1583526309741, 35.962859119426476], [-115.15856140206475, 35.96287512065311], [-115.15873032024044, 35.96288334992597], [-115.15889691296013, 35.96288775453976], [-115.1590836224748, 35.96288534844902], [-115.15912925207893, 35.96288476075301], [-115.1609807481776, 35.962804582256084], [-115.16131099543662, 35.962793418501754], [-115.16294540222582, 35.962738153558135], [-115.163547840645, 35.96271777713241], [-115.16576314635648, 35.962643506289], [-115.16688002857862, 35.962606046404105], [-115.16800528623573, 35.96256829415108], [-115.1702168209272, 35.962494067715795], [-115.17224548979324, 35.962425834107755], [-115.17245354920428, 35.96241883402574], [-115.17274379994295, 35.96241931097705], [-115.17288341139303, 35.96241953979468], [-115.17276815084591, 35.965535738324434], [-115.1727715646742, 35.965924217054834], [-115.17647065380899, 35.96420307562161], [-115.17690296829157, 35.9640019124839], [-115.1776131123922, 35.96368659303455], [-115.17772682074862, 35.96363821226359], [-115.18161058626174, 35.96189854694306], [-115.1817240495454, 35.96184722051809], [-115.18179651742425, 35.96181697035898], [-115.18197388221648, 35.96174403195571], [-115.18197353283193, 35.96180738206641], [-115.1819736055207, 35.961834426501404], [-115.18197324412127, 35.961850196639766], [-115.18197250114933, 35.96187235858484], [-115.1819718706871, 35.96189112832697], [-115.1819710532427, 35.96191551899411], [-115.18196749911638, 35.96201011806269], [-115.18195313581415, 35.962485419545274], [-115.1818776086382, 35.965114278802396], [-115.18180824901103, 35.967292500999804], [-115.1817984483885, 35.96762762298653], [-115.18174753711584, 35.969368402614045], [-115.18174543839922, 35.969440176850554], [-115.18174078776869, 35.96959920941188], [-115.18173694291353, 35.96973662376175], [-115.18156898525548, 35.97521493463606], [-115.18148349879878, 35.97821548713308], [-115.18140117448495, 35.9807619753714], [-115.18139509300818, 35.98095006498347], [-115.18129375063256, 35.98432650168005], [-115.18119468654021, 35.98762680869392], [-115.18118770438274, 35.98777995002272], [-115.18116852770333, 35.98843430093115], [-115.18113007230461, 35.98974650019788], [-115.18097523794665, 35.994868141033685], [-115.18091371509544, 35.9969030154058], [-115.18086367537144, 35.99862853960807], [-115.18085027570258, 35.99907139113469], [-115.18085022493004, 35.999071778530755], [-115.18084986913266, 35.99908373511256], [-115.18084989315503, 35.999084028121246], [-115.18079455873348, 36.000912673396996], [-115.18071551277242, 36.00349252104718], [-115.18069751667095, 36.00407980715235], [-115.18067641721468, 36.00487727245913], [-115.18063038534596, 36.00633433807849], [-115.18059500540679, 36.00745419009997], [-115.18058359641216, 36.007858731781916], [-115.18058001256257, 36.00798581880814], [-115.18055090543508, 36.009010778516085], [-115.18054299997432, 36.00953575393394], [-115.1805407423151, 36.01005630839123], [-115.18055489095617, 36.01109995305718], [-115.18060610887602, 36.01309519088514], [-115.1806065979281, 36.0131142003617], [-115.18060658849384, 36.01311431029046], [-115.18060716689314, 36.01313625565027], [-115.18070689099756, 36.01700676329576], [-115.18071235588391, 36.017246077039815], [-115.18071251879897, 36.017253090714824], [-115.1807694415483, 36.01974586741859], [-115.18078234222178, 36.02027600688239], [-115.18078326556609, 36.02031391294103], [-115.18079155128353, 36.0206544139234], [-115.18079838863417, 36.020749170380135], [-115.18080484434142, 36.02103218840578], [-115.1808446708021, 36.022778134460474], [-115.18088869019542, 36.02430225289606], [-115.18090430549981, 36.025070975097385], [-115.18093398927388, 36.02637402032468], [-115.18098007777574, 36.02795901673919], [-115.18098500617786, 36.02822727209964], [-115.1809853832988, 36.02839662914751], [-115.18098861303973, 36.02984993464792], [-115.18097628079425, 36.034095570814145], [-115.1809751500218, 36.035419420218396], [-115.18097341834432, 36.03744666074675], [-115.18096629390729, 36.03875139772429], [-115.18096590594259, 36.03924125547838], [-115.18096542773073, 36.039844389672005], [-115.18096530631584, 36.04005737899218], [-115.18096474272937, 36.041050065725855], [-115.18096987823152, 36.04130930899252], [-115.18098504643012, 36.042609877470966], [-115.18098805440232, 36.042790843712034], [-115.18098820480805, 36.04279989067201], [-115.18099988752049, 36.043502534853964], [-115.18099992977638, 36.04350579052953], [-115.18106449610032, 36.04350600717314], [-115.18142458107776, 36.043507214752026], [-115.18174320715879, 36.04350074833754], [-115.18227558093474, 36.043469740626634], [-115.18254364102964, 36.043446790109584], [-115.18267502466321, 36.0434245864953], [-115.18295875832617, 36.043376635494205], [-115.18346948507086, 36.04327102711842], [-115.18402804711268, 36.04314172900049], [-115.1848367768666, 36.04289974621017], [-115.18501060846746, 36.042835508770246], [-115.18616638553331, 36.042314464479894], [-115.18807211449555, 36.04146226148022], [-115.18818293600933, 36.041411803628534], [-115.19017772894965, 36.04051318508324], [-115.19019377027313, 36.040751461471544], [-115.19020544879602, 36.04092395305846], [-115.19026625884145, 36.041840301011526], [-115.19032690679262, 36.04273682663538], [-115.19032683996302, 36.042874215053246], [-115.1903268327304, 36.042887952811476], [-115.1903266632204, 36.043233139929605], [-115.19033776518135, 36.043233242115186], [-115.19116610655445, 36.04324242305111], [-115.1912494792648, 36.04324334646682], [-115.1913997574582, 36.04324003787595], [-115.19150107747863, 36.04323679173331], [-115.19160830111235, 36.04322760352235], [-115.1916920505169, 36.04321476033586], [-115.19176993982816, 36.043199513985506], [-115.19184490442194, 36.04318187406721], [-115.19191547605789, 36.0431618339906], [-115.19199047598923, 36.04313703948965], [-115.1920566664177, 36.04311221529162], [-115.19212434273976, 36.043083819502975], [-115.19234944809082, 36.04298797288916], [-115.1928386396737, 36.04278081446711], [-115.19294982158375, 36.0427425436231], [-115.19304155382818, 36.04271851858001], [-115.19313674713638, 36.0427073817618], [-115.1932354346213, 36.04270197956197], [-115.1933341009274, 36.042700869255434], [-115.19343102011837, 36.04269689242478], [-115.1936301677932, 36.04269185440161], [-115.19463714320634, 36.042677355559206], [-115.19930693154076, 36.042610158771204], [-115.20035828670903, 36.04259615148629], [-115.200957072293, 36.042588257230626], [-115.20171681130948, 36.042578046765165], [-115.20282889206429, 36.04256321512663], [-115.20330280674004, 36.04255689118586], [-115.20377830069528, 36.04255054423302], [-115.20379258798863, 36.04255035331664], [-115.20450469729735, 36.04254084506888], [-115.20495070421505, 36.04253488790575], [-115.20599473593755, 36.04252095408997], [-115.20603417385558, 36.04252042745274], [-115.20618825403339, 36.04251838223158], [-115.20652220982355, 36.042513948649585], [-115.20659534343083, 36.04251292564329], [-115.20672387690048, 36.04251118612288], [-115.20712095380779, 36.04250570170746], [-115.20715651571304, 36.042505301341045], [-115.20715692823275, 36.04250536933235], [-115.20785676614148, 36.04249602980212], [-115.20897175664193, 36.0424723507857], [-115.20897804203226, 36.04247221718743], [-115.20911397648928, 36.04246932921063], [-115.21008674545784, 36.042448661393074], [-115.21009238599248, 36.04244854105122], [-115.21110462491484, 36.0424270252342], [-115.2112017359221, 36.04242496073331], [-115.21120672939495, 36.04242485094909], [-115.21231644515005, 36.042400041975796], [-115.21302647625483, 36.0423857123419], [-115.21343171066623, 36.042377531886956], [-115.2134351358308, 36.04237745773055], [-115.21357615557304, 36.04237445780363], [-115.21454669939673, 36.042353801010265], [-115.21454919779175, 36.042353746504304], [-115.21510861927906, 36.042341837116766], [-115.21566168533005, 36.04233005975415], [-115.2156632602858, 36.042330024925995], [-115.21677667179902, 36.04230630722744], [-115.21677732220256, 36.04230629299226], [-115.21699261213507, 36.04230164045113], [-115.21742356707583, 36.04229232724173], [-115.21754801561246, 36.0422897046989], [-115.21789080971088, 36.04228232542873], [-115.21900494385768, 36.04225830081626], [-115.22011907952974, 36.042234289287535], [-115.22123321661192, 36.04221031607888], [-115.22167687836236, 36.04220061765836], [-115.22167968863263, 36.04220055583266], [-115.22234782511721, 36.04218601306742], [-115.22234844222166, 36.04218599960304], [-115.22256301566216, 36.04218136103853], [-115.22346199918978, 36.042161923716286], [-115.22346279387412, 36.04216190717392], [-115.22346412242544, 36.04216187781287], [-115.2240588136951, 36.042149016732324], [-115.2240609435888, 36.04214897083833], [-115.22414550006494, 36.04214714214542], [-115.22414790410551, 36.042147089860634], [-115.2245764789989, 36.042137818615046], [-115.2245769518198, 36.04213780741142], [-115.2245788763803, 36.04213776630172], [-115.22504418102555, 36.04212769926186], [-115.225691496523, 36.042113690335356], [-115.22679928931016, 36.04205889910373], [-115.2268659458217, 36.04205560290689], [-115.22743972845194, 36.04202721980429], [-115.22790622480427, 36.04200414195894], [-115.22810806004252, 36.04199415599071], [-115.22901486941824, 36.041949288608066], [-115.23012265785593, 36.041894467544786], [-115.23122919107315, 36.041840569019065], [-115.2321182035835, 36.04179725816733], [-115.23233868552371, 36.04178651572226], [-115.2334444932684, 36.041732631572714], [-115.23455214333433, 36.041678647941254], [-115.23455470859395, 36.041678522910416], [-115.23468746493192, 36.04167205182558], [-115.23513733313736, 36.04165012236447], [-115.2356597919852, 36.041624651364565], [-115.2356622562209, 36.04162453322755], [-115.23594626812165, 36.04161068666476], [-115.23676743918864, 36.04157064905303], [-115.23676980131073, 36.04157053330209], [-115.23685387522197, 36.0415664346585], [-115.23768001497422, 36.041526147376494], [-115.23787508719536, 36.04151663380282], [-115.23788534708423, 36.04151613339129], [-115.23856601377662, 36.04148293593423], [-115.23898488941795, 36.04146250454207], [-115.23908637666493, 36.04145764045579], [-115.23933601599047, 36.04144567636529], [-115.24009037258746, 36.04140952074156], [-115.24009168794902, 36.04140945780993], [-115.24009263368048, 36.04140941184638], [-115.24046224701696, 36.04139169502409], [-115.24119801110416, 36.04135642383543], [-115.24119976269917, 36.041356339603595], [-115.24120037542585, 36.04135630980607], [-115.24230564932691, 36.04130331669167], [-115.24230811798283, 36.04130319843062], [-115.24324647776014, 36.0412581995316], [-115.2434158569196, 36.041250075904934], [-115.24341680028068, 36.041250064158305], [-115.24358508068414, 36.04124789215177], [-115.24452481314191, 36.04123576432513], [-115.24563377126559, 36.041221442492805], [-115.24674272685101, 36.04120711039538], [-115.2478516821171, 36.0411927680392], [-115.24824907270173, 36.04118762686365], [-115.24832244071655, 36.04118667729837], [-115.24860998733891, 36.041182955783164], [-115.24884679218559, 36.04117989059902], [-115.24896063816935, 36.04117841632864], [-115.24896290112908, 36.04117838658689], [-115.2490835947982, 36.041176824940855], [-115.24952398367323, 36.04117112161081], [-115.24962970230074, 36.04116975206445], [-115.25006959279519, 36.04116405345492], [-115.2500723130071, 36.04116401775265], [-115.2511740555935, 36.04114973818228], [-115.2511785493196, 36.04114968032861], [-115.25215215989263, 36.04113705298303], [-115.25228750329923, 36.041135297838714], [-115.25338208681339, 36.041121089072114], [-115.25447667000192, 36.04110687301485], [-115.25557125176955, 36.04109264605876], [-115.25632085657557, 36.041082897344715], [-115.25666583544135, 36.041078409114185], [-115.25672468443672, 36.04107764288173], [-115.25672603843286, 36.04107762583977], [-115.25775167662908, 36.0410642763378], [-115.25776041657765, 36.04106416216904], [-115.25783396420216, 36.04106320456669], [-115.2587755432554, 36.04105094030547], [-115.25885499961699, 36.04104990523548], [-115.25894324364252, 36.04104875598699], [-115.2589467140956, 36.04104871039604], [-115.25994958011977, 36.04103563830142], [-115.25997390324076, 36.04103532084209], [-115.2600525216512, 36.0410342962383], [-115.26115985333128, 36.04101424457], [-115.26227476110843, 36.04100289342443], [-115.2622801082688, 36.041002827525425], [-115.26264391172157, 36.04099913320535], [-115.26338966861243, 36.04099154002199], [-115.26339323456294, 36.040991479234805], [-115.26442872636257, 36.04098094795522], [-115.26450279240791, 36.040980191337454], [-115.26450457699275, 36.04098017445131], [-115.26450635613054, 36.04098013231386], [-115.265556954387, 36.040969482741254], [-115.26561948509556, 36.04096880752505], [-115.26624433673602, 36.04096215150936], [-115.26668515108429, 36.04095745432215], [-115.26673127859196, 36.04095696053418], [-115.26708827696653, 36.04095315994968], [-115.267813340774, 36.040945436899555], [-115.26784401957748, 36.0409451039236], [-115.26821299061527, 36.040941172861125], [-115.26894152687173, 36.04093340885107], [-115.26895655495476, 36.04093324816331], [-115.26895679356076, 36.0409332469863], [-115.26946060328223, 36.04092787103342], [-115.27006956732022, 36.040921371608256], [-115.27076864849934, 36.040913672758634], [-115.27118329673364, 36.04090910443022], [-115.27118411023181, 36.0409090957323], [-115.27229710578169, 36.04089682711269], [-115.27229868838366, 36.04089681048786], [-115.2726837209032, 36.04089256302825], [-115.2734104761839, 36.040884543721695], [-115.27341326627344, 36.040884513078325], [-115.27452406717009, 36.04087224785548], [-115.27452784277668, 36.04087220710598], [-115.2756343805848, 36.0408599783004], [-115.27563768562699, 36.04085994261758], [-115.2756424201229, 36.040859889872706], [-115.2760292280722, 36.040855612790786], [-115.27675130825956, 36.04084762524376], [-115.27675699719822, 36.04084756227694], [-115.27786493173093, 36.04083529752803], [-115.27787157400216, 36.040835224318656], [-115.27897855825657, 36.04082296037729], [-115.27898615053407, 36.04082287599792], [-115.27898805460325, 36.04096022665035], [-115.2790116330869, 36.04266146397212], [-115.27903712795057, 36.044500828343516], [-115.27906221049504, 36.04635960178065], [-115.27908335251799, 36.04759513383513], [-115.27908520467206, 36.04770335196475], [-115.27908712748035, 36.047815707297765], [-115.27909335160572, 36.048179435273795], [-115.27909845776485, 36.04867738118239], [-115.27911220284439, 36.050017428216165], [-115.27913105354494, 36.05185541879042], [-115.2791401711311, 36.0527304168852], [-115.27914024160734, 36.05273719673391], [-115.27915047141569, 36.053718655087195], [-115.2791693680842, 36.05553172697839], [-115.27920422447511, 36.05738300304108], [-115.27923752995329, 36.05915187402066], [-115.27923884680085, 36.0592354469328], [-115.279273943445, 36.06108554894224], [-115.27930880714497, 36.062936816079606], [-115.27933672218646, 36.06445469555294], [-115.27934332949897, 36.06481395929437], [-115.27935123702333, 36.06524386379973], [-115.27936752114388, 36.066129253989374], [-115.27937200707578, 36.06637312473028], [-115.27937785538866, 36.066691101924434], [-115.27938890853389, 36.06725425762726], [-115.27941371908939, 36.06851835264655], [-115.27941405145017, 36.06853527017238], [-115.27942473376622, 36.06907949545364], [-115.27945024889503, 36.07037943604708], [-115.27944821227216, 36.070530523701464], [-115.2794253322799, 36.072228902932856], [-115.27942527808652, 36.072232889286106], [-115.27940030579654, 36.074086340138166], [-115.2793713109079, 36.07593106455323], [-115.27937111526799, 36.07594353095838], [-115.27934365065951, 36.07769081551994], [-115.27934192305571, 36.0778007193864], [-115.2793162216748, 36.07965400891352], [-115.27931620319534, 36.07965534821049], [-115.27929048180981, 36.08150997644888], [-115.27926286037102, 36.083365992706106], [-115.27925997216539, 36.08356008645974], [-115.2792507732178, 36.084178155441556], [-115.27923748592012, 36.08507091712797], [-115.27923523732308, 36.08522200657287], [-115.27923428727426, 36.08707022183661], [-115.2792348895425, 36.08719869475915], [-115.27924301363142, 36.08892959672936], [-115.27924300836276, 36.08894710910516], [-115.27924248478978, 36.0907683698335], [-115.27924252484094, 36.0907827647], [-115.27924775189226, 36.09263639545285], [-115.27925002546544, 36.096343363188254], [-115.27925002959299, 36.096347480362674], [-115.27924918561655, 36.09818703723204], [-115.27924739656014, 36.10005934816854], [-115.2792480373555, 36.10005935430128], [-115.2803801046702, 36.10005384877948], [-115.28038040786927, 36.10005384774349], [-115.28038100984584, 36.10005384025241], [-115.28151272277279, 36.10004833034375], [-115.28151379674824, 36.10004832493722], [-115.28151424433142, 36.10004832245941], [-115.28264548739939, 36.100042799766605], [-115.28264642920723, 36.10004279582086], [-115.28377822639708, 36.10003725931739], [-115.28490356331908, 36.100038707286245], [-115.28490396091523, 36.10003870737518], [-115.28602927241361, 36.10004014380705], [-115.28715460068693, 36.100041569712005], [-115.28715672859279, 36.10004157316915], [-115.28716062901766, 36.10004157830359], [-115.28742797365858, 36.10004191524702], [-115.2882803188944, 36.10004298600851], [-115.28823905383614, 36.10197153492704], [-115.2882173600934, 36.10218350807976], [-115.28817974646519, 36.102348534493615], [-115.28811452579583, 36.10250784349502], [-115.28806993275168, 36.10260810202539], [-115.28798544461104, 36.10275246579971], [-115.28788556718669, 36.10289887267749], [-115.28776651213177, 36.10303274999206], [-115.28767151221643, 36.10313165012411], [-115.28754838559462, 36.1032371684296], [-115.2874021994673, 36.10335508027887], [-115.2873175193687, 36.1034357938476], [-115.28716967298584, 36.10360436544574], [-115.28710460935098, 36.10369469199078], [-115.28702920223911, 36.1038089153487], [-115.28697310618472, 36.10390030500148], [-115.2868916360585, 36.104093039436634], [-115.28683515857985, 36.10428583655974], [-115.2868109659652, 36.10440172141255], [-115.2867955359412, 36.10452660674106], [-115.28679212265628, 36.10462861605305], [-115.28679099332054, 36.1047275584688], [-115.28679897562483, 36.10482037743827], [-115.28681371754494, 36.10492796298254], [-115.28683531953484, 36.10502388819859], [-115.28686296178194, 36.105124745872466], [-115.28690490967597, 36.105247763252095], [-115.28695824875086, 36.10536281872871], [-115.28700332497094, 36.105459416661084], [-115.28706131424309, 36.105546214176755], [-115.28714494514664, 36.10566134446538], [-115.28723691318945, 36.10577526681972], [-115.28730857578705, 36.10585103539232], [-115.28739385372972, 36.105931139477256], [-115.28755917908342, 36.106072898370954], [-115.28764671845757, 36.10615608040306], [-115.28771383569178, 36.10623245220212], [-115.2878057960126, 36.10634883195], [-115.28788866675796, 36.10646518921238], [-115.28794587954165, 36.106557515678745], [-115.28801129149751, 36.10668489151647], [-115.28805260181072, 36.10677656404153], [-115.28807658406501, 36.10684422546756], [-115.28810560867818, 36.10693362615242], [-115.28812302773817, 36.10700518485818], [-115.28813709513602, 36.107077227414976], [-115.28814787206812, 36.10715031638847], [-115.28815514841246, 36.107223018188236], [-115.28815539213136, 36.10737132568524], [-115.28815268723405, 36.107452456223335], [-115.28813179579862, 36.108446008664586], [-115.28811320063961, 36.10931225922803], [-115.28811232714864, 36.1094619726583], [-115.28810698163323, 36.111204647330865], [-115.28809258635249, 36.11192041629992], [-115.2880687912287, 36.11305491385145], [-115.28804368707189, 36.11414512332758], [-115.28803443351578, 36.11449804630937], [-115.28802975510062, 36.11491599874422], [-115.28789432434418, 36.11491577750633], [-115.28690597681114, 36.114914154510444], [-115.28578219642753, 36.114912299730165], [-115.28465841838673, 36.114910436217016], [-115.28353463826313, 36.11490855945347], [-115.28343306712326, 36.11490840618187], [-115.28241096086853, 36.1149068571737], [-115.28128728360538, 36.114905142552274], [-115.28016360646046, 36.11490341919433], [-115.27903992833734, 36.11490168349189], [-115.27791126394463, 36.11487382100764], [-115.2767825993198, 36.114845946989895], [-115.27565393556728, 36.114818063244066], [-115.27565334245207, 36.11481804820129], [-115.27557282852877, 36.11481605862069], [-115.27463924320473, 36.11479298533435], [-115.2745252726946, 36.11479016796761], [-115.27449801489192, 36.114789494732584], [-115.27340017274877, 36.11476234428254], [-115.27233495166307, 36.11473599220537], [-115.2722750736751, 36.114734510035184], [-115.27227144944806, 36.11473442131053], [-115.2711499743634, 36.11470666522269], [-115.27002487703591, 36.11467880985089], [-115.26988944459453, 36.114678586281904], [-115.26702198580858, 36.114673818581274], [-115.26551653388952, 36.114671287247475], [-115.26551604180227, 36.114671286843354], [-115.265515997374, 36.114671285824194], [-115.26326267936338, 36.11466740954467], [-115.26100808460188, 36.114676233666216], [-115.26083653125058, 36.11467592611006], [-115.25988668704356, 36.114664420950106], [-115.25875556364916, 36.11465070929808], [-115.25763405208058, 36.11463710413001], [-115.25704438411861, 36.11462994577476], [-115.25648894095534, 36.114623970271715], [-115.25531952233811, 36.114620739038315], [-115.25432697092575, 36.11461280515682], [-115.25420104859668, 36.114610390791995], [-115.25308919898718, 36.11458968448824], [-115.25197205850006, 36.11456333271322], [-115.24909825557135, 36.11453823394577], [-115.24701208186035, 36.11452190269173], [-115.24592669067691, 36.11450767374011], [-115.24509794315205, 36.11449806423979], [-115.24364358377942, 36.11448178091556], [-115.24312603509223, 36.1144759815903], [-115.24295681789773, 36.114473208932594], [-115.24277876600502, 36.11447337440315], [-115.24068558733035, 36.11447527349567], [-115.2395611391168, 36.11447627931289], [-115.23843452155631, 36.11447727463985], [-115.23751684525341, 36.11447682482603], [-115.2373093892848, 36.11447672153461], [-115.23619211272614, 36.11447616079675], [-115.23504047243793, 36.11447557356283], [-115.23391606694996, 36.11447498799765], [-115.22939898549929, 36.11446197264081], [-115.22602519286067, 36.1144521391377], [-115.22573111875488, 36.114451277938706], [-115.2248870888366, 36.11444880068136], [-115.22473459594923, 36.11445694995834], [-115.22382155817246, 36.1145100744053], [-115.22277464208754, 36.11457057989445], [-115.22173099896011, 36.11463087250025], [-115.2217158612986, 36.114631747939136], [-115.22075924140377, 36.11468705094607], [-115.22070247176416, 36.114690332910335], [-115.22067872413987, 36.11469170491103], [-115.22067120196793, 36.11469213910025], [-115.22066964207441, 36.11469244983361], [-115.22066533200562, 36.11469247824612], [-115.22065792649586, 36.11469290647851], [-115.22053254585546, 36.11470022035993], [-115.21964871523672, 36.11475176827406], [-115.21961259976673, 36.11475387493287], [-115.21960930421635, 36.11475406772034], [-115.2185769059867, 36.114813781127715], [-115.21857163822476, 36.114814085952375], [-115.21753046398653, 36.114872639694106], [-115.21752717179237, 36.1148728252241], [-115.21752361285684, 36.114873042386364], [-115.21700632372806, 36.11490458998503], [-115.21660574940816, 36.11492563290448], [-115.2164751260023, 36.11493249386396], [-115.21497637350102, 36.1150153771092], [-115.21496714834535, 36.115016296912906], [-115.21449389339904, 36.11504259368522], [-115.21323542992883, 36.11511754219215], [-115.21226853606953, 36.11517511694619], [-115.21226854133099, 36.11517517915224], [-115.2122661428952, 36.11517521859116], [-115.21226599827934, 36.115175263208286], [-115.21112360886161, 36.11524124395149], [-115.21092137740017, 36.1152529227376], [-115.20827002184724, 36.11540601048527], [-115.20806195400503, 36.11541801226921], [-115.20786188253211, 36.115419121298245], [-115.20640672547592, 36.115427097964], [-115.20587895719602, 36.115430007711176], [-115.20523483888665, 36.115433513279044], [-115.20521308293397, 36.11543363208523], [-115.20405748350812, 36.11543994668429], [-115.20373524434626, 36.115441699390935], [-115.20288522127716, 36.11544634142987], [-115.2017363112142, 36.11545259629561], [-115.20059004488252, 36.11545882695739], [-115.19954047780564, 36.1154645218673], [-115.19941100748595, 36.11546519399994], [-115.19941046984924, 36.1154651940796], [-115.19475125466107, 36.11548847671425], [-115.19474948286205, 36.115488485388155], [-115.19469108123039, 36.11548877633831], [-115.19255942847496, 36.11549932653269], [-115.19024830605122, 36.11551072279181], [-115.1900888469061, 36.115511603706004], [-115.19008849285717, 36.115511543058034], [-115.18946035630265, 36.11550831780363], [-115.18919408308484, 36.11550696258931], [-115.18875323467613, 36.115504719177785], [-115.188439429858, 36.11548821530453], [-115.18829445970496, 36.115473906012795], [-115.18813524187303, 36.115451025952666], [-115.18740183876828, 36.11527308522304], [-115.18711248003072, 36.11520301959751], [-115.18522089756287, 36.11474497023058], [-115.18450548095596, 36.114570893068105], [-115.18413012141198, 36.114480359216486], [-115.18344882768247, 36.11435978786965], [-115.18340198767027, 36.1143529348569], [-115.18296599616421, 36.11432675416191], [-115.18281305458352, 36.114316627885245], [-115.18241858836794, 36.11432217638441], [-115.18177034755601, 36.11438044290448], [-115.1811028107975, 36.11446251926942], [-115.18092211182308, 36.114484736067816], [-115.18083681457279, 36.11449164280423], [-115.18083529314323, 36.1147477709005], [-115.18083425863404, 36.11539453657821], [-115.18083407319365, 36.11547375479771], [-115.18083449890122, 36.11547500903463], [-115.18083406364295, 36.115477585289646], [-115.18083378660819, 36.11559608274496], [-115.18083198567174, 36.11636580105389], [-115.18083202606161, 36.1170261040825], [-115.18082893560171, 36.11746100045303], [-115.18082555371217, 36.11854041949032], [-115.18082286957525, 36.119768851562625], [-115.18082206801795, 36.12013590923613], [-115.18082152177925, 36.120333243223804], [-115.18082152145723, 36.120333306313675], [-115.18082141312743, 36.12037237546034], [-115.18081989097821, 36.12092237994504], [-115.1808184866782, 36.12149477033528], [-115.18081848820951, 36.12149534086263], [-115.18081877222696, 36.12149911375269], [-115.18081851374092, 36.12150143823522], [-115.18081854706259, 36.12150992677988], [-115.18082077880331, 36.122059013633304], [-115.18082202003673, 36.12236471040267], [-115.18084042471827, 36.12272921868432], [-115.18084775663819, 36.12287441279186], [-115.18085164951468, 36.12303673083063], [-115.18085197005301, 36.12329364437442], [-115.18085309096139, 36.123636207392636], [-115.18085252466071, 36.123846823634416], [-115.18085233279913, 36.123918142740834], [-115.18085070759345, 36.124521832395665], [-115.18085105879601, 36.12577032642875], [-115.1808402533665, 36.125997775086525], [-115.18083533370869, 36.12612470189855], [-115.18083510221697, 36.12613065780032], [-115.18083294919353, 36.12620115731884], [-115.18083227657682, 36.12622301244043], [-115.18083201687637, 36.12623427599217], [-115.18083186016176, 36.126241035201765], [-115.18083116634526, 36.126280316851684], [-115.18083116466835, 36.12628042770572], [-115.1808296400743, 36.12636666780208], [-115.18082959029172, 36.12636945534996], [-115.18082862115892, 36.126441555042604], [-115.18083289673761, 36.126641211446945], [-115.18083296578068, 36.126644443733895], [-115.1808340671434, 36.126739898507225], [-115.18083528009952, 36.12684504891727], [-115.18083566209587, 36.126858575980854], [-115.18085635675652, 36.12707523464651], [-115.18084589973812, 36.12794946845067], [-115.18084332952672, 36.129053688438795], [-115.18083254665966, 36.12949072030261], [-115.18082680689254, 36.1297092314464], [-115.18082071219095, 36.12978053154885], [-115.18080968206617, 36.12990954047294], [-115.18077712379691, 36.13020211663184], [-115.18077637271462, 36.130208866628955], [-115.18076972601521, 36.13026858319407], [-115.18090597885545, 36.13019048123509], [-115.1809643250876, 36.1301570372135], [-115.18112708856604, 36.13006373804388], [-115.18114167085434, 36.13005805655733], [-115.18112480351276, 36.13021892930778], [-115.18111656985323, 36.130287270488154], [-115.18110440781744, 36.13038822634813], [-115.18108433693025, 36.130554816973], [-115.18105872262333, 36.130717564767544], [-115.18103140070284, 36.13089116654977], [-115.18093678769124, 36.131389458193446], [-115.18081336783489, 36.131891773647155], [-115.18069131391891, 36.13233365613149], [-115.18058228604414, 36.13266981683437], [-115.18045449234964, 36.13303338493355], [-115.1802820875558, 36.13346960413216], [-115.18107493942945, 36.13348442072867], [-115.1810762727528, 36.133484413489604], [-115.18117764965916, 36.13348671602991], [-115.18121233364558, 36.13348787347474], [-115.18340770662067, 36.133562756092815], [-115.18564999660536, 36.13363878624955], [-115.18799614101137, 36.133718159143946], [-115.18840643137722, 36.133732100158674], [-115.19021978546503, 36.133793699737495], [-115.19025371422418, 36.133794852086154], [-115.19028875498329, 36.13379604232353], [-115.1903900842681, 36.13379912374453], [-115.19055789849837, 36.133793668814825], [-115.19259614478116, 36.13375841595272], [-115.19262014027781, 36.133758500537105], [-115.19269231853885, 36.133757274956594], [-115.19351724643904, 36.13374327139287], [-115.19433887504249, 36.13372931722654], [-115.1948328885846, 36.133720925193415], [-115.19483599541414, 36.133720872179545], [-115.19876482343129, 36.13365962008915], [-115.19915480716818, 36.13365353320134], [-115.19918866753721, 36.133653004583635], [-115.19929114749222, 36.13365142065373], [-115.20120188305587, 36.13364668465677], [-115.20197847918669, 36.13364366542726], [-115.20233576983978, 36.13364205529784], [-115.20327786813671, 36.13364230112433], [-115.20509088484421, 36.133636094301735], [-115.20563070513494, 36.133634241242], [-115.20788621614591, 36.13362524156073], [-115.20800157610941, 36.133624230426946], [-115.2080959498696, 36.13362396460705], [-115.20879630712045, 36.13359100509759], [-115.20978242595747, 36.13354738289991], [-115.21072133308512, 36.13350635197599], [-115.2111383881086, 36.13348841855], [-115.2120239413754, 36.13344995966678], [-115.21447461391963, 36.133343524604264], [-115.21447649156444, 36.13411823037497], [-115.21551125826753, 36.134082952296225], [-115.21557278082226, 36.13409824966886], [-115.21561986467064, 36.13412311953514], [-115.21564992088987, 36.134168539887185], [-115.21565542365686, 36.13421388486275], [-115.21565883155054, 36.13479904054784], [-115.21566286975518, 36.13552155681265], [-115.21566620189193, 36.13612319507205], [-115.21565644578719, 36.136172613926256], [-115.21562343339737, 36.13621646707303], [-115.21556573795283, 36.136242387911956], [-115.21550245101584, 36.13624219357288], [-115.2144881814748, 36.136278909087515], [-115.21449182761802, 36.13704134605463], [-115.214508306318, 36.137973520538324], [-115.21452443455624, 36.138885910319935], [-115.21455701965321, 36.14072945007276], [-115.21344964318699, 36.14075716516069], [-115.21238797646107, 36.14078534777126], [-115.2123815138565, 36.14170375473674], [-115.21241198585776, 36.14445863530647], [-115.21251281345296, 36.144458331051304], [-115.21266638457085, 36.144455623070954], [-115.21330146731374, 36.14444442081946], [-115.21339516825095, 36.14444276799494], [-115.21347816939779, 36.14444130377336], [-115.21349176750844, 36.14444106366053], [-115.21457149787337, 36.144422009401254], [-115.21462314853798, 36.14442112472507], [-115.21462820169356, 36.14442103843532], [-115.21467479476101, 36.14442023911163], [-115.21545335580676, 36.14440726875573], [-115.21562641737601, 36.14440438521333], [-115.21671935457664, 36.14438538908758], [-115.21777086132805, 36.1443671307904], [-115.21777179038843, 36.14436711469898], [-115.21778991483792, 36.144366802290804], [-115.21824079120312, 36.1443590249398], [-115.21846235577365, 36.144356062526896], [-115.2188579347645, 36.14435077229502], [-115.21886051521767, 36.14435073237932], [-115.2199202612661, 36.14433430721004], [-115.22100371514053, 36.14431300257911], [-115.22204483648291, 36.14429432652868], [-115.22285415066027, 36.144280385961395], [-115.22312404202405, 36.144275735246595], [-115.22363201649358, 36.14426653114294], [-115.22420329483957, 36.14425617720248], [-115.22528404747979, 36.14423658236951], [-115.22634977039678, 36.14421206147376], [-115.22658515514813, 36.14420775435189], [-115.2265856474672, 36.144207744101536], [-115.22682053986952, 36.14420344856982], [-115.22715746057581, 36.14419642679165], [-115.22731889119571, 36.144193061841044], [-115.22741832184278, 36.14419098966313], [-115.2284877319205, 36.144167161905145], [-115.2295706662784, 36.144143294243996], [-115.23063909942879, 36.14412121543477], [-115.2317083879728, 36.14409707464611], [-115.23249405684612, 36.14407926452495], [-115.23264440124537, 36.1440764475637], [-115.23279460338868, 36.14407363270123], [-115.23387075891672, 36.144048797800956], [-115.23500214807447, 36.144067231944675], [-115.23527989829506, 36.144070262951246], [-115.23555764743116, 36.144073293310605], [-115.23611822095187, 36.14408006080987], [-115.23724107125362, 36.144092206664304], [-115.2378308212912, 36.14409823388276], [-115.23836307706335, 36.14410367079697], [-115.23948588999335, 36.14411615241243], [-115.2396380689461, 36.14411790512078], [-115.24049675780341, 36.14412778936129], [-115.24061121152009, 36.14412910656561], [-115.24076727014712, 36.144130782416866], [-115.24175601165676, 36.14414139728218], [-115.24275262187146, 36.144154109260484], [-115.2428373922471, 36.14415705869568], [-115.24291778617186, 36.144159855930354], [-115.24291938770075, 36.14418963123716], [-115.24292904621329, 36.144369214254965], [-115.24301665604263, 36.146031723061455], [-115.24311526371405, 36.147889912515126], [-115.24321383147164, 36.14975216335377], [-115.24331256008071, 36.15161933958558], [-115.24341207350822, 36.15348489506122], [-115.24344621638359, 36.154131085991956], [-115.2435106485902, 36.155350507609526], [-115.24361008135656, 36.157221573877436], [-115.24370519101251, 36.15898636452566], [-115.24371159903376, 36.15912228900263], [-115.24485771083329, 36.15911866627266], [-115.24602430473124, 36.15911463962265], [-115.2460343234076, 36.159114594839004], [-115.24640696214696, 36.159112824664426], [-115.24656950356295, 36.1591132124987], [-115.2466150013322, 36.15911320705412], [-115.2471688786318, 36.15911299131418], [-115.24719632778559, 36.159112987253756], [-115.24733734800465, 36.15911296392873], [-115.24782920772076, 36.15911288204756], [-115.24806709597152, 36.15911266686738], [-115.24806854084426, 36.15911266550501], [-115.24830498538608, 36.159112439500994], [-115.24832693545143, 36.15911236571787], [-115.24835620998518, 36.15911226735588], [-115.24845488136098, 36.15911193496725], [-115.24882309429506, 36.159110694686326], [-115.2491447930959, 36.15911062584017], [-115.24946649189543, 36.15911055793227], [-115.24951972978182, 36.15911053511001], [-115.2506398460428, 36.15911005266132], [-115.25077706062282, 36.15911031394188], [-115.25091413628094, 36.159110573778264], [-115.25119614574638, 36.15910970695338], [-115.25181631071348, 36.15910779779369], [-115.25289072554203, 36.15910739037445], [-115.2529813321886, 36.15910735556549], [-115.25300251730833, 36.15910734731336], [-115.25305962157734, 36.15910766255591], [-115.25311672697738, 36.15910797326787], [-115.25382615920604, 36.159108173628795], [-115.25414023281779, 36.15910828939381], [-115.25415859836717, 36.15910824704819], [-115.25473545048321, 36.159106907607615], [-115.25506891348576, 36.15910613228891], [-115.25525650796003, 36.159105695541406], [-115.25528195004844, 36.15910564717535], [-115.25528253355334, 36.1591056469713], [-115.25532017802863, 36.1591056158027], [-115.25644297513891, 36.15910487280546], [-115.25759510324718, 36.15910220630741], [-115.25763390125294, 36.15910220909465], [-115.25767264253521, 36.15910222162933], [-115.25771392010525, 36.15910223654191], [-115.25858239522088, 36.159102527449726], [-115.25876675994678, 36.1591026073067], [-115.25993238841322, 36.15909999637108], [-115.26037210303188, 36.15909908581056], [-115.26113182511824, 36.159097509225916], [-115.26118468498625, 36.15909751985719], [-115.26120569781715, 36.15909751599932], [-115.26121653103371, 36.15909750458319], [-115.26128921030856, 36.15909717641788], [-115.26203309820558, 36.15909358039532], [-115.26216183070399, 36.159094302484334], [-115.26229051319173, 36.159095024300875], [-115.26340718594562, 36.15909354974715], [-115.26443634938147, 36.159090520376544], [-115.26448064773363, 36.1590902868358], [-115.26452494725909, 36.15909003795976], [-115.2645387824336, 36.15909003423546], [-115.26563732210643, 36.15908965147623], [-115.26591760709455, 36.159088915749415], [-115.26611368543828, 36.15908840066026], [-115.26676924425131, 36.159086667342855], [-115.2667882421209, 36.15908664546158], [-115.2678097266487, 36.159085527115984], [-115.26786046031803, 36.15908582121764], [-115.26791115397667, 36.15908611519238], [-115.26837750233008, 36.1590850921676], [-115.26894668613005, 36.159083840748565], [-115.26899220070698, 36.159083804313134], [-115.26903771527684, 36.159083769663], [-115.27010088755357, 36.15908265285634], [-115.27013181992314, 36.159082657156205], [-115.27015771639454, 36.159082656389174], [-115.27016248671602, 36.1590826472341], [-115.2711634781195, 36.15908080405671], [-115.27119577114253, 36.159080744031705], [-115.2712228047956, 36.15908069732861], [-115.27128571382967, 36.15907885770151], [-115.27232329362705, 36.15908181124414], [-115.27322093409549, 36.159077601299224], [-115.27345552709697, 36.15907649975655], [-115.27454644641354, 36.159076503143794], [-115.27566802233049, 36.15907114956122], [-115.27681755375114, 36.15907016613182], [-115.27691439500462, 36.159069704661476], [-115.27787567196171, 36.159065117920846], [-115.27794462675548, 36.15906478817117], [-115.28028021595276, 36.159059594518226], [-115.28027315970056, 36.1589376592254], [-115.28012501130893, 36.157274943166485], [-115.28009443567612, 36.15691751430959], [-115.28003601419847, 36.156234555804566], [-115.27994329668675, 36.15522318323474], [-115.2799402948981, 36.155198935253445], [-115.27980878213393, 36.15367908487136], [-115.27973600920848, 36.15283804794198], [-115.27962011134183, 36.151517391517814], [-115.27954737054012, 36.15072550020654], [-115.27945499713907, 36.14966497406589], [-115.27929744202044, 36.14780839480226], [-115.27922030610141, 36.14693354160155], [-115.27913466980677, 36.14595589882258], [-115.27907782728674, 36.14533776581866], [-115.27899449720165, 36.1443499546899], [-115.27897342854787, 36.144100205446186], [-115.27784569446942, 36.14407165801473], [-115.27783485219852, 36.144071384304], [-115.27730671011325, 36.14405943306664], [-115.27671796402353, 36.144046108508945], [-115.276703637157, 36.14404578431496], [-115.27601425275259, 36.144028315801464], [-115.27559024824427, 36.14401756963234], [-115.27558597712218, 36.14401746131711], [-115.27522624567268, 36.14400933683898], [-115.27511340435608, 36.14400674547496], [-115.27510146421679, 36.144006471395286], [-115.2744625357927, 36.1439920845614], [-115.2744513756517, 36.143991832257065], [-115.27333362446745, 36.143963652945445], [-115.27231150389144, 36.14394078049014], [-115.27220993271742, 36.14393849145551], [-115.27220055258258, 36.1439382868279], [-115.27192437972543, 36.14393226761256], [-115.27164841348281, 36.143926278041064], [-115.27108442757552, 36.14391152652041], [-115.26995354764188, 36.14388304079097], [-115.26995350457156, 36.143676791200605], [-115.26995375903728, 36.14356084886134], [-115.26995688323274, 36.142138057543306], [-115.26995706321854, 36.1420556432826], [-115.2699468405461, 36.141448171076576], [-115.26994201769976, 36.14116159417738], [-115.2699444496691, 36.14074875799658], [-115.26996123799834, 36.14025348060232], [-115.26994981239439, 36.139824736228185], [-115.269953771832, 36.13913059414724], [-115.26995773126515, 36.13843642404531], [-115.26996163448167, 36.137752170709845], [-115.26996552110332, 36.1370706653139], [-115.26999392235737, 36.13659535833713], [-115.26997187068454, 36.13596977817437], [-115.2699683601787, 36.13583605131012], [-115.2699562272811, 36.13570265789709], [-115.26993550503146, 36.13556996214412], [-115.26990624980488, 36.13543832741812], [-115.26986854131513, 36.13530811534274], [-115.269865172057, 36.1352987176883], [-115.2698224837358, 36.135179683097434], [-115.26976820348465, 36.135053381609254], [-115.26970349759303, 36.13492522676271], [-115.2696552136683, 36.134837325465085], [-115.2691987151642, 36.13400626379353], [-115.26912011045454, 36.13385131798144], [-115.26905312964216, 36.13369427104059], [-115.26899730230394, 36.133534380887305], [-115.26897985548052, 36.13347076282485], [-115.26895276483013, 36.133371978671796], [-115.26892733920815, 36.133251324336314], [-115.26890628027351, 36.133115046608694], [-115.26889316482759, 36.13297811375284], [-115.2688880249384, 36.13284083229735], [-115.26889084992847, 36.13270391874841], [-115.26890332402564, 36.132551801262345], [-115.26892559578638, 36.13240042241728], [-115.26894200232819, 36.13231920428212], [-115.26897042131027, 36.13220044788477], [-115.26901526953382, 36.13205239817951], [-115.26906960646448, 36.13190645625321], [-115.2691110311662, 36.13181052961474], [-115.26915655730141, 36.131715834078264], [-115.26923241344414, 36.13157635134553], [-115.26932679761073, 36.13142586989882], [-115.26948402436103, 36.131192216138885], [-115.26970923558915, 36.13085752868462], [-115.26978074672108, 36.1307418267258], [-115.26982775422061, 36.13065254890196], [-115.26986893724585, 36.13056139733485], [-115.26991459498845, 36.13043737983123], [-115.26994177785373, 36.130342835160135], [-115.26996846435165, 36.13021522858828], [-115.26998411191762, 36.13008642234139], [-115.26998869131161, 36.129972450479585], [-115.26998232720346, 36.12936485465758], [-115.27183758479686, 36.12940623050228], [-115.27420794330386, 36.12945905217789], [-115.27446593266816, 36.129464798322495], [-115.27895386336297, 36.12956351352866], [-115.27895420997008, 36.12956352161983], [-115.2800766129395, 36.12957646483872], [-115.28026530141904, 36.1295786404437], [-115.2811990185687, 36.12958939935039], [-115.28158062021963, 36.12959392501183], [-115.2822943080346, 36.129602010947984], [-115.28232142353106, 36.12960232334381], [-115.28344308471412, 36.129615194399975], [-115.28387232236122, 36.12962012583707], [-115.28456518508543, 36.12962808308793], [-115.28527271735305, 36.12963618279352], [-115.28553551703173, 36.12963919063392], [-115.2857527212632, 36.12964167634365], [-115.28680938407422, 36.12965376132935], [-115.2879330501439, 36.12966660341856], [-115.28806848982533, 36.12966913021694], [-115.28819313224645, 36.12967145540644], [-115.28860823328966, 36.12967922641411], [-115.28914113814353, 36.129689135741835], [-115.29002640941711, 36.12970563921095], [-115.2902137870736, 36.12970913166376], [-115.29036456908003, 36.129711942168136], [-115.29082245102101, 36.129720474388805], [-115.29135198800621, 36.12973033951962], [-115.29249070843993, 36.129751545934305], [-115.29268616402247, 36.1297551893286], [-115.29362668764543, 36.12977271686901], [-115.29431217803311, 36.12978548766874], [-115.29451087333034, 36.1297891881783], [-115.29476487276683, 36.12979391839796], [-115.29590305857488, 36.129815109114546], [-115.29704815628483, 36.12983641819967], [-115.29718823546041, 36.1298364005018], [-115.29719050636548, 36.129836408630524], [-115.29733320864231, 36.12983639883181], [-115.29770804525329, 36.129836346856024], [-115.29819381664328, 36.1298362775298], [-115.29923788269383, 36.129836139156474], [-115.29933947596119, 36.12983612589971], [-115.29985455399004, 36.12983605442418], [-115.30035545090597, 36.12983598238366], [-115.30048513645993, 36.12983596331474], [-115.30163079480263, 36.12983579066825], [-115.3021668335033, 36.12983570536568], [-115.30277645543919, 36.12983560616826], [-115.3033979398146, 36.129835501848525], [-115.30363287506717, 36.129835461214135], [-115.30392211508384, 36.12983539628737], [-115.30392375830486, 36.1298353920087], [-115.30393595171871, 36.12983541594421], [-115.30507592850894, 36.12983520340338], [-115.30620300744454, 36.12983498892951], [-115.30621343441804, 36.12983498781643], [-115.30642718580752, 36.12983493685424], [-115.30705345113616, 36.1298347858643], [-115.3073150720464, 36.12983381353169], [-115.30733742121048, 36.12983387494335], [-115.30762011105233, 36.12983464583574], [-115.30775088325659, 36.129834613289866], [-115.30797618600059, 36.129834556395906], [-115.30845616701788, 36.1298344357454], [-115.30849755480567, 36.12983446942587], [-115.30964384945062, 36.12983412515923], [-115.30982152474692, 36.12983407763799], [-115.3107009630402, 36.12983384007014], [-115.31079166943931, 36.129833814853235], [-115.31193948949358, 36.129833492647066], [-115.31255664567968, 36.12983331658057], [-115.31308730960346, 36.129833161244576], [-115.31323441614958, 36.12983311810335], [-115.3142351286667, 36.12983281793939], [-115.3149742156256, 36.129832590525645], [-115.315177427907, 36.129832527375726], [-115.31524550726441, 36.13347164078482], [-115.31529029902565, 36.13578248945629], [-115.31531305473526, 36.136933469495865], [-115.31531350178167, 36.13695590296069], [-115.31531360145556, 36.13696089999287], [-115.31531697639512, 36.13711040533086], [-115.31535059467495, 36.13869647239335], [-115.3153904013701, 36.1405746073666], [-115.31539425083359, 36.14075619814405], [-115.31541353803784, 36.14164562492118], [-115.31547330594766, 36.14440167092095], [-115.31548330906705, 36.14479069132603], [-115.31555321140735, 36.14750883456575], [-115.31556435693942, 36.14794218949764], [-115.31558101867226, 36.14859666240693], [-115.3155839333575, 36.148711163588054], [-115.31561180854, 36.14980603860955], [-115.31565973364177, 36.15168842969071], [-115.31568103930697, 36.152517405661065], [-115.3157487215112, 36.15515063179973], [-115.31575434240042, 36.15536928383678], [-115.31576449150634, 36.15576413793646], [-115.31576668646449, 36.15584952816309], [-115.31579035800384, 36.156770446569865], [-115.31582172454739, 36.15799067759223], [-115.31584184635251, 36.158773470265174], [-115.31584640811113, 36.15895166328002], [-115.31850549632199, 36.1589474052113], [-115.3231032773838, 36.15893990289132], [-115.32479112660637, 36.15893710484682], [-115.32687341195825, 36.15894393140285], [-115.32862730416056, 36.15894965325091], [-115.3306622060961, 36.15895625904816], [-115.33137255220814, 36.158958557081135], [-115.33215201346768, 36.15896107341039], [-115.33215537552913, 36.15896108406791], [-115.33358523173708, 36.15896570796241], [-115.33385547367446, 36.15896658043773], [-115.33394971817367, 36.158966858768856], [-115.33642702768019, 36.15896775364865], [-115.33643585025297, 36.15896775741916], [-115.33709038796476, 36.15896798488487], [-115.33710466771359, 36.15896798180212], [-115.33740819000323, 36.158967971931546], [-115.33745160340631, 36.15896810885244], [-115.33784849926975, 36.158968244496], [-115.33839477542405, 36.15896842850674], [-115.34120727681514, 36.15896933643384], [-115.34278165361214, 36.1589617660332], [-115.3428899547198, 36.158961243581636], [-115.34443599902396, 36.15896009739811], [-115.34624962131555, 36.158958727675675], [-115.35026148645713, 36.158955607761726], [-115.35205251445252, 36.158954211622124], [-115.35680317265506, 36.15897397521709], [-115.35712118776549, 36.15897529113717], [-115.35713336990796, 36.158974242506865], [-115.35744472370692, 36.15894744071264], [-115.35767292358736, 36.15892235432984], [-115.35796541508296, 36.15887953742335], [-115.35822532041863, 36.15883310563095], [-115.35839677182014, 36.15879604648632], [-115.35856652190641, 36.15875415655039], [-115.35881750725777, 36.15868237394449], [-115.35906351410746, 36.15860003359638], [-115.35922441868291, 36.15853938546862], [-115.35946063373353, 36.15843996350203], [-115.35969010546026, 36.15833064934492], [-115.35991220500009, 36.15821174199432], [-115.36005587402748, 36.1581273005636], [-115.36026434068715, 36.15799314150443], [-115.36043798158032, 36.15786950300522], [-115.36059163111385, 36.157750474159585], [-115.36077502620353, 36.15759407940266], [-115.3607944720551, 36.157576603318994], [-115.36118967492787, 36.157221426167524], [-115.36123124933826, 36.157184061553366], [-115.36146973538814, 36.15696972877797], [-115.36200670554994, 36.15648428362882], [-115.36299406995542, 36.155591639660024], [-115.36314738136616, 36.15545303335347], [-115.36347845906693, 36.15544835193486], [-115.36372378797854, 36.15544991790489], [-115.36583523750687, 36.155463373933664], [-115.36598313412152, 36.155466678037385], [-115.36606345807458, 36.15546847227702], [-115.36700696753485, 36.15548954573965], [-115.37025914690739, 36.15551042470301], [-115.37025917382819, 36.15551115480284], [-115.37084561670679, 36.15550384631355], [-115.37279829835794, 36.15547948843895], [-115.37481402119694, 36.15545431171922], [-115.37877769149202, 36.15542125116236], [-115.37932142522801, 36.155416706046736], [-115.38669089219857, 36.15887116260453], [-115.38669172472149, 36.15887158487806], [-115.3941327008552, 36.16260795569962], [-115.40568540817982, 36.166688189904384], [-115.40658707210385, 36.17445918299723], [-115.40652095543153, 36.17574950465161], [-115.40621689180941, 36.1816829657015], [-115.40603037778428, 36.18484067073193], [-115.40579007500429, 36.18890861927804], [-115.40607649894929, 36.19466380461174], [-115.40609088313511, 36.19466326801144], [-115.40710599453601, 36.1946602126023], [-115.40711938352658, 36.19466017192713], [-115.40853726761173, 36.19465589045688], [-115.40999651948493, 36.19465146553619], [-115.41463988373737, 36.19463726805169], [-115.41463548339668, 36.1945348136212], [-115.41454088434774, 36.19233226824071], [-115.41451980619482, 36.191746228053304], [-115.41445608571843, 36.18997449509604], [-115.41441788345321, 36.18891226770434], [-115.42224401706527, 36.188569080036565], [-115.423014917331, 36.18853524658691], [-115.42309273531903, 36.18853183122631], [-115.42312451612021, 36.18853043619995], [-115.42333225940814, 36.18852131805975], [-115.42333777470662, 36.18852107577294], [-115.42336140709136, 36.18852003842186], [-115.42341283390745, 36.1885177808955], [-115.42344357835545, 36.188516431267225], [-115.4234791809327, 36.188514869104104], [-115.4234928857794, 36.188514267314105], [-115.42352705543719, 36.19894777044501], [-115.4235527437539, 36.20679043272159], [-115.42359579417236, 36.21993297182136], [-115.42361522120362, 36.22586289762301], [-115.42365395313703, 36.23768448709165], [-115.42365556304522, 36.23817572855313], [-115.42368883152155, 36.24832860604552], [-115.42372213842953, 36.25849170401796], [-115.4237327263052, 36.2617223877201], [-115.42373303323407, 36.26181604049653], [-115.42373403782837, 36.26212254220252], [-115.42373483018737, 36.262364335968634], [-115.42373637044433, 36.26283422390569], [-115.42374107397879, 36.26426942005465], [-115.42374141105077, 36.264372329909975], [-115.42374663933364, 36.26596756808877], [-115.42374691545734, 36.26605175278131], [-115.42374764503246, 36.26627409572041], [-115.42375335596147, 36.26801672077109], [-115.42375378063338, 36.2681460535785], [-115.42376000801215, 36.27004626436789], [-115.42376023820876, 36.27011637722228], [-115.42376632041638, 36.27197203231828], [-115.4237667647669, 36.272107565885925], [-115.42377255458764, 36.27387395253195], [-115.42377313584666, 36.27405106145961], [-115.42377866279887, 36.27573718717272], [-115.42377923277826, 36.27591109287618], [-115.42378389443354, 36.27733327673479], [-115.42385221455842, 36.277642747027], [-115.42390033224848, 36.2778607012935], [-115.42420919242984, 36.2792597015221], [-115.42429595602553, 36.279652691559214], [-115.42449949168103, 36.28057458109422], [-115.42455324618471, 36.28081805052604]]]}, "properties": {"OBJECTID": 6, "COMMISSION": "F", "NAME": "F - Justin Jones (D)", "Shape__Area": 27011530575.312935, "Shape__Length": 993367.0003612433, "district_id": "F"}}, {"type": "Feature", "id": 7, "geometry": {"type": "Polygon", "coordinates": [[[-115.06090223855995, 36.133743390174274], [-115.06097991466856, 36.137031822808495], [-115.06538985254672, 36.136960426927956], [-115.06554667870593, 36.13695349539478], [-115.06554670684176, 36.136950396874234], [-115.06549831800254, 36.13512761800951], [-115.06544971968951, 36.13329690449907], [-115.06539833646761, 36.13146401617761], [-115.06534683812409, 36.12962695019538], [-115.06534722364616, 36.12962695005995], [-115.0654822908477, 36.12962689685435], [-115.0655161534719, 36.12962688371806], [-115.06750936680369, 36.12962607337475], [-115.0675527164599, 36.12962604553792], [-115.06755594622292, 36.129626037814155], [-115.06976800859512, 36.129625139715124], [-115.0703395015558, 36.12962490096697], [-115.07418989304354, 36.129623161861296], [-115.07713934282837, 36.129617073223805], [-115.07730268406826, 36.12961670075916], [-115.07745761025377, 36.1296163664389], [-115.08112322333204, 36.1296111300483], [-115.08122904270698, 36.12961097791409], [-115.08131430761793, 36.12962036085428], [-115.0813905217977, 36.12965406597756], [-115.08144798054177, 36.129691161548955], [-115.08152251726348, 36.12975191099306], [-115.0819804583083, 36.12942966473527], [-115.08259184433702, 36.12897344819622], [-115.07605402240439, 36.123160441750606], [-115.0749966455319, 36.122219179915064], [-115.07455860823892, 36.12182035767551], [-115.07431177703921, 36.121602283634616], [-115.07421372057243, 36.12151533182332], [-115.06723029323511, 36.11531722604746], [-115.06677415630847, 36.114914298157395], [-115.06619652081731, 36.11490943121062], [-115.06577412754368, 36.11489568392326], [-115.06542894077573, 36.11487332538279], [-115.06486432062198, 36.114850434602886], [-115.06469056318183, 36.114853129055724], [-115.06419418982674, 36.11487229657648], [-115.06278628283005, 36.11491563605364], [-115.06141204707944, 36.114954984951254], [-115.06069769663175, 36.11498071576887], [-115.06004070878988, 36.11500394665206], [-115.05887026018044, 36.11504710178013], [-115.05852327136877, 36.11505989300275], [-115.05798823512502, 36.11507935212081], [-115.05653315708004, 36.115132261468446], [-115.0563076022284, 36.115132905277704], [-115.0562600018437, 36.115132749042594], [-115.05619249527297, 36.11512884774568], [-115.05614315002732, 36.115124338643746], [-115.05607795955129, 36.11511594370367], [-115.05601460794695, 36.11510565058344], [-115.05589962110713, 36.11508629742293], [-115.05544730184971, 36.11499798638634], [-115.05507970843499, 36.11493348994556], [-115.0549714741116, 36.11491869557802], [-115.05487793974642, 36.11490695465045], [-115.05469067124572, 36.11488942564897], [-115.05396101696951, 36.11487378567567], [-115.0533149072971, 36.114865469798296], [-115.0514310674802, 36.114854681720445], [-115.05141732911461, 36.114539750690355], [-115.0513477240582, 36.112946224411914], [-115.05123894184713, 36.111491502519215], [-115.05118374826904, 36.11036629029222], [-115.05369075448276, 36.110382111414296], [-115.05407119721008, 36.11036857789327], [-115.0551294747205, 36.110291471916625], [-115.05531181803437, 36.11027953407065], [-115.05550988367042, 36.11025914977298], [-115.05569344416523, 36.110232773445496], [-115.05589118592404, 36.11019501191259], [-115.05605852471858, 36.11014972382562], [-115.05620742867832, 36.11010340082562], [-115.05638252311321, 36.11004085775269], [-115.05662125392975, 36.109943813201866], [-115.05868181047339, 36.10841032688532], [-115.05890042540766, 36.108245081406864], [-115.05909925095108, 36.10809623093595], [-115.05859033888323, 36.10764384534684], [-115.05708941064043, 36.10631138347086], [-115.05549686902243, 36.104897354514556], [-115.05402740395722, 36.10359254261306], [-115.05098913087087, 36.10089451245141], [-115.05125112755859, 36.10077836879151], [-115.0513966134622, 36.10070834947915], [-115.05157681602375, 36.10063280589356], [-115.05174756548367, 36.10057809863888], [-115.05193756161381, 36.10052897170585], [-115.05213391787964, 36.100495524589114], [-115.05229949108436, 36.10047484189054], [-115.05247634072315, 36.10045968430167], [-115.05356476868705, 36.10045001501299], [-115.05489492384662, 36.100438405341706], [-115.05492188303216, 36.10043816912412], [-115.05856280959738, 36.10035843185366], [-115.05942623755371, 36.100339507455395], [-115.06382940898291, 36.10024347791084], [-115.06393579711711, 36.10024001127217], [-115.06393616449512, 36.10024004621268], [-115.06393772838622, 36.10024002054507], [-115.0654872755438, 36.10024770985205], [-115.0661702820158, 36.10025217572296], [-115.06635956848189, 36.100253114232764], [-115.0669571321399, 36.10025607581255], [-115.07022311607032, 36.10026495623462], [-115.07118284321255, 36.10026754895212], [-115.07322676842455, 36.10027304480827], [-115.07434754254065, 36.10027102508977], [-115.0752308789577, 36.10026942673796], [-115.07611421875554, 36.100267820986495], [-115.0769845477709, 36.10026623305547], [-115.07787058977269, 36.1002646095504], [-115.0801046946358, 36.100267734791615], [-115.0801804690474, 36.10026784030077], [-115.08072494678821, 36.10027677611156], [-115.08166257373695, 36.10029215825802], [-115.0819238518138, 36.100296435284605], [-115.08235019111191, 36.10030343351703], [-115.08251806139282, 36.10030854623372], [-115.08268752743493, 36.100306162074496], [-115.08312405107755, 36.10030001861847], [-115.08410353981328, 36.100286228167036], [-115.08467459889162, 36.10027818438429], [-115.08468684212315, 36.100278011814154], [-115.08469558776363, 36.100277888679756], [-115.085219600909, 36.10027050364224], [-115.08557925172619, 36.10026543406426], [-115.08574015082128, 36.10026316592274], [-115.08575762765439, 36.10026292034078], [-115.08688800739306, 36.10024697835514], [-115.08734750312638, 36.10024049558131], [-115.08776837990689, 36.10023454622962], [-115.0882751112298, 36.100227401718726], [-115.08980726161784, 36.100205760320456], [-115.09061593125824, 36.100194329612165], [-115.0907784550936, 36.10019203164176], [-115.09178360343218, 36.1001778142955], [-115.09178254558657, 36.100314836197185], [-115.09179824558416, 36.10150704463508], [-115.09182242103172, 36.10316230976862], [-115.09183322907307, 36.10390683542471], [-115.0918345851015, 36.103994750001746], [-115.09183222990875, 36.10478042890277], [-115.09183167976624, 36.10503865933484], [-115.09183596110357, 36.10530240478884], [-115.09184368218332, 36.105761212411856], [-115.09185228776545, 36.10628183463029], [-115.09185805436042, 36.10647690633243], [-115.09183107601969, 36.10669794258278], [-115.09178725367674, 36.10717714231153], [-115.09174899099179, 36.10754510501695], [-115.09174014924369, 36.10763984558767], [-115.09186928421441, 36.10763644030036], [-115.0923583352065, 36.10763281136556], [-115.0936543197781, 36.10763479117547], [-115.09649757909484, 36.107637909458184], [-115.09735810672107, 36.107632545933235], [-115.10069264995637, 36.10761005597287], [-115.1019507019499, 36.107590398213155], [-115.1022166294755, 36.107585919780334], [-115.1029706096289, 36.10757330667214], [-115.10362001914844, 36.107561778045905], [-115.10531896137844, 36.107532735468276], [-115.1058517832455, 36.10751972278466], [-115.10593241384264, 36.107517296934624], [-115.10698813144585, 36.107500895205234], [-115.10699263898219, 36.10750084462744], [-115.10770304476958, 36.1074928531317], [-115.10991809746122, 36.107450697224316], [-115.11004189097085, 36.107448439150396], [-115.1108803030829, 36.107432518080266], [-115.1122091800142, 36.107414856969584], [-115.11229153813208, 36.10740785593678], [-115.11276681353921, 36.10740010848963], [-115.11363102871921, 36.10738564308439], [-115.1144808570754, 36.10737111514593], [-115.11450477363373, 36.10736983515553], [-115.11679231784088, 36.107332326035774], [-115.11742105032337, 36.107320414941746], [-115.1190798895065, 36.107290197443035], [-115.12135890173347, 36.10734335588376], [-115.12366104297935, 36.10739540515714], [-115.12527781025787, 36.10743068026318], [-115.12595786586114, 36.107445773871895], [-115.12824301136492, 36.10749774865109], [-115.13052452306738, 36.107563565955765], [-115.13179443818812, 36.107601428217606], [-115.13280899033482, 36.10762989802704], [-115.13323831057374, 36.107653207689175], [-115.13382665959757, 36.10766777780222], [-115.13509813821888, 36.1076945817223], [-115.13532575522528, 36.1077049670011], [-115.13532619828041, 36.10770498758509], [-115.13561351639439, 36.107712536530286], [-115.13605755531138, 36.10772420304481], [-115.13703432283809, 36.10774982276705], [-115.13738549602908, 36.107760292981546], [-115.1374024736695, 36.10776079871026], [-115.13729161897379, 36.10623126480446], [-115.1372701400565, 36.105934899717504], [-115.13717887355476, 36.10467559109396], [-115.13716265598606, 36.10445181456475], [-115.13935314754166, 36.10444567398288], [-115.14102305137166, 36.10446958146392], [-115.14117281337457, 36.104488734355655], [-115.14128377145478, 36.10451060643239], [-115.14135941870691, 36.10454093304077], [-115.14143503827242, 36.104578989949374], [-115.14149648696801, 36.10462299450825], [-115.14153859408584, 36.10466035093331], [-115.14156831172647, 36.10470624654607], [-115.14158039683463, 36.10475207804389], [-115.14170651778615, 36.107423023023685], [-115.14171811255271, 36.10768849127158], [-115.14172989931237, 36.107707154663046], [-115.1417428217462, 36.107723144478136], [-115.14175780247434, 36.10773652810919], [-115.14177490953938, 36.1077480475757], [-115.14178867103458, 36.10775641368145], [-115.14180379888833, 36.107762960590655], [-115.14184077178105, 36.107772550567894], [-115.14553068837083, 36.10785025237458], [-115.14849185166646, 36.107882923292124], [-115.14952629652916, 36.10794904766414], [-115.15042474160455, 36.107955542011375], [-115.15042417631803, 36.10805855853776], [-115.15047892938486, 36.111461122523565], [-115.15046948459934, 36.11160119357167], [-115.15042450773502, 36.11177685021242], [-115.15036337285665, 36.11192772309632], [-115.15025639055082, 36.11210452824293], [-115.15014244616512, 36.11223872713635], [-115.14999737438411, 36.11237693497481], [-115.14981534730188, 36.112501272215475], [-115.14964257643065, 36.112596797506306], [-115.14948710497214, 36.11266354001622], [-115.14742883437111, 36.113238468371215], [-115.14727614801747, 36.113298350230416], [-115.14708857549442, 36.11339107077566], [-115.1469396967812, 36.113489426292766], [-115.14679473002353, 36.113607026889824], [-115.14667935015684, 36.1137316021435], [-115.14667040205501, 36.11374255816491], [-115.14658491035914, 36.113857627201185], [-115.14650048373953, 36.114009787600224], [-115.14645234683071, 36.114142849264816], [-115.14641212982146, 36.114259456839484], [-115.14639654909557, 36.114398131519856], [-115.14638980240225, 36.114546454370206], [-115.14638811531513, 36.11469920392173], [-115.14638635942619, 36.114862365921596], [-115.1463362747829, 36.11657458281085], [-115.14632083412107, 36.117102437654644], [-115.1465940077417, 36.11710618100106], [-115.14659838639602, 36.117041638767994], [-115.14661536358716, 36.11695653878155], [-115.14663869585875, 36.11690854858141], [-115.14671498459232, 36.11681267613696], [-115.14680612961315, 36.11674707650797], [-115.14690984295915, 36.11670487253184], [-115.14698890309492, 36.116681809677885], [-115.14878736481461, 36.11642402556511], [-115.14907304366999, 36.116383074461794], [-115.14954885412318, 36.11632573436896], [-115.14966139329046, 36.116333009702714], [-115.14977816354339, 36.1163403002431], [-115.14981886757258, 36.11636517196463], [-115.15024753948374, 36.11676094046638], [-115.15027856372687, 36.116776161985285], [-115.15032331190821, 36.116796927416964], [-115.15063544897001, 36.11679975235685], [-115.15063670189761, 36.11672222357908], [-115.15063602608244, 36.11658178711076], [-115.15063607154299, 36.11657937269615], [-115.15064916912381, 36.11588754805293], [-115.15160022730305, 36.11589210221949], [-115.15175045960642, 36.11589998640491], [-115.15188777825281, 36.115920324908856], [-115.1520444601597, 36.115959883760134], [-115.15220305241556, 36.11602004485769], [-115.1523083713218, 36.116073205677914], [-115.15279671358779, 36.116347901037145], [-115.15279756298432, 36.11634837907408], [-115.15282892316398, 36.11636601842485], [-115.15292160647245, 36.1164117922214], [-115.15296514787185, 36.116426821876594], [-115.1529982635904, 36.116438288186075], [-115.15306396788003, 36.11646093137], [-115.15317859755984, 36.11648501832641], [-115.15335520358369, 36.11649837144361], [-115.15386372170887, 36.11650683175998], [-115.15401371151016, 36.11650361004436], [-115.1541656613281, 36.11649233124313], [-115.15466501770486, 36.11649214793467], [-115.15472574125462, 36.116694720273834], [-115.15473286911745, 36.11671849769867], [-115.15489890753054, 36.116712001992376], [-115.15500097752313, 36.11669587140773], [-115.1550728267644, 36.11667778143935], [-115.15513382361115, 36.11665612405434], [-115.15518998928792, 36.116627531904996], [-115.1552233689899, 36.11660558559835], [-115.15529227831227, 36.116550955355066], [-115.1553164427003, 36.11651505193188], [-115.1554233197624, 36.11651637378393], [-115.15593860565451, 36.116522747638314], [-115.15625994448146, 36.11652672097645], [-115.15627346334752, 36.11652732887531], [-115.15628018934855, 36.116527960327076], [-115.15629352228856, 36.116529876246666], [-115.15630499984981, 36.11653225602924], [-115.15631624619668, 36.11653528121779], [-115.15632410597891, 36.116537829264296], [-115.15633482555029, 36.116541925118966], [-115.15634225252543, 36.11654521699576], [-115.15634946794285, 36.11654880644791], [-115.15636052751407, 36.1165551441408], [-115.15636966542466, 36.116561262277465], [-115.15637744455769, 36.1165672178436], [-115.15643900722212, 36.116617437680034], [-115.15668206684083, 36.116398674163236], [-115.15671978912667, 36.11642626566562], [-115.15677646521547, 36.11637525568051], [-115.1567387440495, 36.11634766329845], [-115.15704118908842, 36.116075449857384], [-115.15727602982564, 36.115864068141484], [-115.15731375206742, 36.11589165945898], [-115.15737042628609, 36.11584064737665], [-115.15733270514963, 36.11581305788334], [-115.15750442962313, 36.11565849446399], [-115.15763876834393, 36.115756755612125], [-115.15782349921064, 36.11559591623619], [-115.15784616890852, 36.115575512029515], [-115.15784942510847, 36.11557235102185], [-115.15785329506748, 36.11556784565328], [-115.15785659230949, 36.1155630480323], [-115.15785985561116, 36.11555671718118], [-115.15786133760018, 36.11555277565632], [-115.15786298571504, 36.115546043398545], [-115.15786357990578, 36.11553782476101], [-115.15786291366912, 36.11553098243712], [-115.15786162643526, 36.115525590801674], [-115.15785968200117, 36.11552033022445], [-115.15785710007451, 36.115515253952026], [-115.15785390593624, 36.11551041164554], [-115.15784910324442, 36.115504762371316], [-115.15784473155293, 36.115500554002125], [-115.15804972790704, 36.11565042974593], [-115.15805716903103, 36.1156560397079], [-115.1580632092772, 36.11566085065224], [-115.15807370152044, 36.115669813460514], [-115.1580815115967, 36.115677042562254], [-115.1580890061277, 36.11568449136166], [-115.15809415873667, 36.11568993817467], [-115.15810300770212, 36.11570000194256], [-115.15810767893177, 36.115705728251584], [-115.15811304980329, 36.1157127233687], [-115.15811852799182, 36.11572021097575], [-115.1581256122977, 36.11572957718227], [-115.158136667072, 36.115743403588006], [-115.1581443195129, 36.115752470775945], [-115.15815520389933, 36.115764730117625], [-115.15816441395593, 36.11577457704807], [-115.15817282867317, 36.11578318637572], [-115.15818254702764, 36.115792707035865], [-115.15819140546034, 36.11580101870557], [-115.15820507170913, 36.11581321310688], [-115.15821561529441, 36.11582213732894], [-115.15822519091803, 36.11582990625526], [-115.1582337271819, 36.11583657641461], [-115.15824576542624, 36.11584559606747], [-115.15844697232546, 36.115992766403444], [-115.15861450239719, 36.11611530348636], [-115.15859410295243, 36.116133497789114], [-115.15817407727585, 36.116508108197166], [-115.15847426618923, 36.116682775030164], [-115.15852796349088, 36.11671069571051], [-115.15859021213838, 36.11673983549842], [-115.15864160335438, 36.11675229788767], [-115.1587000721638, 36.11675250514556], [-115.15882608640962, 36.11673826867986], [-115.15923753095737, 36.116682264506444], [-115.15941731563008, 36.11663978988778], [-115.15942362417196, 36.11669143500309], [-115.15947804794737, 36.116678496545006], [-115.15953220122822, 36.116664832460906], [-115.1595676770748, 36.11665589629519], [-115.15958773255505, 36.11665084425248], [-115.15964355733811, 36.11663764298867], [-115.15969965776718, 36.11662523581648], [-115.15975601717682, 36.11661362357793], [-115.15981261665094, 36.11660281251483], [-115.15986943952416, 36.116592803469295], [-115.15992646911171, 36.11658360088852], [-115.15998368984467, 36.11657520832241], [-115.16001524543198, 36.11657103956083], [-115.16004108061922, 36.11656762569612], [-115.16009862696754, 36.11656085836609], [-115.16015630890162, 36.11655490536019], [-115.16021411085255, 36.1165497702285], [-115.16027201392377, 36.11654545560798], [-115.16030158273304, 36.11654367360462], [-115.16033000034894, 36.11654196053441], [-115.16038805456397, 36.116539287656714], [-115.16044615657613, 36.11653743690418], [-115.16050428972015, 36.11653640911923], [-115.16056243511412, 36.11653620423521], [-115.16062057830965, 36.116536824003674], [-115.16067869710679, 36.116538265642454], [-115.16073677817282, 36.11654053000585], [-115.16079480040413, 36.11654361701954], [-115.1607997540391, 36.1165439508469], [-115.16085274603437, 36.116547525719554], [-115.16091060175007, 36.11655225335524], [-115.16096834534164, 36.1165577989471], [-115.16102596014377, 36.11656416333789], [-115.16108343063112, 36.11657134196657], [-115.16114073793592, 36.11657933206294], [-115.16119786428705, 36.11658813356463], [-115.16125479193718, 36.11659774190287], [-115.1613115053464, 36.1166081552206], [-115.16136798565657, 36.116619368945216], [-115.16142421731787, 36.11663138302231], [-115.16148017926515, 36.11664419016765], [-115.16153184887318, 36.116656807322144], [-115.1615358593002, 36.11665778673342], [-115.16159123743957, 36.11667217084714], [-115.16164629816222, 36.11668733704676], [-115.16170102594717, 36.116703279870315], [-115.16175540081562, 36.11671999654403], [-115.16180940726088, 36.116737478902174], [-115.16186302974246, 36.11675572508794], [-115.16191625275364, 36.11677472693558], [-115.16196905965747, 36.11679447988069], [-115.16202143160979, 36.1168149766471], [-115.16207335530599, 36.11683621268209], [-115.16207375429458, 36.11683638352925], [-115.16212481412828, 36.116858179816134], [-115.16217579366109, 36.11688087349266], [-115.16222627618052, 36.116904284636966], [-115.16227624728054, 36.11692840688999], [-115.1623256936658, 36.11695323389654], [-115.16240625880329, 36.116995810447264], [-115.16244157926221, 36.117014709500985], [-115.1624773012105, 36.117033106128645], [-115.16251341468407, 36.11705099398576], [-115.16254990527068, 36.11706836761359], [-115.16258676632908, 36.117085222482025], [-115.16262398345171, 36.11710155223093], [-115.16264402137239, 36.117109981243836], [-115.16266154554911, 36.11711735321592], [-115.162699442657, 36.11713261909256], [-115.1627376614642, 36.117147346208604], [-115.16277619310758, 36.117161530026166], [-115.16281502205426, 36.117175166885204], [-115.16285413833982, 36.117188250441366], [-115.16289353086981, 36.11720077795154], [-115.1629331874341, 36.11721274757002], [-115.1629730947406, 36.11722415203952], [-115.16301324057903, 36.11723498951434], [-115.1630536149609, 36.11724525815657], [-115.16309420236274, 36.11725495250378], [-115.163134993902, 36.117264071623275], [-115.1631759740503, 36.11727261095388], [-115.16323533313921, 36.11728385462541], [-115.16323881323065, 36.11728451396151], [-115.16390580628729, 36.11750849934081], [-115.1639009326313, 36.117242051113365], [-115.16404105110725, 36.11724076964948], [-115.1640408521997, 36.117226365295224], [-115.16403379495736, 36.11672367084216], [-115.16402736505295, 36.116260529348466], [-115.16401844407513, 36.11448432311083], [-115.16415785080584, 36.114482693805755], [-115.1656545445141, 36.11452207232752], [-115.16750663679392, 36.11457567379522], [-115.16760530984904, 36.11457815592574], [-115.16770932371439, 36.11457957404298], [-115.16789688631604, 36.11458466709863], [-115.17267213662537, 36.114714237678314], [-115.17282928223645, 36.114719840642636], [-115.17285470983141, 36.11472067404355], [-115.1754034216249, 36.11478018039785], [-115.17638461032146, 36.11480868433039], [-115.17688995332195, 36.11480490550164], [-115.17762490985304, 36.11479778159763], [-115.17795280005087, 36.114776914245056], [-115.179311178422, 36.11462017566823], [-115.17977342809034, 36.11457612157856], [-115.18032195259848, 36.11453223788808], [-115.18046724703811, 36.11452135576306], [-115.18064521380866, 36.11450715654366], [-115.18083681457279, 36.11449164280423], [-115.18083698309243, 36.11446384367567], [-115.18083663439351, 36.114418766692296], [-115.18084003035656, 36.11379006548768], [-115.18083983080136, 36.113557942202206], [-115.18084372756695, 36.11245599419612], [-115.18083943471218, 36.11182943007569], [-115.18084352399988, 36.11115947750751], [-115.18084778678933, 36.11046115521066], [-115.18085017696747, 36.110069535532034], [-115.1808521685905, 36.10974339848658], [-115.18085467612941, 36.10933267879097], [-115.18085650792024, 36.108129110411824], [-115.18085650938335, 36.10812773503161], [-115.18085912732066, 36.106405755985264], [-115.18086006686856, 36.105787854092775], [-115.18086092371914, 36.10553997209019], [-115.18086341583955, 36.10488550051468], [-115.18086372444085, 36.10480431592945], [-115.18086400789902, 36.104730019905155], [-115.18086737523132, 36.103845365087395], [-115.18086759324049, 36.10374731593087], [-115.18087380646213, 36.10094733658904], [-115.18087382026617, 36.100751689215116], [-115.18087381858113, 36.1007489708827], [-115.18086025286503, 36.10074911098526], [-115.18048886889159, 36.10075457585056], [-115.18033598081045, 36.10075680259658], [-115.18001625432653, 36.1007614564056], [-115.1793642382063, 36.10077094533547], [-115.17777040878157, 36.10079412621771], [-115.17604002646245, 36.100819268841114], [-115.17330201131485, 36.10085899924319], [-115.17304815015035, 36.100862352853675], [-115.17295627358403, 36.100857239689724], [-115.17296054330058, 36.10061474016057], [-115.17293881026163, 36.098772685017046], [-115.17292656411102, 36.09734411257643], [-115.17290329399039, 36.09465866901437], [-115.1728934461061, 36.093745199259146], [-115.17289394433053, 36.09359769916255], [-115.17289423004122, 36.09351306600706], [-115.17287752048323, 36.09176305704618], [-115.17285404407951, 36.089768525137956], [-115.17289446425458, 36.08916200888494], [-115.17289898208116, 36.08784763808024], [-115.17289341039181, 36.08614919496656], [-115.17286037099679, 36.08506806412724], [-115.17276689341328, 36.08252666081319], [-115.17276149599766, 36.082262913429005], [-115.17276066522098, 36.08222195530751], [-115.17275263408831, 36.081826231680466], [-115.17274854875839, 36.08162492122678], [-115.17273219803543, 36.080819169173246], [-115.1727174249786, 36.080527916922], [-115.17268261688191, 36.07863910969398], [-115.17260528279142, 36.07475982045451], [-115.1724798936257, 36.072337994892465], [-115.17237838734599, 36.071109951810705], [-115.17237711498827, 36.071109966375715], [-115.17235107605902, 36.07111026555854], [-115.17232509374853, 36.0711105649298], [-115.17170404797022, 36.07111633637981], [-115.16595387634557, 36.07119246087408], [-115.16356784537408, 36.07122396980234], [-115.16347531754366, 36.071225175239775], [-115.16141957689875, 36.071251469841215], [-115.15961156679599, 36.071274566441566], [-115.15896416393824, 36.07128286278119], [-115.15874049751851, 36.07128571104969], [-115.15866836535943, 36.07128663621814], [-115.15855733932966, 36.071288046314955], [-115.15819211085532, 36.071292727976214], [-115.15456795412965, 36.07042458853125], [-115.15416727312149, 36.07032920967373], [-115.14961667470216, 36.06923857911817], [-115.14743379854475, 36.06871168711606], [-115.14712713038412, 36.06863489336436], [-115.14571098549771, 36.068292548479185], [-115.14117377618307, 36.06720037490643], [-115.13664942504349, 36.066110352607986], [-115.13557798224656, 36.06585545957494], [-115.13249653537272, 36.065114531600614], [-115.13219940532773, 36.065043128088426], [-115.1309867701656, 36.06475170951852], [-115.1308756864061, 36.064725192069425], [-115.1299855528615, 36.064510296061215], [-115.1297194800586, 36.064443357170354], [-115.1293858549203, 36.064355557140686], [-115.1291170887801, 36.06427899158692], [-115.12879196325726, 36.06418435506615], [-115.12850489598539, 36.064091235666716], [-115.12821211920921, 36.06399809390295], [-115.12793078612816, 36.06390087413253], [-115.12762331101575, 36.0637898175231], [-115.12732661310366, 36.06368017561558], [-115.12712681325533, 36.063599747174806], [-115.12688418187314, 36.06350267223633], [-115.12659452059829, 36.06338343928332], [-115.12271438789502, 36.06167530397984], [-115.12270806457657, 36.06167251988391], [-115.12205890969477, 36.06138672527055], [-115.11868950968592, 36.05989572700188], [-115.11838438215047, 36.05975918311158], [-115.1183802619749, 36.05961064544928], [-115.11837969608952, 36.05959022867701], [-115.11835674172441, 36.05873667324798], [-115.11831403902607, 36.05693762950233], [-115.11831185041859, 36.05685588605547], [-115.11831185372746, 36.05685475763286], [-115.11831019877634, 36.05677173640006], [-115.11830912131607, 36.056716399225905], [-115.11830722333622, 36.05661903005493], [-115.11828576238376, 36.055177356794395], [-115.1182791018426, 36.054885809669834], [-115.11824057930421, 36.05319966875265], [-115.11820808394931, 36.05319998702642], [-115.1180785931525, 36.053201254727036], [-115.11807251568223, 36.05320134831095], [-115.1159916515073, 36.053222461443944], [-115.11492851148729, 36.053232717004846], [-115.11375626017256, 36.053244013948685], [-115.10926575706462, 36.0532853458368], [-115.10880600098172, 36.0532899541213], [-115.10802004256014, 36.053297831082794], [-115.10756375404534, 36.05330240058129], [-115.10705725319202, 36.05330747188859], [-115.10704081603228, 36.05330766435947], [-115.10656979710261, 36.05331301967957], [-115.10656792893796, 36.05331304199321], [-115.10646857688617, 36.05331417185064], [-115.10633664694251, 36.05331567313506], [-115.10620471588562, 36.05331717426986], [-115.10607278593527, 36.05331867526383], [-115.10594085598157, 36.053320176112614], [-115.10580892602455, 36.05332167681612], [-115.10567699495424, 36.053323177369975], [-115.10554506610588, 36.05332467688622], [-115.10541313502887, 36.053326177149636], [-115.10528120505846, 36.05332767727224], [-115.10514250842193, 36.053329253909354], [-115.10500043066732, 36.05333086917124], [-115.10498081555535, 36.05333109194237], [-115.10480318395003, 36.05333311039118], [-115.1046049977293, 36.0533332321691], [-115.10427461056041, 36.05333725623654], [-115.10409634310821, 36.053339428825545], [-115.10396821761371, 36.053340988677974], [-115.1036538558199, 36.05334481283179], [-115.10361041726259, 36.05334534654314], [-115.10343043408352, 36.053346011502676], [-115.10329941562433, 36.05334654689263], [-115.10315851420117, 36.05334709032444], [-115.10311157682028, 36.05334767112989], [-115.10268377004826, 36.05335296795368], [-115.10256182941677, 36.05335447629108], [-115.10254662326952, 36.05335465145103], [-115.1024707819276, 36.053355593776935], [-115.10241746855253, 36.05335625418869], [-115.10221156672468, 36.05335880703155], [-115.10204579785969, 36.05336085818562], [-115.10199546157074, 36.053361480789626], [-115.10176342088431, 36.0533643524267], [-115.10172878589555, 36.053364780215695], [-115.10152361667895, 36.053367318596344], [-115.10128385685772, 36.05337028446469], [-115.10109320453313, 36.05337264163352], [-115.10105337461965, 36.05337313395445], [-115.10102996086206, 36.053373423717616], [-115.10078165155555, 36.05337650200001], [-115.10071510333071, 36.05337732559624], [-115.10047773000274, 36.05338026340711], [-115.10031011699077, 36.05338238945578], [-115.10030860338202, 36.053382331982874], [-115.10031176613275, 36.05329959401446], [-115.10031115342738, 36.0529637216358], [-115.10030676695199, 36.05240913749767], [-115.10030623215731, 36.05234153106894], [-115.10029762653014, 36.05125348812014], [-115.10029722054884, 36.05119895113987], [-115.10029636893199, 36.051084741374304], [-115.10029213723584, 36.05051682285777], [-115.10028769230954, 36.049827217127394], [-115.10028722566364, 36.049800412192134], [-115.10028582111731, 36.04971839033738], [-115.10028576879685, 36.049716599230365], [-115.10028619587247, 36.049604917345974], [-115.10028604280777, 36.047744676377675], [-115.10028603236837, 36.04761522162559], [-115.10028592533358, 36.046326716304094], [-115.10028590316763, 36.04605529118009], [-115.10028718506142, 36.045677764908724], [-115.10029133977942, 36.04445459228658], [-115.10029246556313, 36.044122948143375], [-115.10029257234328, 36.04409147762187], [-115.10028462132186, 36.042440735943316], [-115.10028444440773, 36.04239666038337], [-115.10028445716924, 36.04239584294873], [-115.1002844493142, 36.042395312046835], [-115.10028411539794, 36.042373851466714], [-115.10026113345455, 36.04066336955653], [-115.10025783065683, 36.04033181281586], [-115.1002554047738, 36.040074897810165], [-115.10025592867927, 36.04003745327588], [-115.10025776601287, 36.03990615992402], [-115.10024283755769, 36.03875245689502], [-115.10024028531134, 36.0384433789978], [-115.10021275829125, 36.03510907637899], [-115.10024191636813, 36.03430974643584], [-115.10024546282546, 36.0342125410387], [-115.10024946129134, 36.0341029165225], [-115.10028590600433, 36.03310380548258], [-115.10034673804965, 36.031436072380366], [-115.10034675939634, 36.03143548391135], [-115.10035912932265, 36.03109635119401], [-115.10037354072968, 36.0307012490528], [-115.10042503760423, 36.02928935224154], [-115.10047919891564, 36.0278043217989], [-115.100504342691, 36.02689775299857], [-115.10052948466043, 36.02599118404727], [-115.10053773101345, 36.025693826349055], [-115.10055462704297, 36.025084614953876], [-115.10055498965573, 36.02507155462494], [-115.10057971466999, 36.02417999593213], [-115.10057974303453, 36.02417898387471], [-115.10057976872916, 36.02417804571397], [-115.10058077427831, 36.024141799957675], [-115.10059304904394, 36.023699265371405], [-115.10059931432541, 36.02347357269492], [-115.10059932500126, 36.02347291387984], [-115.10061439846017, 36.02347299618603], [-115.10562267861796, 36.02350977658202], [-115.11277012437871, 36.02356593871329], [-115.1153081155892, 36.0235908350045], [-115.11856052300503, 36.02362265940274], [-115.11857068124614, 36.02317254696826], [-115.11857076819281, 36.02316869960723], [-115.11857132311559, 36.02314411128138], [-115.11858345461603, 36.022651558296054], [-115.11859264328376, 36.02227845638798], [-115.1185927394954, 36.022274542365246], [-115.11859317963312, 36.02225665033482], [-115.11861158535751, 36.02138972848776], [-115.11861180455583, 36.021380362907266], [-115.1186319833385, 36.02049028138529], [-115.11864981355806, 36.019596104079085], [-115.11867133839006, 36.0187012505457], [-115.11869114475262, 36.017800803883574], [-115.11871088046749, 36.016903602433764], [-115.11872809858296, 36.016003148170796], [-115.11874735985666, 36.01510323706351], [-115.1187695925663, 36.01423207387811], [-115.1187703253062, 36.01420173402581], [-115.11878927975022, 36.0133378469232], [-115.11854103791704, 36.013335991973555], [-115.11759522066892, 36.013328920485904], [-115.11688492777947, 36.013325337302014], [-115.11668739143373, 36.01332403803074], [-115.11665383731243, 36.013323817344734], [-115.11665346235584, 36.013323814984474], [-115.11663025280289, 36.01332366248295], [-115.11655455274759, 36.0133231641978], [-115.11655168622285, 36.01332314492987], [-115.1165281760407, 36.013322990337315], [-115.11643897868166, 36.01332240339362], [-115.1162170180863, 36.01332094247057], [-115.114924193604, 36.0133124258402], [-115.11430351646936, 36.01330833189228], [-115.11207676820304, 36.013293617667834], [-115.11062107027782, 36.01328397564646], [-115.11043679080976, 36.01328275438186], [-115.11030165379826, 36.01328185825236], [-115.11029708666682, 36.013281827621235], [-115.10984077048957, 36.01327880035092], [-115.10923779262802, 36.01327996505408], [-115.1082041898766, 36.01328195338117], [-115.10757803242754, 36.013283154010225], [-115.10667780609975, 36.01328842339605], [-115.10581987303918, 36.013290301442645], [-115.108698172013, 36.011205561844], [-115.10918341161461, 36.01085751575922], [-115.1142750653888, 36.007213748978664], [-115.11121078502408, 36.00456296984114], [-115.10995218056117, 36.003478532831814], [-115.10963736524684, 36.00320837309435], [-115.10904989260136, 36.00270422441714], [-115.1088920463307, 36.00256876452703], [-115.10871766536087, 36.002427934773394], [-115.10801941139482, 36.00186401995931], [-115.10663922925347, 36.00074933905915], [-115.10472538243752, 35.99920253765908], [-115.10460740669893, 35.999293170847295], [-115.10340815047327, 36.00027288071754], [-115.10297613318819, 36.00062579875536], [-115.10272602852532, 36.00083011088086], [-115.10264350554884, 36.00089871090969], [-115.10256246726739, 36.00096847141423], [-115.10248294265128, 36.00103937088207], [-115.10240495179218, 36.001111388666466], [-115.10232852034449, 36.00118450143916], [-115.10225367062974, 36.00125868675971], [-115.10218042829194, 36.00133392310243], [-115.1021088112275, 36.00141018620649], [-115.10203884508101, 36.00148745454615], [-115.10190445222997, 36.00164429275379], [-115.1017480621702, 36.001833746664936], [-115.1016277164215, 36.00198146737282], [-115.10015140104845, 36.00374660643188], [-115.10004718470336, 36.00387120777379], [-115.09933742026034, 36.004731079529904], [-115.09923500515661, 36.004848393977504], [-115.09916259337722, 36.00492411035949], [-115.0990869729984, 36.004997727202756], [-115.09900823663516, 36.005069154743936], [-115.0989264802149, 36.00513830593697], [-115.09879840164781, 36.00523758202647], [-115.09866410399243, 36.00533127444912], [-115.09857129839011, 36.00539050776431], [-115.09847988699309, 36.00544883631601], [-115.09839149194279, 36.0055014879034], [-115.09828187035498, 36.005558029282014], [-115.09813953977037, 36.005629015191616], [-115.09802667990317, 36.005681567543455], [-115.09792855539588, 36.00572490220452], [-115.09784497838555, 36.00575981701441], [-115.0977495405389, 36.00579118034613], [-115.09769431925388, 36.00580808894009], [-115.09758282952741, 36.00583954397582], [-115.0975265944216, 36.00585408153846], [-115.0974132315177, 36.00588075187003], [-115.09735613815374, 36.005892877567156], [-115.09724767969051, 36.00591351169014], [-115.0971834148117, 36.00592437254196], [-115.09706724201908, 36.00594126813435], [-115.09695041391801, 36.00595486034854], [-115.0968917978508, 36.005960410880384], [-115.09677425379306, 36.00596901575835], [-115.09665641297744, 36.00597428175493], [-115.09653841633218, 36.00597620313214], [-115.09647940464826, 36.00597590864463], [-115.09563533155533, 36.00596571351865], [-115.0956341946314, 36.005965699882886], [-115.09231894281375, 36.00592560646652], [-115.0921229630143, 36.00592323306022], [-115.09116275792879, 36.00591160246975], [-115.09000657246978, 36.00589758822813], [-115.08991885432151, 36.00589652440036], [-115.08886847512565, 36.00588378161946], [-115.08773257560381, 36.00586999222155], [-115.08768603510399, 36.005869426772605], [-115.08546132608197, 36.005842386142014], [-115.08546077703414, 36.0058423793565], [-115.08432487909106, 36.005828556795294], [-115.08319121779577, 36.005814750830275], [-115.08161052593077, 36.00578914437807], [-115.08156595819659, 36.005788519911924], [-115.08071228636064, 36.005776096692934], [-115.08061652742089, 36.005772582259745], [-115.08052330258992, 36.00576916039235], [-115.08047800380419, 36.005767497750945], [-115.08038511031295, 36.00576011319362], [-115.0803002561112, 36.00575336796151], [-115.08024459542585, 36.00574894341815], [-115.08018053055855, 36.005741081141664], [-115.08017480563322, 36.00574037843859], [-115.080012704364, 36.00572048506945], [-115.07985926663873, 36.005696047377306], [-115.07979152193938, 36.00568354751778], [-115.0797775570708, 36.00568097062571], [-115.07975196294096, 36.00567624755527], [-115.07953961115572, 36.00563032357583], [-115.07924681092781, 36.00555251072237], [-115.0791882376708, 36.005536037324546], [-115.07859748385121, 36.00536988541525], [-115.0785689492012, 36.00536185992927], [-115.07713106734475, 36.004957433928254], [-115.07701611553401, 36.00492866647981], [-115.07695682836398, 36.00491382936901], [-115.07690541213474, 36.004900961479386], [-115.07667746760865, 36.00485092422108], [-115.07644751286045, 36.00480738280629], [-115.07621582813144, 36.00477039158556], [-115.07598269483343, 36.00473999500208], [-115.07574839775612, 36.004716229403634], [-115.07551322283763, 36.004699124835795], [-115.07539539528109, 36.00469307746114], [-115.07522695340325, 36.004687729508966], [-115.07518857426945, 36.00468651149149], [-115.0749524644582, 36.00468530461778], [-115.07471644585561, 36.004690796218625], [-115.07459856018477, 36.00469605207315], [-115.0743632191412, 36.00471157655619], [-115.0741286881681, 36.00473376651583], [-115.07389525356155, 36.004762596133084], [-115.07366787736976, 36.00479731497481], [-115.07366320057908, 36.00479802877104], [-115.07343281007194, 36.004840023269566], [-115.07331832777056, 36.004863464587835], [-115.07309095897168, 36.00491520184178], [-115.07297814244725, 36.00494348185451], [-115.0729463851599, 36.00495212911546], [-115.07278083800313, 36.00499720673982], [-115.07255721213276, 36.005053259069435], [-115.07244803703858, 36.00508977585649], [-115.07223212376091, 36.005167425219014], [-115.07201967831507, 36.005251152099], [-115.07191483747877, 36.00529526240107], [-115.07170807749358, 36.005387911618975], [-115.07141598968052, 36.00553156121134], [-115.0681126975777, 36.007218936601284], [-115.06782777654504, 36.0073691246272], [-115.06757601441356, 36.00750640176098], [-115.06740850186071, 36.007602079318325], [-115.06724306898519, 36.0077001171085], [-115.06707976920676, 36.007800487429314], [-115.0669186493199, 36.00790315804355], [-115.06675976053936, 36.00800809943715], [-115.0666031485638, 36.008115277565885], [-115.06644886573082, 36.008224661118206], [-115.06629695552239, 36.00833621604056], [-115.06609810795541, 36.0084883328751], [-115.06580075091695, 36.00872117392422], [-115.06532568805169, 36.00909821737683], [-115.0621295689509, 36.01166529848141], [-115.06077287967551, 36.01274235677003], [-115.06077278934329, 36.0127424284813], [-115.05754127811082, 36.01525096701667], [-115.05641952889624, 36.01612160971692], [-115.05608474436745, 36.01635835997278], [-115.0546392223345, 36.017485630251514], [-115.05377600738274, 36.018156579875345], [-115.05365947205854, 36.01824715788002], [-115.05281851206169, 36.0189096056673], [-115.05216682875253, 36.01941638979763], [-115.0515574808835, 36.019877627425174], [-115.05131967499919, 36.02005013508678], [-115.05107459937936, 36.02021579340473], [-115.05094942835986, 36.02029598967717], [-115.05069401156051, 36.02045099559643], [-115.05056384266153, 36.02052575780477], [-115.05037017031563, 36.02063198447357], [-115.05023614312817, 36.020702137908216], [-115.04996370348944, 36.02083666455554], [-115.04968564723427, 36.02096338098149], [-115.04940231384754, 36.02108213363399], [-115.04925877562249, 36.0211384779326], [-115.04896817641949, 36.021245015106054], [-115.04882120331965, 36.021295176818406], [-115.04852413482293, 36.02138920725979], [-115.04822320647666, 36.02147475464851], [-115.04791878410322, 36.02155171333361], [-115.04776537812974, 36.0215869427894], [-115.04745641224511, 36.02165084798565], [-115.04731659482061, 36.02167839804752], [-115.04716054346943, 36.021711310257274], [-115.04684599718446, 36.02175750705705], [-115.0465296572566, 36.021794756725654], [-115.046370935881, 36.02181001193997], [-115.0460526301762, 36.02183376076224], [-115.04573349698757, 36.021848469412795], [-115.04543584806265, 36.021854022548794], [-115.04206573781575, 36.02187233396974], [-115.04093211211726, 36.02187627300001], [-115.03869010244233, 36.02188403075287], [-115.0386837570856, 36.021884052408446], [-115.03775021063504, 36.02189900326902], [-115.03656049365647, 36.02190540287874], [-115.0347749306422, 36.02191498375486], [-115.03418440818508, 36.02191814686734], [-115.03415013457138, 36.02191833061499], [-115.03318920115022, 36.02191974784076], [-115.02969453564211, 36.0219297710198], [-115.02970234441258, 36.020959407826325], [-115.02970935232962, 36.02008857671756], [-115.02960771872314, 36.02008929362361], [-115.02960542405081, 36.01997689984742], [-115.02960511634213, 36.019825508438586], [-115.02960497463114, 36.01975568886597], [-115.02960511864119, 36.01974113070361], [-115.02961412243931, 36.01882870606556], [-115.02961391746489, 36.01867182162933], [-115.0296137034853, 36.01850797724607], [-115.02961720614027, 36.01829449424758], [-115.02961834483641, 36.01822513122294], [-115.02962219185449, 36.01796067181173], [-115.02962217711313, 36.01772425138391], [-115.02962217363424, 36.01767780424966], [-115.02962341479069, 36.01740521920596], [-115.02962554834039, 36.017195377441745], [-115.02962625202218, 36.0170947820619], [-115.02962867166468, 36.01697900665548], [-115.0296302538157, 36.016903338306875], [-115.02963123981607, 36.0166702329636], [-115.02963154557068, 36.01663476969188], [-115.02963302644235, 36.01645874919053], [-115.02963836569528, 36.01582437704642], [-115.02964155284651, 36.01544564387635], [-115.02965040413861, 36.014609997664955], [-115.02965202832357, 36.01445661052941], [-115.02964814986997, 36.01436842299784], [-115.02964800719391, 36.014365188443364], [-115.02966510522035, 36.01296769696032], [-115.02966490342604, 36.01282555149213], [-115.02966458170692, 36.012825551809584], [-115.02966454287399, 36.01282555253164], [-115.02962734905353, 36.01282571431209], [-115.02962715814742, 36.01282572785171], [-115.02947075344252, 36.012826417138754], [-115.02915969897798, 36.01282780591363], [-115.02909674256301, 36.01282808733716], [-115.02858758551199, 36.012830328293724], [-115.02796879492425, 36.01283306895241], [-115.02744962650422, 36.01283536597569], [-115.02749114826025, 36.009848573184215], [-115.02749134753918, 36.00983425049992], [-115.02750014816681, 36.00920116651473], [-115.02750457700999, 36.008882524577935], [-115.02750966181777, 36.00851673095236], [-115.02751183506933, 36.00836042330539], [-115.02755061407646, 36.005570453539576], [-115.02309954468652, 36.005578545322905], [-115.02311963379087, 36.00375737758286], [-115.02088613568814, 36.00376053973669], [-115.02090344509362, 36.00193858567489], [-115.0274432456189, 36.001931752351894], [-115.02758577093293, 36.00193159978471], [-115.02982783588621, 36.00192917237748], [-115.02988466723922, 35.998291892569796], [-115.02093805892547, 35.998294645218], [-115.01386478947232, 35.99822929654046], [-115.01209695395303, 35.99821289830208], [-115.0079018135917, 35.9982017480945], [-115.00316018658688, 35.99818896840752], [-114.99866805199375, 35.99819626854146], [-114.99842738574718, 35.99819436163627], [-114.9984278828074, 35.99808183464869], [-114.99798636979482, 35.998078633716204], [-114.99678121132507, 35.99806988797242], [-114.99608117064474, 35.99806480274011], [-114.99422259024192, 35.9980512822217], [-114.99422344426469, 35.9979145280271], [-114.99422387486142, 35.99784574310369], [-114.99422592634743, 35.99751740161833], [-114.99422861134174, 35.997087614522705], [-114.9942286809949, 35.99707660807198], [-114.99423078766056, 35.99673934385005], [-114.99423274802213, 35.99642562560655], [-114.99423391658081, 35.99623866095516], [-114.99423523564663, 35.99602757798807], [-114.99423782834151, 35.995612560096674], [-114.9942395868055, 35.995331047308184], [-114.99423960209683, 35.99532854354449], [-114.99424525121056, 35.994424477212625], [-114.99425091463884, 35.99351785199563], [-114.99425307268328, 35.993172430067894], [-114.99425441082481, 35.99295815554738], [-114.99425657889971, 35.99261122664602], [-114.99426327205173, 35.99153977546498], [-114.99426790542941, 35.99079798273738], [-114.99427116872018, 35.99036531470837], [-114.99427443082612, 35.98993264754372], [-114.99427769398541, 35.989499978550384], [-114.99428094877743, 35.989068276591254], [-114.99428095595326, 35.989067311322614], [-114.99428105311209, 35.989054540225695], [-114.99428160535307, 35.988981298816284], [-114.99428210601143, 35.98891484672706], [-114.9942823135567, 35.98888737579235], [-114.99428355659104, 35.98872255197314], [-114.99428490283847, 35.98854399177716], [-114.99428624907412, 35.98836543157585], [-114.994287595298, 35.98818687136912], [-114.99428888494387, 35.98801592064767], [-114.99428929890024, 35.98796097966566], [-114.99429146186826, 35.98767418411846], [-114.99429255007401, 35.987529880555144], [-114.99429471414518, 35.98724278125097], [-114.99429524262773, 35.987172729442655], [-114.9942957711017, 35.987102678534804], [-114.99429711747018, 35.986924087646685], [-114.99429836041197, 35.986759260167844], [-114.99429960334372, 35.98659443268445], [-114.9943008451632, 35.986429604289725], [-114.99430208807489, 35.98626477679715], [-114.99430333098327, 35.986099948398746], [-114.99430481937378, 35.98590253970015], [-114.99430627283462, 35.98570982845804], [-114.99430834354081, 35.985435115330084], [-114.9943088718761, 35.98536507701965], [-114.99430939648501, 35.98529553981921], [-114.99431075346594, 35.98511550502857], [-114.9943119954671, 35.98495078925805], [-114.99431329433028, 35.984778421628114], [-114.99431459376224, 35.984606125199626], [-114.99431459429145, 35.98460605399864], [-114.99431589424167, 35.98443368636415], [-114.99431719307198, 35.98426131871919], [-114.99431849300022, 35.98408895107467], [-114.99432186650314, 35.983641458329906], [-114.99432249176625, 35.98355956552272], [-114.9920656540786, 35.983566152858685], [-114.98982705380679, 35.983572644646934], [-114.98974173328563, 35.98357289132156], [-114.9856971621098, 35.98358451959528], [-114.98562259865646, 35.98358385792859], [-114.98558238702425, 35.98358397395173], [-114.98554092225055, 35.983584092730645], [-114.98491091785066, 35.98049209489247], [-114.98299351045895, 35.97864940606481], [-114.98108152954548, 35.97615228455398], [-114.97869306009339, 35.97286724185656], [-114.97629941160629, 35.97023655057656], [-114.97391132740042, 35.966951411347495], [-114.97168549980175, 35.963536224293726], [-114.97169957414134, 35.96183478277397], [-114.97253370698442, 35.958305417085974], [-114.97303813769219, 35.95601850674794], [-114.97417357274577, 35.94264082812985], [-114.97417382715837, 35.942639595518486], [-114.97417397565401, 35.94263887702139], [-114.97417497485148, 35.94263404021914], [-114.97417507037137, 35.9426335810324], [-114.97417615703968, 35.942628322857836], [-114.974176285988, 35.942627696195856], [-114.9741773266002, 35.942622662215406], [-114.9741774566499, 35.94262203646029], [-114.97417753839244, 35.94262163939451], [-114.97417858361075, 35.94261658290448], [-114.97417870680292, 35.942615984154095], [-114.97417975087818, 35.94261093216486], [-114.97417998685849, 35.942609790492895], [-114.9741809860275, 35.94260495729569], [-114.9741811080421, 35.94260436755248], [-114.97418175152272, 35.94260125406503], [-114.97418231098881, 35.94259854484237], [-114.97418245258527, 35.94259785875767], [-114.9741836462984, 35.94259208377048], [-114.97418377755321, 35.94259144540305], [-114.97418421379248, 35.94258933943721], [-114.9741852659574, 35.94258424422574], [-114.97418761194005, 35.942572895034566], [-114.97419197705132, 35.94255176959352], [-114.9742024868604, 35.942500913858005], [-114.97420468438433, 35.94249027775575], [-114.97420476264249, 35.9424899014025], [-114.97421220815963, 35.94245387029458], [-114.97421377945048, 35.94244626664878], [-114.97421987162393, 35.94241370234693], [-114.97423788683994, 35.94231741416648], [-114.97424277925636, 35.94229126655757], [-114.97425161991126, 35.94224588235106], [-114.97428565081077, 35.9420711941727], [-114.97431956393439, 35.941897101151824], [-114.97433277858649, 35.94182926659665], [-114.9743637797142, 35.941675267159376], [-114.974523330335, 35.941600742645406], [-114.97453377645407, 35.941595862720725], [-114.97498677907808, 35.94138426705163], [-114.97527977899298, 35.94099026640223], [-114.97558077847567, 35.94058726709441], [-114.97568097080861, 35.94035483254903], [-114.97580059330045, 35.94007732043423], [-114.97592271316219, 35.939794012733046], [-114.97602777913725, 35.939550266653406], [-114.97611436820343, 35.939406099171954], [-114.97615911194181, 35.93933160179827], [-114.97618905480144, 35.93928174907228], [-114.97629664091141, 35.93910262009894], [-114.97630293660282, 35.93909213807031], [-114.97649398785536, 35.93877403953599], [-114.97653903847171, 35.93869902981012], [-114.97656498660137, 35.938655825636644], [-114.97656795030028, 35.93865089148384], [-114.97658092210179, 35.93862929388963], [-114.97662177959191, 35.93856126617132], [-114.97664668309932, 35.93850739411389], [-114.97666801412548, 35.93846124991744], [-114.97667077968042, 35.93845526652831], [-114.97667461795486, 35.938447850959236], [-114.97667467082239, 35.93844774937756], [-114.97667589025248, 35.93844539318745], [-114.97665958543594, 35.93982113292002], [-114.99007919702775, 35.939794619583765], [-114.9918240992455, 35.93979106205388], [-114.99453838029358, 35.93978547723981], [-114.99455723186693, 35.93612950763751], [-114.99457608042579, 35.9324735358018], [-114.99459492376108, 35.92881756082058], [-114.99461376407648, 35.92516158450741], [-114.99463260027116, 35.92150560595564], [-114.99465143123778, 35.91784962515993], [-114.99467025919978, 35.914193641229986], [-114.9946890819285, 35.91053765595759], [-114.99470790164719, 35.90688166845238], [-114.99472671725526, 35.903225677807804], [-114.99474552763229, 35.89956968582104], [-114.99475749032324, 35.897244282646966], [-114.9947643350012, 35.89591369160181], [-114.99092566610577, 35.895920814464546], [-114.99092786388658, 35.85172319373896], [-115.04435970489763, 35.85165946344179], [-115.04436618893058, 35.808185607869056], [-115.07885831976145, 35.80820364265413], [-115.07883396462074, 35.79306701818794], [-115.09581306549505, 35.79306706430045], [-115.1008357269233, 35.793066618691], [-115.10082911119872, 35.78946249295404], [-115.10082249306471, 35.785858365059696], [-115.10081587362754, 35.78225423501253], [-115.1008092528872, 35.77865010281257], [-115.10080624291312, 35.77502203955372], [-115.1008032312864, 35.77139397411132], [-115.1008002191131, 35.7677659064899], [-115.10079720417592, 35.764137837582005], [-115.10079419114332, 35.7605139388534], [-115.10079356768335, 35.7597634246824], [-115.10079117646228, 35.75689003794665], [-115.10078913692804, 35.754439194571795], [-115.10078833418505, 35.753475046159], [-115.1007881601329, 35.75326613486179], [-115.10078514326095, 35.74964222960345], [-115.1007821027922, 35.74599319779427], [-115.10077906064701, 35.74234416467834], [-115.10077601683638, 35.73869512845308], [-115.10077297134956, 35.73504609092128], [-115.10077358971667, 35.73141943568956], [-115.10077420499766, 35.727792778270214], [-115.10077481940343, 35.724166118672166], [-115.10077543071809, 35.72053945778801], [-115.09696224648661, 35.720537609765174], [-115.09636242549092, 35.72053730758291], [-115.09194942131715, 35.7205349955416], [-115.08753641933166, 35.72053252257005], [-115.08312341958066, 35.72052988686576], [-115.07871042209388, 35.720527089330254], [-115.07426343468771, 35.720527035453706], [-115.06981645043221, 35.72052681724567], [-115.06536946715288, 35.7205264346969], [-115.06092248598502, 35.72052588871358], [-115.05647550808172, 35.72052517749805], [-115.05202853126258, 35.720524301942135], [-115.04760609435165, 35.72052326763542], [-115.04758155666882, 35.720523262050854], [-115.0455495121459, 35.72052273216451], [-115.04313458433646, 35.720522057824354], [-115.03869793032098, 35.72052422779349], [-115.03426127822983, 35.72052623508724], [-115.02982462810483, 35.720528078804314], [-115.02538797998803, 35.72052975804358], [-115.02538666606033, 35.71692293642605], [-115.02538269226025, 35.70604626541264], [-115.0253774155721, 35.691684515127854], [-115.025371983976, 35.67699523583923], [-115.00773384951692, 35.6769985803547], [-114.99009354422546, 35.6769993408063], [-114.98546432786867, 35.67699911233615], [-114.97214923207416, 35.676997462602706], [-114.96516573303629, 35.67699600867168], [-114.96491313018423, 35.676995948115426], [-114.9640711207261, 35.67699574393572], [-114.96381851791031, 35.676995681082865], [-114.96004803108507, 35.676994685117464], [-114.95970587084562, 35.67699458893576], [-114.95561586229816, 35.67699336435779], [-114.9543825858498, 35.676992967219306], [-114.95426837601985, 35.67699293028389], [-114.93631338100478, 35.67698570696211], [-114.93632862228064, 35.69125255787588], [-114.93634405736316, 35.705733598406276], [-114.93635592886609, 35.716894309098265], [-114.93635978188112, 35.720520706399626], [-114.93184905572707, 35.7205201788242], [-114.92746492708713, 35.72051950430663], [-114.92746686249394, 35.72388848247974], [-114.92746972579071, 35.728878299293136], [-114.92747324807658, 35.73502669637082], [-114.92748144590213, 35.749384967579736], [-114.92748976964815, 35.76403161026695], [-114.92749195733421, 35.77127423953591], [-114.93637902589226, 35.77129357491163], [-114.94431875491745, 35.77130089992636], [-114.94527273932333, 35.77130174489311], [-114.9452741372018, 35.773397074006795], [-114.94527757203937, 35.778549711532506], [-114.94528358003363, 35.78840742124868], [-114.94528429641338, 35.789584683255846], [-114.94528480437948, 35.790419172413564], [-114.94528578800332, 35.79203928149841], [-114.94528626182854, 35.792817521278465], [-114.9452863813504, 35.79301402156755], [-114.94528667838388, 35.793502584014604], [-114.9452873837194, 35.794663380251585], [-114.94529300303523, 35.803925988240294], [-114.94529558951812, 35.80819858775207], [-114.94640639704578, 35.808195002443554], [-114.94642025065009, 35.81544826507009], [-114.94069678288598, 35.81545253297989], [-114.94020976531127, 35.81545288289269], [-114.93986178970593, 35.815453132471596], [-114.9393257557027, 35.81545351384239], [-114.93751508000219, 35.81545478665008], [-114.92026642727448, 35.81545628091632], [-114.90195514557578, 35.815455158586886], [-114.90195396007984, 35.80820075022488], [-114.8972079783946, 35.80820146047759], [-114.89246199863165, 35.80820198424921], [-114.88771602194889, 35.80820232064493], [-114.88416534789147, 35.808202449368316], [-114.88297004950454, 35.808202468770155], [-114.8829717565998, 35.80387085763816], [-114.88297197183827, 35.803324797642034], [-114.8829728890592, 35.80099113639702], [-114.88297602283956, 35.79300101519326], [-114.8795422075633, 35.79298367039351], [-114.86631615325324, 35.792915947081845], [-114.86473331339582, 35.79291743604898], [-114.86408202822578, 35.792918042157176], [-114.86408191316947, 35.792918042370246], [-114.86306820152807, 35.79291898099793], [-114.84851290245341, 35.79293149732415], [-114.83072256806061, 35.792947134532156], [-114.81290467872638, 35.79294697423356], [-114.79510330938515, 35.792901078843926], [-114.7949874013367, 35.79290110127121], [-114.79053655048774, 35.792901850836536], [-114.78608570272597, 35.792902435628825], [-114.78163485807845, 35.792902856549595], [-114.77718401548405, 35.79290311269035], [-114.77526125334991, 35.79290317196475], [-114.77519092772218, 35.795624829377466], [-114.77518354115313, 35.79591068940115], [-114.77508691094302, 35.79964987700167], [-114.7749902693649, 35.80338906120588], [-114.77489361419428, 35.80712824290008], [-114.77486597630951, 35.80819736666131], [-114.77717863017578, 35.80819755629902], [-114.78163032452774, 35.808197796260494], [-114.78608202320079, 35.8081978713653], [-114.7905337250434, 35.80819778250703], [-114.794985428931, 35.80819752787569], [-114.79513478531618, 35.808197515793275], [-114.79514106877978, 35.82270248912388], [-114.79514730423865, 35.83720742683593], [-114.79515349166819, 35.851712329824664], [-114.79515963106157, 35.86621719718294], [-114.79516572238514, 35.8807220307073], [-114.79517027962284, 35.891650551528116], [-114.79517182041113, 35.89536120839091], [-114.79890068474641, 35.8953908070684], [-114.79889872860544, 35.898828096038855], [-114.7988945925522, 35.906080481200505], [-114.8055463610224, 35.906080411422444], [-114.80544359044795, 35.920315604975585], [-114.78744885072936, 35.920587121050026], [-114.76961815894362, 35.92053467653401], [-114.77001590761921, 35.93454306458245], [-114.76999005172678, 35.940577898184095], [-114.76995325066595, 35.94916205043699], [-114.78785461847446, 35.94939618515289], [-114.78782278739806, 35.953021356480676], [-114.7877909491335, 35.95664652558266], [-114.78775905825728, 35.96027467366722], [-114.78772716129636, 35.963902818628156], [-114.78780271584144, 35.97841463364579], [-114.78779682948901, 35.97926475309954], [-114.7877623587719, 35.98424242665949], [-114.78775263188139, 35.985646655627626], [-114.78772751221777, 35.98927273487261], [-114.78770238159149, 35.992898806463856], [-114.78771652294272, 35.99513611878903], [-114.78748812217984, 35.995300145942196], [-114.78737504274623, 35.99538243582709], [-114.78734655703285, 35.99541372462904], [-114.78732247194326, 35.99544504262561], [-114.78730624618609, 35.99548285164104], [-114.78730121183949, 35.99554577386758], [-114.78729357280517, 35.99560510245983], [-114.7872852113391, 35.99564868689796], [-114.78727341605376, 35.99568366278743], [-114.78725117827136, 35.99570640816785], [-114.78722194121721, 35.99572481511369], [-114.7871803517606, 35.99574600168972], [-114.7870217943233, 35.995821789358274], [-114.78700785845665, 35.9958278436956], [-114.78698572842717, 35.99583985889303], [-114.78696710521263, 35.9958533277264], [-114.786921864968, 35.995887366811715], [-114.78689611301931, 35.995909373163244], [-114.78687386897961, 35.99593283406044], [-114.78685852237471, 35.99597064884759], [-114.78685289476299, 35.99600495091484], [-114.78685426752064, 35.99604359144085], [-114.78686094310699, 35.996080122087946], [-114.78687297908735, 35.99610881819612], [-114.78689816291805, 35.99614332483598], [-114.78692248776358, 35.99617567977834], [-114.78695376157397, 35.99621738043637], [-114.7869902242981, 35.99626841692288], [-114.78701447731042, 35.99630792496714], [-114.78702986920673, 35.99635309742259], [-114.78702510175054, 35.99638955209643], [-114.78701334826883, 35.99642023625401], [-114.78698990812542, 35.99646337086109], [-114.78686378284735, 35.996673212656546], [-114.78684143788213, 35.99670668808952], [-114.78681302586821, 35.99673874064202], [-114.78672222407822, 35.99683037734178], [-114.78661646614144, 35.99692911600107], [-114.78654894359887, 35.996990192768905], [-114.7864411785042, 35.997101640648324], [-114.78640656781751, 35.99714091277179], [-114.78619459361482, 35.99739664081533], [-114.7861715880979, 35.997422744523725], [-114.7861623734632, 35.997436183817904], [-114.78612838086546, 35.9974896139358], [-114.78609974989368, 35.9975352095506], [-114.78607272168239, 35.99759655426168], [-114.78604383861699, 35.99766718802391], [-114.78602744505679, 35.99772144981149], [-114.78601999205112, 35.99776217856071], [-114.78601780712438, 35.997804372683895], [-114.78601839249201, 35.99783370838845], [-114.78602415843388, 35.99787309374077], [-114.78604054584956, 35.99790682735497], [-114.78607013896621, 35.997940647836806], [-114.78610947907246, 35.99796809512583], [-114.78615599250061, 35.997982712340765], [-114.7862034513412, 35.997990896953745], [-114.78624920657926, 35.997993346991024], [-114.78630559768256, 35.997988714085594], [-114.78637526333479, 35.99797478864824], [-114.78648654649298, 35.99794198347079], [-114.78660215748457, 35.99791413522765], [-114.786743275332, 35.99788860315084], [-114.78691875416766, 35.99786043652643], [-114.786970780326, 35.99785219707841], [-114.78703420668634, 35.997848325264236], [-114.78708701163664, 35.9978501070513], [-114.7871327164949, 35.997857564024045], [-114.78717220185044, 35.997870703837854], [-114.78720635440081, 35.9978888158526], [-114.7872491813426, 35.99791986225933], [-114.78727795909164, 35.99794723816778], [-114.78730406629188, 35.99797745886713], [-114.78732572240278, 35.998012657630845], [-114.78734471627223, 35.99804998471306], [-114.7873697991577, 35.99809450669355], [-114.78739901193339, 35.99816624099724], [-114.7874099532752, 35.99821639146959], [-114.78741213393056, 35.99826219183451], [-114.78741071420048, 35.99831583843633], [-114.78739599638021, 35.99837869638424], [-114.78736900480357, 35.99843646527935], [-114.7873269239913, 35.998506295238734], [-114.78726982798469, 35.99858103404328], [-114.78707620709703, 35.99883729546841], [-114.78689545689225, 35.99903927037681], [-114.78668713384745, 35.99926896333243], [-114.78653130353474, 35.99944391824814], [-114.78648241731398, 35.99949009501566], [-114.78643986588156, 35.99951914414159], [-114.78640272547264, 35.99953535147166], [-114.78636300908751, 35.99954510281007], [-114.78631894939774, 35.99954910294248], [-114.78612436495969, 35.99955067149388], [-114.78596060657584, 35.99955101428993], [-114.78564712202795, 35.99955421611433], [-114.78561630598753, 35.999557309928264], [-114.78560043879219, 35.999559350393106], [-114.78558628129035, 35.999566409831516], [-114.78555881695817, 35.99958339687966], [-114.78553909207307, 35.99959666977827], [-114.78543478070262, 35.99967659155429], [-114.78538235610421, 35.999716758818124], [-114.78532563699108, 35.999745673639175], [-114.78526289393967, 35.99976886477666], [-114.7852057137247, 35.99977902859805], [-114.7851103740682, 35.99979597578933], [-114.78506706064559, 35.999806909596074], [-114.78503699974002, 35.99981958636637], [-114.7850104158248, 35.99983657914633], [-114.78494922473617, 35.99988052739721], [-114.7848463619685, 35.99995352912439], [-114.78480064945302, 35.99998292885431], [-114.78470915136467, 36.00002773334043], [-114.78464894158172, 36.00006167185801], [-114.78461169955975, 36.00008789406189], [-114.78457702003041, 36.000122002539044], [-114.78443560090183, 36.00026414158817], [-114.78440632542186, 36.000286124810366], [-114.78437906639128, 36.0003025018716], [-114.78428666159154, 36.00034564791331], [-114.78424336391318, 36.00036586397793], [-114.78416646636636, 36.000411868495135], [-114.78413094918152, 36.00044167928415], [-114.7841122594231, 36.0004615860743], [-114.78410408333754, 36.000486570518326], [-114.7841037007438, 36.000524484615724], [-114.7841208746579, 36.00056752329466], [-114.78417347202752, 36.00067733079487], [-114.78420114529108, 36.00072687827513], [-114.7842382495953, 36.000801527497785], [-114.78424927586293, 36.00084309484434], [-114.78425336034726, 36.00087459983663], [-114.78425571965822, 36.000902516089916], [-114.78424999780954, 36.000946117849686], [-114.78423631526792, 36.00099324382152], [-114.78420365533928, 36.00135072919176], [-114.78420143932847, 36.001395784659856], [-114.78421171494278, 36.00142446928118], [-114.78423070812251, 36.001461796827236], [-114.78426030064787, 36.00149561773538], [-114.78430848323464, 36.0015195472666], [-114.78435585627321, 36.0015363168948], [-114.78439532132616, 36.00155160347488], [-114.7844320662087, 36.00157474114416], [-114.78445740829248, 36.00159351088493], [-114.78447928885636, 36.001615993440595], [-114.78450432794972, 36.00165534766597], [-114.78452493718243, 36.001706994910144], [-114.78453010944948, 36.00172139241539], [-114.78454284070341, 36.00176506119122], [-114.78455438439049, 36.001825079686135], [-114.78455963880995, 36.00199728662882], [-114.78456146849015, 36.00205727287867], [-114.78456568905281, 36.00207552339522], [-114.7846247813533, 36.00233105136607], [-114.78463264326449, 36.00236504924157], [-114.78466736525453, 36.002483562068], [-114.78467571755695, 36.0025283300914], [-114.78467462371145, 36.002564093457174], [-114.78467212861945, 36.00259328875927], [-114.78466363662893, 36.00263496403825], [-114.78464497735041, 36.002666437440546], [-114.78462118767123, 36.002697280019035], [-114.78459741712525, 36.00272633364682], [-114.78457381762045, 36.00274799507508], [-114.78454642831343, 36.00276236050328], [-114.78450887933917, 36.00277522610449], [-114.78445155947786, 36.00278438367232], [-114.7842460172439, 36.00279493777762], [-114.7839465196013, 36.002809635062576], [-114.7837674131866, 36.00281797969512], [-114.78363784707815, 36.00283492645504], [-114.783458799085, 36.002863615974896], [-114.78333828834515, 36.002881890018514], [-114.78322963601184, 36.00288831889381], [-114.78315025692653, 36.00290209744886], [-114.78303544583041, 36.00293710211656], [-114.78292423596703, 36.00299441344945], [-114.78282612578477, 36.00303109220678], [-114.78270833137343, 36.00307084540614], [-114.78220037154604, 36.00319273664551], [-114.78202714922038, 36.00324507868739], [-114.78164962549923, 36.003179517591285], [-114.78155806556182, 36.00320370385948], [-114.7813369263537, 36.00326211928998], [-114.78095442270578, 36.00319054261241], [-114.7807975530145, 36.00321144510095], [-114.78076712537887, 36.003284850354305], [-114.78073219125963, 36.00332144896452], [-114.78073048491395, 36.003323236533504], [-114.78073213568995, 36.00332693207723], [-114.78074149692583, 36.00334789216385], [-114.7808158088827, 36.00351427920779], [-114.78096085078276, 36.00383239664905], [-114.78096135861502, 36.003833510442746], [-114.78097736341068, 36.00390447378257], [-114.7809986578508, 36.00399889447876], [-114.78100051877408, 36.00400714116582], [-114.78092542705217, 36.00407570694775], [-114.78088471327716, 36.00411288161506], [-114.7808366762288, 36.0041567435569], [-114.78073416972502, 36.0041751705711], [-114.78050963163437, 36.00427365224198], [-114.78045823003505, 36.00427330818716], [-114.78044435492032, 36.00426814101547], [-114.78007102707203, 36.004129109564886], [-114.7800652564821, 36.00412696008497], [-114.77976190819693, 36.00410004161578], [-114.77964071988511, 36.00408928746324], [-114.77946403501521, 36.00410986434389], [-114.77935135179074, 36.00420317282219], [-114.77928758700868, 36.004351055408094], [-114.77923438549092, 36.00447444125306], [-114.7789724827286, 36.004574850664994], [-114.77888622945098, 36.00465961138883], [-114.77886164627944, 36.004683769776534], [-114.77884606457076, 36.00469908193025], [-114.77873206926516, 36.00482966670528], [-114.77848807173014, 36.00497258308166], [-114.77842618703264, 36.00500883070979], [-114.77832398534082, 36.00499525629734], [-114.77817203044815, 36.00497507300578], [-114.7781323222406, 36.00496979884819], [-114.77795430232398, 36.00485071238844], [-114.77783298053454, 36.00475354019409], [-114.77782268582165, 36.00474982081144], [-114.77765945615178, 36.00473999365055], [-114.77709269197166, 36.00482176062998], [-114.77699052887016, 36.00487928223352], [-114.77696245835806, 36.004895087911606], [-114.7769082304509, 36.00493718426204], [-114.77685525138149, 36.00497831107868], [-114.77685901745664, 36.005104090547306], [-114.77690193936976, 36.00524712720515], [-114.77692969363186, 36.005339619072174], [-114.77686854790022, 36.00540199760695], [-114.77677312510757, 36.00549934570861], [-114.77677010765781, 36.00550242407118], [-114.77663511417805, 36.00558084554046], [-114.77655940131119, 36.00562482874176], [-114.77653225322427, 36.0056746139453], [-114.77647863519783, 36.00577293789609], [-114.77641187045873, 36.005823010860205], [-114.77631736194056, 36.00589388918836], [-114.77608441723052, 36.00593179656284], [-114.77586150524628, 36.005979954760086], [-114.7755168690667, 36.00605440915568], [-114.77484115210638, 36.0062003869955], [-114.77447850023836, 36.006186608147885], [-114.77445795589159, 36.00618582787942], [-114.77444970753265, 36.006199719795], [-114.77438996433841, 36.00630034574622], [-114.77428703742227, 36.006405321154055], [-114.77425457382961, 36.006438431162685], [-114.7742006845045, 36.00649339273093], [-114.77413656199712, 36.00655879073044], [-114.77406324516974, 36.006654967171315], [-114.77400205640997, 36.006735234626355], [-114.77394175509357, 36.00679497653763], [-114.77376219081773, 36.006972878109806], [-114.77363153032364, 36.007002906927944], [-114.77344103821486, 36.00704668644736], [-114.77342317471269, 36.00705079109498], [-114.77332532666169, 36.00713216979688], [-114.77331129723619, 36.007177868040124], [-114.77329308740103, 36.00723718455387], [-114.77315333427781, 36.007394856804034], [-114.77307323622226, 36.0074852248305], [-114.77299687588908, 36.00759112753444], [-114.77299649742032, 36.00759938534418], [-114.77299194811819, 36.00769857815063], [-114.77298646750364, 36.00781809967535], [-114.77287851868446, 36.00795143518589], [-114.7728537907498, 36.007981978809184], [-114.77282158487061, 36.00800040986687], [-114.7725107102535, 36.008178321568714], [-114.77222965559768, 36.00825657157147], [-114.77214679591121, 36.00830393303186], [-114.77211156498804, 36.00832406941601], [-114.77192038770353, 36.008433343436295], [-114.77167932613007, 36.00871306227784], [-114.77171195463441, 36.00893471131206], [-114.77184714635949, 36.009058563544336], [-114.77187613631519, 36.00908512254626], [-114.77195097745573, 36.0090862976289], [-114.77201547717634, 36.00908730987807], [-114.77211068825311, 36.009036850491384], [-114.77219165589445, 36.00896949457095], [-114.77221753221588, 36.00894796819902], [-114.77239821730903, 36.008947457702305], [-114.77256952105316, 36.00894890061478], [-114.77265777340742, 36.00893122971334], [-114.7726740855377, 36.0088615698529], [-114.7726872227142, 36.008805465632065], [-114.77260272071248, 36.00868655629132], [-114.77261005998012, 36.00865360319653], [-114.77262382105405, 36.008591819634155], [-114.77285177293787, 36.008482218874136], [-114.77319167993832, 36.00837274843856], [-114.77321195215205, 36.00836711257464], [-114.77333700721775, 36.00833235153559], [-114.77340560980318, 36.00831328195533], [-114.77354590528861, 36.00829694963707], [-114.77384205184545, 36.00827956098938], [-114.77424344535119, 36.00828701109439], [-114.77427398464368, 36.00829400565479], [-114.77444217280619, 36.00833252035817], [-114.77444697443117, 36.00833984241312], [-114.77450352577992, 36.00842607572093], [-114.77454273953775, 36.008485872480186], [-114.77460293993725, 36.00862713005659], [-114.77464693713414, 36.00873037079705], [-114.7747694253479, 36.00901778489581], [-114.77477894461563, 36.00904012366654], [-114.77477618490934, 36.009090395503584], [-114.77477496063146, 36.00911697093703], [-114.77476728221889, 36.00915030402965], [-114.77474973707673, 36.00919760105815], [-114.7747146201233, 36.0092775299607], [-114.7746967775738, 36.009313101835446], [-114.7746512194525, 36.00940392186673], [-114.77464518628669, 36.009412469624614], [-114.774589092416, 36.009498458855056], [-114.77453845644571, 36.009570850077694], [-114.77448347986466, 36.00963724994119], [-114.77439329731034, 36.00970222081966], [-114.77434865416267, 36.009730795383824], [-114.77421911861107, 36.00980120227427], [-114.77411206585039, 36.00986427276155], [-114.77403980996682, 36.009912995908905], [-114.77401667857156, 36.00993796340931], [-114.77395080530322, 36.010009062746704], [-114.77393185795815, 36.01003708951883], [-114.77390534043518, 36.010076314255215], [-114.77390035216652, 36.010087677459225], [-114.77389112068839, 36.01010870634962], [-114.77386177041333, 36.010181194058525], [-114.77393681458942, 36.01028457967575], [-114.77396842750166, 36.010350372097406], [-114.7739911754947, 36.01042206585104], [-114.77403087461138, 36.010558260654044], [-114.77408807338793, 36.010878629549886], [-114.77411260573159, 36.01102811070997], [-114.77420335445294, 36.01130279666245], [-114.77422211271612, 36.01135006180546], [-114.77402871609006, 36.011373447912106], [-114.77362330869141, 36.01140886609811], [-114.77321217828391, 36.01142993710961], [-114.77280124188711, 36.011431929425484], [-114.77243736232538, 36.011424701003236], [-114.77198563137209, 36.011397798611604], [-114.77161040404394, 36.01135233552873], [-114.77130561464777, 36.01130734819682], [-114.7709304849413, 36.011252345256125], [-114.77043272807836, 36.011134507340984], [-114.76994700475443, 36.01098813379103], [-114.76952570532636, 36.01085650347952], [-114.76818234699694, 36.01034647314945], [-114.76771872735914, 36.01018605717086], [-114.76737921814237, 36.01009313090476], [-114.7669576317493, 36.00999010483812], [-114.76648879420571, 36.009915372481075], [-114.76604901020791, 36.00986945236079], [-114.76553844588331, 36.00985643286375], [-114.76508041419798, 36.009872386583055], [-114.7646573527437, 36.00991242369182], [-114.76429861142394, 36.00997674588884], [-114.76398677730748, 36.01004615620792], [-114.76357466339874, 36.01016257411255], [-114.76318587927389, 36.01029345816384], [-114.76279679843991, 36.010452954987585], [-114.76248999072948, 36.0106034752494], [-114.76225963607102, 36.01074020919443], [-114.76184011309435, 36.01100442035566], [-114.76134304204503, 36.011387332471365], [-114.76025427474517, 36.01221927151393], [-114.75967436447392, 36.012663609761226], [-114.75930193152861, 36.01291382720423], [-114.75897068308196, 36.013154787270786], [-114.75865749173249, 36.01335294739058], [-114.75830912779323, 36.01354609508433], [-114.75776013905292, 36.01383801614388], [-114.75718189518834, 36.01412019565028], [-114.75648614913871, 36.0144111006661], [-114.75603586121524, 36.01456510960341], [-114.75584168526504, 36.0146346386316], [-114.75570841536712, 36.01468235818287], [-114.75559539472508, 36.014720212094446], [-114.75544331694955, 36.01477114623531], [-114.75535061780913, 36.01479635986567], [-114.75508419619247, 36.014868823687635], [-114.75494298245859, 36.014902959120434], [-114.75456628511803, 36.014994017990254], [-114.7540366815769, 36.015114359553145], [-114.75354259673922, 36.015206329393024], [-114.75304284045414, 36.015279180271236], [-114.75246105296071, 36.01533715276303], [-114.75174526033136, 36.015395189242525], [-114.7515571991495, 36.01540347934105], [-114.75141670707482, 36.015409672848065], [-114.7512039050739, 36.01541905348003], [-114.75090133475234, 36.01541695372121], [-114.75067559814632, 36.015415386670995], [-114.75007113182917, 36.015396881299566], [-114.7495576004497, 36.01535619611872], [-114.74954322707192, 36.015355057001585], [-114.74913859404701, 36.01531408878741], [-114.7486931221699, 36.01524898771938], [-114.74829461214412, 36.01518421199167], [-114.74794301350809, 36.01512453135706], [-114.74759156536253, 36.015050542734], [-114.74724598828946, 36.01497659401409], [-114.74677172466464, 36.01485882180404], [-114.7464205824867, 36.014756215877604], [-114.74606372108097, 36.014639260991316], [-114.74567184377598, 36.01450298283806], [-114.74513392496864, 36.01429891240965], [-114.74468977598889, 36.01410980242587], [-114.74436262442492, 36.01395966459497], [-114.74362088324426, 36.01360154206461], [-114.74158253921466, 36.012638994159914], [-114.74156376484025, 36.01267444989818], [-114.74155499461897, 36.01269101357157], [-114.74148436861991, 36.01282439392756], [-114.74148193674418, 36.01282701944494], [-114.74078390476996, 36.01358057807042], [-114.7400844860006, 36.01423749164056], [-114.73892075941289, 36.01514483453458], [-114.7388140993975, 36.01521334323203], [-114.73730464453583, 36.01618287203153], [-114.73725699174341, 36.01621347898013], [-114.7372064609342, 36.01624389796412], [-114.73465769967862, 36.01777815187333], [-114.73337275103131, 36.01856152137191], [-114.73177791444326, 36.019567495495295], [-114.73145645935824, 36.019770253257654], [-114.72888553371617, 36.0213917994033], [-114.72855816960693, 36.02168922545919], [-114.72776025847054, 36.02241415489616], [-114.72558176790409, 36.02439328861091], [-114.72339637190959, 36.02653412487707], [-114.72333552737875, 36.0265937134385], [-114.72276404288431, 36.02730199903695], [-114.72224061224206, 36.02795071461981], [-114.72222536992113, 36.02796960521913], [-114.72218404305939, 36.02831735977622], [-114.72210800721828, 36.02895717074844], [-114.72275388797398, 36.0302910138143], [-114.72368457619733, 36.03123494703649], [-114.72761363473283, 36.03310434261979], [-114.73037645039885, 36.036003783921444], [-114.7305744921866, 36.03621160907307], [-114.73057491572715, 36.03621205371624], [-114.73161900382956, 36.03687603045463], [-114.73249598337263, 36.03743372048583], [-114.7334287228734, 36.03791812455075], [-114.73382803485883, 36.03796882809726], [-114.7344402672193, 36.03804656516371], [-114.73453278671238, 36.03805831231851], [-114.73575079968697, 36.03803791635788], [-114.73739436107182, 36.03783460977369], [-114.73889695639271, 36.03747019119175], [-114.74002988874359, 36.037472551686506], [-114.74127387152707, 36.03804943873607], [-114.74168562548817, 36.03890313758762], [-114.74211680410616, 36.039797090276515], [-114.74267249226187, 36.04257791737055], [-114.74252019644831, 36.045191089069576], [-114.74249042958293, 36.04570181813284], [-114.74168879000172, 36.04788255628802], [-114.73947021161052, 36.05019820153444], [-114.73922793691986, 36.050378525051876], [-114.73725410593266, 36.05184758838748], [-114.73560531995714, 36.0532913858504], [-114.73509138060498, 36.054301088886255], [-114.73511100456814, 36.05648351826639], [-114.7358103288345, 36.058736307596014], [-114.73829531374714, 36.06080905883598], [-114.73959378546223, 36.06202931028296], [-114.73990555864424, 36.06278391375344], [-114.78334153019242, 36.087224833209085], [-114.83112718243726, 36.10819846465591], [-114.83518596556736, 36.10955247321132], [-114.84501830612972, 36.11285676781039], [-114.84747903280771, 36.11367744101653], [-114.84976640279966, 36.114434481277506], [-114.85701371091578, 36.11940198139144], [-114.86109440226772, 36.122654777118235], [-114.86177351953121, 36.12365426977468], [-114.86229042102394, 36.12441500200754], [-114.86338695243069, 36.12553326821932], [-114.86458696329757, 36.12686592876365], [-114.8661563173832, 36.12815803141143], [-114.86846471695688, 36.129326258655965], [-114.87077589417744, 36.13019516002678], [-114.87266433919353, 36.131189779202316], [-114.87434431506662, 36.13192659912194], [-114.87592160859472, 36.132363489298854], [-114.87771126170266, 36.132630584344035], [-114.8791354338835, 36.13251069714926], [-114.88009174787867, 36.13166118365604], [-114.88094453830342, 36.130597274433576], [-114.88210705492598, 36.130262032519454], [-114.88396890145893, 36.12999829497124], [-114.88417742262193, 36.12996875508813], [-114.88469882043428, 36.11871925201832], [-114.88530219226611, 36.10777831310921], [-114.88570756432053, 36.100472351034156], [-114.88601873363176, 36.09486312464028], [-114.88649246765212, 36.08599472380764], [-114.88680972222194, 36.08021821186984], [-114.88727441901196, 36.07156139538867], [-114.88724842863483, 36.06559530062393], [-114.88719863600602, 36.05639607907164], [-114.88717480092812, 36.05108229565062], [-114.88710988375233, 36.0416773469377], [-114.88715994399709, 36.036578454378684], [-114.88725636355896, 36.02717251904278], [-114.8873036524472, 36.02207727446476], [-114.88738303520135, 36.01266754290937], [-114.88739977184156, 36.00756888480059], [-114.88739478995235, 35.9982133872256], [-114.88740892435709, 35.99306002604403], [-114.88745166849844, 35.983753626515785], [-114.88745242195162, 35.98217662150792], [-114.88745434104202, 35.982032818459906], [-114.89195558945448, 35.98206834957753], [-114.8964150397851, 35.98210338418509], [-114.90087449567672, 35.98213825306803], [-114.90533390149486, 35.98217297393757], [-114.91022810953595, 35.98216352393727], [-114.91203843577624, 35.98215998485458], [-114.91205592863332, 35.980250524848444], [-114.91205673538893, 35.98016246709647], [-114.91208913886614, 35.9765705324471], [-114.91208964384153, 35.976514562229426], [-114.91209134986666, 35.97631308161415], [-114.91251132545622, 35.97634782159529], [-114.9125702513995, 35.97650042976262], [-114.91257524782033, 35.97651131485363], [-114.91294863511146, 35.97650881668348], [-114.91299599564444, 35.97661250190537], [-114.91320405966522, 35.97693783317692], [-114.91348066197854, 35.97730200736033], [-114.91383059879135, 35.977684661351326], [-114.9141271442487, 35.978005867286726], [-114.91430680233994, 35.97819603664441], [-114.91575879421806, 35.97982350258474], [-114.91586399800781, 35.9799307874323], [-114.91599945820342, 35.98004600704836], [-114.91614266234824, 35.980153444419095], [-114.91621426115859, 35.98029584180523], [-114.91635036710531, 35.98052355865295], [-114.91649490718694, 35.980746915724374], [-114.91664787924189, 35.9809659120764], [-114.91681211629346, 35.98117834259344], [-114.9169847865141, 35.981386413226225], [-114.9171660676236, 35.98158336511754], [-114.917354395997, 35.98177593223315], [-114.91754913863095, 35.98196184964661], [-114.91814366538429, 35.98249724336481], [-114.91892597750831, 35.983193640079605], [-114.91924886836978, 35.98347870604048], [-114.91960043998304, 35.98378909070504], [-114.91960459882054, 35.98379276761357], [-114.91970709593575, 35.98388325085126], [-114.9204841885623, 35.98456827907595], [-114.92125188488963, 35.9852489295348], [-114.92162226327359, 35.98557730660472], [-114.92211252095964, 35.986014337046015], [-114.9238833159601, 35.98759281629362], [-114.92541336329982, 35.98895902179575], [-114.92541354604303, 35.98895918503322], [-114.9269640447224, 35.990343586519835], [-114.9283575105023, 35.99158682674922], [-114.9283988424718, 35.99162353280046], [-114.92846542994879, 35.99168266782796], [-114.92851536951456, 35.991727018843235], [-114.92916170536522, 35.99230156444903], [-114.92916702474673, 35.9923062342848], [-114.92947073627039, 35.99257281747592], [-114.92956834081829, 35.992657882997456], [-114.92977521361468, 35.9928327235826], [-114.92998699628, 35.993005394066174], [-114.93020305645199, 35.99317363140347], [-114.93042408499454, 35.9933374465423], [-114.93064794527032, 35.99349905676215], [-114.93087544732072, 35.99365396893245], [-114.93104322331386, 35.993764553231706], [-114.93110716724627, 35.993806700810445], [-114.93134177735976, 35.99395497386301], [-114.93182238193017, 35.99424044838342], [-114.93206837636967, 35.994377648904674], [-114.93256961176064, 35.994643194589024], [-114.93282623777843, 35.99477156254669], [-114.93308581448683, 35.994893220400556], [-114.93334972469601, 35.99500819274895], [-114.93361028921896, 35.995118598404034], [-114.93386600276588, 35.99522892135042], [-114.93417599269375, 35.9953582062445], [-114.93420521116148, 35.99537026881388], [-114.93410678785334, 35.995562058799536], [-114.93446479737796, 35.995752737550866], [-114.93460165395553, 35.99581142634819], [-114.93473661006, 35.99588727460545], [-114.93484962232012, 35.99595513387811], [-114.9349284016925, 35.996010646682855], [-114.93501327881584, 35.996074061699474], [-114.93508935804903, 35.99613671437738], [-114.93515489097604, 35.99619716310982], [-114.93524827972966, 35.996296395007086], [-114.93531370172047, 35.99637043565758], [-114.93537207055134, 35.996445869449204], [-114.93542082517565, 35.9965126663396], [-114.93546431485578, 35.99657728876421], [-114.93549468869128, 35.996631108483655], [-114.9355320047079, 35.99669712791525], [-114.9355614501091, 35.99675666589994], [-114.93558912957023, 35.996816910880106], [-114.93561155099104, 35.99687426491282], [-114.93564766938779, 35.99696998670547], [-114.93573194455615, 35.99722403690258], [-114.93586009885071, 35.99759388127978], [-114.9359623611049, 35.99788256914555], [-114.93604969969788, 35.99812912774127], [-114.93612063763926, 35.9983550570074], [-114.93620932033959, 35.99860203281899], [-114.9366266392587, 35.99894049318498], [-114.93683649086074, 35.99911983334178], [-114.93713696174991, 35.999402635569666], [-114.93748049535064, 35.99970910106542], [-114.93783844924762, 36.00001564317407], [-114.93816757051836, 36.000322029140214], [-114.93855408033394, 36.00066387092795], [-114.93909794739652, 36.00115886390828], [-114.9395749878599, 36.00159617722965], [-114.94001575839144, 36.00198959701349], [-114.94043692380357, 36.002378189958236], [-114.94145099698821, 36.00327697632097], [-114.94169329036627, 36.003525189009466], [-114.94266920701823, 36.0045349856624], [-114.94208773797467, 36.004983572373405], [-114.94182284033226, 36.0051855724909], [-114.94171592528761, 36.00526846513557], [-114.94161413362097, 36.005370939819265], [-114.94153253594652, 36.005475855948035], [-114.94142980285764, 36.005662795787615], [-114.94126975318456, 36.005965520484864], [-114.9411835082517, 36.00611072237078], [-114.94112750604951, 36.00621381038631], [-114.94106830735427, 36.00632804212218], [-114.94101960318281, 36.00644570992041], [-114.94098257153426, 36.006565594327164], [-114.94095798469782, 36.00668261342326], [-114.94094142155998, 36.006822969721355], [-114.94094020760473, 36.00728627830993], [-114.94093687822772, 36.008413546308006], [-114.9409325678761, 36.00909153174952], [-114.94093293828065, 36.00978911942854], [-114.94092816006653, 36.01121133927693], [-114.94092464226787, 36.012724791073275], [-114.94356089097548, 36.012718539125224], [-114.94538801528661, 36.012714122871834], [-114.94610578522243, 36.012712380209365], [-114.94621578869399, 36.01270683213355], [-114.94628092382571, 36.01270365221703], [-114.94634742127404, 36.01269757369386], [-114.94642861159191, 36.012690330259545], [-114.9465143022329, 36.01267747480654], [-114.94667183658353, 36.01265160188548], [-114.94681848470769, 36.012620757970815], [-114.94697494116325, 36.01257272666017], [-114.94714681636358, 36.01251545203167], [-114.94732235897857, 36.01244007226375], [-114.9474449229081, 36.01238277364723], [-114.9475395456121, 36.0123324813475], [-114.94761920030336, 36.012282108735434], [-114.94772273758672, 36.0122182709603], [-114.94783871154058, 36.012140905510435], [-114.94802983142031, 36.011999707418184], [-114.94922314021997, 36.01305758656841], [-114.94984676668591, 36.013610422990595], [-114.9505064635169, 36.01418808725972], [-114.95112401135187, 36.014748327020875], [-114.95135065955675, 36.01494638361362], [-114.95178314685504, 36.01533139452452], [-114.95170831438298, 36.01538703455516], [-114.95168783763324, 36.01540225970779], [-114.95074072926238, 36.016109217354995], [-114.95054788443618, 36.01627652223793], [-114.95048086701624, 36.01634091743182], [-114.95046476850595, 36.01635810147574], [-114.95045941124377, 36.01636239135542], [-114.95045673819172, 36.01636453226875], [-114.95044869957228, 36.016373111727184], [-114.95044063856199, 36.016381716303435], [-114.95043795769998, 36.01638386258291], [-114.9504352846466, 36.01638600349574], [-114.95043081471391, 36.016391011889816], [-114.9504218625285, 36.01640104303326], [-114.95041650860358, 36.016405331125995], [-114.95036820964212, 36.01645688320606], [-114.95036551373387, 36.01646118802855], [-114.95036015980905, 36.01646547521739], [-114.95035746279073, 36.016469780033844], [-114.95034136422727, 36.0164869640603], [-114.95033875111558, 36.01649131979222], [-114.95032794095751, 36.01650200448211], [-114.95031630066404, 36.016516332368376], [-114.95029300776046, 36.01654500069058], [-114.95029036890072, 36.01654716521447], [-114.95028763321369, 36.016551449095175], [-114.95028498331038, 36.01655360725152], [-114.95028226088476, 36.016557897511234], [-114.95027959661698, 36.01656004838118], [-114.95027688855497, 36.01656434592701], [-114.95027421103202, 36.016566489516464], [-114.95026881919749, 36.01657509915685], [-114.95026238065857, 36.016581970964815], [-114.95026076934876, 36.016583690259864], [-114.950256457618, 36.01658972246275], [-114.95025000406068, 36.01659874920952], [-114.95024885846625, 36.01659966609797], [-114.95024732653583, 36.016600892798344], [-114.95023871205271, 36.01661294373072], [-114.95022579706225, 36.01663100979861], [-114.95022317256915, 36.01663318070594], [-114.95021772769817, 36.01664176212349], [-114.95021505016376, 36.01664390661283], [-114.9501961959833, 36.01667187910632], [-114.95019428441366, 36.0166734102453], [-114.95019351956391, 36.016674022699746], [-114.95019082476965, 36.01667832482003], [-114.95018543178733, 36.01668693715431], [-114.95018389984705, 36.0166881647551], [-114.95018275425053, 36.016689081642866], [-114.95018274738118, 36.01668980174882], [-114.95018273475182, 36.01669124196653], [-114.95018012022553, 36.0166934147281], [-114.95016927240441, 36.01671060481923], [-114.95016659597572, 36.01671274931327], [-114.95016657757873, 36.01671491054401], [-114.9501638702028, 36.016717040453706], [-114.95013963446337, 36.016755797474595], [-114.95013806010537, 36.01675705729775], [-114.95013695693021, 36.01675794106079], [-114.95013695021092, 36.01675878104097], [-114.95013693852518, 36.016760103192794], [-114.95013520561245, 36.01676149016402], [-114.95013426099901, 36.01676224587765], [-114.95013425412199, 36.01676296688485], [-114.95013424149172, 36.016764407102514], [-114.95013235113368, 36.01676592122769], [-114.95013156506027, 36.01676655159573], [-114.95013155916374, 36.016767150030674], [-114.95013154556014, 36.01676871191935], [-114.95012949664735, 36.01677035319255], [-114.95012886913567, 36.016770855511204], [-114.95012886530738, 36.0167713340836], [-114.95012884962104, 36.01677301763734], [-114.95012626165055, 36.016775198649626], [-114.95012615368887, 36.01677732245399], [-114.95012353585884, 36.016779491591635], [-114.95012345665424, 36.016781626363475], [-114.95012081008126, 36.016783782731025], [-114.95012076182363, 36.01678593208714], [-114.95011808428896, 36.016788075672906], [-114.95011806478121, 36.01679023689775], [-114.9501010002928, 36.016817482458876], [-114.95009379803501, 36.01682898112667], [-114.95009379073845, 36.016829893208154], [-114.95009377963596, 36.01683114235736], [-114.95009244310066, 36.01683221235911], [-114.95009110321558, 36.01683328504708], [-114.95009109096043, 36.01683453959803], [-114.9500910825905, 36.01683544716729], [-114.95008040501851, 36.01685270754914], [-114.95008027821775, 36.016854828550045], [-114.95007845596811, 36.01685628805439], [-114.95007760290558, 36.01685697124532], [-114.95007759540795, 36.01685776976139], [-114.95007758228732, 36.01685913246427], [-114.95006941371906, 36.01687201764213], [-114.95006947495627, 36.01687420903633], [-114.95006679852655, 36.01687635262671], [-114.95006677790798, 36.01687851384566], [-114.95006071625497, 36.01688819339271], [-114.95005869008945, 36.01689142829084], [-114.95005868320452, 36.01689215019926], [-114.95005867058003, 36.01689358951563], [-114.95005338048055, 36.01690223483372], [-114.95005325807324, 36.01690436126561], [-114.9500485404539, 36.01691189469291], [-114.95004517024982, 36.01691727570977], [-114.9500451595359, 36.016918476190575], [-114.95004515074002, 36.01691943693453], [-114.95004245593641, 36.016923738149934], [-114.95003975774675, 36.0169280465578], [-114.95003974895076, 36.01692900730177], [-114.95003973823677, 36.01693020778254], [-114.95003636802406, 36.01693558970044], [-114.95003434635152, 36.01693881741139], [-114.95003434059014, 36.01693953752313], [-114.95003432795076, 36.01694097864201], [-114.95002903785263, 36.01694962305765], [-114.95002891543736, 36.016951750390746], [-114.95002357444363, 36.01696037741257], [-114.9500235029296, 36.01696252123791], [-114.95001811104035, 36.016971130865954], [-114.95001537606676, 36.0169797590306], [-114.95001006054203, 36.0169883915941], [-114.95000724809813, 36.0169969959155], [-114.95000320474007, 36.01700345223761], [-114.95000185621194, 36.01700560464142], [-114.95000107316716, 36.017008074586684], [-114.94999912012594, 36.01701423279978], [-114.94999634670953, 36.017018513770196], [-114.94999640465991, 36.01702069973919], [-114.94998829730368, 36.01703577540376], [-114.9499855623389, 36.01704440176508], [-114.9499829261588, 36.01704872401856], [-114.9499828468707, 36.0170508687041], [-114.9499802394691, 36.01705519922125], [-114.94998013140926, 36.01705733474182], [-114.94997820637073, 36.01706040883905], [-114.94997743434253, 36.01706164045017], [-114.9499774290061, 36.01706230738717], [-114.94997741594015, 36.01706380168071], [-114.94997568533303, 36.01706656315079], [-114.94997471888752, 36.01706810558645], [-114.94997471109309, 36.017068941054426], [-114.94997469936845, 36.01707026771243], [-114.94997316090189, 36.01707272555631], [-114.94997200452696, 36.01707457253106], [-114.94997199542725, 36.01707557112818], [-114.94997198390567, 36.01707673374991], [-114.94997063873235, 36.017078882565855], [-114.94996928906377, 36.017081038568485], [-114.94996927752052, 36.01708220389401], [-114.94996926843521, 36.0170832006886], [-114.94996811431486, 36.017085043168734], [-114.9499665724908, 36.01708750459999], [-114.94996474690414, 36.01709326240511], [-114.94996110253055, 36.01710476002506], [-114.94995920426528, 36.017108786040694], [-114.9499529756391, 36.01712199781281], [-114.94995022004545, 36.017132785391915], [-114.9499475561981, 36.0171370984854], [-114.94994205411587, 36.01715434652933], [-114.94994062802674, 36.0171566247054], [-114.94993935926969, 36.01715865134717], [-114.94993726760116, 36.01716604992293], [-114.94993386868319, 36.0171780670882], [-114.94993180990747, 36.01718135498871], [-114.94993117272634, 36.017182371899956], [-114.94993012233492, 36.0171860860352], [-114.94992568323106, 36.01720178944886], [-114.94992298727297, 36.01720609426042], [-114.94992294825349, 36.01721041580838], [-114.9499203121076, 36.01721473265271], [-114.94992021326806, 36.01721904306906], [-114.94991800727979, 36.01722256543222], [-114.94991751730186, 36.017223348781734], [-114.94991750929044, 36.0172242112876], [-114.94991747938424, 36.017227671236796], [-114.94991551614417, 36.01723080461723], [-114.94991478231537, 36.017231976042254], [-114.9499147708421, 36.017233271155895], [-114.94991474328822, 36.01723629849144], [-114.94991302727006, 36.01723903840627], [-114.94991204732831, 36.0172406033027], [-114.94991203127651, 36.01724233191954], [-114.949912008301, 36.01724492575188], [-114.94991053727163, 36.01724727399191], [-114.94990931122406, 36.017249231458464], [-114.9499092928197, 36.01725139268894], [-114.94990927330595, 36.01725355391353], [-114.94989559833596, 36.01729669291792], [-114.94989555931488, 36.0173010144658], [-114.949892874864, 36.017307485171486], [-114.94989280591837, 36.01731180295608], [-114.94989015137683, 36.0173182792275], [-114.94989005030233, 36.017322591434535], [-114.94988742788173, 36.017329074184694], [-114.94988729689706, 36.01733338082594], [-114.94988522042829, 36.017338324328016], [-114.9498845803084, 36.01733984685516], [-114.94988457052955, 36.01734093017123], [-114.94988454238884, 36.01734416931011], [-114.94988262424769, 36.01734873690321], [-114.94988182690176, 36.017350636246356], [-114.94988181500237, 36.017351984534685], [-114.94988178787264, 36.01735495869544], [-114.94988003147385, 36.017359139581934], [-114.9498790712828, 36.017361424724484], [-114.94987833620912, 36.017365939981474], [-114.94987625933041, 36.017378697789106], [-114.94987354384145, 36.01738516472511], [-114.949870730792, 36.017402435981126], [-114.94986921360838, 36.01740722380741], [-114.94986799578676, 36.01741106414151], [-114.94986797376896, 36.017413538105366], [-114.94986793835119, 36.017417547820905], [-114.94986652688229, 36.01742090944086], [-114.94986522286739, 36.0174240138554], [-114.94986518986576, 36.017427721646754], [-114.94986516431499, 36.01743049843018], [-114.9498637996536, 36.017434803962885], [-114.94986242931533, 36.01743912568909], [-114.94986240369232, 36.01744191148518], [-114.94986237076989, 36.017445609362596], [-114.94986054971275, 36.01745135367008], [-114.94985963576217, 36.01745423752268], [-114.94985961868491, 36.01745609411921], [-114.94985957721647, 36.01746072119619], [-114.94985692643435, 36.017469360616694], [-114.9498567847713, 36.01747583303549], [-114.9498540497619, 36.01748446119539], [-114.94985395329425, 36.01749526732364], [-114.94984501108067, 36.01760328105919], [-114.94983930797522, 36.01764647117553], [-114.94983395394107, 36.01765075833896], [-114.9498333751896, 36.017715308491866], [-114.94983263566155, 36.01779772885432], [-114.94982211708746, 36.019529293806386], [-114.94982148886055, 36.01963273133668], [-114.94982153666614, 36.01963535258103], [-114.9498227961128, 36.01970379974654], [-114.94982738914267, 36.019953454541785], [-114.94982784780049, 36.01997834827356], [-114.94982864971193, 36.02002190080835], [-114.94982655730142, 36.02140658615096], [-114.9506973827921, 36.02139819625993], [-114.95084318445262, 36.021384179425695], [-114.95091502898208, 36.02138238437082], [-114.95162972090658, 36.02138984917882], [-114.95163152678688, 36.02070433332637], [-114.95169183177536, 36.02071092674226], [-114.95175404161736, 36.0207130867316], [-114.95259561937782, 36.020710797551665], [-114.95262417894234, 36.02070849620753], [-114.95265324563859, 36.02070130885115], [-114.95267853956163, 36.020690292737505], [-114.95269334227243, 36.02068039314525], [-114.95272016290428, 36.02065655589104], [-114.95273443017342, 36.02063476437793], [-114.95274269612362, 36.020612437478434], [-114.9527455957035, 36.020588141853914], [-114.95274536722803, 36.0205328501625], [-114.95283271458301, 36.02053343830102], [-114.95317134769073, 36.020532446643884], [-114.9531719877273, 36.02068365095562], [-114.95317233237684, 36.0207650774655], [-114.95320957257334, 36.02076499373725], [-114.9534999676722, 36.0205495969683], [-114.95362762001866, 36.020486171978], [-114.95406390436284, 36.020166717200325], [-114.95373856705174, 36.019873487381574], [-114.95371711093296, 36.0198499453392], [-114.9537012251247, 36.01982267680369], [-114.95369225948613, 36.01979339953942], [-114.953690755915, 36.0197666544591], [-114.95369620906266, 36.01973344389486], [-114.95370897024287, 36.01970511170102], [-114.95372834754988, 36.01967937574605], [-114.95375232311774, 36.019658157829625], [-114.95426988588008, 36.019279184951685], [-114.95478744259003, 36.018900208859755], [-114.95481642113194, 36.018882778088745], [-114.95484998680155, 36.01886987246318], [-114.95488602405281, 36.01886258859637], [-114.95491801332996, 36.018861401561395], [-114.9549581875175, 36.0188654606334], [-114.95499317581468, 36.01887557091797], [-114.95502502922463, 36.01889108070622], [-114.95505249890547, 36.01891138138694], [-114.95583213185438, 36.01961405513814], [-114.95625027764281, 36.01930786463138], [-114.957182502156, 36.02013758120804], [-114.95722957228793, 36.02017377727914], [-114.95727865027952, 36.02020384232638], [-114.95731902656193, 36.02022074615197], [-114.95735499880492, 36.02022986764826], [-114.95828981267559, 36.02105105736618], [-114.95882728942624, 36.021549006012094], [-114.95914720383028, 36.021830975307275], [-114.95914715814907, 36.021843097609555], [-114.95914166585483, 36.022909140419074], [-114.95913917242818, 36.0233933646752], [-114.95913599353838, 36.02401005715103], [-114.95913567457856, 36.02407736125049], [-114.95914843781364, 36.02441533005743], [-114.95914409639965, 36.02593037717047], [-114.95914409708702, 36.02593183728568], [-114.95914408848341, 36.026896010168066], [-114.9591390874439, 36.027128121115986], [-114.9591389097748, 36.02717441383252], [-114.9591388865129, 36.02718031634672], [-114.95913131571824, 36.028988950831426], [-114.95913123871945, 36.029007149541265], [-114.95913105463254, 36.02908406938768], [-114.95912951186375, 36.0307986945544], [-114.95912950347531, 36.030807914837915], [-114.95912766850557, 36.03261223021129], [-114.9591276923217, 36.03262229067362], [-114.95906540563193, 36.03387648560505], [-114.95904794095036, 36.03553168838987], [-114.9590819116772, 36.035689172200264], [-114.95911131243076, 36.035868082293014], [-114.95913605745093, 36.036079144617844], [-114.95911687781722, 36.038062208912685], [-114.95911461813633, 36.039872999366686], [-114.95911978699517, 36.04176443401715], [-114.9591198923767, 36.041803245493305], [-114.95911364312524, 36.042468287522254], [-114.95910706291768, 36.04316862450071], [-114.95910668793509, 36.04320853665919], [-114.95907847621656, 36.04893655359633], [-114.95907845385398, 36.048941213201175], [-114.95907528399657, 36.04894009710971], [-114.95867053396348, 36.0489402583667], [-114.95857562060712, 36.04894046771018], [-114.95857002129381, 36.05015058511247], [-114.95857412938528, 36.052547362423724], [-114.95857408875865, 36.05257258597943], [-114.95857231686063, 36.053687442645455], [-114.95856836960547, 36.056170586810865], [-114.95856832773566, 36.05619708838691], [-114.95856714871957, 36.05664984975022], [-114.95856371658199, 36.05796800205714], [-114.95856363051534, 36.05800079536099], [-114.95856354900958, 36.05803216914302], [-114.95855901249772, 36.05976840160275], [-114.95855753953616, 36.060290306071096], [-114.95853334743767, 36.060809393592564], [-114.95852280313586, 36.06339691039271], [-114.95850779205429, 36.067079932495474], [-114.95850577544377, 36.06761259408439], [-114.95852698372026, 36.06792588108653], [-114.95851254226571, 36.068013714729645], [-114.95848866108393, 36.06809188502369], [-114.95844507084449, 36.06817449239647], [-114.95839524802025, 36.068257540437564], [-114.95798525264611, 36.06882486232685], [-114.95797469889371, 36.06885930801384], [-114.95797372916664, 36.068895984842065], [-114.95799536649756, 36.0689316881464], [-114.9580560717357, 36.068969428495436], [-114.95812631408835, 36.06900355478815], [-114.95853004642095, 36.069175673469296], [-114.95833701521347, 36.06944001703818], [-114.95799000918075, 36.06994231059564], [-114.95758842153593, 36.07049968120209], [-114.95727390149892, 36.07089866607998], [-114.95697965377414, 36.07124189637139], [-114.95678700800896, 36.071452421099], [-114.9564200497074, 36.07182823657708], [-114.9560664083637, 36.07215885207182], [-114.95652042436801, 36.07248667551171], [-114.95667770457138, 36.07262897713534], [-114.95688984296604, 36.07286771468381], [-114.957060786924, 36.07310074320955], [-114.95719910166127, 36.073367939522704], [-114.9572894469256, 36.07365686322751], [-114.95732464095424, 36.07386740058746], [-114.95733104318028, 36.07390569765724], [-114.95744374141738, 36.075617764641365], [-114.95763857539394, 36.07857609473436], [-114.9577123883079, 36.079730017509405], [-114.95782034399308, 36.08141762820656], [-114.95788246670227, 36.08232239934535], [-114.95805763592567, 36.08500243301153], [-114.95812118248186, 36.086045906647506], [-114.95864073202333, 36.08604501269519], [-114.95863917457615, 36.086156810158705], [-114.95863874063588, 36.086211655271114], [-114.95863521776998, 36.08628556198105], [-114.95862854936038, 36.08638568446768], [-114.9586250076059, 36.086461975901706], [-114.95861849122815, 36.08654302057683], [-114.95860896024988, 36.086633588835255], [-114.95859355435545, 36.086724126464404], [-114.95858119964421, 36.086800371948485], [-114.95855390956696, 36.086907539584814], [-114.9585747898242, 36.08690428481273], [-114.95877914294721, 36.08694570816843], [-114.95887078985058, 36.0869642846598], [-114.95928634540292, 36.087015448232535], [-114.96354979072021, 36.0875402837238], [-114.96701446414916, 36.08757528979144], [-114.9676377917114, 36.087581284343734], [-114.9689267918656, 36.08757028420885], [-114.97017679290992, 36.087560283812635], [-114.97140979189656, 36.08773828381147], [-114.97148279316154, 36.08774928462645], [-114.97188879311867, 36.087804284499335], [-114.97245679267115, 36.08789228334206], [-114.97338479265348, 36.0880232844408], [-114.97371579281445, 36.08807328354403], [-114.97409479334303, 36.088138284480166], [-114.97438579383144, 36.088265283303436], [-114.97452179309967, 36.08832028364063], [-114.97461679383773, 36.088364283468906], [-114.97479879381356, 36.088468284417594], [-114.97486679357857, 36.0886112830705], [-114.97490979324962, 36.088686284541545], [-114.9750757934011, 36.08897428431285], [-114.97515179283654, 36.08910528390338], [-114.9752087943171, 36.08924028342193], [-114.97530779322284, 36.08959928391751], [-114.975319979402, 36.08966630474457], [-114.97534179394133, 36.08978628403203], [-114.97536179333056, 36.08983628388451], [-114.97536197052688, 36.08993251963512], [-114.975630235579, 36.090004537372366], [-114.97576904564572, 36.0901361885474], [-114.9760331721685, 36.090303886586355], [-114.97643658920414, 36.09051225027012], [-114.97665061546401, 36.090576657187725], [-114.97707153994189, 36.090631143693166], [-114.977261736994, 36.090606402667696], [-114.9774127948806, 36.09052363096074], [-114.97767552406617, 36.0903321865836], [-114.97784344927415, 36.09011455950651], [-114.97794096212728, 36.08978733773444], [-114.97798217062058, 36.089575495537886], [-114.9780553911487, 36.08931883498459], [-114.97809635276323, 36.08913912084921], [-114.97816917734639, 36.088933864471706], [-114.97830567945985, 36.088683948618545], [-114.97840195767658, 36.08851736429256], [-114.97853806341735, 36.08831885242339], [-114.97876115046724, 36.088133631711386], [-114.97905553413281, 36.08794234297289], [-114.97970747986993, 36.08757936024686], [-114.97991409201923, 36.08747758821867], [-114.98009661027551, 36.087420675499196], [-114.98029466655379, 36.08740239540527], [-114.98059524270906, 36.08743603605111], [-114.9808324389738, 36.08747578354432], [-114.98099804533547, 36.087560150809345], [-114.9811319864221, 36.087644358726536], [-114.98122619925357, 36.08774764469812], [-114.98132808322796, 36.08788309760919], [-114.98138281292523, 36.08797333353262], [-114.9814377865762, 36.08803144127742], [-114.98166346567815, 36.088270932951694], [-114.98500425485997, 36.08994178557615], [-114.98506807292651, 36.08998405499129], [-114.98542556319221, 36.09019781755613], [-114.98575081039387, 36.09035842391173], [-114.98592985839457, 36.090425559149566], [-114.9863205981905, 36.09055999326402], [-114.98676050787694, 36.09066817282241], [-114.98799932986894, 36.09089956112527], [-114.9886838845811, 36.09103544597507], [-114.98975929191121, 36.09129250226682], [-114.99032979246823, 36.091401315542434], [-114.99063952830313, 36.09145584317392], [-114.9908352035665, 36.09148330711318], [-114.99107984669337, 36.091511014563345], [-114.99147159526868, 36.09151295008968], [-114.99209176340426, 36.091529259699456], [-114.99267908691688, 36.09157190229876], [-114.99293985619956, 36.09162618172346], [-114.99318410550451, 36.09170687731092], [-114.99333041613315, 36.091787089329166], [-114.99511744421548, 36.09293525716364], [-114.99670972773548, 36.09393671109793], [-115.00054403970718, 36.09639317028312], [-115.0022177891094, 36.097434692553556], [-115.00369637194267, 36.098382506955716], [-115.00660476794488, 36.10026459906706], [-115.0104565036527, 36.10265458161131], [-115.01185413748158, 36.10353566494006], [-115.0147142289029, 36.10537758362635], [-115.01786690061253, 36.107419544352936], [-115.019313585741, 36.10831402119047], [-115.02167015852997, 36.109835434785296], [-115.02344459595966, 36.11093068565667], [-115.02527115434735, 36.11209026298645], [-115.0255516185889, 36.11228661720953], [-115.02570903633183, 36.11240822433797], [-115.02583368708633, 36.112525558069365], [-115.02604559122912, 36.112812247819825], [-115.02642570350203, 36.11331124928286], [-115.02674333512844, 36.113759137103145], [-115.0270780287942, 36.11427852900985], [-115.02733984306177, 36.11472066174083], [-115.02757537512106, 36.11513932124382], [-115.02802422206466, 36.11588725368732], [-115.02826047490649, 36.116234489427434], [-115.02842523162512, 36.11645777123187], [-115.02914194698907, 36.11736352696516], [-115.02922125786783, 36.11749026237239], [-115.02936135214225, 36.117842008191964], [-115.0294092592077, 36.116754896771624], [-115.02936880544159, 36.114967287707266], [-115.03186595849388, 36.11640535197757], [-115.03188800148855, 36.1164193604058], [-115.03178361643965, 36.11652750016834], [-115.03153727761699, 36.11677198810884], [-115.03150567349222, 36.11680738053993], [-115.03184549351447, 36.11702333876654], [-115.03254430276067, 36.11746694731984], [-115.0332506669058, 36.11791533900697], [-115.03321930494288, 36.1179867649063], [-115.033178881321, 36.11809344203036], [-115.03315577986659, 36.118165451128135], [-115.03312697066022, 36.11827458171479], [-115.03311169223412, 36.1183479498298], [-115.03309471438466, 36.11845870209446], [-115.03308490307973, 36.11857002354163], [-115.03308307461319, 36.11865981550592], [-115.03367108730778, 36.11866857072175], [-115.03367088117025, 36.118678223529194], [-115.0336608839132, 36.11914782809378], [-115.03366501117424, 36.11924323360398], [-115.0336716844967, 36.11929067495394], [-115.0336853233131, 36.11935336479686], [-115.03371579711117, 36.11944557262145], [-115.03374264646146, 36.119505388454556], [-115.03376612277536, 36.11954917372768], [-115.03382138215096, 36.11963345569035], [-115.03385301130388, 36.119673721840414], [-115.03389914242896, 36.119725217012096], [-115.0339365842916, 36.1197620551425], [-115.03399010617098, 36.11980860452868], [-115.03403280358265, 36.11984146588855], [-115.0346810664709, 36.120246225045825], [-115.03476993417875, 36.12030695377291], [-115.0348459509689, 36.120365024266164], [-115.03491811676768, 36.12042624332424], [-115.03498623612681, 36.120490441517525], [-115.03507044334356, 36.120580371315924], [-115.03512841152684, 36.120650826612426], [-115.03518175541929, 36.12072364734491], [-115.03523032977111, 36.12079863276784], [-115.03527399935349, 36.12087557857594], [-115.03532439296028, 36.12098085573097], [-115.03535618019195, 36.121061545198735], [-115.03538271880154, 36.12114347426234], [-115.0353963617468, 36.12119925460421], [-115.03540981463594, 36.1212542517524], [-115.03542384848811, 36.121338193878394], [-115.03543244785746, 36.1214226176726], [-115.0354355899096, 36.12150728959671], [-115.0354358325159, 36.121557589166024], [-115.0354399684663, 36.12241388145422], [-115.03544045564462, 36.12251483659697], [-115.03545223324768, 36.122676352574146], [-115.03548362201983, 36.12282777452939], [-115.03553434845394, 36.12297570497017], [-115.03560385734023, 36.12311852351341], [-115.03570766127474, 36.12327659996041], [-115.0358149878573, 36.12340307236204], [-115.03593802237825, 36.123519749995], [-115.03607541507613, 36.12362535401982], [-115.0364690018509, 36.12389762130769], [-115.03647797952696, 36.123903831641016], [-115.03648351318218, 36.12390765945676], [-115.03781512510045, 36.12482878913984], [-115.0378982593165, 36.12491580806603], [-115.03797012419463, 36.125006534018404], [-115.03803196907195, 36.12510199567138], [-115.0380756422709, 36.12520340783046], [-115.03810905901419, 36.12530180803702], [-115.03813184158788, 36.12540779197846], [-115.03814428606205, 36.12551661480126], [-115.03814552822084, 36.12562150747323], [-115.03814932338904, 36.12594183689477], [-115.0381510456397, 36.12608735389733], [-115.03819826332516, 36.12974700257234], [-115.03821839106176, 36.12974691030989], [-115.03829984101009, 36.129746673482316], [-115.0383011832203, 36.12974665795867], [-115.04045120965178, 36.1297376559386], [-115.04065389716804, 36.12973588224066], [-115.04280537942965, 36.12972661472493], [-115.04434329832452, 36.129720748327664], [-115.04476064320977, 36.12971915287601], [-115.04622263168258, 36.12971350405374], [-115.04729139257415, 36.129709361685386], [-115.04735282406126, 36.12970801245605], [-115.04747289797827, 36.129705374430365], [-115.04755736894688, 36.129707068179826], [-115.04760675115345, 36.12970805875653], [-115.05181411500561, 36.1296859864434], [-115.05189598630275, 36.129685701681026], [-115.0563119569112, 36.12967025060064], [-115.05634422191024, 36.131777462331584], [-115.0563494845901, 36.13338463029377], [-115.05909663579591, 36.133357991163564], [-115.06089690510194, 36.133340978620076], [-115.06090223855995, 36.133743390174274]]]}, "properties": {"OBJECTID": 7, "COMMISSION": "G", "NAME": "G - Jim Gibson (D)", "Shape__Area": 9876570377.316729, "Shape__Length": 887139.9284278178, "district_id": "G"}}]}
