{"type": "FeatureCollection", "crs": {"type": "name", "properties": {"name": "EPSG:4326"}}, "features": [{"type": "Feature", "id": 1, "geometry": {"type": "Polygon", "coordinates": [[[-114.876989779002, 36.1316682950013], [-114.876760779002, 36.1316472950013], [-114.876517779002, 36.1317512960013], [-114.876197779002, 36.1319742950014], [-114.875718779002, 36.1321892950013], [-114.875385779002, 36.1323352960013], [-114.875156778002, 36.1324462950014], [-114.874940779002, 36.1324812950013], [-114.874760778002, 36.1324882950013], [-114.873675779002, 36.1322282960013], [-114.873301778002, 36.1321472950013], [-114.872079779002, 36.1312172950013], [-114.870745779002, 36.1302902960013], [-114.866587777002, 36.1283922960013], [-114.862612776002, 36.1251802950014], [-114.862343776002, 36.1239112950013], [-114.861704776002, 36.1221882950013], [-114.859176775002, 36.1203002940013], [-114.854287774002, 36.1180772950013], [-114.850259773002, 36.1176882950013], [-114.846542773002, 36.1178682950013], [-114.833697769002, 36.1133522960013], [-114.819600766002, 36.1078022960013], [-114.809229765002, 36.1025742960013], [-114.798456761002, 36.0971432960013], [-114.771166754002, 36.0821022960014], [-114.755625751002, 36.0731952960013], [-114.744419749002, 36.0661862960014], [-114.741140748002, 36.0654592960013], [-114.740071748002, 36.0624422960013], [-114.739312747002, 36.0618162950013], [-114.736605747002, 36.0595462960014], [-114.736034747002, 36.0590682960013], [-114.735647746002, 36.0578022950013], [-114.735296747002, 36.0566532950013], [-114.735137746002, 36.0549362950013], [-114.735091746002, 36.0544402950013], [-114.735712746002, 36.0533982950014], [-114.735847746002, 36.0532452940014], [-114.736333746002, 36.0526912950013], [-114.737689745002, 36.0515222950013], [-114.739469745002, 36.0501982940013], [-114.741688747002, 36.0478822940013], [-114.742490746002, 36.0457022940014], [-114.742498746002, 36.0455632940013], [-114.742555746002, 36.0445782930013], [-114.742672746002, 36.0425782930014], [-114.742548746002, 36.0419592930013], [-114.742116745002, 36.0397972930013], [-114.741273746002, 36.0380492930013], [-114.740029745002, 36.0374722920014], [-114.738896745002, 36.0374702930014], [-114.737394744002, 36.0378342930013], [-114.735750744002, 36.0380382930013], [-114.734532744002, 36.0380582930014], [-114.733428743002, 36.0379182930014], [-114.732495744002, 36.0374332930013], [-114.730574743002, 36.0362122930014], [-114.729884744002, 36.0354862930014], [-114.727613742002, 36.0331042930013], [-114.725131741002, 36.0319232930013], [-114.723684741002, 36.0312352930014], [-114.722753741002, 36.0302912930013], [-114.722496740002, 36.0297602930013], [-114.722107740002, 36.0289572930014], [-114.722225740002, 36.0279692930014], [-114.723335741002, 36.0265932930013], [-114.725581741002, 36.0243932920014], [-114.728885741002, 36.0213922910013], [-114.729080741002, 36.0212692910013], [-114.729917741002, 36.0207412920013], [-114.730755742002, 36.0202122920013], [-114.731707742002, 36.0196112910014], [-114.733372741002, 36.0185612910013], [-114.735222742002, 36.0174422910014], [-114.735653742002, 36.0171822910013], [-114.736083743002, 36.0169222900013], [-114.736469742002, 36.0166882910013], [-114.736856742002, 36.0164542910013], [-114.736888743002, 36.0164342900014], [-114.736983743002, 36.0163762910013], [-114.737016742002, 36.0163572910013], [-114.737073742002, 36.0163222910013], [-114.737244742002, 36.0162192900013], [-114.737256742002, 36.0162132910013], [-114.737301743002, 36.0161842900013], [-114.738051743002, 36.0156942900013], [-114.738566742002, 36.0152282900013], [-114.738661742002, 36.0151292900014], [-114.738756742002, 36.0150302900013], [-114.739935743002, 36.0138042890014], [-114.740877742002, 36.0129332890013], [-114.741110742002, 36.0124702900013], [-114.741149742002, 36.0123922890013], [-114.741188743002, 36.0123152890014], [-114.741245743002, 36.0122002900014], [-114.741723743002, 36.0112542890014], [-114.741745743002, 36.0112192890014], [-114.741809744002, 36.0111192890013], [-114.741874742002, 36.0110192890013], [-114.742312743002, 36.0103402890014], [-114.742635743002, 36.0093122890013], [-114.743016743002, 36.0084552890013], [-114.743174743002, 36.0067272890013], [-114.742769743002, 36.0055692890013], [-114.742327742002, 36.0042852890013], [-114.741690742002, 36.0022882890013], [-114.741564742002, 36.0000032880014], [-114.741563742002, 35.9999922880013], [-114.741555741002, 35.9998432880014], [-114.741547741002, 35.9996952880013], [-114.741311741002, 35.9989682880014], [-114.741076741002, 35.9982412880013], [-114.740826741002, 35.9974692880013], [-114.740830741002, 35.9970842880013], [-114.740840741002, 35.9961652880013], [-114.740555740002, 35.9948582870014], [-114.740168741002, 35.9938762880013], [-114.739880740002, 35.9931432880013], [-114.739492741002, 35.9925472870013], [-114.739329741002, 35.9918092870013], [-114.739424740002, 35.9913682880013], [-114.740054740002, 35.9905392870013], [-114.743075740002, 35.9874462860014], [-114.743128742002, 35.9873922870013], [-114.743180742002, 35.9872632860013], [-114.743368740002, 35.9867912860013], [-114.743649741002, 35.9857902860013], [-114.743663741002, 35.9854212860013], [-114.743682740002, 35.9849222860013], [-114.743617741002, 35.9844212860013], [-114.743505741002, 35.9835582860014], [-114.740547739002, 35.9755502850013], [-114.736206738002, 35.9694262850014], [-114.734720738002, 35.9680522850013], [-114.732467737002, 35.9658962840013], [-114.731402736002, 35.9644692840014], [-114.731134736002, 35.9641102840014], [-114.730622737002, 35.9633832840013], [-114.730564736002, 35.9633002840013], [-114.730101736002, 35.9626962840014], [-114.729723736002, 35.9624692840014], [-114.729339735002, 35.9624332850013], [-114.728677736002, 35.9617622840013], [-114.728507736002, 35.9604002840013], [-114.729773736002, 35.9599002840013], [-114.729601735002, 35.9596272840014], [-114.729556735002, 35.9595542840013], [-114.729337736002, 35.9592092840014], [-114.728716735002, 35.9582162840013], [-114.728598735002, 35.9580262840013], [-114.728383735002, 35.9576862840013], [-114.728056735002, 35.9571642840013], [-114.727829734002, 35.9568012830013], [-114.727409735002, 35.9561252830013], [-114.726843735002, 35.9552142830013], [-114.726691735002, 35.9549682840014], [-114.726577735002, 35.9547862840014], [-114.726217735002, 35.9542042830013], [-114.724710734002, 35.9517582830014], [-114.724621734002, 35.9516172840014], [-114.724422734002, 35.9513012840014], [-114.723910734002, 35.9504682840014], [-114.723860734002, 35.9503852840013], [-114.723739734002, 35.9501862840013], [-114.723617734002, 35.9499912830013], [-114.723253734002, 35.9493972830013], [-114.722953734002, 35.9489182830013], [-114.722677733002, 35.9484772830013], [-114.722613734002, 35.9483762830014], [-114.722504732002, 35.9482022830014], [-114.722394734002, 35.9480302830013], [-114.722324733002, 35.9479192830013], [-114.722251733002, 35.9478032840013], [-114.722038733002, 35.9474672830013], [-114.721580734002, 35.9467432840013], [-114.721216733002, 35.9461742830013], [-114.720904732002, 35.9456862840013], [-114.720719733002, 35.9453992830013], [-114.720270733002, 35.9446972830013], [-114.719986733002, 35.9442562830014], [-114.717985732002, 35.9411432820013], [-114.717897732002, 35.9410052820013], [-114.717809732002, 35.9408682830013], [-114.717569732002, 35.9404962820013], [-114.717328732002, 35.9401202820014], [-114.717029731002, 35.9396542820013], [-114.716826732002, 35.9393392820013], [-114.714625731002, 35.9359152820014], [-114.714034730002, 35.9350002820013], [-114.713795731002, 35.9346302820013], [-114.713323729002, 35.9338492810013], [-114.713246730002, 35.9330402820013], [-114.713424730002, 35.9319052820013], [-114.712861730002, 35.9325382820013], [-114.712767730002, 35.9326442820014], [-114.712836729002, 35.9324882820014], [-114.712899730002, 35.9323472820014], [-114.712976730002, 35.9321642820013], [-114.712555729002, 35.9318662820013], [-114.711012729002, 35.9307722820014], [-114.710798729002, 35.9306062810013], [-114.708589729002, 35.9288902820013], [-114.708559728002, 35.9288692820013], [-114.708512729002, 35.9288392820014], [-114.708480729002, 35.9288192820013], [-114.708408729002, 35.9287432820013], [-114.708011729002, 35.9283492830014], [-114.707614728002, 35.9279552820013], [-114.707340728002, 35.9261822810013], [-114.707374729002, 35.9253062810014], [-114.707534728002, 35.9216502810013], [-114.707565728002, 35.9214892810013], [-114.707810727002, 35.9202802800013], [-114.707864728002, 35.9196102810014], [-114.707891727002, 35.9192122810013], [-114.707816727002, 35.9188022810013], [-114.707409728002, 35.9180622810014], [-114.707795727002, 35.9169982810014], [-114.708841727002, 35.9167022800013], [-114.709198728002, 35.9168322810013], [-114.709049728002, 35.9160292810014], [-114.709012728002, 35.9157802800013], [-114.708960727002, 35.9154432800013], [-114.708619727002, 35.9132392800013], [-114.708538728002, 35.9127212800013], [-114.708334727002, 35.9114212800014], [-114.708123727002, 35.9099382790014], [-114.706778727002, 35.9089552790014], [-114.705725726002, 35.9093212790014], [-114.705893726002, 35.9088852800013], [-114.706002726002, 35.9086032790013], [-114.705130726002, 35.9076422790014], [-114.704580727002, 35.9074232800013], [-114.704490726002, 35.9073882800014], [-114.704300726002, 35.9073132800013], [-114.703549727002, 35.9067122790013], [-114.702960726002, 35.9057432790013], [-114.702462725002, 35.9051372800014], [-114.702163726002, 35.9047732800013], [-114.700780725002, 35.9030692790014], [-114.700269724002, 35.9017622790013], [-114.700181725002, 35.9017862800014], [-114.699354724002, 35.9008332780013], [-114.698757724002, 35.9003412790013], [-114.698343724002, 35.9000012790013], [-114.697569724002, 35.8993652780013], [-114.696143724002, 35.8986672790013], [-114.695883724002, 35.8984362790013], [-114.695106723002, 35.8977462790013], [-114.694939723002, 35.8975992790014], [-114.695597724002, 35.8969442790013], [-114.696075724002, 35.8964692780013], [-114.694551723002, 35.8965922790013], [-114.694118723002, 35.8960032790014], [-114.693613723002, 35.8953162790014], [-114.690881721002, 35.8934942790013], [-114.689651721002, 35.8927062790013], [-114.684889720002, 35.8896552780014], [-114.684565721002, 35.8894472790013], [-114.680977720002, 35.8868902780013], [-114.680758720002, 35.8867342780014], [-114.679291719002, 35.8857262780013], [-114.678983719002, 35.8855152790013], [-114.678025719002, 35.8847572790013], [-114.677995719002, 35.8847122780013], [-114.677376718002, 35.8837922790013], [-114.676032718002, 35.8823442780013], [-114.672973718002, 35.8790492790014], [-114.672020717002, 35.8780232780014], [-114.669088716002, 35.8758392780014], [-114.668156717002, 35.8752062780014], [-114.667121716002, 35.8749892780013], [-114.667320716002, 35.8748892780014], [-114.667220716002, 35.8748892790014], [-114.667205716002, 35.8747922770013], [-114.666439717002, 35.8745272780014], [-114.664811716002, 35.8742702780013], [-114.664240715002, 35.8741802780013], [-114.664140715002, 35.8741322790013], [-114.663225715002, 35.8736972780013], [-114.662774715002, 35.8731682780013], [-114.662398715002, 35.8725242780014], [-114.662320716002, 35.8723912780014], [-114.662243715002, 35.8722592780014], [-114.661647715002, 35.8712382780014], [-114.661647714002, 35.8710722770013], [-114.661647715002, 35.8705502780013], [-114.661991714002, 35.8698552780013], [-114.662634715002, 35.8692182780014], [-114.663628714002, 35.8687772770013], [-114.664039715002, 35.8685942770013], [-114.664935714002, 35.8681962770013], [-114.666647715002, 35.8674362770013], [-114.667216715002, 35.8671842770013], [-114.667482715002, 35.8670662770014], [-114.669118715002, 35.8657762770014], [-114.669410716002, 35.8652852760014], [-114.669691715002, 35.8650412770013], [-114.669700716002, 35.8650572770013], [-114.669695715002, 35.8650722770013], [-114.669698716002, 35.8650892770013], [-114.670783715002, 35.8650592760014], [-114.671869716002, 35.8650282770014], [-114.672300716002, 35.8650162760013], [-114.672599715002, 35.8649302770013], [-114.673571717002, 35.8646522760014], [-114.674904717002, 35.8643622770013], [-114.675438716002, 35.8641852760014], [-114.675501717002, 35.8641652760014], [-114.676041717002, 35.8639162760013], [-114.677584717002, 35.8634872760013], [-114.678197717002, 35.8633162760013], [-114.678367718002, 35.8633102760013], [-114.679132717002, 35.8632862760013], [-114.680171717002, 35.8632532760014], [-114.681534718002, 35.8630382760013], [-114.681871717002, 35.8629852750013], [-114.682061718002, 35.8629552760013], [-114.683415718002, 35.8624312750014], [-114.684642718002, 35.8619572750014], [-114.685665718002, 35.8615612750013], [-114.687809718002, 35.8607332750013], [-114.689592718002, 35.8599212750013], [-114.691467718002, 35.8586662750014], [-114.691856719002, 35.8580522750013], [-114.692401718002, 35.8571892740014], [-114.692881719002, 35.8563512740014], [-114.692957719002, 35.8562192740013], [-114.693457718002, 35.8551302740013], [-114.694381719002, 35.8544682740013], [-114.694991719002, 35.8541522740013], [-114.695302720002, 35.8539922740014], [-114.696071719002, 35.8538372740013], [-114.696592720002, 35.8537322740013], [-114.699996720002, 35.8535962740013], [-114.701915721002, 35.8532282730014], [-114.703610721002, 35.8526002730013], [-114.704414721002, 35.8519912730014], [-114.704879720002, 35.8516402730013], [-114.705867721002, 35.8505132730013], [-114.706543721002, 35.8490322720013], [-114.706539721002, 35.8480782730013], [-114.706536721002, 35.8473542730014], [-114.706299720002, 35.8462232720013], [-114.706202721002, 35.8460632720013], [-114.706087720002, 35.8458782720014], [-114.704534720002, 35.8444112720013], [-114.704214720002, 35.8442792720014], [-114.704184720002, 35.8426742720014], [-114.703950719002, 35.8424072720014], [-114.703792719002, 35.8422272720014], [-114.703538720002, 35.8418502720013], [-114.702350719002, 35.8421562720014], [-114.702374720002, 35.8419212710013], [-114.702416720002, 35.8415302720013], [-114.702379719002, 35.8412852710013], [-114.702304719002, 35.8407972720013], [-114.702096719002, 35.8402442720014], [-114.702087719002, 35.8402302720013], [-114.701768719002, 35.8397452710013], [-114.701727719002, 35.8396832720013], [-114.701686720002, 35.8396212720013], [-114.701489720002, 35.8393212710013], [-114.700219719002, 35.8380042710014], [-114.696931718002, 35.8345972710014], [-114.695768718002, 35.8333922720013], [-114.695568717002, 35.8329582710013], [-114.695517718002, 35.8328482710013], [-114.695511718002, 35.8328352720014], [-114.695454717002, 35.8327122720014], [-114.695260716002, 35.8322902710013], [-114.695276718002, 35.8315912710013], [-114.695288718002, 35.8310962710013], [-114.695348718002, 35.8308102710014], [-114.695372717002, 35.8306952710013], [-114.695397717002, 35.8305802710013], [-114.695541717002, 35.8299022710013], [-114.696627717002, 35.8279612710013], [-114.696722717002, 35.8277912700013], [-114.696817718002, 35.8276212710014], [-114.697287717002, 35.8267812700013], [-114.698892716002, 35.8245812700013], [-114.699145717002, 35.8242352700013], [-114.700282717002, 35.8225702690013], [-114.700665717002, 35.8220092700013], [-114.700870718002, 35.8214782700013], [-114.701335718002, 35.8202732690013], [-114.701570716002, 35.8196672690014], [-114.702270718002, 35.8178572690014], [-114.702737717002, 35.8166482680013], [-114.703204717002, 35.8154392690013], [-114.703282717002, 35.8152382680013], [-114.703530717002, 35.8148492680013], [-114.703676717002, 35.8146192690013], [-114.704163718002, 35.8141222690013], [-114.704239718002, 35.8140452690014], [-114.705529717002, 35.8128122680014], [-114.706351717002, 35.8120272680014], [-114.707664717002, 35.8112622680014], [-114.708829718002, 35.8105822680014], [-114.709335718002, 35.8100552670013], [-114.709345718002, 35.8100402670013], [-114.709729718002, 35.8094582680014], [-114.710048717002, 35.8086782680013], [-114.710095718002, 35.8085632680014], [-114.710545718002, 35.8075302670014], [-114.711305717002, 35.8066812670013], [-114.711945717002, 35.8056792660013], [-114.712037717002, 35.8055342670013], [-114.711924717002, 35.8049602670014], [-114.711501717002, 35.8043852670013], [-114.709217718002, 35.8020662670013], [-114.708627717002, 35.8014672670014], [-114.705838716002, 35.7988942670013], [-114.704359715002, 35.7967852660013], [-114.704259716002, 35.7966422660013], [-114.703189716002, 35.7946902660013], [-114.701470715002, 35.7927372660014], [-114.701190714002, 35.7924512660013], [-114.699893714002, 35.7911282660013], [-114.699329714002, 35.7904852660014], [-114.699103714002, 35.7894742660014], [-114.699047714002, 35.7880512660013], [-114.699354713002, 35.7856122650013], [-114.699404713002, 35.7852172650013], [-114.699454714002, 35.7848212660014], [-114.699692714002, 35.7829322650013], [-114.699885714002, 35.7815522650014], [-114.699903713002, 35.7814252650014], [-114.699921714002, 35.7812992650013], [-114.700085713002, 35.7801312640014], [-114.700675713002, 35.7772622640014], [-114.701181714002, 35.7741172640013], [-114.701188713002, 35.7735482630014], [-114.701188712002, 35.7735232640014], [-114.701196712002, 35.7728452640014], [-114.701204713002, 35.7721432640014], [-114.701208713002, 35.7717982640013], [-114.701150713002, 35.7710082630014], [-114.701038712002, 35.7696852640013], [-114.700700712002, 35.7682852630013], [-114.700277713002, 35.7668842630014], [-114.700267713002, 35.7668632630014], [-114.697431711002, 35.7606822620013], [-114.696840711002, 35.7598552620013], [-114.696277711002, 35.7592582620014], [-114.695470710002, 35.7587062630014], [-114.695235710002, 35.7585452630013], [-114.694728711002, 35.7579022630014], [-114.694717711002, 35.7578592620014], [-114.694559711002, 35.7572362630014], [-114.694278710002, 35.7566382620013], [-114.695037710002, 35.7558362630013], [-114.695686710002, 35.7555342620013], [-114.696022710002, 35.7553772620013], [-114.696192709002, 35.7551442620014], [-114.696557709002, 35.7546432620013], [-114.696781710002, 35.7538172620013], [-114.696849710002, 35.7529512620014], [-114.696865709002, 35.7527612610013], [-114.697737709002, 35.7509712620013], [-114.697737710002, 35.7498002610014], [-114.697596711002, 35.7484222610013], [-114.696948709002, 35.7472502600013], [-114.696666709002, 35.7461482610013], [-114.696617709002, 35.7454772600013], [-114.696562709002, 35.7447342610013], [-114.696515710002, 35.7440772610013], [-114.696412709002, 35.7426782610013], [-114.696411709002, 35.7426582600013], [-114.696416710002, 35.7425062600013], [-114.696445708002, 35.7417622600013], [-114.696449709002, 35.7416622600014], [-114.696452709002, 35.7415612610014], [-114.696473710002, 35.7409962600013], [-114.696481709002, 35.7407952610014], [-114.696510709002, 35.7400302600013], [-114.696551710002, 35.7389392600014], [-114.696588709002, 35.7387022600013], [-114.696710709002, 35.7379462600014], [-114.696847709002, 35.7370902590014], [-114.696883708002, 35.7368712600013], [-114.697055709002, 35.7357972590013], [-114.697140709002, 35.7352662590014], [-114.697288709002, 35.7345302600013], [-114.697461709002, 35.7336822600014], [-114.697495708002, 35.7335132590014], [-114.697529709002, 35.7333442590013], [-114.697842708002, 35.7317952590014], [-114.697870709002, 35.7316622590014], [-114.698416709002, 35.7299932590013], [-114.699416708002, 35.7269342590014], [-114.699475708002, 35.7267902590013], [-114.699527708002, 35.7266652580013], [-114.699578708002, 35.7265402590014], [-114.699668709002, 35.7263202590013], [-114.699989708002, 35.7255412580014], [-114.700401707002, 35.7245412580014], [-114.700694707002, 35.7238262580013], [-114.701071708002, 35.7229122580014], [-114.701576708002, 35.7216822580013], [-114.701741708002, 35.7212832580013], [-114.701805708002, 35.7211252580013], [-114.701870709002, 35.7209682570013], [-114.701938708002, 35.7208002570014], [-114.702142709002, 35.7202992570014], [-114.702211707002, 35.7201322570013], [-114.702495708002, 35.7194372570013], [-114.702617708002, 35.7191372570014], [-114.702778708002, 35.7187432570013], [-114.703266708002, 35.7175462570013], [-114.703798708002, 35.7161532570013], [-114.703803708002, 35.7161392570014], [-114.703992708002, 35.7156442570013], [-114.704186708002, 35.7151352570014], [-114.704453708002, 35.7144292570013], [-114.704719708002, 35.7137222570013], [-114.705434708002, 35.7118252560014], [-114.705458708002, 35.7117622570013], [-114.705570707002, 35.7104082560013], [-114.705485708002, 35.7090302560013], [-114.705358708002, 35.7083492550014], [-114.705608708002, 35.7082792560013], [-114.705272708002, 35.7076172560013], [-114.705043708002, 35.7071682560013], [-114.704853707002, 35.7067492560014], [-114.704970708002, 35.7063712560014], [-114.704512708002, 35.7059982560013], [-114.703619707002, 35.7039272550014], [-114.703120707002, 35.7033192550014], [-114.702420707002, 35.7024482550013], [-114.702224707002, 35.7022042550014], [-114.701427706002, 35.7010892550013], [-114.700531706002, 35.7002772550014], [-114.700032706002, 35.6998712550013], [-114.699489706002, 35.6993362550014], [-114.699273706002, 35.6991522560014], [-114.696887705002, 35.6971192540013], [-114.696225706002, 35.6965552550014], [-114.696081705002, 35.6964562550013], [-114.695205705002, 35.6958502550013], [-114.692577705002, 35.6940322550013], [-114.691702704002, 35.6934262550014], [-114.691274703002, 35.6931302540013], [-114.690107704002, 35.6924742550013], [-114.688124703002, 35.6913592550014], [-114.685705702002, 35.6903462550013], [-114.685108702002, 35.6900272550014], [-114.683915702002, 35.6893912540013], [-114.683765701002, 35.6893112550014], [-114.683486701002, 35.6891242550013], [-114.682668702002, 35.6885762560013], [-114.681908701002, 35.6875652550013], [-114.681633702002, 35.6870662550014], [-114.681008701002, 35.6859342540014], [-114.680918701002, 35.6854702550013], [-114.680642701002, 35.6840512550013], [-114.680838701002, 35.6822602540013], [-114.681541700002, 35.6799652530013], [-114.681903700002, 35.6789842540013], [-114.682328700002, 35.6778302530013], [-114.682571701002, 35.6773642540014], [-114.682815700002, 35.6768952530013], [-114.683059701002, 35.6764252530013], [-114.683459701002, 35.6756542530014], [-114.684662700002, 35.6733432530013], [-114.685064701002, 35.6725732530014], [-114.685407700002, 35.6719112520013], [-114.686066700002, 35.6706472520013], [-114.686569701002, 35.6700122530013], [-114.687032701002, 35.6694282530014], [-114.687864701002, 35.6683762530014], [-114.688107701002, 35.6680922520013], [-114.688513701002, 35.6676162520014], [-114.688904700002, 35.6671602530014], [-114.689579700002, 35.6662662520014], [-114.690225701002, 35.6651642510014], [-114.690478701002, 35.6637872510013], [-114.690505701002, 35.6626622510013], [-114.690238701002, 35.6611872510014], [-114.690027701002, 35.6600212520013], [-114.689911701002, 35.6588722500014], [-114.689856700002, 35.6583302500014], [-114.689691700002, 35.6567062510013], [-114.689636700002, 35.6561652510014], [-114.689606700002, 35.6558692500014], [-114.689576700002, 35.6555732510014], [-114.689537699002, 35.6552002500013], [-114.689491699002, 35.6547402510014], [-114.689409699002, 35.6541472500013], [-114.689237699002, 35.6529032500014], [-114.689347699002, 35.6523222500013], [-114.689518699002, 35.6514342500014], [-114.689492699002, 35.6513752500014], [-114.689411698002, 35.6511912500014], [-114.689330699002, 35.6510082500014], [-114.689012700002, 35.6502852510014], [-114.688748699002, 35.6500122500013], [-114.688056699002, 35.6492972500014], [-114.686144698002, 35.6475272500014], [-114.685166698002, 35.6470052500014], [-114.683782698002, 35.6462662500014], [-114.683473697002, 35.6461012500014], [-114.683167698002, 35.6458992490013], [-114.682609697002, 35.6455322500013], [-114.682201697002, 35.6452632500013], [-114.681794697002, 35.6449942500013], [-114.681456698002, 35.6447712500014], [-114.681372697002, 35.6447162500014], [-114.681118697002, 35.6445492500014], [-114.680946697002, 35.6444352500014], [-114.680774697002, 35.6443222490013], [-114.679426696002, 35.6434342500013], [-114.678901696002, 35.6429512500014], [-114.677966695002, 35.6420912490013], [-114.677626696002, 35.6417792500014], [-114.676502697002, 35.6404692500013], [-114.675012695002, 35.6383092490013], [-114.674554695002, 35.6375362490013], [-114.673369695002, 35.6355342490013], [-114.673298695002, 35.6354142490014], [-114.672455694002, 35.6339202490013], [-114.672145694002, 35.6333702480014], [-114.670290694002, 35.6307732490014], [-114.669992693002, 35.6303242490013], [-114.669328694002, 35.6293222480014], [-114.669026694002, 35.6288662490014], [-114.668598693002, 35.6280602480014], [-114.668506693002, 35.6278862490013], [-114.668413693002, 35.6277122480014], [-114.668098693002, 35.6271202490013], [-114.667325693002, 35.6249942480014], [-114.666946693002, 35.6239512480013], [-114.666749693002, 35.6232702480013], [-114.666693693002, 35.6230782480014], [-114.665866693002, 35.6221072470013], [-114.665400692002, 35.6215612480013], [-114.665145693002, 35.6214462480013], [-114.663658692002, 35.6207782470013], [-114.663305692002, 35.6207632480013], [-114.663142691002, 35.6207562480014], [-114.662980692002, 35.6207492480013], [-114.662029692002, 35.6207082480013], [-114.660652691002, 35.6203392480013], [-114.659472692002, 35.6195572480013], [-114.658136691002, 35.6180492480013], [-114.657252690002, 35.6170512480014], [-114.655292690002, 35.6141562480013], [-114.655230689002, 35.6140642480013], [-114.654536689002, 35.6128182480014], [-114.653938689002, 35.6117442470013], [-114.653570689002, 35.6098112470013], [-114.653545689002, 35.6096772470013], [-114.653489689002, 35.6082302470014], [-114.653516688002, 35.6080342470013], [-114.653629688002, 35.6071972470014], [-114.654144689002, 35.6061152470013], [-114.654219689002, 35.6059582470013], [-114.654500688002, 35.6051782460013], [-114.654441689002, 35.6047222460014], [-114.654388689002, 35.6043052470014], [-114.654295689002, 35.6040002470013], [-114.654266688002, 35.6039052470014], [-114.654237689002, 35.6038102470014], [-114.653995688002, 35.6030192460013], [-114.653990687002, 35.6029732470014], [-114.653742688002, 35.6003782470013], [-114.653743688002, 35.6003652460013], [-114.653817688002, 35.5994952460014], [-114.653825688002, 35.5994142460013], [-114.653832687002, 35.5993332460013], [-114.653911688002, 35.5984962460013], [-114.654300688002, 35.5973102460014], [-114.654529688002, 35.5966142460014], [-114.655597688002, 35.5948242450013], [-114.656608688002, 35.5928512460014], [-114.657366688002, 35.5913082450014], [-114.657879688002, 35.5902672450014], [-114.658119689002, 35.5897782450014], [-114.658360688002, 35.5892892450013], [-114.658640688002, 35.5887182440014], [-114.658835687002, 35.5883242440013], [-114.659249688002, 35.5874822450014], [-114.659629687002, 35.5871122440013], [-114.659698687002, 35.5870462440014], [-114.660176689002, 35.5867952440013], [-114.660569687002, 35.5865882440013], [-114.660807689002, 35.5865332440014], [-114.661861688002, 35.5862912430014], [-114.662463688002, 35.5862042440013], [-114.662837688002, 35.5861492430014], [-114.662991689002, 35.5861272440014], [-114.663520689002, 35.5860502440013], [-114.664220689002, 35.5859492430014], [-114.665302689002, 35.5854952430013], [-114.666186688002, 35.5851252440014], [-114.667646689002, 35.5843232430013], [-114.668938689002, 35.5837962440013], [-114.670202690002, 35.5834762430014], [-114.670478690002, 35.5833132440014], [-114.672101690002, 35.5823612430013], [-114.672677689002, 35.5820222430013], [-114.674407691002, 35.5810072420013], [-114.674984689002, 35.5806692430014], [-114.675004689002, 35.5806572420013], [-114.675678690002, 35.5800382420014], [-114.675762690002, 35.5794642420013], [-114.675425690002, 35.5789132430013], [-114.674892689002, 35.5783842420013], [-114.674169690002, 35.5778942420014], [-114.673909690002, 35.5777172420013], [-114.671578689002, 35.5762222420013], [-114.670033689002, 35.5756012420014], [-114.668404688002, 35.5743362420014], [-114.666242688002, 35.5716472410013], [-114.665704688002, 35.5706852420013], [-114.664731687002, 35.5689452420013], [-114.664444687002, 35.5684312420013], [-114.664152687002, 35.5672622420013], [-114.663963688002, 35.5665062420013], [-114.663911686002, 35.5662952420013], [-114.663237686002, 35.5651692410013], [-114.662893686002, 35.5644382410014], [-114.662816687002, 35.5642732410013], [-114.662835686002, 35.5636772420013], [-114.662844686002, 35.5633782410014], [-114.663125687002, 35.5625982410013], [-114.663546687002, 35.5609682400014], [-114.663462686002, 35.5598892410014], [-114.663451686002, 35.5598632400013], [-114.662465685002, 35.5575562410013], [-114.662451686002, 35.5575232400013], [-114.661974686002, 35.5558922400014], [-114.661997685002, 35.5548472410013], [-114.662002685002, 35.5546062410014], [-114.661974685002, 35.5526092400013], [-114.661749685002, 35.5515292400013], [-114.661412685002, 35.5502432400014], [-114.661131684002, 35.5490262390013], [-114.661144685002, 35.5484702390014], [-114.661160684002, 35.5477862400014], [-114.661581684002, 35.5456972390013], [-114.661505685002, 35.5445932390013], [-114.661468684002, 35.5440672390014], [-114.661341684002, 35.5436772390013], [-114.661103683002, 35.5429422390014], [-114.660767684002, 35.5417012390014], [-114.660528685002, 35.5409862390013], [-114.660346684002, 35.5404382390013], [-114.660149684002, 35.5401382390014], [-114.659999684002, 35.5399102380014], [-114.659560683002, 35.5392432380013], [-114.659547683002, 35.5392272380013], [-114.659380684002, 35.5390122380014], [-114.658718683002, 35.5381632380013], [-114.657926684002, 35.5371092380013], [-114.657820683002, 35.5369682390013], [-114.657146683002, 35.5358652380013], [-114.656781683002, 35.5349692380013], [-114.656837682002, 35.5337762380013], [-114.657174682002, 35.5323062380013], [-114.657764682002, 35.5307462370014], [-114.657978682002, 35.5304382380014], [-114.658886683002, 35.5291402370014], [-114.659404683002, 35.5285172370014], [-114.659897682002, 35.5279242380013], [-114.659982682002, 35.5278642370014], [-114.661693683002, 35.5266872370013], [-114.661954682002, 35.5262032370014], [-114.662371683002, 35.5254342370013], [-114.662675682002, 35.5248742370014], [-114.663461682002, 35.5231992370014], [-114.663673683002, 35.5227872370013], [-114.663994683002, 35.5221662360013], [-114.664612683002, 35.5215242360014], [-114.664874683002, 35.5214062360014], [-114.665425683002, 35.5211572360014], [-114.665883684002, 35.5210942360014], [-114.666576683002, 35.5209982360013], [-114.668597683002, 35.5212302360014], [-114.668835684002, 35.5211212360014], [-114.669551683002, 35.5207952350013], [-114.669613683002, 35.5207482350013], [-114.670449683002, 35.5201072360014], [-114.671255684002, 35.5195272360013], [-114.672778684002, 35.5184332350013], [-114.673059684002, 35.5181932350014], [-114.673327684002, 35.5179642360014], [-114.673596684002, 35.5177352350013], [-114.674087685002, 35.5173162350014], [-114.674096685002, 35.5173092350013], [-114.674602683002, 35.5167802350014], [-114.675425684002, 35.5159182340013], [-114.675696685002, 35.5156352350013], [-114.675814684002, 35.5154112340013], [-114.676258684002, 35.5145682340014], [-114.676313684002, 35.5144652340014], [-114.677154684002, 35.5129502340014], [-114.677167684002, 35.5128752340013], [-114.677321684002, 35.5119562340013], [-114.677323684002, 35.5119462340014], [-114.677480684002, 35.5110172340014], [-114.677491683002, 35.5109532350014], [-114.677553683002, 35.5098422340014], [-114.677590685002, 35.5091902340014], [-114.677602684002, 35.5089782330014], [-114.677631683002, 35.5087782340013], [-114.677980684002, 35.5063392330014], [-114.678079684002, 35.5056502330013], [-114.678204684002, 35.5051862340014], [-114.678386683002, 35.5045052330013], [-114.678443683002, 35.5042952330013], [-114.678695684002, 35.5028722330014], [-114.678753684002, 35.5024232330013], [-114.678787683002, 35.5021692330014], [-114.678845684002, 35.5017252330014], [-114.678890683002, 35.5013752330013], [-114.678903684002, 35.5012812330014], [-114.678866684002, 35.5005722330014], [-114.678800684002, 35.5003952330014], [-114.678779684002, 35.5003362320013], [-114.678666684002, 35.5000032320014], [-114.678598683002, 35.4998512330014], [-114.678655683002, 35.4993672330014], [-114.678726683002, 35.4987552330014], [-114.678737683002, 35.4986622330014], [-114.678653683002, 35.4976332330013], [-114.678175683002, 35.4962842320014], [-114.677802682002, 35.4953112320014], [-114.677754683002, 35.4951872330013], [-114.676829683002, 35.4941822330014], [-114.676268683002, 35.4931082320013], [-114.676407682002, 35.4925362320014], [-114.676715683002, 35.4918502320013], [-114.676815683002, 35.4912532310013], [-114.676967682002, 35.4903412320014], [-114.676914682002, 35.4901362310014], [-114.676826683002, 35.4897922310013], [-114.676518681002, 35.4892892320013], [-114.675827682002, 35.4885332320014], [-114.675620681002, 35.4883072310014], [-114.674941681002, 35.4874472310013], [-114.674891682002, 35.4873842310014], [-114.673545681002, 35.4856802310013], [-114.671918680002, 35.4820922310013], [-114.671805681002, 35.4808112310014], [-114.672085680002, 35.4797142310014], [-114.672464680002, 35.4790592300014], [-114.673092681002, 35.4779752300013], [-114.673484680002, 35.4768542300014], [-114.673596681002, 35.4758482300014], [-114.673175681002, 35.4748192300013], [-114.672361680002, 35.4737452300014], [-114.670514679002, 35.4723702300013], [-114.670105679002, 35.4720652300013], [-114.668875679002, 35.4711492300013], [-114.668774680002, 35.4710742300013], [-114.667400679002, 35.4699092300013], [-114.665999678002, 35.4679902300014], [-114.665662678002, 35.4669162290014], [-114.665581678002, 35.4663012290014], [-114.665521678002, 35.4658412300013], [-114.665605678002, 35.4648352290014], [-114.665801678002, 35.4639202290013], [-114.666059678002, 35.4634592290014], [-114.666276677002, 35.4630742290013], [-114.666780678002, 35.4620902280014], [-114.667060678002, 35.4612892290014], [-114.667228678002, 35.4603752290014], [-114.666947678002, 35.4594832280014], [-114.666162678002, 35.4582032290013], [-114.665153677002, 35.4573362280013], [-114.664228677002, 35.4558502280013], [-114.663891676002, 35.4546622280014], [-114.663946676002, 35.4540822280014], [-114.664003677002, 35.4534732280014], [-114.664226676002, 35.4517122280014], [-114.663945676002, 35.4494712270013], [-114.663552676002, 35.4478022270014], [-114.662907675002, 35.4464542270013], [-114.661758675002, 35.4447402270014], [-114.660189675002, 35.4435762270014], [-114.659588675002, 35.4430722270014], [-114.658116674002, 35.4418402270014], [-114.655342673002, 35.4383672270014], [-114.654306673002, 35.4368592270014], [-114.654025673002, 35.4358762270014], [-114.653885674002, 35.4346412270013], [-114.653828673002, 35.4328582250014], [-114.653408672002, 35.4319442260014], [-114.652763673002, 35.4308242260013], [-114.652091672002, 35.4301392260014], [-114.650746672002, 35.4288822260014], [-114.640719670002, 35.4208382260014], [-114.634660668002, 35.4159772250014], [-114.631984668002, 35.4138302250013], [-114.630444666002, 35.4124132250014], [-114.629072667002, 35.4111802250014], [-114.627336666002, 35.4101982250014], [-114.626776666002, 35.4096492260014], [-114.625713665002, 35.4079812250014], [-114.625495665002, 35.4074992250014], [-114.624481665002, 35.4052612250014], [-114.623804664002, 35.4037142250013], [-114.623641665002, 35.4033412240014], [-114.622812665002, 35.4015972240013], [-114.622723664002, 35.4014102240014], [-114.621794664002, 35.3994552230014], [-114.621516664002, 35.3986552240013], [-114.621411664002, 35.3983532240014], [-114.621307664002, 35.3980522240013], [-114.620898664002, 35.3968722240013], [-114.618995662002, 35.3893962220014], [-114.618324661002, 35.3845032230013], [-114.618272661002, 35.3828132220013], [-114.618268662002, 35.3826512230013], [-114.618184661002, 35.3821362220014], [-114.618044661002, 35.3812792230013], [-114.617709661002, 35.3801362220013], [-114.617065662002, 35.3790852220014], [-114.615636660002, 35.3770262210014], [-114.613148660002, 35.3733942210014], [-114.611217659002, 35.3701242210013], [-114.609512659002, 35.3664222200014], [-114.607498658002, 35.3624222200013], [-114.607092657002, 35.3615672200014], [-114.606184657002, 35.3596562200013], [-114.605759657002, 35.3584592200014], [-114.604618656002, 35.3552442200013], [-114.604476656002, 35.3548302190014], [-114.603709657002, 35.3525872200013], [-114.602941655002, 35.3503452190014], [-114.602097655002, 35.3478782190014], [-114.601253656002, 35.3454112190013], [-114.600912655002, 35.3444162190013], [-114.600571654002, 35.3434212190014], [-114.599782655002, 35.3411152180013], [-114.599392654002, 35.3397412190014], [-114.598461653002, 35.3364602180014], [-114.597531653002, 35.3331792170014], [-114.597519653002, 35.3331362170014], [-114.595564653002, 35.3265522170013], [-114.595173652002, 35.3242432170014], [-114.595174652002, 35.3218882170013], [-114.596465651002, 35.3083512140013], [-114.596885650002, 35.3057662140014], [-114.597086650002, 35.3042482140014], [-114.597221651002, 35.3032282140013], [-114.597279651002, 35.2995702140013], [-114.597197651002, 35.2988672130014], [-114.597161651002, 35.2985572140014], [-114.597124649002, 35.2982482130014], [-114.597057650002, 35.2976732140013], [-114.596990650002, 35.2970992140014], [-114.596974650002, 35.2969702130014], [-114.596693650002, 35.2945622130014], [-114.596275650002, 35.2919332120014], [-114.595716649002, 35.2899442120014], [-114.595130649002, 35.2882062120013], [-114.593789648002, 35.2859212120013], [-114.593258649002, 35.2843662120014], [-114.593169648002, 35.2839792120014], [-114.592672647002, 35.2818052120014], [-114.591456647002, 35.2767712110013], [-114.591382647002, 35.2764642110014], [-114.591308647002, 35.2761572110014], [-114.590998647002, 35.2748772100014], [-114.590524646002, 35.2723392100014], [-114.590174647002, 35.2713242100013], [-114.589854647002, 35.2703942100014], [-114.589427647002, 35.2694332100013], [-114.588738646002, 35.2678802100013], [-114.587866646002, 35.2661772100014], [-114.587508646002, 35.2654782100013], [-114.587174645002, 35.2641062100014], [-114.586615645002, 35.2623912100013], [-114.586413645002, 35.2610102100014], [-114.586281645002, 35.2601032100014], [-114.586085645002, 35.2591862090014], [-114.585848645002, 35.2580712090014], [-114.585779645002, 35.2577482090014], [-114.585732644002, 35.2559242090014], [-114.585724645002, 35.2556212080013], [-114.585725644002, 35.2531502080014], [-114.585895644002, 35.2519612090014], [-114.586003644002, 35.2500032090014], [-114.586064643002, 35.2488962080014], [-114.586053644002, 35.2488552080014], [-114.586019644002, 35.2487292080013], [-114.585986644002, 35.2486032080014], [-114.585533644002, 35.2469072070014], [-114.585227643002, 35.2440252080014], [-114.585004643002, 35.2427222070013], [-114.584522643002, 35.2417182080014], [-114.583718642002, 35.2402902070014], [-114.583050642002, 35.2393602070014], [-114.582853642002, 35.2387082070014], [-114.582441642002, 35.2345422060014], [-114.582491642002, 35.2331782060014], [-114.582856642002, 35.2322922060014], [-114.582937641002, 35.2321072060014], [-114.583132642002, 35.2316722060013], [-114.583449641002, 35.2309992060013], [-114.583534642002, 35.2303532060014], [-114.583439641002, 35.2297422060013], [-114.583132641002, 35.2286942060014], [-114.582877641002, 35.2278352060014], [-114.581746640002, 35.2240772050014], [-114.580451640002, 35.2204362050014], [-114.580323639002, 35.2201002050014], [-114.580325641002, 35.2181182040014], [-114.580203640002, 35.2173022050014], [-114.579932639002, 35.2155262050014], [-114.579916639002, 35.2125762050014], [-114.579908639002, 35.2109752030014], [-114.579822640002, 35.2103872040013], [-114.579742639002, 35.2098922030013], [-114.579546639002, 35.2089162030014], [-114.578592638002, 35.2081182030013], [-114.577785639002, 35.2077712040013], [-114.576501638002, 35.2073362030014], [-114.574969637002, 35.2067192030014], [-114.574521638002, 35.2061282040014], [-114.574507637002, 35.2060942030014], [-114.574244638002, 35.2054862030014], [-114.574318637002, 35.2049172030013], [-114.574048637002, 35.2037952030013], [-114.573644638002, 35.2031752030014], [-114.572095636002, 35.2007992040014], [-114.571872637002, 35.2002052030014], [-114.571832637002, 35.1997602030013], [-114.571827637002, 35.1997102030014], [-114.571815637002, 35.1995602030014], [-114.571813637002, 35.1995122030013], [-114.571815637002, 35.1993812030013], [-114.571822637002, 35.1989912030014], [-114.571825636002, 35.1988622030013], [-114.571856636002, 35.1985352030014], [-114.571875637002, 35.1983392030014], [-114.571835636002, 35.1979422030013], [-114.571810636002, 35.1976872030014], [-114.571796636002, 35.1975582020014], [-114.571764636002, 35.1972342020014], [-114.571734636002, 35.1969082030014], [-114.571704636002, 35.1965832020014], [-114.571690636002, 35.1964462020014], [-114.571607635002, 35.1955352020014], [-114.571511637002, 35.1944872020014], [-114.571474636002, 35.1940882020013], [-114.571423636002, 35.1935302030014], [-114.571423636002, 35.1933022020013], [-114.571405636002, 35.1921272020014], [-114.571413635002, 35.1910802020014], [-114.571415635002, 35.1910312020013], [-114.571025636002, 35.1899182020014], [-114.570381635002, 35.1885252010014], [-114.570316636002, 35.1883512020013], [-114.569664635002, 35.1862722010014], [-114.569500635002, 35.1850902020013], [-114.569453635002, 35.1847512010013], [-114.569395635002, 35.1843342020014], [-114.569290634002, 35.1835782010014], [-114.569269635002, 35.1834292010013], [-114.569256635002, 35.1825442010014], [-114.569253635002, 35.1816252010014], [-114.569249634002, 35.1788772000014], [-114.569253634002, 35.1779652000014], [-114.569263634002, 35.1776442000013], [-114.569172634002, 35.1767812000014], [-114.569000634002, 35.1750902000014], [-114.569188634002, 35.1732442000014], [-114.569225633002, 35.1728952000014], [-114.568771634002, 35.1722002000014], [-114.568798634002, 35.1714492000014], [-114.568880634002, 35.1691981990014], [-114.568890634002, 35.1691331990013], [-114.568885634002, 35.1690851990013], [-114.568878633002, 35.1690231990014], [-114.568897634002, 35.1684481990014], [-114.568968634002, 35.1677361990014], [-114.569183633002, 35.1656001990014], [-114.569255633002, 35.1648891980014], [-114.569311633002, 35.1643751990014], [-114.569356633002, 35.1639791990013], [-114.569457634002, 35.1630681980014], [-114.569483633002, 35.1628351980013], [-114.569499633002, 35.1626951980014], [-114.569540633002, 35.1623221990014], [-114.569636632002, 35.1619231980014], [-114.570216632002, 35.1595091980014], [-114.570312632002, 35.1591101980014], [-114.570637632002, 35.1578931980014], [-114.571182633002, 35.1558501970014], [-114.571220633002, 35.1557121970014], [-114.571637633002, 35.1541441980013], [-114.573564632002, 35.1469071960013], [-114.573890632002, 35.1453561960014], [-114.573983632002, 35.1440451960013], [-114.573954632002, 35.1438971960014], [-114.573717633002, 35.1427031960014], [-114.573603632002, 35.1424401960014], [-114.573547632002, 35.1423111960014], [-114.573483631002, 35.1421631960014], [-114.573310631002, 35.1417041950014], [-114.572976632002, 35.1408171960014], [-114.572608632002, 35.1395621950013], [-114.572964632002, 35.1384901950014], [-114.572969631002, 35.1384771960014], [-114.573514631002, 35.1370531950014], [-114.573714632002, 35.1365881950014], [-114.574422632002, 35.1349551950013], [-114.575996632002, 35.1326701940014], [-114.577111632002, 35.1310531940014], [-114.577157632002, 35.1309871950014], [-114.577193632002, 35.1309181940014], [-114.577335632002, 35.1306431950014], [-114.577476632002, 35.1303671940013], [-114.577811632002, 35.1297151940013], [-114.578274632002, 35.1288151940013], [-114.579893631002, 35.1275111940014], [-114.580780631002, 35.1271211930014], [-114.581511632002, 35.1268011940014], [-114.581928632002, 35.1266121930013], [-114.582017632002, 35.1265711930014], [-114.583074632002, 35.1260911930014], [-114.584888633002, 35.1251991930014], [-114.585328632002, 35.1250421920013], [-114.586197633002, 35.1247341930014], [-114.588375633002, 35.1239631930014], [-114.589798633002, 35.1235271920014], [-114.594116634002, 35.1225631920014], [-114.597805635002, 35.1217401920014], [-114.599515635002, 35.1216671910013], [-114.600705635002, 35.1216161920013], [-114.601069636002, 35.1216011920014], [-114.602018636002, 35.1216461910013], [-114.602751636002, 35.1216711910014], [-114.602969636002, 35.1216001910013], [-114.603493635002, 35.1214291920013], [-114.604018636002, 35.1212571910014], [-114.605810636002, 35.1213431920013], [-114.606050636002, 35.1213551910014], [-114.608082637002, 35.1214521910014], [-114.611187637002, 35.1216011910013], [-114.611567637002, 35.1216201910013], [-114.612981638002, 35.1216271910014], [-114.613045638002, 35.1216291920014], [-114.613238638002, 35.1216401910014], [-114.613304638002, 35.1216441910013], [-114.613388638002, 35.1216481900013], [-114.613649637002, 35.1216641910013], [-114.613736638002, 35.1216711910014], [-114.614150638002, 35.1216991910014], [-114.615952637002, 35.1216611910014], [-114.617400638002, 35.1216071910014], [-114.618597638002, 35.1215621900014], [-114.621368639002, 35.1211541900013], [-114.623772639002, 35.1206071900014], [-114.624682640002, 35.1202341900014], [-114.625141640002, 35.1200451900013], [-114.625592640002, 35.1198611900014], [-114.625810640002, 35.1197711900014], [-114.626340640002, 35.1196421900014], [-114.626902640002, 35.1195061900013], [-114.628438640002, 35.1189481890014], [-114.629315640002, 35.1185571890014], [-114.629388641002, 35.1185251890013], [-114.629945639002, 35.1182771890013], [-114.630452640002, 35.1180141890014], [-114.630549640002, 35.1179631890014], [-114.630647640002, 35.1179131900013], [-114.630719640002, 35.1178751900014], [-114.630937640002, 35.1177621890014], [-114.631010641002, 35.1177251890014], [-114.631960640002, 35.1172561890014], [-114.632293641002, 35.1170931890014], [-114.633411641002, 35.1160371890014], [-114.633689641002, 35.1157751890013], [-114.634342641002, 35.1151741890014], [-114.635122641002, 35.1144581890014], [-114.635193640002, 35.1143901880014], [-114.635406640002, 35.1141851890014], [-114.635478640002, 35.1141181880014], [-114.635956641002, 35.1137231880014], [-114.636434641002, 35.1133281880014], [-114.636720641002, 35.1130911890013], [-114.637443642002, 35.1124941880013], [-114.639019641002, 35.1109201880014], [-114.640091642002, 35.1096401880014], [-114.641127642002, 35.1084061870014], [-114.641242642002, 35.1083071870013], [-114.641588642002, 35.1080121870014], [-114.641704642002, 35.1079141880014], [-114.643017642002, 35.1067961870014], [-114.643258642002, 35.1066361870014], [-114.644365643002, 35.1059081870014], [-114.645163641002, 35.1050001870013], [-114.646089642002, 35.1031121870014], [-114.646769641002, 35.1018821860014], [-114.646775642002, 35.1018731870013], [-114.646599641002, 35.1008731860014], [-114.646590641002, 35.1008251870014], [-114.646014641002, 35.1000841860014], [-114.645740641002, 35.0997141860013], [-114.645653641002, 35.0995951860013], [-114.644826642002, 35.0986891860014], [-114.644518641002, 35.0983511860014], [-114.644362641002, 35.0981781860013], [-114.643896641002, 35.0976621870014], [-114.643844641002, 35.0976051860014], [-114.643740641002, 35.0974921860014], [-114.643587641002, 35.0973251860014], [-114.643379641002, 35.0970971860014], [-114.643130641002, 35.0968241850014], [-114.643019641002, 35.0967021870014], [-114.642978640002, 35.0966571860014], [-114.642842641002, 35.0965081860014], [-114.642539640002, 35.0963821860013], [-114.642348641002, 35.0963021860014], [-114.641660640002, 35.0960161870014], [-114.640357641002, 35.0953461850014], [-114.639702641002, 35.0950101860013], [-114.639688640002, 35.0949801860013], [-114.639644640002, 35.0949261860014], [-114.639608640002, 35.0948811860014], [-114.639468640002, 35.0947761860014], [-114.639400640002, 35.0947461860014], [-114.639381640002, 35.0947381860013], [-114.639302640002, 35.0947181860014], [-114.639175640002, 35.0946851860014], [-114.639140640002, 35.0946771860014], [-114.638973639002, 35.0946501860013], [-114.638787639002, 35.0946351850014], [-114.638657640002, 35.0946251860013], [-114.638045639002, 35.0944141860013], [-114.636209640002, 35.0937811860014], [-114.635597640002, 35.0935711860014], [-114.634924638002, 35.0933791860013], [-114.632906639002, 35.0928031860013], [-114.632234638002, 35.0926121870013], [-114.632200638002, 35.0926021860014], [-114.632098638002, 35.0925731860013], [-114.632064638002, 35.0925641870014], [-114.628182637002, 35.0908361870014], [-114.627365637002, 35.0904731870014], [-114.625810637002, 35.0898381860014], [-114.622528636002, 35.0887081860014], [-114.618729636002, 35.0867011860013], [-114.618661635002, 35.0866651860014], [-114.618593635002, 35.0866291860014], [-114.618431635002, 35.0865441860013], [-114.616669636002, 35.0854661870014], [-114.615518634002, 35.0847621860013], [-114.613143635002, 35.0831021860014], [-114.612614634002, 35.0826861860014], [-114.612567634002, 35.0826491860013], [-114.612095634002, 35.0822681860014], [-114.609519633002, 35.0801881860014], [-114.608998632002, 35.0797121870013], [-114.608010633002, 35.0788101860014], [-114.607712632002, 35.0785381860014], [-114.607179632002, 35.0779171860014], [-114.607086633002, 35.0778091860013], [-114.606648633002, 35.0773001860014], [-114.605556632002, 35.0759661860014], [-114.605418632002, 35.0757731860014], [-114.604902632002, 35.0750521860014], [-114.604747632002, 35.0748351850014], [-114.604412631002, 35.0741611860014], [-114.604367631002, 35.0740711850014], [-114.604322632002, 35.0739811860013], [-114.604296631002, 35.0739281850014], [-114.604218631002, 35.0737721860014], [-114.604193631002, 35.0737201850014], [-114.603186632002, 35.0704501850014], [-114.603027630002, 35.0693441850014], [-114.602971630002, 35.0689581850013], [-114.602919630002, 35.0685931850014], [-114.602940630002, 35.0682661850013], [-114.603053631002, 35.0665451850014], [-114.603109630002, 35.0663211850013], [-114.603630631002, 35.0642311850014], [-114.604679631002, 35.0618551850014], [-114.604726631002, 35.0617491840014], [-114.604874630002, 35.0615391840014], [-114.606705631002, 35.0589461840014], [-114.609149631002, 35.0565951830014], [-114.609289631002, 35.0564601840014], [-114.610712631002, 35.0554631830013], [-114.611703631002, 35.0550061830014], [-114.611882631002, 35.0549091830014], [-114.614353631002, 35.0535851830014], [-114.615913632002, 35.0527251830014], [-114.616787632002, 35.0521621830014], [-114.616929632002, 35.0520711820014], [-114.617122633002, 35.0519491820013], [-114.617358632002, 35.0517981820013], [-114.617457632002, 35.0517361830014], [-114.617502632002, 35.0517081820013], [-114.617617631002, 35.0516311820014], [-114.617963632002, 35.0514011820014], [-114.618079632002, 35.0513251820013], [-114.619675633002, 35.0501511820013], [-114.620816632002, 35.0493481820014], [-114.621571633002, 35.0488191820014], [-114.625810632002, 35.0458391810014], [-114.627135634002, 35.0447261810014], [-114.627979633002, 35.0437291810014], [-114.628635633002, 35.0429881800014], [-114.629038633002, 35.0425361800014], [-114.629445633002, 35.0418211800014], [-114.629781634002, 35.0412331800014], [-114.630144634002, 35.0408531810014], [-114.630401633002, 35.0405831800014], [-114.630658634002, 35.0403131800014], [-114.630668633002, 35.0403021800014], [-114.630698634002, 35.0402701800014], [-114.630709633002, 35.0402601800014], [-114.631063634002, 35.0398861800014], [-114.631903634002, 35.0384121800014], [-114.631993633002, 35.0382531800013], [-114.632851634002, 35.0369821800014], [-114.633726634002, 35.0356071790014], [-114.634339633002, 35.0344811790014], [-114.634743634002, 35.0337391790014], [-114.635764634002, 35.0313481790014], [-114.635912634002, 35.0308861790013], [-114.636340633002, 35.0295471780013], [-114.636939633002, 35.0283001780014], [-114.637535634002, 35.0270581780014], [-114.637630634002, 35.0259531780014], [-114.637723634002, 35.0247761780013], [-114.638201634002, 35.0220741770014], [-114.638068633002, 35.0208711770014], [-114.637914634002, 35.0194811770013], [-114.637935634002, 35.0185191770013], [-114.637964633002, 35.0171521760013], [-114.637780633002, 35.0149531760014], [-114.637655632002, 35.0138871760013], [-114.637651633002, 35.0138561760014], [-114.637593633002, 35.0134971760014], [-114.637534633002, 35.0131391760013], [-114.637518633002, 35.0130421760014], [-114.637272632002, 35.0115391760013], [-114.637082632002, 35.0103761760014], [-114.636832631002, 35.0093641760014], [-114.636723632002, 35.0089101760013], [-114.636300632002, 35.0078091750013], [-114.635581631002, 35.0059381750013], [-114.634246631002, 35.0033271750014], [-114.633498630002, 35.0018621750013], [-114.633618631002, 35.0019581750013], [-114.633981631002, 35.0022461750013], [-114.634102631002, 35.0023431750014], [-114.634171631002, 35.0023991750013], [-114.634381631002, 35.0025671750014], [-114.634451630002, 35.0026231750013], [-114.636131632002, 35.0039851760014], [-114.641171633002, 35.0080711750013], [-114.642852633002, 35.0094331750014], [-114.643006633002, 35.0095581750014], [-114.643386634002, 35.0098661750014], [-114.643471633002, 35.0099341750014], [-114.643626634002, 35.0100601760013], [-114.645656634002, 35.0117041760014], [-114.651746636002, 35.0166381760014], [-114.653727636002, 35.0182441760014], [-114.653776635002, 35.0182841750014], [-114.654160636002, 35.0185981760014], [-114.654457635002, 35.0188411760013], [-114.656500637002, 35.0205121770014], [-114.657182636002, 35.0210691770014], [-114.657888637002, 35.0216461770014], [-114.658447637002, 35.0221031770014], [-114.662242638002, 35.0252051760013], [-114.663418638002, 35.0261671760014], [-114.663507639002, 35.0262401760013], [-114.664565639002, 35.0271051760014], [-114.667740639002, 35.0297011760014], [-114.668759639002, 35.0305341760014], [-114.668799640002, 35.0305671760013], [-114.670104639002, 35.0316341760014], [-114.674020642002, 35.0348351770013], [-114.675326641002, 35.0359021770013], [-114.675967642002, 35.0364261770014], [-114.677893642002, 35.0379981770014], [-114.678535642002, 35.0385221770014], [-114.679014642002, 35.0389091760014], [-114.680454643002, 35.0400731770014], [-114.680552643002, 35.0401521770014], [-114.680934643002, 35.0404611770014], [-114.681452643002, 35.0408791770014], [-114.683006644002, 35.0421351770014], [-114.683449643002, 35.0424941770013], [-114.683524643002, 35.0425551770014], [-114.683989644002, 35.0429311770014], [-114.685385644002, 35.0440591770014], [-114.685851644002, 35.0444351770013], [-114.690184645002, 35.0479361770013], [-114.693510646002, 35.0506241780014], [-114.695770647002, 35.0524961770014], [-114.702748648002, 35.0581241780014], [-114.703166649002, 35.0584611780014], [-114.706807649002, 35.0613981780014], [-114.707503649002, 35.0619591780014], [-114.707676650002, 35.0620991780014], [-114.708197650002, 35.0625191780014], [-114.708371650002, 35.0626591780013], [-114.709331650002, 35.0634331790013], [-114.711365651002, 35.0650731780013], [-114.712222651002, 35.0657461790014], [-114.713193651002, 35.0665081780014], [-114.714128652002, 35.0672421790014], [-114.715545651002, 35.0683991780014], [-114.717533652002, 35.0700211780014], [-114.722559653002, 35.0741251790014], [-114.724898654002, 35.0760341780014], [-114.725048654002, 35.0761571790014], [-114.725500654002, 35.0765261790014], [-114.725651654002, 35.0766491790014], [-114.726286655002, 35.0771671790014], [-114.728191656002, 35.0787221790014], [-114.728827655002, 35.0792411790014], [-114.729813656002, 35.0800451800014], [-114.729912655002, 35.0801211790014], [-114.731572656002, 35.0813911790013], [-114.733197656002, 35.0827241790013], [-114.734278657002, 35.0836111790014], [-114.734625656002, 35.0838951790013], [-114.735666657002, 35.0847501800014], [-114.736014657002, 35.0850351790013], [-114.736456657002, 35.0853971790013], [-114.737784657002, 35.0864861800014], [-114.738227658002, 35.0868491790014], [-114.738836657002, 35.0873481790014], [-114.739557657002, 35.0879391800013], [-114.743547659002, 35.0912111800014], [-114.744744659002, 35.0921921800014], [-114.744878660002, 35.0923021800013], [-114.745201660002, 35.0925671800014], [-114.746171659002, 35.0933621800013], [-114.746495659002, 35.0936271800014], [-114.746629660002, 35.0937371800014], [-114.747033659002, 35.0940681790013], [-114.747168660002, 35.0941791790014], [-114.749329661002, 35.0959501800014], [-114.749583660002, 35.0961591800013], [-114.756820662002, 35.1021111800014], [-114.759233663002, 35.1040961800013], [-114.761812663002, 35.1062171800014], [-114.765612665002, 35.1093421810014], [-114.769579666002, 35.1125491800013], [-114.771551665002, 35.1141441810013], [-114.772177666002, 35.1146501800014], [-114.772408666002, 35.1148371810014], [-114.773103666002, 35.1153981810013], [-114.773335666002, 35.1155861810013], [-114.773454667002, 35.1156831810014], [-114.776258667002, 35.1179491800013], [-114.779637667002, 35.1206801810013], [-114.780275668002, 35.1211801810014], [-114.783744669002, 35.1238951810014], [-114.784642669002, 35.1246241810014], [-114.785079670002, 35.1249781820014], [-114.787889670002, 35.1272581810014], [-114.787999671002, 35.1273471810014], [-114.788708670002, 35.1279251810014], [-114.788993671002, 35.1281561810014], [-114.791256671002, 35.1299891810013], [-114.791982671002, 35.1305771810013], [-114.792978672002, 35.1313851820013], [-114.797352673002, 35.1349321820014], [-114.801324674002, 35.1380351820014], [-114.803875675002, 35.1400871820014], [-114.804582675002, 35.1406551820014], [-114.804913674002, 35.1409211820013], [-114.805139675002, 35.1411031820014], [-114.805818675002, 35.1416491820013], [-114.806045675002, 35.1418321820013], [-114.807196676002, 35.1427581820014], [-114.807804675002, 35.1432471820013], [-114.810651676002, 35.1455361820014], [-114.811602677002, 35.1463011820014], [-114.811803676002, 35.1464631820014], [-114.813542677002, 35.1478611830013], [-114.815133677002, 35.1491401820013], [-114.818791678002, 35.1520181820014], [-114.819161678002, 35.1523091820014], [-114.820536679002, 35.1534101820014], [-114.823573679002, 35.1558401830014], [-114.824419680002, 35.1565181830014], [-114.826129679002, 35.1578871830014], [-114.827566680002, 35.1590361830014], [-114.827822681002, 35.1592421830013], [-114.832684682002, 35.1631331830013], [-114.835722683002, 35.1655641830014], [-114.838437683002, 35.1676201830014], [-114.840308683002, 35.1690361820013], [-114.846585685002, 35.1737881830014], [-114.849301686002, 35.1758451840013], [-114.850220687002, 35.1765391840013], [-114.850265686002, 35.1765731840014], [-114.852813687002, 35.1784991840013], [-114.852984686002, 35.1786131830013], [-114.853032687002, 35.1786451840014], [-114.853943686002, 35.1792521830014], [-114.860142689002, 35.1843481840014], [-114.862234689002, 35.1860681840014], [-114.863712689002, 35.1872831840014], [-114.874294693002, 35.1959821840014], [-114.874895692002, 35.1964761850013], [-114.879051693002, 35.1998931840014], [-114.885387695002, 35.2051011840014], [-114.887108695002, 35.2065161850013], [-114.888631695002, 35.2077681850014], [-114.893910698002, 35.2121081850013], [-114.895400697002, 35.2133331850014], [-114.895998697002, 35.2138081850014], [-114.897622698002, 35.2150991850013], [-114.901498700002, 35.2181791850013], [-114.902871700002, 35.2192701850013], [-114.904117700002, 35.2202611850013], [-114.904161700002, 35.2202961860013], [-114.904291700002, 35.2203991850014], [-114.905145701002, 35.2210781860014], [-114.905559700002, 35.2214071850013], [-114.905827700002, 35.2216201860013], [-114.906514700002, 35.2221661860013], [-114.907148701002, 35.2226701860014], [-114.909053701002, 35.2241851850014], [-114.909231701002, 35.2243261860013], [-114.909689702002, 35.2246901850013], [-114.912303702002, 35.2267671860014], [-114.913455703002, 35.2276821860013], [-114.915433703002, 35.2292531850014], [-114.917846704002, 35.2311711850014], [-114.920148704002, 35.2329991860013], [-114.922763705002, 35.2350771870014], [-114.922930704002, 35.2352101860014], [-114.923266705002, 35.2354771860013], [-114.924178705002, 35.2362021860013], [-114.924778705002, 35.2366791860014], [-114.925283705002, 35.2370801860014], [-114.925316706002, 35.2371021860014], [-114.925381705002, 35.2371481860014], [-114.925413705002, 35.2371731860014], [-114.925445706002, 35.2371991870013], [-114.929881707002, 35.2407241860014], [-114.931470706002, 35.2419861870014], [-114.936460708002, 35.2459511870013], [-114.943192710002, 35.2512991870013], [-114.946790710002, 35.2541581860013], [-114.947630711002, 35.2548241860013], [-114.947736711002, 35.2549081870013], [-114.948057711002, 35.2551631870013], [-114.948164712002, 35.2552481870014], [-114.949375711002, 35.2562091870013], [-114.953008712002, 35.2590931870014], [-114.954220713002, 35.2600551870013], [-114.954802713002, 35.2605171870013], [-114.956551714002, 35.2619041870013], [-114.957134713002, 35.2623671870013], [-114.960003714002, 35.2646441880013], [-114.968613716002, 35.2714751880014], [-114.971483716002, 35.2737521870013], [-114.981562720002, 35.2817451890013], [-114.982812720002, 35.2827371880013], [-114.984379720002, 35.2839801880013], [-114.990244721002, 35.2888411880013], [-114.994677723002, 35.2925161890013], [-115.011691727002, 35.3058571890013], [-115.015939729002, 35.3091871890014], [-115.021815730002, 35.3137951900013], [-115.025186731002, 35.3164361900013], [-115.032218732002, 35.3219461900013], [-115.035299734002, 35.3243601900014], [-115.038395734002, 35.3267861900013], [-115.038671734002, 35.3270021910014], [-115.039822733002, 35.3279041900013], [-115.040205735002, 35.3282041910013], [-115.043277735002, 35.3306111900014], [-115.044122736002, 35.3312731900014], [-115.044429736002, 35.3315131900013], [-115.045236736002, 35.3321451900013], [-115.047163736002, 35.3336541900013], [-115.049041737002, 35.3351241900013], [-115.051737738002, 35.3372351900013], [-115.053443737002, 35.3385701910013], [-115.057062739002, 35.3414041910013], [-115.062877740002, 35.3459571910013], [-115.067490741002, 35.3495691910013], [-115.067710742002, 35.3497411910014], [-115.070799742002, 35.3523291910013], [-115.076965744002, 35.3574951910013], [-115.080709745002, 35.3606311910013], [-115.084013746002, 35.3633991910013], [-115.084285746002, 35.3635861920013], [-115.085103746002, 35.3641491910013], [-115.085376746002, 35.3643371920013], [-115.086329746002, 35.3650121920014], [-115.087594747002, 35.3659081910013], [-115.087690747002, 35.3659761920013], [-115.087938746002, 35.3661521920013], [-115.088841747002, 35.3667911910013], [-115.089242748002, 35.3670751920014], [-115.089304747002, 35.3671191920014], [-115.089406748002, 35.3671911910014], [-115.092071748002, 35.3690791920014], [-115.092853749002, 35.3696331910013], [-115.093285748002, 35.3699391920013], [-115.094449748002, 35.3707631920013], [-115.095902749002, 35.3717921930013], [-115.096521748002, 35.3722681930013], [-115.097352749002, 35.3729091920013], [-115.098378749002, 35.3736991930013], [-115.098997749002, 35.3741771920013], [-115.099465749002, 35.3745351920013], [-115.100077750002, 35.3750031920014], [-115.100968749002, 35.3756861920013], [-115.103275750002, 35.3775391920013], [-115.104336750002, 35.3783921920013], [-115.106715751002, 35.3803061920013], [-115.112703753002, 35.3851231920013], [-115.113855754002, 35.3860491920013], [-115.116236754002, 35.3879631930013], [-115.119590754002, 35.3906591930013], [-115.124168756002, 35.3943401930014], [-115.129656757002, 35.3987471930013], [-115.133012758002, 35.4014431940013], [-115.135751759002, 35.4036421930013], [-115.142209760002, 35.4088271940013], [-115.143968761002, 35.4102391940013], [-115.146708762002, 35.4124391940013], [-115.147162761002, 35.4128031940013], [-115.148526761002, 35.4138981940013], [-115.148981762002, 35.4142631930013], [-115.151175763002, 35.4160241940013], [-115.157760764002, 35.4213081940013], [-115.159955764002, 35.4230701940013], [-115.160663765002, 35.4236371940013], [-115.161068765002, 35.4239631950013], [-115.161292765002, 35.4241891940013], [-115.162078766002, 35.4249881950013], [-115.164915766002, 35.4278721940013], [-115.165388766002, 35.4282441940013], [-115.166807767002, 35.4293631940014], [-115.166857767002, 35.4294031940013], [-115.167280766002, 35.4297371950013], [-115.169302767002, 35.4313441950013], [-115.175370768002, 35.4361671950013], [-115.176986769002, 35.4374511950013], [-115.177394770002, 35.4377741950013], [-115.180707770002, 35.4403981950013], [-115.180948770002, 35.4405891950013], [-115.184343772002, 35.4432781950013], [-115.190652772002, 35.4482651950013], [-115.193400774002, 35.4504371950013], [-115.193969774002, 35.4508871950013], [-115.194142773002, 35.4510241950013], [-115.195174774002, 35.4518411960013], [-115.197775775002, 35.4539011960013], [-115.203537776002, 35.4584671960013], [-115.204372776002, 35.4591301960013], [-115.204523777002, 35.4592491960013], [-115.209190777002, 35.4629501960013], [-115.212864779002, 35.4658641960013], [-115.212995778002, 35.4659681960013], [-115.214325779002, 35.4670151960013], [-115.215522780002, 35.4679591960013], [-115.218315780002, 35.4701581960013], [-115.219521780002, 35.4711081960013], [-115.219644780002, 35.4712091960014], [-115.220789781002, 35.4721501960013], [-115.222641780002, 35.4736731960013], [-115.224236782002, 35.4749611970013], [-115.225197781002, 35.4757371960014], [-115.225389782002, 35.4758941960013], [-115.226345782002, 35.4766661960013], [-115.226568782002, 35.4768471960013], [-115.229212783002, 35.4789861960013], [-115.229626783002, 35.4793211960013], [-115.230169783002, 35.4797581960013], [-115.232579784002, 35.4816961970013], [-115.233229784002, 35.4822191970013], [-115.237696785002, 35.4858121960013], [-115.239811786002, 35.4875131970014], [-115.241797786002, 35.4891101970013], [-115.242224787002, 35.4894491970013], [-115.243292786002, 35.4902951970014], [-115.245082787002, 35.4917151970013], [-115.246497787002, 35.4928351970013], [-115.246512788002, 35.4928471980013], [-115.247565787002, 35.4936841970013], [-115.248131788002, 35.4941431970013], [-115.249998788002, 35.4956561970013], [-115.254151790002, 35.4990231970013], [-115.256703790002, 35.5010911970013], [-115.257297790002, 35.5015731970013], [-115.258184790002, 35.5022921980014], [-115.259731791002, 35.5035461980013], [-115.261520791002, 35.5049471970013], [-115.261648791002, 35.5050471980013], [-115.264890792002, 35.5075861970013], [-115.265482791002, 35.5080491980013], [-115.266359793002, 35.5087361970014], [-115.267399793002, 35.5095511980013], [-115.267772792002, 35.5098431980013], [-115.269317793002, 35.5110531980013], [-115.269468793002, 35.5111711980013], [-115.269741793002, 35.5113801970013], [-115.270889793002, 35.5122611970013], [-115.271017794002, 35.5123591980013], [-115.271443794002, 35.5126861980013], [-115.271459794002, 35.5126991980013], [-115.271508793002, 35.5127391990013], [-115.271525793002, 35.5127531980013], [-115.275486795002, 35.5157571980014], [-115.276282794002, 35.5163591980013], [-115.279205796002, 35.5185771980013], [-115.282545796002, 35.5211101980013], [-115.283983797002, 35.5222061980013], [-115.284007797002, 35.5222251980013], [-115.303895802002, 35.5380671990013], [-115.305505802002, 35.5393481990013], [-115.307379802002, 35.5408401990013], [-115.307449802002, 35.5408962000013], [-115.309555803002, 35.5425741990013], [-115.311606803002, 35.5442091990013], [-115.315003805002, 35.5469171990013], [-115.320200806002, 35.5510582000013], [-115.321604806002, 35.5521771990013], [-115.323552806002, 35.5537251990013], [-115.324291807002, 35.5543121990013], [-115.325612807002, 35.5553632000013], [-115.328523808002, 35.5576762000013], [-115.329578808002, 35.5585141990013], [-115.330980809002, 35.5596192000013], [-115.334085810002, 35.5620682000013], [-115.336678810002, 35.5641121990013], [-115.336952810002, 35.5643282000013], [-115.342345811002, 35.5685812000013], [-115.346618812002, 35.5719492000013], [-115.352527815002, 35.5766092010013], [-115.356792815002, 35.5799722010013], [-115.359405816002, 35.5820322010013], [-115.361152816002, 35.5834092010013], [-115.365202817002, 35.5866032010013], [-115.366810818002, 35.5878712010013], [-115.368599818002, 35.5892812000014], [-115.369064819002, 35.5896012010013], [-115.369328818002, 35.5898182010013], [-115.361627817002, 35.5898272010013], [-115.349478814002, 35.5897142020013], [-115.338186813002, 35.5897142030013], [-115.332521812002, 35.5897652030013], [-115.322562810002, 35.5898032040014], [-115.311978808002, 35.5897142050013], [-115.305429807002, 35.5898682050013], [-115.302359807002, 35.5899412050013], [-115.291625805002, 35.5899412060013], [-115.279078802002, 35.5903942070013], [-115.268623800002, 35.5903942080013], [-115.257889798002, 35.5906212080013], [-115.254827798002, 35.5905682080013], [-115.250679797002, 35.5904962080013], [-115.244785796002, 35.5903942090013], [-115.236444794002, 35.5903932100013], [-115.233751794002, 35.5903912090014], [-115.233013794002, 35.5903942100013], [-115.232910794002, 35.5903912100013], [-115.232889794002, 35.5903942100013], [-115.231904793002, 35.5903942100013], [-115.227081792002, 35.5903942090014], [-115.217183791002, 35.5903942100013], [-115.211468790002, 35.5902802100013], [-115.207289789002, 35.5902812110013], [-115.207354789002, 35.5910402110014], [-115.207388789002, 35.5987352120013], [-115.207590791002, 35.6161162140013], [-115.207889793002, 35.6417382170013], [-115.207979794002, 35.6494322180014], [-115.209643795002, 35.6517422170013], [-115.209630795002, 35.6519692190013], [-115.209605795002, 35.6524142180013], [-115.209686795002, 35.6526372180013], [-115.209765795002, 35.6528522180013], [-115.209616796002, 35.6563982180013], [-115.209507797002, 35.6759392200013], [-115.209390799002, 35.7017122240013], [-115.209274801002, 35.7203142260013], [-115.209317802002, 35.7204982260014], [-115.211107802002, 35.7273502270013], [-115.211323803002, 35.7285802270013], [-115.211323803002, 35.7287122270013], [-115.211337803002, 35.7287452270013], [-115.211337802002, 35.7287782270013], [-115.211330803002, 35.7288002270014], [-115.211340802002, 35.7289202270013], [-115.211343803002, 35.7289552270013], [-115.211350802002, 35.7290312270013], [-115.211356803002, 35.7290602270013], [-115.211365802002, 35.7290952270013], [-115.209112804002, 35.7466382290013], [-115.209106805002, 35.7474032290013], [-115.209106804002, 35.7483602300013], [-115.209005804002, 35.7493812300013], [-115.209106805002, 35.7514642300013], [-115.209079805002, 35.7521082300013], [-115.208955805002, 35.7540772300013], [-115.209005805002, 35.7567322310013], [-115.208955804002, 35.7594682310013], [-115.208905805002, 35.7630622310013], [-115.208854805002, 35.7662062310013], [-115.208804805002, 35.7704942320013], [-115.208653806002, 35.7741702330013], [-115.208653806002, 35.7770692330013], [-115.208607806002, 35.7793622330013], [-115.208607807002, 35.7805002330013], [-115.208556807002, 35.7833182330013], [-115.208405807002, 35.7864622340013], [-115.208506808002, 35.7894022340013], [-115.208405808002, 35.7927102350013], [-115.208355809002, 35.7969982350013], [-115.208304809002, 35.8009192360013], [-115.208254808002, 35.8032462360013], [-115.208204809002, 35.8063502360014], [-115.208156810002, 35.8085152360013], [-115.205840810002, 35.8085152370013], [-115.205840809002, 35.8101892370013], [-115.205991810002, 35.8134972370013], [-115.206041811002, 35.8176622380013], [-115.206072810002, 35.8215892380013], [-115.206146810002, 35.8228892380013], [-115.206196811002, 35.8248902380013], [-115.206347811002, 35.8287702390013], [-115.206398811002, 35.8334662390013], [-115.206499811002, 35.8380402410013], [-115.206574811002, 35.8415022400014], [-115.206599812002, 35.8426142410013], [-115.206838813002, 35.8464712410013], [-115.206669812002, 35.8463122410013], [-115.206705813002, 35.8477192410013], [-115.206755814002, 35.8511492420013], [-115.206856813002, 35.8549472420013], [-115.207007814002, 35.8591952430013], [-115.207058814002, 35.8629522420013], [-115.207108815002, 35.8666272430013], [-115.207259815002, 35.8705472430013], [-115.207209816002, 35.8741002450013], [-115.207349815002, 35.8763542440013], [-115.207316816002, 35.8768332440013], [-115.207323816002, 35.8770002440013], [-115.207363815002, 35.8780622440013], [-115.207464816002, 35.8809202450013], [-115.207414816002, 35.8844322460013], [-115.207363816002, 35.8882712460013], [-115.207211818002, 35.8918522470013], [-115.207163817002, 35.8925682460013], [-115.207105817002, 35.8935032460013], [-115.207134817002, 35.8949292470013], [-115.207105818002, 35.8965882470013], [-115.207060817002, 35.8972932470013], [-115.212507818002, 35.8973102470013], [-115.213353818002, 35.8973052460013], [-115.214669819002, 35.8972982460013], [-115.215691819002, 35.8972932470013], [-115.216399819002, 35.8972892460013], [-115.213629819002, 35.9012092470013], [-115.211244819002, 35.9045602470013], [-115.209737819002, 35.9067082480013], [-115.209302819002, 35.9073272480013], [-115.209004819002, 35.9077492480013], [-115.207768819002, 35.9095042480013], [-115.206883819002, 35.9108132480014], [-115.205500819002, 35.9127502490013], [-115.203455819002, 35.9155232500013], [-115.201210818002, 35.9187152500013], [-115.199179818002, 35.9215272500013], [-115.199076819002, 35.9216712500013], [-115.198551818002, 35.9224152510013], [-115.197315819002, 35.9242352500013], [-115.196997819002, 35.9246862500013], [-115.196280819002, 35.9256592510013], [-115.195132818002, 35.9271152510013], [-115.192834819002, 35.9304442520013], [-115.192759818002, 35.9305522520013], [-115.192534818002, 35.9308792510014], [-115.192460818002, 35.9309882520013], [-115.192398818002, 35.9311252510013], [-115.192322818002, 35.9312282520013], [-115.191827819002, 35.9319002520013], [-115.191770818002, 35.9319792520013], [-115.191667817002, 35.9321282520013], [-115.191405818002, 35.9325082520013], [-115.191337818002, 35.9326022520013], [-115.190666818002, 35.9335422520013], [-115.190323818002, 35.9340072520013], [-115.189982819002, 35.9344732520013], [-115.189587818002, 35.9350682520013], [-115.188796819002, 35.9363132520013], [-115.187646817002, 35.9379532530013], [-115.187453818002, 35.9382232530013], [-115.186784817002, 35.9391672530013], [-115.186036819002, 35.9402522530013], [-115.185450818002, 35.9411722530013], [-115.184631818002, 35.9426122540013], [-115.184307818002, 35.9432842540013], [-115.183726817002, 35.9445332540013], [-115.183475817002, 35.9451522540013], [-115.183319818002, 35.9455582540013], [-115.183092818002, 35.9462752540013], [-115.182852818002, 35.9469752540013], [-115.182663818002, 35.9477302540013], [-115.182471818002, 35.9484422540013], [-115.182456818002, 35.9484992550013], [-115.182317818002, 35.9491722550013], [-115.182212817002, 35.9498592550013], [-115.182137819002, 35.9502462550013], [-115.182108818002, 35.9503942540013], [-115.182089819002, 35.9505232550013], [-115.182056818002, 35.9507512550013], [-115.182002819002, 35.9513692550013], [-115.181875818002, 35.9531692550013], [-115.181833819002, 35.9547762550013], [-115.181814818002, 35.9550372550013], [-115.181760819002, 35.9584562550013], [-115.181603819002, 35.9618892560013], [-115.181580819002, 35.9627672560013], [-115.181567819002, 35.9632862560013], [-115.181516819002, 35.9648472570013], [-115.181514819002, 35.9651122560013], [-115.181512820002, 35.9654402560014], [-115.181499820002, 35.9658942570013], [-115.181472820002, 35.9667482570013], [-115.181462820002, 35.9671072570013], [-115.181419820002, 35.9688292570013], [-115.181421820002, 35.9692222570013], [-115.181417820002, 35.9693142570013], [-115.181381820002, 35.9701632570013], [-115.181317820002, 35.9722432570013], [-115.181127820002, 35.9784682580013], [-115.181064821002, 35.9805432580013], [-115.181057821002, 35.9807412590013], [-115.181006822002, 35.9824452580013], [-115.180951821002, 35.9842512580013], [-115.180833821002, 35.9881532600013], [-115.180776822002, 35.9900562590013], [-115.180678822002, 35.9932942600013], [-115.180634822002, 35.9947522590013], [-115.180492823002, 35.9994482600013], [-115.180453823002, 36.0007382600013], [-115.180414822002, 36.0020292610013], [-115.180384823002, 36.0030102610013], [-115.180287824002, 36.0062492610013], [-115.180284823002, 36.0063492610013], [-115.180252823002, 36.0072762620013], [-115.180238823002, 36.0076772610013], [-115.180237823002, 36.0077212610013], [-115.180195823002, 36.0097712620013], [-115.180206823002, 36.0110662620013], [-115.180229823002, 36.0119642620013], [-115.180256824002, 36.0129972620013], [-115.180261824002, 36.0131992620013], [-115.180266824002, 36.0133932620013], [-115.180268824002, 36.0134882620013], [-115.180274824002, 36.0137732620013], [-115.180276824002, 36.0138692620013], [-115.180281824002, 36.0141112620013], [-115.180292825002, 36.0145442620013], [-115.180346823002, 36.0165712620013], [-115.180364824002, 36.0172472630013], [-115.180385824002, 36.0180672620013], [-115.180387825002, 36.0181722620013], [-115.180407825002, 36.0188862620013], [-115.180446824002, 36.0203792620013], [-115.180460824002, 36.0209472630013], [-115.180463825002, 36.0210622630013], [-115.180485824002, 36.0218732630013], [-115.180489825002, 36.0220382630013], [-115.180502825002, 36.0225322640013], [-115.180507825002, 36.0226982640013], [-115.180510824002, 36.0228342630013], [-115.180513825002, 36.0229492630013], [-115.180520824002, 36.0232002630013], [-115.180521824002, 36.0232422630013], [-115.180523825002, 36.0232892630013], [-115.180525825002, 36.0233792630013], [-115.180528825002, 36.0235272630013], [-115.180540824002, 36.0239732630013], [-115.180544825002, 36.0241222630013], [-115.180548826002, 36.0242842630013], [-115.180560824002, 36.0247692630013], [-115.180565824002, 36.0249322640013], [-115.180567825002, 36.0249972630013], [-115.180568825002, 36.0250612630013], [-115.180582825002, 36.0256052640013], [-115.180603826002, 36.0264092640013], [-115.180635826002, 36.0276262640013], [-115.180639825002, 36.0277582640013], [-115.180639825002, 36.0280292630013], [-115.180638825002, 36.0283002640013], [-115.180480826002, 36.0283332640013], [-115.180010825002, 36.0284352640013], [-115.179853825002, 36.0284692640013], [-115.179526826002, 36.0284642630013], [-115.178965824002, 36.0284572640013], [-115.178934825002, 36.0284572640013], [-115.178546825002, 36.0284512640013], [-115.177979825002, 36.0284432640013], [-115.177920825002, 36.0284422640013], [-115.176915824002, 36.0284292640013], [-115.173846824002, 36.0283892640013], [-115.173500824002, 36.0283852650013], [-115.172574824002, 36.0283662640013], [-115.172459823002, 36.0283632640013], [-115.172345824002, 36.0283612640013], [-115.172347824002, 36.0277752650013], [-115.172347824002, 36.0276282640013], [-115.172349824002, 36.0271902640013], [-115.172351824002, 36.0265212640013], [-115.172342823002, 36.0255792640013], [-115.172341824002, 36.0254302650013], [-115.172335823002, 36.0246982640013], [-115.171870824002, 36.0246952640013], [-115.170692823002, 36.0246872640013], [-115.170474823002, 36.0246862640013], [-115.170009823002, 36.0246862640013], [-115.169649823002, 36.0246782650013], [-115.169102822002, 36.0246672640013], [-115.169026823002, 36.0246652640013], [-115.168454823002, 36.0246542640013], [-115.168270823002, 36.0246502640013], [-115.168164822002, 36.0246472640013], [-115.167882822002, 36.0246422640014], [-115.167488823002, 36.0246412640013], [-115.166307822002, 36.0246402640013], [-115.165914821002, 36.0246402640013], [-115.165416822002, 36.0246292650013], [-115.163923822002, 36.0245962640013], [-115.163426822002, 36.0245862650013], [-115.162669821002, 36.0245472650013], [-115.160400821002, 36.0244302650013], [-115.159644821002, 36.0243922650014], [-115.159579821002, 36.0243902640013], [-115.159386821002, 36.0243842640013], [-115.159322821002, 36.0243832650013], [-115.158669821002, 36.0243472650013], [-115.156714820002, 36.0242422650013], [-115.156062820002, 36.0242072650013], [-115.155879820002, 36.0241992650013], [-115.155675821002, 36.0241902650014], [-115.155620820002, 36.0241842650013], [-115.155565820002, 36.0241852650013], [-115.155334820002, 36.0241742650013], [-115.155152821002, 36.0241662640013], [-115.155034821002, 36.0241602650013], [-115.154680821002, 36.0241442640013], [-115.154562819002, 36.0241392650013], [-115.154563821002, 36.0239132650013], [-115.154566820002, 36.0236782650013], [-115.154569820002, 36.0232382650013], [-115.154571820002, 36.0230132650013], [-115.154571820002, 36.0227122650013], [-115.154572820002, 36.0223032650013], [-115.154575820002, 36.0218112650013], [-115.154579821002, 36.0215112650013], [-115.154581820002, 36.0213082650014], [-115.154587820002, 36.0207012640013], [-115.154590820002, 36.0204992650013], [-115.153952820002, 36.0205052640013], [-115.152428820002, 36.0205212640013], [-115.152328819002, 36.0205232640013], [-115.152041819002, 36.0205272650013], [-115.151761820002, 36.0205312650013], [-115.151404819002, 36.0205352640013], [-115.150846819002, 36.0205322650013], [-115.149457819002, 36.0205272650013], [-115.149332819002, 36.0205282640013], [-115.149175819002, 36.0205282650013], [-115.148618819002, 36.0205322640013], [-115.147957818002, 36.0205362650013], [-115.145976818002, 36.0205492650013], [-115.145316818002, 36.0205542650013], [-115.145299818002, 36.0209492650013], [-115.145290817002, 36.0211622650013], [-115.145250818002, 36.0221372660013], [-115.145234818002, 36.0225332650013], [-115.145218818002, 36.0228162650014], [-115.145190818002, 36.0233172650013], [-115.145176819002, 36.0236682650013], [-115.145165819002, 36.0239532660013], [-115.145158818002, 36.0240462650013], [-115.145141818002, 36.0243282660013], [-115.145136818002, 36.0244222660013], [-115.145107819002, 36.0250532660013], [-115.145023819002, 36.0269482660013], [-115.144995818002, 36.0275802660013], [-115.144992819002, 36.0276232660013], [-115.144987818002, 36.0277522660013], [-115.144986818002, 36.0277962660013], [-115.144983819002, 36.0278552660013], [-115.144975818002, 36.0280322660013], [-115.144973818002, 36.0280922660013], [-115.144531819002, 36.0280892660013], [-115.143208818002, 36.0280802660013], [-115.142767819002, 36.0280782660013], [-115.142724818002, 36.0280772660013], [-115.142595819002, 36.0280752660013], [-115.142552819002, 36.0280752650013], [-115.141710818002, 36.0280612660014], [-115.139186817002, 36.0280212670013], [-115.138345818002, 36.0280082660013], [-115.137908817002, 36.0280032660013], [-115.136599817002, 36.0279892660013], [-115.136163817002, 36.0279852660013], [-115.135719816002, 36.0279752670013], [-115.134387817002, 36.0279462670013], [-115.133943816002, 36.0279372670013], [-115.133509816002, 36.0279312670013], [-115.132209817002, 36.0279152670013], [-115.131776816002, 36.0279102670013], [-115.131720816002, 36.0279082660013], [-115.131450815002, 36.0279002670013], [-115.130572816002, 36.0278742660013], [-115.130475816002, 36.0278702670013], [-115.130150817002, 36.0278572670013], [-115.130079816002, 36.0278572660013], [-115.129866815002, 36.0278572670013], [-115.129795816002, 36.0278572670013], [-115.129676815002, 36.0277212670013], [-115.129465815002, 36.0274992670013], [-115.129360816002, 36.0273962670013], [-115.129135816002, 36.0271742670013], [-115.128882815002, 36.0269412660013], [-115.128595815002, 36.0266922670013], [-115.128446815002, 36.0265722670013], [-115.128241816002, 36.0264212670013], [-115.127899815002, 36.0261862670014], [-115.127780815002, 36.0261052670013], [-115.127740815002, 36.0260742670013], [-115.127696815002, 36.0260472670013], [-115.127377815002, 36.0258282670013], [-115.127153815002, 36.0257002670013], [-115.126822814002, 36.0255122670013], [-115.126478814002, 36.0253312670013], [-115.126251816002, 36.0252122670013], [-115.125996814002, 36.0250952670013], [-115.125877815002, 36.0250402670013], [-115.125452815002, 36.0248672670013], [-115.125218814002, 36.0247782670013], [-115.125054815002, 36.0247162670013], [-115.124956814002, 36.0246822670013], [-115.124753814002, 36.0246112670013], [-115.124650814002, 36.0245762660013], [-115.124273814002, 36.0244572670013], [-115.124141815002, 36.0244192670013], [-115.123936815002, 36.0243612670013], [-115.123891814002, 36.0243482670013], [-115.123756814002, 36.0243132670013], [-115.123597814002, 36.0242732680013], [-115.123302814002, 36.0242042680013], [-115.123214814002, 36.0241862670013], [-115.123033814002, 36.0241512670013], [-115.122820814002, 36.0241092670013], [-115.122683814002, 36.0240822670013], [-115.122475814002, 36.0240472670014], [-115.122177814002, 36.0240062670013], [-115.121963814002, 36.0239772670013], [-115.121951814002, 36.0239752680013], [-115.121744814002, 36.0239532670013], [-115.121465815002, 36.0239242670013], [-115.121273814002, 36.0239092670014], [-115.121153814002, 36.0239002670013], [-115.120617814002, 36.0238842670013], [-115.120289814002, 36.0238742670013], [-115.119669813002, 36.0238652670013], [-115.119196813002, 36.0238632670013], [-115.119049813002, 36.0238632670013], [-115.118792813002, 36.0238592670013], [-115.118648814002, 36.0238572680013], [-115.118504813002, 36.0238552670013], [-115.117451814002, 36.0238442670013], [-115.116829812002, 36.0238392670013], [-115.115154813002, 36.0238222670013], [-115.114343813002, 36.0238142680013], [-115.114294813002, 36.0238142680013], [-115.113242812002, 36.0238232670013], [-115.112056812002, 36.0238122670013], [-115.108499812002, 36.0237822680013], [-115.107314811002, 36.0237722690013], [-115.107077811002, 36.0237692670013], [-115.106841812002, 36.0237662680013], [-115.106063812002, 36.0237562680013], [-115.105979811002, 36.0237542670013], [-115.105284811002, 36.0237462680013], [-115.104037810002, 36.0237302680013], [-115.102789811002, 36.0237142680013], [-115.101973811002, 36.0237042680014], [-115.101714810002, 36.0237012690013], [-115.100639810002, 36.0236872680013], [-115.100606810002, 36.0241252680013], [-115.100605810002, 36.0242462680014], [-115.100604811002, 36.0246092690013], [-115.100604810002, 36.0247312680013], [-115.100612810002, 36.0247852680013], [-115.100600810002, 36.0250822690013], [-115.100576810002, 36.0253052690013], [-115.100560810002, 36.0255052680014], [-115.100546810002, 36.0256992680013], [-115.100543811002, 36.0257602690013], [-115.100537811002, 36.0259442690013], [-115.100536811002, 36.0260062680013], [-115.100523810002, 36.0263632690013], [-115.100487810002, 36.0274342690013], [-115.100475811002, 36.0277922690013], [-115.100151810002, 36.0277862690013], [-115.100095810002, 36.0277852690013], [-115.099181810002, 36.0277792680013], [-115.098858810002, 36.0277772680013], [-115.098206810002, 36.0277682690013], [-115.097741810002, 36.0277632690013], [-115.096623810002, 36.0277482690013], [-115.096252810002, 36.0277422690013], [-115.096112810002, 36.0277412690013], [-115.095601809002, 36.0277352690013], [-115.095452810002, 36.0277302700013], [-115.095008809002, 36.0277182690013], [-115.094860809002, 36.0277152690013], [-115.094370810002, 36.0277062690013], [-115.092903809002, 36.0276792690013], [-115.092414809002, 36.0276712690013], [-115.092215808002, 36.0282832690013], [-115.092123809002, 36.0284922690013], [-115.092025809002, 36.0286862690013], [-115.091807810002, 36.0290362690013], [-115.091385808002, 36.0294272700013], [-115.091327809002, 36.0294692700013], [-115.091270809002, 36.0295122690013], [-115.091142809002, 36.0296062700013], [-115.090813809002, 36.0297842690013], [-115.090515810002, 36.0299112700014], [-115.090127809002, 36.0300222700013], [-115.090110809002, 36.0300502700013], [-115.089979808002, 36.0300582690013], [-115.089697808002, 36.0301122700014], [-115.089280809002, 36.0301252700013], [-115.086621808002, 36.0300532700013], [-115.086329808002, 36.0300502700013], [-115.086322808002, 36.0301872700013], [-115.086300808002, 36.0304452700013], [-115.086206809002, 36.0310902700013], [-115.086118808002, 36.0315002700013], [-115.085980808002, 36.0318992700013], [-115.085915807002, 36.0320722700014], [-115.085712808002, 36.0325622700013], [-115.085506809002, 36.0329852700013], [-115.085360808002, 36.0332272700013], [-115.084598809002, 36.0345492700013], [-115.084176809002, 36.0352882710013], [-115.083931809002, 36.0357212710013], [-115.083812809002, 36.0359322710013], [-115.083577808002, 36.0363552710013], [-115.083517808002, 36.0364642710013], [-115.083362808002, 36.0367442700013], [-115.083166809002, 36.0370752710013], [-115.082987808002, 36.0374112710013], [-115.082727808002, 36.0379832710013], [-115.082672808002, 36.0381062710013], [-115.082577808002, 36.0383452710013], [-115.082503808002, 36.0385812720013], [-115.082389808002, 36.0390212710013], [-115.082320809002, 36.0393482710013], [-115.082261808002, 36.0397232710013], [-115.082234808002, 36.0399782720013], [-115.082217808002, 36.0402332720014], [-115.082217808002, 36.0403632720013], [-115.082217809002, 36.0408752720013], [-115.082228808002, 36.0413892720013], [-115.082238809002, 36.0416352720013], [-115.082251808002, 36.0419542720013], [-115.082255808002, 36.0421952710013], [-115.082263809002, 36.0425772710013], [-115.082265808002, 36.0429202720013], [-115.082266809002, 36.0430972720013], [-115.082268808002, 36.0431622720013], [-115.081964809002, 36.0432052720013], [-115.081781808002, 36.0432112710013], [-115.081463808002, 36.0432332720013], [-115.081057808002, 36.0432272710013], [-115.080759808002, 36.0431892720013], [-115.080367808002, 36.0432112720013], [-115.079792808002, 36.0432932710013], [-115.079398808002, 36.0433962720013], [-115.079001808002, 36.0435022720013], [-115.078798808002, 36.0434862730013], [-115.078399808002, 36.0435852720013], [-115.078013807002, 36.0437502720013], [-115.077871808002, 36.0438492720013], [-115.077553807002, 36.0440522720013], [-115.077364808002, 36.0441452720013], [-115.077100808002, 36.0442332730013], [-115.076782807002, 36.0443542730013], [-115.076532807002, 36.0444862730014], [-115.076376808002, 36.0445572720014], [-115.076243808002, 36.0445622730013], [-115.076065808002, 36.0445582720013], [-115.075862807002, 36.0445362720013], [-115.075530808002, 36.0444812720013], [-115.075361808002, 36.0444092720013], [-115.075239807002, 36.0442442720013], [-115.075233808002, 36.0441072720013], [-115.075158807002, 36.0440032720013], [-115.075077807002, 36.0439042720013], [-115.074955807002, 36.0438102720013], [-115.074806808002, 36.0437672720013], [-115.074637807002, 36.0437012720014], [-115.074292807002, 36.0436682730013], [-115.074130807002, 36.0436902730013], [-115.073900807002, 36.0437392720013], [-115.073751807002, 36.0437342720013], [-115.073217807002, 36.0437342730013], [-115.072973807002, 36.0437612730013], [-115.072743807002, 36.0437722730013], [-115.072628807002, 36.0437892730013], [-115.072430807002, 36.0437972730013], [-115.072385807002, 36.0438002730013], [-115.072006807002, 36.0438272730013], [-115.071881808002, 36.0438272720013], [-115.071627806002, 36.0438272730013], [-115.071377806002, 36.0438052730013], [-115.071059807002, 36.0437342720013], [-115.070942806002, 36.0436992720013], [-115.070707806002, 36.0436292730013], [-115.070443807002, 36.0435312730013], [-115.070210806002, 36.0434052720013], [-115.070078806002, 36.0433332720013], [-115.069773806002, 36.0431902730013], [-115.069656807002, 36.0431212720013], [-115.069584806002, 36.0430802730013], [-115.069464806002, 36.0429962720013], [-115.069421806002, 36.0429652720013], [-115.069124806002, 36.0428602730013], [-115.068779806002, 36.0428272720013], [-115.068682805002, 36.0428332720013], [-115.068679807002, 36.0425892720013], [-115.068677806002, 36.0423952730013], [-115.068684807002, 36.0418582720013], [-115.068688805002, 36.0416152730013], [-115.067893806002, 36.0415952720013], [-115.065508805002, 36.0415382730013], [-115.064713805002, 36.0415192730013], [-115.064418806002, 36.0415102720013], [-115.064345806002, 36.0415082730013], [-115.063535805002, 36.0414972720013], [-115.063241805002, 36.0414942730013], [-115.063077805002, 36.0414952730013], [-115.062856804002, 36.0414972730013], [-115.062585805002, 36.0415032730013], [-115.062422805002, 36.0415072730013], [-115.062402805002, 36.0415062730013], [-115.062344806002, 36.0415042720013], [-115.062325805002, 36.0415042730013], [-115.062104805002, 36.0415072730013], [-115.062040805002, 36.0415092730013], [-115.061755806002, 36.0415152730013], [-115.061489805002, 36.0415212730013], [-115.061443805002, 36.0415212720013], [-115.061223805002, 36.0415262730013], [-115.060679804002, 36.0415342740013], [-115.060213805002, 36.0415412730013], [-115.060058804002, 36.0415382730013], [-115.059830804002, 36.0415162730013], [-115.059525804002, 36.0414512730013], [-115.059380804002, 36.0414012730013], [-115.059111804002, 36.0412682730013], [-115.059098804002, 36.0412592730013], [-115.058981804002, 36.0411812730013], [-115.058862804002, 36.0410842730013], [-115.058664803002, 36.0409342730013], [-115.058568805002, 36.0410032730013], [-115.058543804002, 36.0410182730013], [-115.058320804002, 36.0411602730013], [-115.058169804002, 36.0412502730013], [-115.058044804002, 36.0413272730013], [-115.057768805002, 36.0414802740013], [-115.057241804002, 36.0417762730013], [-115.057113803002, 36.0418552730013], [-115.056988804002, 36.0419382730013], [-115.056954804002, 36.0419622730013], [-115.056808804002, 36.0420682740013], [-115.056702804002, 36.0421512740013], [-115.056582803002, 36.0422532730013], [-115.056488803002, 36.0423402730013], [-115.056424804002, 36.0424012730013], [-115.056323804002, 36.0425042730013], [-115.056228804002, 36.0426092740013], [-115.056137805002, 36.0427182730013], [-115.056009804002, 36.0428842740013], [-115.055930804002, 36.0429982740013], [-115.055856804002, 36.0431152730013], [-115.055789804002, 36.0432362730013], [-115.055679804002, 36.0434332740013], [-115.055572803002, 36.0436782730013], [-115.055505804002, 36.0438662740013], [-115.055442804002, 36.0441612740013], [-115.055414804002, 36.0443212740013], [-115.055405804002, 36.0443762730013], [-115.055383804002, 36.0445802730013], [-115.055374804002, 36.0447642740013], [-115.055379804002, 36.0452652740013], [-115.055352804002, 36.0466712740013], [-115.055352804002, 36.0467002730013], [-115.055335804002, 36.0477882740013], [-115.055318803002, 36.0489452750013], [-115.055313804002, 36.0492722740013], [-115.055297803002, 36.0502562740013], [-115.055293805002, 36.0505842740013], [-115.055285804002, 36.0507932740013], [-115.055283804002, 36.0508812740013], [-115.055293805002, 36.0511292740013], [-115.055302805002, 36.0512122740014], [-115.055327804002, 36.0513622740013], [-115.055341804002, 36.0514172750013], [-115.055394805002, 36.0516212740013], [-115.055458805002, 36.0517682750013], [-115.055538804002, 36.0519482740013], [-115.055671804002, 36.0522012750013], [-115.055678805002, 36.0522142740013], [-115.055763805002, 36.0523332740013], [-115.055796805002, 36.0523732740013], [-115.055871805002, 36.0524642740013], [-115.055897804002, 36.0524932750013], [-115.055933804002, 36.0525322740013], [-115.056076805002, 36.0526952750014], [-115.056125804002, 36.0527512750013], [-115.056254804002, 36.0529052740013], [-115.056302805002, 36.0529582740013], [-115.056422805002, 36.0531302740013], [-115.056465805002, 36.0532172750013], [-115.056536805002, 36.0533612740013], [-115.056558805002, 36.0534142750013], [-115.056599805002, 36.0535342740014], [-115.056605805002, 36.0535602740013], [-115.056654805002, 36.0537562740013], [-115.056673804002, 36.0540162750013], [-115.056676805002, 36.0540532740013], [-115.056675805002, 36.0541702740013], [-115.056671805002, 36.0542622740013], [-115.056662804002, 36.0545402740013], [-115.056660805002, 36.0546332750013], [-115.056658805002, 36.0549492750013], [-115.056655806002, 36.0557102750013], [-115.056666805002, 36.0558962750014], [-115.056709806002, 36.0562142750013], [-115.055509804002, 36.0562112750013], [-115.055165804002, 36.0562112750013], [-115.051909805002, 36.0562142750013], [-115.050709805002, 36.0562162750013], [-115.049035803002, 36.0562052750013], [-115.047847804002, 36.0562022760013], [-115.046239804002, 36.0561982760013], [-115.045727803002, 36.0562052760013], [-115.045666803002, 36.0562052750013], [-115.045367803002, 36.0562042760013], [-115.044291803002, 36.0562042760013], [-115.043571803002, 36.0562212760013], [-115.042845803002, 36.0562512760013], [-115.042755803002, 36.0562512760013], [-115.041932802002, 36.0562512760013], [-115.041884802002, 36.0562512760013], [-115.041432803002, 36.0562542760013], [-115.040462803002, 36.0562622760013], [-115.040076802002, 36.0562592760013], [-115.039625802002, 36.0562562760013], [-115.039195802002, 36.0562702760014], [-115.038532801002, 36.0562922760013], [-115.037906802002, 36.0562852760013], [-115.037477801002, 36.0562812760013], [-115.036838802002, 36.0562992770013], [-115.036597802002, 36.0563022760013], [-115.036299801002, 36.0563062770013], [-115.034689801002, 36.0563292760013], [-115.033957800002, 36.0563382770013], [-115.033078801002, 36.0563512760013], [-115.032204801002, 36.0563622760013], [-115.030570801002, 36.0563842770013], [-115.029582800002, 36.0563722760013], [-115.029321800002, 36.0563692770013], [-115.029014800002, 36.0563652770013], [-115.028708800002, 36.0563622770013], [-115.028473800002, 36.0563592770013], [-115.027770800002, 36.0563512770013], [-115.027536800002, 36.0563492770013], [-115.027492800002, 36.0563492760013], [-115.027359800002, 36.0563522760013], [-115.027316800002, 36.0563532770013], [-115.027302800002, 36.0563262770013], [-115.027262800002, 36.0562482770013], [-115.027249800002, 36.0562222760013], [-115.025470799002, 36.0527292760013], [-115.025178798002, 36.0521572760013], [-115.024344798002, 36.0505182760013], [-115.024267799002, 36.0503852760013], [-115.024156799002, 36.0501932760014], [-115.023929798002, 36.0497202760013], [-115.023576798002, 36.0489332760013], [-115.023239798002, 36.0480912760013], [-115.022925798002, 36.0472322760013], [-115.022588798002, 36.0462072760014], [-115.022545798002, 36.0460682760013], [-115.022128797002, 36.0447042760013], [-115.022016798002, 36.0443672760013], [-115.021174798002, 36.0418262750013], [-115.021170798002, 36.0418152750013], [-115.020869796002, 36.0409352760013], [-115.020805798002, 36.0407692750013], [-115.020722797002, 36.0405512750013], [-115.020514797002, 36.0400932750013], [-115.020388797002, 36.0398522750013], [-115.020259796002, 36.0396242760013], [-115.020062797002, 36.0393272750013], [-115.019733796002, 36.0388662750013], [-115.019345798002, 36.0383852750013], [-115.019304797002, 36.0383352750013], [-115.019180796002, 36.0381862760013], [-115.018895797002, 36.0379142750013], [-115.018692796002, 36.0377422750013], [-115.018033796002, 36.0371002750013], [-115.017719796002, 36.0368272750013], [-115.016136796002, 36.0353582750013], [-115.016063796002, 36.0352902750013], [-115.015914796002, 36.0351512750013], [-115.014701796002, 36.0340242750013], [-115.014628796002, 36.0339572750013], [-115.014513795002, 36.0338502750014], [-115.014247795002, 36.0336032750014], [-115.014233796002, 36.0335892750013], [-115.014191795002, 36.0335502750013], [-115.014177796002, 36.0335382750013], [-115.013646795002, 36.0336082750013], [-115.012485795002, 36.0337622750014], [-115.012217794002, 36.0337982750013], [-115.011948795002, 36.0338332750013], [-115.011629795002, 36.0338752750013], [-115.011310795002, 36.0339182750013], [-115.010934795002, 36.0339592750013], [-115.010356794002, 36.0340282760013], [-115.010343795002, 36.0340312750014], [-115.010017794002, 36.0340862760013], [-115.009655794002, 36.0341342750013], [-115.009421795002, 36.0341702750013], [-115.007879794002, 36.0343442750013], [-115.005761795002, 36.0346152760013], [-115.005669794002, 36.0346262760013], [-115.005393794002, 36.0346612750014], [-115.005302793002, 36.0346732750013], [-115.004985793002, 36.0347132750013], [-115.004787794002, 36.0347392760013], [-115.004034794002, 36.0348252760013], [-115.003717793002, 36.0348622750014], [-115.003528794002, 36.0348852760013], [-115.002964793002, 36.0349552760013], [-115.002777794002, 36.0349792760013], [-115.002292793002, 36.0350422760014], [-115.000840793002, 36.0352322750013], [-115.000357793002, 36.0352962760013], [-114.999854793002, 36.0353472760013], [-114.999651793002, 36.0353732760013], [-114.997540793002, 36.0356552760013], [-114.997420792002, 36.0356722760013], [-114.996836792002, 36.0357432770013], [-114.996501792002, 36.0357842770013], [-114.995497792002, 36.0359082770013], [-114.995163791002, 36.0359502760013], [-114.994939792002, 36.0359742760013], [-114.994591792002, 36.0360122770013], [-114.994269792002, 36.0360552760013], [-114.994046791002, 36.0360862770013], [-114.993740791002, 36.0361272760013], [-114.993272792002, 36.0361892760014], [-114.992826792002, 36.0362502760013], [-114.992521791002, 36.0362922770013], [-114.991855792002, 36.0363812760013], [-114.991484791002, 36.0364382770013], [-114.990507792002, 36.0365902770014], [-114.988377790002, 36.0368812770013], [-114.987398790002, 36.0369902770013], [-114.987483791002, 36.0370802770013], [-114.987494791002, 36.0370922770013], [-114.987545791002, 36.0371652770013], [-114.987659791002, 36.0373792770013], [-114.987720791002, 36.0376302770013], [-114.987736790002, 36.0376922780014], [-114.987761791002, 36.0378282770014], [-114.987795792002, 36.0380042770013], [-114.987897792002, 36.0385322770013], [-114.987931791002, 36.0387092770014], [-114.987964791002, 36.0388872770013], [-114.988065792002, 36.0394212770013], [-114.988099791002, 36.0396002770013], [-114.988132791002, 36.0397752770013], [-114.988230791002, 36.0402912770013], [-114.988232791002, 36.0403012780013], [-114.988266791002, 36.0404772770013], [-114.988301792002, 36.0406532770013], [-114.988406791002, 36.0411832780013], [-114.988435791002, 36.0413272770013], [-114.988442790002, 36.0413602770013], [-114.988478791002, 36.0415332770013], [-114.988543791002, 36.0418402780013], [-114.988579791002, 36.0420552770013], [-114.988609791002, 36.0422302770013], [-114.988643792002, 36.0424072770013], [-114.988748791002, 36.0429392770013], [-114.988783791002, 36.0431172780014], [-114.988825791002, 36.0433792780013], [-114.988914792002, 36.0439192770013], [-114.988958792002, 36.0441682770013], [-114.989004792002, 36.0444312780013], [-114.989039791002, 36.0446262780013], [-114.989052792002, 36.0447322780013], [-114.989074792002, 36.0450922780013], [-114.989067792002, 36.0452272780013], [-114.989027792002, 36.0453412770013], [-114.988939791002, 36.0454492780013], [-114.989086792002, 36.0455832780013], [-114.989544792002, 36.0459872780013], [-114.992940793002, 36.0489762780013], [-114.994281792002, 36.0501572780013], [-114.994667793002, 36.0505142780013], [-114.994250793002, 36.0505762780013], [-114.994426793002, 36.0507402780013], [-114.994085792002, 36.0508602780013], [-114.994064793002, 36.0517602780013], [-114.994101794002, 36.0524802790013], [-114.994027794002, 36.0530802780013], [-114.993975793002, 36.0543062790013], [-114.993995794002, 36.0544022780013], [-114.994001793002, 36.0544812790013], [-114.994015794002, 36.0546312790013], [-114.994008793002, 36.0550132790013], [-114.994006794002, 36.0551912790013], [-114.994007794002, 36.0553882790013], [-114.994010793002, 36.0559802790013], [-114.994011793002, 36.0561782790013], [-114.993991794002, 36.0567672790013], [-114.993986795002, 36.0568832790013], [-114.993976794002, 36.0571782790013], [-114.993959794002, 36.0589992790013], [-114.993953794002, 36.0597052800014], [-114.993949795002, 36.0601232800013], [-114.993938794002, 36.0613772800013], [-114.993935794002, 36.0617962800013], [-114.993926795002, 36.0624222790013], [-114.993904794002, 36.0640492800013], [-114.993897795002, 36.0643012790013], [-114.993881795002, 36.0649282800013], [-114.993881795002, 36.0650432800013], [-114.993881794002, 36.0653882800013], [-114.993882794002, 36.0655042800013], [-114.993882794002, 36.0655462800013], [-114.993882795002, 36.0656742800013], [-114.993882795002, 36.0657172790013], [-114.993880795002, 36.0657752800013], [-114.993876795002, 36.0659502800013], [-114.993876794002, 36.0660092800013], [-114.993874795002, 36.0661092800013], [-114.993868794002, 36.0664122800013], [-114.993867794002, 36.0665132800013], [-114.993867794002, 36.0667012800013], [-114.993868795002, 36.0672482800013], [-114.993867795002, 36.0672662800013], [-114.993860794002, 36.0673932800013], [-114.993858795002, 36.0674552800013], [-114.993856795002, 36.0675162800013], [-114.993846794002, 36.0678052810013], [-114.993839794002, 36.0680192800013], [-114.993839795002, 36.0688582800013], [-114.993839795002, 36.0692102810013], [-114.993835795002, 36.0693512800013], [-114.993834795002, 36.0696492810013], [-114.993834794002, 36.0704222800014], [-114.993811795002, 36.0709662800013], [-114.975389793002, 36.0709562810013], [-114.968804790002, 36.0710942820013], [-114.967854790002, 36.0711412830013], [-114.966596790002, 36.0711382820013], [-114.965775790002, 36.0711392830013], [-114.964069790002, 36.0711432830013], [-114.963944789002, 36.0711462820013], [-114.963753789002, 36.0711582820013], [-114.963467790002, 36.0711832830013], [-114.963197790002, 36.0712152830014], [-114.962951790002, 36.0712552830013], [-114.962651789002, 36.0713122820013], [-114.962204789002, 36.0714262830013], [-114.962028790002, 36.0714762830013], [-114.961780789002, 36.0715592820013], [-114.961452789002, 36.0716852830014], [-114.961117789002, 36.0718322820013], [-114.960840789002, 36.0719712830013], [-114.960343789002, 36.0722652820013], [-114.960098789002, 36.0724332830014], [-114.959766790002, 36.0726932830013], [-114.959494790002, 36.0729372830013], [-114.959284789002, 36.0731512840013], [-114.958989789002, 36.0734952830013], [-114.958679790002, 36.0739392840013], [-114.958517789002, 36.0742082830013], [-114.958308789002, 36.0745702830013], [-114.958140789002, 36.0749162830013], [-114.958018789002, 36.0752292830013], [-114.957916789002, 36.0755672830013], [-114.957405788002, 36.0756162830013], [-114.957389789002, 36.0752952830013], [-114.957343788002, 36.0743342830013], [-114.957328788002, 36.0740142840013], [-114.957326789002, 36.0739702840013], [-114.957313789002, 36.0738652830013], [-114.957296789002, 36.0737242830013], [-114.957251789002, 36.0735462830013], [-114.957231788002, 36.0734672830013], [-114.957182788002, 36.0733542830013], [-114.957024788002, 36.0730522830013], [-114.956950788002, 36.0729372830013], [-114.956789788002, 36.0727412830013], [-114.956601788002, 36.0725572840013], [-114.956495788002, 36.0724692830013], [-114.956422788002, 36.0724182830013], [-114.956254787002, 36.0723002830013], [-114.956117789002, 36.0722212830013], [-114.955451788002, 36.0728092840013], [-114.954929788002, 36.0732282830013], [-114.954770788002, 36.0733402830013], [-114.954586788002, 36.0734702830013], [-114.953997788002, 36.0738612840013], [-114.953807788002, 36.0739782830013], [-114.953695787002, 36.0740502840013], [-114.953253788002, 36.0743142830013], [-114.952749788002, 36.0745882830013], [-114.952290788002, 36.0748162840013], [-114.951817788002, 36.0750262840013], [-114.951445787002, 36.0751742830013], [-114.951264788002, 36.0752462840013], [-114.951034787002, 36.0753262840013], [-114.950074788002, 36.0756332840013], [-114.949557787002, 36.0757992850013], [-114.949074787002, 36.0759352840013], [-114.948587787002, 36.0760602840014], [-114.948388787002, 36.0761072840013], [-114.947592787002, 36.0763282840013], [-114.946620787002, 36.0765652840013], [-114.946606787002, 36.0765682840014], [-114.946068787002, 36.0766892830014], [-114.945572787002, 36.0767842840013], [-114.945031787002, 36.0768672840013], [-114.944334786002, 36.0769552850013], [-114.944122787002, 36.0769822850013], [-114.943283786002, 36.0770572850013], [-114.942045785002, 36.0771542850014], [-114.941547786002, 36.0772082840013], [-114.941240785002, 36.0772522840013], [-114.940848786002, 36.0773122850014], [-114.940016786002, 36.0774782840013], [-114.939477785002, 36.0775972850013], [-114.939338786002, 36.0776442850013], [-114.939059786002, 36.0777122850013], [-114.938784785002, 36.0777892850013], [-114.938762786002, 36.0777962850013], [-114.938548785002, 36.0778662850013], [-114.937639786002, 36.0782072840013], [-114.937246785002, 36.0783772850013], [-114.937147786002, 36.0784222840013], [-114.936798785002, 36.0785822860013], [-114.936279786002, 36.0788322850013], [-114.936085786002, 36.0789252860014], [-114.934595785002, 36.0796462860014], [-114.934522785002, 36.0796812850013], [-114.933298785002, 36.0802662850013], [-114.929815784002, 36.0819302860013], [-114.929169784002, 36.0822272860013], [-114.928512785002, 36.0825002860013], [-114.928047785002, 36.0826922860013], [-114.927321784002, 36.0829702860013], [-114.926869784002, 36.0831422860013], [-114.926836784002, 36.0831572870013], [-114.925284784002, 36.0837082870013], [-114.924323783002, 36.0840232870013], [-114.923672783002, 36.0842802870013], [-114.923617784002, 36.0842972870013], [-114.923246783002, 36.0844232870013], [-114.922134783002, 36.0848052870013], [-114.922110783002, 36.0848142860013], [-114.921974783002, 36.0848742870013], [-114.921770783002, 36.0849502860013], [-114.920802784002, 36.0853622870013], [-114.920394783002, 36.0855292870013], [-114.919900783002, 36.0857052860013], [-114.919589782002, 36.0858162870013], [-114.919247783002, 36.0859162870013], [-114.919157783002, 36.0859492880013], [-114.917291783002, 36.0864912870014], [-114.915096782002, 36.0871292880013], [-114.914805782002, 36.0872182880013], [-114.914097782002, 36.0874212880013], [-114.913415781002, 36.0876172870013], [-114.912969782002, 36.0877632880013], [-114.912525782002, 36.0879342880013], [-114.912197782002, 36.0880872880013], [-114.912088782002, 36.0881372870013], [-114.911801782002, 36.0882912880013], [-114.911745782002, 36.0883222880013], [-114.911353781002, 36.0885692880013], [-114.910976782002, 36.0888442880013], [-114.910716781002, 36.0890632880013], [-114.910685781002, 36.0890902870013], [-114.910392782002, 36.0893682880013], [-114.910154781002, 36.0896332880013], [-114.909698781002, 36.0902072890013], [-114.909473781002, 36.0905132880013], [-114.909060782002, 36.0911152880013], [-114.908474781002, 36.0919262880013], [-114.907841781002, 36.0928052890014], [-114.906867782002, 36.0941872890013], [-114.906358781002, 36.0948872890013], [-114.905078782002, 36.0966932890013], [-114.904601782002, 36.0974182900013], [-114.904507781002, 36.0975752890013], [-114.904372781002, 36.0978562890013], [-114.904224781002, 36.0982012890013], [-114.904069781002, 36.0985602890013], [-114.903911781002, 36.0989032900013], [-114.903766781002, 36.0992232890014], [-114.903737781002, 36.0993002900013], [-114.903700781002, 36.0993902900013], [-114.903430782002, 36.1000452890013], [-114.903071782002, 36.1009192900013], [-114.902702782002, 36.1018192900013], [-114.902215781002, 36.1030052900013], [-114.902130781002, 36.1032102900013], [-114.902003781002, 36.1035182900013], [-114.901876782002, 36.1038282900013], [-114.901792781002, 36.1040342910013], [-114.901546782002, 36.1046322900013], [-114.901294781002, 36.1051982900013], [-114.901206781002, 36.1054182900013], [-114.901129781002, 36.1056282910013], [-114.901042781002, 36.1059272900013], [-114.900993782002, 36.1060752910013], [-114.900886781002, 36.1063222910013], [-114.900682781002, 36.1067542900013], [-114.900536781002, 36.1070922900013], [-114.900398781002, 36.1074312900013], [-114.900080781002, 36.1082692910013], [-114.899889782002, 36.1087232920013], [-114.899773781002, 36.1090012910013], [-114.899712781002, 36.1091472910013], [-114.899460781002, 36.1097682910013], [-114.899405781002, 36.1098932910013], [-114.899513781002, 36.1099202910013], [-114.899944782002, 36.1100402910014], [-114.900208781002, 36.1101322910013], [-114.900285782002, 36.1101692910013], [-114.900432782002, 36.1102552910014], [-114.900510782002, 36.1103132910013], [-114.900615782002, 36.1104112910013], [-114.900706782002, 36.1105212910013], [-114.900796781002, 36.1106562910013], [-114.900997782002, 36.1110512920014], [-114.901184783002, 36.1113672920013], [-114.901414782002, 36.1116902910013], [-114.901645782002, 36.1119602910013], [-114.903765782002, 36.1142932910013], [-114.904214782002, 36.1148002920013], [-114.904455783002, 36.1150972920013], [-114.904642783002, 36.1153612920013], [-114.904779782002, 36.1155922920013], [-114.904853783002, 36.1157412920013], [-114.904976783002, 36.1160462910013], [-114.905104783002, 36.1164552920013], [-114.905175783002, 36.1168042920013], [-114.905204784002, 36.1170752920013], [-114.905218783002, 36.1173642920013], [-114.905199783002, 36.1182542920014], [-114.905195783002, 36.1197612910013], [-114.905178784002, 36.1203112920013], [-114.905141784002, 36.1207722920013], [-114.905032783002, 36.1215012920013], [-114.904961784002, 36.1219332920013], [-114.904936784002, 36.1220582920013], [-114.904910784002, 36.1222402920014], [-114.903887784002, 36.1225532930013], [-114.903121783002, 36.1229462930013], [-114.902774784002, 36.1231892930013], [-114.902503783002, 36.1232582930013], [-114.902058783002, 36.1232312920013], [-114.901739783002, 36.1231892930013], [-114.901246783002, 36.1231612920013], [-114.900933783002, 36.1231472930013], [-114.900649783002, 36.1231682920013], [-114.900239783002, 36.1233562930013], [-114.900072783002, 36.1234672930013], [-114.899781782002, 36.1236262920013], [-114.899454783002, 36.1237512920014], [-114.899024783002, 36.1238562930013], [-114.898899783002, 36.1238832930013], [-114.898454782002, 36.1241402930013], [-114.898024782002, 36.1244112920013], [-114.897815783002, 36.1246132920013], [-114.897607783002, 36.1247792930013], [-114.897508783002, 36.1248382930013], [-114.897419783002, 36.1249022930013], [-114.897351782002, 36.1249502920013], [-114.897285783002, 36.1250212940014], [-114.897269782002, 36.1250482930013], [-114.897234782002, 36.1250692930013], [-114.897116782002, 36.1251392930013], [-114.896744782002, 36.1252582930013], [-114.896493782002, 36.1252642930013], [-114.896194782002, 36.1253042930013], [-114.895899782002, 36.1254262930013], [-114.895656783002, 36.1254962930013], [-114.895246782002, 36.1257032930013], [-114.894371782002, 36.1259532940013], [-114.893593782002, 36.1264182940013], [-114.892864782002, 36.1271682940013], [-114.892177782002, 36.1279042930013], [-114.891815781002, 36.1283692940013], [-114.891510782002, 36.1286262930013], [-114.891045782002, 36.1288492950014], [-114.890642782002, 36.1290782940013], [-114.890288782002, 36.1292862940013], [-114.889947782002, 36.1294812940014], [-114.889447782002, 36.1295292940014], [-114.889163782002, 36.1296262940013], [-114.888913781002, 36.1297242950013], [-114.888815781002, 36.1297442950014], [-114.888586782002, 36.1297442940013], [-114.887996781002, 36.1296122940013], [-114.887621781002, 36.1294942940013], [-114.887413781002, 36.1293692940014], [-114.887184782002, 36.1293142940013], [-114.886829782002, 36.1293352940013], [-114.886468781002, 36.1293972940013], [-114.886211781002, 36.1294672940013], [-114.885857781002, 36.1296402940013], [-114.885468781002, 36.1297172940013], [-114.885135780002, 36.1297792950013], [-114.884364781002, 36.1298562950013], [-114.883913781002, 36.1298632940013], [-114.883598780002, 36.1298632950013], [-114.883100780002, 36.1298632950013], [-114.882406780002, 36.1299672940013], [-114.882003780002, 36.1301132950013], [-114.881531780002, 36.1303492950013], [-114.881100780002, 36.1305782950014], [-114.880829780002, 36.1308352950013], [-114.880690780002, 36.1311192950014], [-114.880600780002, 36.1313632950013], [-114.880565780002, 36.1316682950013], [-114.880315780002, 36.1320152950013], [-114.880114781002, 36.1321542950014], [-114.879656779002, 36.1323832950014], [-114.879336779002, 36.1325292950013], [-114.878753779002, 36.1326262950014], [-114.878447780002, 36.1326262950013], [-114.878197780002, 36.1326062960013], [-114.877940780002, 36.1325012950013], [-114.877670779002, 36.1322862950013], [-114.877579780002, 36.1322312950013], [-114.877253780002, 36.1319252950013], [-114.876989779002, 36.1316682950013]]]}, "properties": {"OBJECTID": 1, "DISTRICT": "A", "TRUSTEE": "Emily Stevens", "LABEL_1": "District A", "LABEL_2": "A - Emily Stevens", "Shape__Area": 49966101102.19141, "Shape__Length": 1186667.0605201852, "district_id": "A"}}, {"type": "Feature", "id": 2, "geometry": {"type": "Polygon", "coordinates": [[[-115.314758931002, 36.8536673490013], [-115.303409929002, 36.8535623500013], [-115.303386929002, 36.8535623500013], [-115.302965929002, 36.8535633510013], [-115.299931929002, 36.8535703510013], [-115.293443928002, 36.8535853510013], [-115.287965927002, 36.8535983510013], [-115.287882926002, 36.8535983520013], [-115.287388927002, 36.8535963510013], [-115.287254927002, 36.8535963520013], [-115.286414927002, 36.8535983510013], [-115.271159924002, 36.8536093530013], [-115.270665923002, 36.8536093530013], [-115.268336924002, 36.8536103520013], [-115.250228921002, 36.8535203540013], [-115.237534917002, 36.8534723550013], [-115.237492917002, 36.8534713550013], [-115.228407916002, 36.8534533550013], [-115.228382916002, 36.8534533550013], [-115.221859915002, 36.8534623560013], [-115.221748914002, 36.8534633560013], [-115.214129913002, 36.8534723560013], [-115.200938911002, 36.8533863570013], [-115.200817910002, 36.8533853570013], [-115.196784910002, 36.8533623570013], [-115.196588910002, 36.8533593580013], [-115.196222909002, 36.8533573580013], [-115.178627906002, 36.8534153580013], [-115.174992906002, 36.8534083580013], [-115.174383906002, 36.8534073590013], [-115.161006904002, 36.8533883600013], [-115.160713903002, 36.8533873600013], [-115.147823901002, 36.8533603610013], [-115.147497901002, 36.8533593610013], [-115.147160901002, 36.8533603610013], [-115.146846901002, 36.8533583600013], [-115.146545901002, 36.8533583600013], [-115.146093901002, 36.8533573610013], [-115.106484894002, 36.8532713630013], [-115.097921892002, 36.8532073640013], [-115.093125891002, 36.8531733640013], [-115.093121891002, 36.8531733650013], [-115.092949892002, 36.8531713650013], [-115.092631891002, 36.8531713650013], [-115.092094892002, 36.8531663650013], [-115.091611890002, 36.8531613650013], [-115.091607891002, 36.8531603640013], [-115.091571891002, 36.8531593650013], [-115.091553891002, 36.8531593650013], [-115.091538891002, 36.8531593650013], [-115.090775891002, 36.8531483650013], [-115.078059888002, 36.8531673650013], [-115.065592886002, 36.8532013670013], [-115.053314884002, 36.8532303670013], [-115.045756883002, 36.8532563680013], [-115.045365882002, 36.8532573670013], [-115.025198878002, 36.8532923690012], [-115.013259876002, 36.8533123690013], [-115.012385876002, 36.8533153700013], [-115.008103876002, 36.8533233690013], [-115.005569875002, 36.8533283700013], [-114.997433874002, 36.8533443700013], [-114.996888873002, 36.8533453700013], [-114.996700874002, 36.8533453710013], [-114.986008871002, 36.8533673720013], [-114.982721871002, 36.8534203720013], [-114.977374869002, 36.8534273710013], [-114.977166869002, 36.8534273720013], [-114.975765869002, 36.8534293720013], [-114.975514869002, 36.8534293720013], [-114.970159869002, 36.8534373730013], [-114.969914869002, 36.8534373730013], [-114.967507868002, 36.8534363720013], [-114.960393866002, 36.8534063730013], [-114.956348866002, 36.8533893740013], [-114.956254866002, 36.8533893730013], [-114.956126867002, 36.8533893730013], [-114.956111866002, 36.8533893730013], [-114.943309864002, 36.8533553750013], [-114.931885861002, 36.8532423750013], [-114.931862861002, 36.8532423750013], [-114.931683861002, 36.8532403750013], [-114.928037860002, 36.8533313750013], [-114.913439858002, 36.8532063770013], [-114.912954857002, 36.8532193760013], [-114.912870858002, 36.8532213760013], [-114.912833858002, 36.8532223770013], [-114.912804858002, 36.8532223760013], [-114.912774858002, 36.8532233760013], [-114.910873858002, 36.8532703760013], [-114.910355857002, 36.8532833760013], [-114.910122858002, 36.8532883770013], [-114.909888857002, 36.8532933770013], [-114.909624857002, 36.8532943760014], [-114.908783857002, 36.8532973770013], [-114.908419857002, 36.8532983760013], [-114.895482854002, 36.8533513780013], [-114.892445855002, 36.8534023770013], [-114.892310854002, 36.8533903780013], [-114.892310854002, 36.8534043780013], [-114.891515853002, 36.8534183780013], [-114.884526852002, 36.8534083780013], [-114.884185853002, 36.8534073780013], [-114.878052851002, 36.8533993790013], [-114.876755850002, 36.8533913790013], [-114.876602851002, 36.8533903780013], [-114.874388850002, 36.8533613780013], [-114.873947850002, 36.8533553790013], [-114.873608850002, 36.8533513790013], [-114.870496850002, 36.8533583790013], [-114.870372850002, 36.8533583790013], [-114.855759848002, 36.8533983800013], [-114.855112846002, 36.8533983800013], [-114.855008847002, 36.8533983800013], [-114.846319845002, 36.8534023810014], [-114.841490845002, 36.8534043810013], [-114.841056845002, 36.8534043810013], [-114.840993844002, 36.8534043810013], [-114.835120843002, 36.8533953810013], [-114.834986844002, 36.8533953810013], [-114.819461840002, 36.8533743820013], [-114.814860840002, 36.8533513830013], [-114.814557840002, 36.8533503820013], [-114.804611838002, 36.8533213840013], [-114.804104838002, 36.8533433830013], [-114.803658838002, 36.8533623840013], [-114.801074837002, 36.8534763840013], [-114.792833836002, 36.8534293840013], [-114.786533834002, 36.8533933840014], [-114.782680834002, 36.8533833850013], [-114.779538833002, 36.8533963850013], [-114.762518830002, 36.8534783860013], [-114.762467830002, 36.8510863860013], [-114.762394829002, 36.8477063860013], [-114.762376830002, 36.8468943850013], [-114.762312830002, 36.8438613850013], [-114.758994828002, 36.8438483860013], [-114.754004828002, 36.8438293860013], [-114.753581827002, 36.8438273860013], [-114.748593827002, 36.8438083860013], [-114.730951824002, 36.8437693870013], [-114.729037822002, 36.8437573870013], [-114.728891823002, 36.8437573880013], [-114.717997821002, 36.8436903890013], [-114.717790821002, 36.8436903880013], [-114.712620820002, 36.8436573880013], [-114.708386819002, 36.8436193890013], [-114.708291818002, 36.8436193890013], [-114.698058817002, 36.8435293890013], [-114.696087817002, 36.8435203890013], [-114.689329816002, 36.8434903890013], [-114.680497813002, 36.8434793910013], [-114.679938813002, 36.8434783910014], [-114.676793814002, 36.8434743900013], [-114.676479813002, 36.8434743910013], [-114.676268813002, 36.8434743900013], [-114.662103810002, 36.8434883920013], [-114.661980810002, 36.8434883920013], [-114.660083809002, 36.8434903920013], [-114.659722810002, 36.8434903920013], [-114.659431810002, 36.8434913920013], [-114.659118810002, 36.8434913920013], [-114.658373810002, 36.8434943920013], [-114.658026810002, 36.8434953920013], [-114.650941808002, 36.8435273920013], [-114.650447808002, 36.8435293920013], [-114.632654804002, 36.8436073930013], [-114.631336804002, 36.8436133930013], [-114.630955804002, 36.8436153930013], [-114.629689805002, 36.8436203940013], [-114.613946801002, 36.8436873950014], [-114.608810800002, 36.8437073960013], [-114.608689800002, 36.8437083950014], [-114.598778799002, 36.8437493960014], [-114.598554798002, 36.8437503960014], [-114.585913796002, 36.8438013970013], [-114.585864797002, 36.8438013970014], [-114.574991794002, 36.8438433980013], [-114.574683793002, 36.8438443970013], [-114.568565793002, 36.8438683980013], [-114.568069793002, 36.8438703980013], [-114.561968792002, 36.8438923980013], [-114.558021790002, 36.8439073980013], [-114.552254789002, 36.8439283990013], [-114.550679789002, 36.8439343990013], [-114.550530790002, 36.8439343990013], [-114.541708789002, 36.8439313990013], [-114.541078788002, 36.8439313990013], [-114.533470786002, 36.8439284000013], [-114.533139787002, 36.8439284000013], [-114.520785784002, 36.8439214010013], [-114.520572784002, 36.8439214010013], [-114.515665782002, 36.8439174010013], [-114.514346783002, 36.8439184020013], [-114.513027782002, 36.8439194020013], [-114.512722783002, 36.8439194020013], [-114.508898782002, 36.8439154020013], [-114.508756781002, 36.8439154020013], [-114.507305781002, 36.8439144020013], [-114.505430780002, 36.8439134020013], [-114.504802782002, 36.8439134010014], [-114.504557781002, 36.8439134010014], [-114.501178780002, 36.8439114030013], [-114.501012780002, 36.8439114020013], [-114.495643779002, 36.8439084030013], [-114.452541772002, 36.8438704050014], [-114.452080771002, 36.8438694050013], [-114.446717770002, 36.8438614060013], [-114.446605769002, 36.8438614060013], [-114.446562770002, 36.8438614060013], [-114.446536770002, 36.8438614070014], [-114.446509770002, 36.8438604060013], [-114.446423770002, 36.8438604060013], [-114.446271770002, 36.8438604070014], [-114.446217771002, 36.8438604060013], [-114.436691768002, 36.8438454070014], [-114.430826767002, 36.8438384070014], [-114.429919767002, 36.8438374070013], [-114.429673767002, 36.8438374070013], [-114.424960766002, 36.8438304070013], [-114.424417765002, 36.8438294080013], [-114.422558765002, 36.8438274070013], [-114.410726764002, 36.8438104080013], [-114.410433764002, 36.8438104090013], [-114.397380761002, 36.8437904090014], [-114.397092761002, 36.8437904090014], [-114.392965759002, 36.8437844100014], [-114.392443761002, 36.8437834090013], [-114.392372761002, 36.8437834100014], [-114.392221759002, 36.8437834100014], [-114.391619760002, 36.8437824100014], [-114.389377759002, 36.8437784100013], [-114.387311759002, 36.8437744090013], [-114.378269757002, 36.8437594100014], [-114.377912757002, 36.8437584100013], [-114.374570757002, 36.8437514100013], [-114.373332756002, 36.8437494110013], [-114.373161756002, 36.8437494100013], [-114.371946756002, 36.8437484100013], [-114.371308756002, 36.8437464100014], [-114.368725756002, 36.8437424110013], [-114.363405754002, 36.8437314110014], [-114.362617754002, 36.8437304110013], [-114.359628753002, 36.8437244120013], [-114.356846754002, 36.8437194120013], [-114.356706753002, 36.8437194120013], [-114.356688754002, 36.8437194120013], [-114.351684752002, 36.8437104130013], [-114.350934752002, 36.8437104120014], [-114.350425752002, 36.8437094130013], [-114.348970752002, 36.8437064130013], [-114.346306751002, 36.8437004130014], [-114.346165751002, 36.8437004120013], [-114.337929749002, 36.8436814130014], [-114.337515750002, 36.8436804130014], [-114.336422749002, 36.8436784130014], [-114.336256749002, 36.8436784130014], [-114.335976749002, 36.8436774130014], [-114.335836750002, 36.8436774130014], [-114.335752749002, 36.8436774130014], [-114.334745750002, 36.8436754140014], [-114.334186749002, 36.8436744140014], [-114.333455749002, 36.8436724140013], [-114.332384749002, 36.8436704140013], [-114.331313748002, 36.8436684130013], [-114.330370748002, 36.8436654140013], [-114.329989749002, 36.8436654140013], [-114.328891747002, 36.8436624130013], [-114.328236748002, 36.8436614140013], [-114.328141748002, 36.8436614140013], [-114.327679748002, 36.8436604140013], [-114.323294747002, 36.8436504140013], [-114.312458745002, 36.8436264150014], [-114.309363744002, 36.8436194150013], [-114.309236744002, 36.8436194150013], [-114.308404744002, 36.8436164150013], [-114.308259744002, 36.8436164150013], [-114.303858743002, 36.8436054150014], [-114.277603738002, 36.8435414170013], [-114.277399738002, 36.8435404170013], [-114.263501736002, 36.8435044180014], [-114.262280735002, 36.8435004180014], [-114.262018735002, 36.8434994180014], [-114.246839732002, 36.8434554190014], [-114.244182732002, 36.8434474190013], [-114.240611732002, 36.8434374200014], [-114.235967731002, 36.8434244200014], [-114.230569730002, 36.8434084200013], [-114.229880730002, 36.8434064200014], [-114.224117729002, 36.8433894210013], [-114.223773728002, 36.8433884210013], [-114.219794727002, 36.8433764210014], [-114.219360727002, 36.8433754210014], [-114.217645727002, 36.8433764210014], [-114.213895726002, 36.8433784210014], [-114.212020727002, 36.8433794210014], [-114.209608725002, 36.8433814210014], [-114.208809726002, 36.8433814220013], [-114.207376726002, 36.8433824220013], [-114.205580724002, 36.8433834210013], [-114.201977724002, 36.8433854220013], [-114.201869724002, 36.8433854230013], [-114.197710723002, 36.8433874220013], [-114.197538723002, 36.8433874230013], [-114.187295722002, 36.8433914230014], [-114.187074721002, 36.8433914230014], [-114.186071721002, 36.8433924230014], [-114.185048720002, 36.8433934230013], [-114.184868721002, 36.8433934230013], [-114.183368720002, 36.8433864230013], [-114.182271721002, 36.8433934230014], [-114.181890720002, 36.8433934240014], [-114.181228721002, 36.8433934230014], [-114.178033720002, 36.8433944230014], [-114.177475720002, 36.8433944240014], [-114.174179719002, 36.8433954230014], [-114.171894719002, 36.8433964240013], [-114.170454719002, 36.8433974250013], [-114.169412718002, 36.8433974240014], [-114.169190718002, 36.8433974240013], [-114.168823718002, 36.8433974240013], [-114.166452718002, 36.8433984240013], [-114.165784717002, 36.8433984240014], [-114.165527717002, 36.8433984250014], [-114.165501718002, 36.8433984240014], [-114.165247718002, 36.8433984240013], [-114.160953716002, 36.8433994250013], [-114.156580715002, 36.8433994250014], [-114.156505716002, 36.8433994250013], [-114.149943714002, 36.8433994260014], [-114.132750711002, 36.8434004270013], [-114.132556711002, 36.8434004260014], [-114.126730710002, 36.8433994270014], [-114.123471709002, 36.8433994270014], [-114.120780708002, 36.8433994270014], [-114.120707708002, 36.8433994270014], [-114.116377708002, 36.8433984280014], [-114.112251707002, 36.8433974280014], [-114.111600707002, 36.8433974270014], [-114.111379707002, 36.8433974270014], [-114.111281707002, 36.8433974280014], [-114.109743707002, 36.8433964280014], [-114.108047706002, 36.8433954280014], [-114.104831706002, 36.8433924280014], [-114.103849706002, 36.8433914290014], [-114.100745705002, 36.8433894280014], [-114.100529705002, 36.8433894290014], [-114.093597704002, 36.8433834290013], [-114.089914703002, 36.8433384290013], [-114.089877704002, 36.8433384290013], [-114.089453703002, 36.8433324290014], [-114.088347702002, 36.8433184290014], [-114.083943702002, 36.8432624300013], [-114.083247701002, 36.8432534300014], [-114.083214702002, 36.8432534290014], [-114.082178701002, 36.8432414300013], [-114.077047700002, 36.8431764300013], [-114.076960701002, 36.8431754300013], [-114.075402700002, 36.8431554300013], [-114.074871701002, 36.8431604300014], [-114.073799701002, 36.8431694300014], [-114.064849698002, 36.8431614310014], [-114.062013698002, 36.8431594310014], [-114.060404697002, 36.8431574310014], [-114.059017697002, 36.8431554320014], [-114.057208697002, 36.8431534320014], [-114.054509697002, 36.8431494310013], [-114.054250696002, 36.8431494320014], [-114.054070696002, 36.8431494320014], [-114.050365695002, 36.8431464320013], [-114.050313695002, 36.8400034320014], [-114.050158693002, 36.8305744300014], [-114.050123694002, 36.8283834300013], [-114.050125694002, 36.8274324300013], [-114.050126695002, 36.8269194290014], [-114.050128693002, 36.8254364300013], [-114.050129693002, 36.8253804300014], [-114.050131694002, 36.8249824300013], [-114.050131693002, 36.8248674300013], [-114.050131693002, 36.8247664290014], [-114.050131693002, 36.8247214300014], [-114.050131693002, 36.8242844300014], [-114.050131693002, 36.8242294300014], [-114.050133694002, 36.8241404300014], [-114.050133693002, 36.8239314290014], [-114.050134694002, 36.8235694300014], [-114.050135693002, 36.8233944290014], [-114.050134694002, 36.8233044300014], [-114.050135693002, 36.8230964290013], [-114.050136693002, 36.8224374300014], [-114.050140694002, 36.8204624290014], [-114.050142693002, 36.8198044290013], [-114.050142693002, 36.8196424300014], [-114.050143693002, 36.8191574290013], [-114.050144693002, 36.8189964290013], [-114.050144693002, 36.8187744290013], [-114.050145692002, 36.8181074290014], [-114.050146693002, 36.8178864290013], [-114.050146693002, 36.8178054290013], [-114.050148693002, 36.8176124290014], [-114.050148693002, 36.8175674280014], [-114.050148693002, 36.8174814290013], [-114.050148693002, 36.8173864290014], [-114.050148693002, 36.8171004290013], [-114.050149692002, 36.8170064290014], [-114.050151692002, 36.8169684290013], [-114.050158693002, 36.8168544290013], [-114.050161692002, 36.8168174290013], [-114.050159692002, 36.8165854290013], [-114.050153694002, 36.8158894290014], [-114.050152692002, 36.8156574290014], [-114.050156692002, 36.8139244280014], [-114.050156693002, 36.8138964290014], [-114.050122692002, 36.8099064280013], [-114.050119692002, 36.8096424280014], [-114.050117692002, 36.8094334280013], [-114.050098692002, 36.8078164270013], [-114.050078691002, 36.8061434280014], [-114.050055691002, 36.8041494280014], [-114.050021691002, 36.8011254270014], [-114.050005691002, 36.7996874270013], [-114.050004691002, 36.7996124260014], [-114.050003692002, 36.7994534270014], [-114.050002690002, 36.7994404260013], [-114.050002691002, 36.7994044260013], [-114.050003691002, 36.7993934260014], [-114.050002691002, 36.7993694270013], [-114.050001691002, 36.7993294270013], [-114.050001691002, 36.7993134270014], [-114.050000691002, 36.7992904270014], [-114.050000691002, 36.7992694260014], [-114.050000691002, 36.7992494270014], [-114.050000691002, 36.7992214270014], [-114.050000691002, 36.7991994260013], [-114.049999692002, 36.7991874270014], [-114.049999691002, 36.7991524270014], [-114.049999691002, 36.7991414270014], [-114.049995691002, 36.7988074260014], [-114.049994691002, 36.7987984270014], [-114.049983690002, 36.7977724270014], [-114.049980691002, 36.7974584260013], [-114.049979691002, 36.7974314260014], [-114.049968691002, 36.7964324260013], [-114.049946691002, 36.7924774250014], [-114.049922690002, 36.7878094250013], [-114.049904689002, 36.7844334250014], [-114.049890690002, 36.7819144250013], [-114.049913690002, 36.7803934250014], [-114.049955689002, 36.7776174240013], [-114.050015689002, 36.7737364240014], [-114.050031688002, 36.7726654230013], [-114.050098688002, 36.7683204230014], [-114.050256687002, 36.7581824220014], [-114.050300687002, 36.7552854220013], [-114.050301687002, 36.7552564220014], [-114.050338687002, 36.7529044210014], [-114.050335686002, 36.7527674210014], [-114.050316686002, 36.7520424210014], [-114.050289687002, 36.7509414210014], [-114.050273686002, 36.7503244200013], [-114.050228686002, 36.7484754200013], [-114.050213686002, 36.7478594210014], [-114.050180686002, 36.7466274210013], [-114.050083686002, 36.7429334200014], [-114.050051685002, 36.7417024200013], [-114.049984685002, 36.7386774190014], [-114.050000685002, 36.7339474190014], [-114.050035684002, 36.7242284180014], [-114.050029683002, 36.7232774180014], [-114.049952683002, 36.7106824160014], [-114.049946682002, 36.7095264170014], [-114.049761681002, 36.7029304160014], [-114.049646681002, 36.6987914150014], [-114.049539680002, 36.6949154140014], [-114.049353680002, 36.6863744130014], [-114.049264679002, 36.6822354120014], [-114.049220679002, 36.6803004130014], [-114.049153679002, 36.6776994120014], [-114.048806677002, 36.6640914100013], [-114.048691677002, 36.6595564100014], [-114.048667676002, 36.6585964100013], [-114.048595676002, 36.6557184090013], [-114.048572676002, 36.6547594100014], [-114.048394675002, 36.6478084090014], [-114.048123675002, 36.6372214070013], [-114.047991673002, 36.6312134070014], [-114.047897672002, 36.6269584060013], [-114.047804674002, 36.6227374060014], [-114.047751672002, 36.6200104060014], [-114.047706673002, 36.6178614060013], [-114.047579672002, 36.6114204050013], [-114.047537672002, 36.6092734050014], [-114.047529671002, 36.6089284050014], [-114.047505672002, 36.6078964050014], [-114.047499672002, 36.6076314050014], [-114.047497671002, 36.6075534040014], [-114.047374671002, 36.6032204030014], [-114.047292670002, 36.6003274030014], [-114.047199670002, 36.5970584030014], [-114.047005669002, 36.5902244020014], [-114.046883669002, 36.5858924020014], [-114.046840668002, 36.5842194010014], [-114.046719668002, 36.5793854010013], [-114.046714669002, 36.5792004010014], [-114.046684668002, 36.5780434010014], [-114.046670668002, 36.5775284010013], [-114.046661669002, 36.5771984010013], [-114.046636668002, 36.5762094010013], [-114.046628667002, 36.5758804010014], [-114.046564667002, 36.5734784010014], [-114.046374667002, 36.5662733990014], [-114.046331667002, 36.5646203990013], [-114.046314666002, 36.5638724000014], [-114.046277667002, 36.5622443990014], [-114.046169665002, 36.5573643990014], [-114.046134666002, 36.5557373980014], [-114.046055666002, 36.5521483980014], [-114.045909664002, 36.5454213970014], [-114.045820664002, 36.5413873970014], [-114.045743664002, 36.5378013960014], [-114.045736664002, 36.5375563960014], [-114.045718663002, 36.5368243960014], [-114.045714664002, 36.5366533960014], [-114.045712664002, 36.5365803960014], [-114.045702663002, 36.5349753960013], [-114.045689663002, 36.5330643960013], [-114.045688664002, 36.5328433950014], [-114.045683664002, 36.5308253950014], [-114.045665662002, 36.5236843940014], [-114.045661662002, 36.5225193940013], [-114.045658663002, 36.5211003940014], [-114.045579662002, 36.5190063940013], [-114.045561663002, 36.5185733940013], [-114.045546662002, 36.5181733930014], [-114.045513662002, 36.5172743940013], [-114.045498661002, 36.5168423940014], [-114.045351661002, 36.5131623930014], [-114.045290661002, 36.5116213930013], [-114.045083661002, 36.5063863920013], [-114.045011660002, 36.5021293920013], [-114.044960660002, 36.4991123910014], [-114.044950660002, 36.4984523910014], [-114.044908660002, 36.4960833920014], [-114.044827659002, 36.4913483910013], [-114.044801659002, 36.4910183910014], [-114.044641659002, 36.4889883910014], [-114.044457659002, 36.4866313910014], [-114.044261658002, 36.4841653900014], [-114.044047658002, 36.4814693890014], [-114.043678658002, 36.4768243890014], [-114.043673658002, 36.4767673890013], [-114.043625658002, 36.4761273890013], [-114.043491657002, 36.4743013890014], [-114.043144658002, 36.4697213880014], [-114.043097656002, 36.4671063880014], [-114.043085656002, 36.4664493880014], [-114.043015656002, 36.4624673870014], [-114.042872654002, 36.4494993860014], [-114.042854655002, 36.4481803860014], [-114.042862654002, 36.4480353860014], [-114.042866655002, 36.4479243850014], [-114.042856654002, 36.4454883850013], [-114.042853655002, 36.4447073860014], [-114.042830654002, 36.4382823840014], [-114.043041649002, 36.3901923790014], [-114.043053648002, 36.3874343780014], [-114.043047648002, 36.3863883780014], [-114.043045648002, 36.3858753780014], [-114.043146648002, 36.3804833780014], [-114.043207648002, 36.3794103770014], [-114.043391648002, 36.3761913770014], [-114.043429648002, 36.3755333770014], [-114.043446648002, 36.3751183780013], [-114.043471648002, 36.3744533770014], [-114.043549647002, 36.3724623760014], [-114.043579647002, 36.3718023770014], [-114.043678648002, 36.3692883770013], [-114.043879646002, 36.3642853750014], [-114.043959646002, 36.3623503750014], [-114.044010647002, 36.3610873760014], [-114.044713645002, 36.3463033740014], [-114.044737644002, 36.3418853730014], [-114.044737644002, 36.3417483730013], [-114.044777644002, 36.3342303720013], [-114.044779644002, 36.3337223720014], [-114.044785644002, 36.3322013720013], [-114.044787643002, 36.3319743710014], [-114.044774644002, 36.3316953720014], [-114.044687644002, 36.3299753720014], [-114.044639643002, 36.3290283710013], [-114.044234643002, 36.3210283710014], [-114.044100642002, 36.3183623700014], [-114.044090643002, 36.3181923700014], [-114.044062642002, 36.3176333700014], [-114.044065643002, 36.3174973700014], [-114.044119642002, 36.3154053690014], [-114.044171642002, 36.3142563700014], [-114.044356642002, 36.3102393690013], [-114.045044641002, 36.3030553680014], [-114.045083641002, 36.3019713680014], [-114.045152640002, 36.3001183680014], [-114.045237641002, 36.2978673680013], [-114.045249639002, 36.2975133670014], [-114.045288641002, 36.2964553680014], [-114.045302640002, 36.2961033670014], [-114.045306640002, 36.2959613670014], [-114.045315640002, 36.2957333670014], [-114.045321640002, 36.2955433680014], [-114.045328641002, 36.2954053670014], [-114.045342640002, 36.2950363680014], [-114.045353639002, 36.2947273670014], [-114.045427640002, 36.2926983670014], [-114.045453640002, 36.2920243670014], [-114.045464640002, 36.2917183660014], [-114.045515641002, 36.2903313670014], [-114.045570639002, 36.2888423670014], [-114.045564640002, 36.2866563660014], [-114.045559639002, 36.2852553660014], [-114.045555640002, 36.2835643650014], [-114.045554638002, 36.2832043660014], [-114.045547639002, 36.2809943660014], [-114.045529638002, 36.2743953650014], [-114.045470637002, 36.2732893650014], [-114.045403638002, 36.2719963650014], [-114.045336638002, 36.2707243640014], [-114.045126637002, 36.2666863630014], [-114.045073637002, 36.2656603640014], [-114.044755636002, 36.2595273630014], [-114.044707637002, 36.2587493630014], [-114.044468637002, 36.2548883630014], [-114.044448637002, 36.2545793630014], [-114.044208635002, 36.2507103610014], [-114.044196635002, 36.2505463620014], [-114.044151635002, 36.2498353620014], [-114.044095635002, 36.2489203610014], [-114.044035635002, 36.2479573620014], [-114.044019635002, 36.2477033610014], [-114.043976636002, 36.2469943620014], [-114.043964635002, 36.2468003610014], [-114.043928634002, 36.2462203620013], [-114.043916636002, 36.2460273610014], [-114.043860635002, 36.2451193610014], [-114.043875635002, 36.2437303610014], [-114.043881635002, 36.2430803610014], [-114.043890634002, 36.2423053610013], [-114.043938634002, 36.2378753610014], [-114.043950633002, 36.2368083600014], [-114.043970633002, 36.2348653600014], [-114.043976634002, 36.2342363600014], [-114.044009633002, 36.2312893600014], [-114.044012633002, 36.2309953600014], [-114.044018634002, 36.2296873590014], [-114.044019634002, 36.2293503600014], [-114.044045634002, 36.2235333590014], [-114.044054633002, 36.2215953580014], [-114.044054633002, 36.2214763590014], [-114.044053633002, 36.2193173590014], [-114.044053633002, 36.2188733580014], [-114.044053632002, 36.2171623580014], [-114.044052632002, 36.2146403580014], [-114.044051632002, 36.2124833570014], [-114.044051632002, 36.2102063570014], [-114.044039631002, 36.2096803570014], [-114.044003632002, 36.2081043560014], [-114.043992631002, 36.2075793570014], [-114.043992631002, 36.2053923560014], [-114.043994630002, 36.2022783570014], [-114.043994631002, 36.2013713560014], [-114.043986630002, 36.1988373560014], [-114.043981631002, 36.1966523560014], [-114.044024631002, 36.1966083560014], [-114.044010631002, 36.1959573550014], [-114.043995630002, 36.1952353560014], [-114.043969631002, 36.1940053550014], [-114.043966631002, 36.1938613550013], [-114.043965631002, 36.1938013550014], [-114.043963629002, 36.1937423550014], [-114.043959631002, 36.1935493550014], [-114.043955631002, 36.1933553560014], [-114.044143629002, 36.1933133550013], [-114.044331630002, 36.1932723550014], [-114.045062630002, 36.1931113550014], [-114.046913631002, 36.1927053550014], [-114.048386630002, 36.1923813550014], [-114.049495632002, 36.1921393550014], [-114.052754631002, 36.1909243540014], [-114.053356632002, 36.1904763540014], [-114.053611632002, 36.1902863540014], [-114.056356632002, 36.1889933540013], [-114.058673633002, 36.1878403530014], [-114.061316632002, 36.1850593530014], [-114.062372632002, 36.1840063530014], [-114.063203633002, 36.1830853530013], [-114.063266633002, 36.1830153530014], [-114.064035633002, 36.1821653520013], [-114.064435633002, 36.1817233520014], [-114.064834632002, 36.1812803520014], [-114.066809632002, 36.1790923520014], [-114.068832633002, 36.1756883520014], [-114.070013633002, 36.1737013510014], [-114.071195633002, 36.1717143510014], [-114.071311633002, 36.1715173510014], [-114.071428633002, 36.1713213510014], [-114.071663633002, 36.1709263510014], [-114.072833633002, 36.1684633500013], [-114.075652632002, 36.1625283500014], [-114.077790633002, 36.1594843490014], [-114.078843633002, 36.1574393480014], [-114.079461633002, 36.1546303480014], [-114.081245632002, 36.1502133480014], [-114.087910634002, 36.1429283460014], [-114.089260633002, 36.1403873460014], [-114.089290634002, 36.1403313460014], [-114.091712634002, 36.1373083460014], [-114.092377634002, 36.1353363450014], [-114.092764634002, 36.1323613450014], [-114.093499634002, 36.1302853450014], [-114.094175633002, 36.1283753440014], [-114.094852634002, 36.1264643440014], [-114.095112633002, 36.1257303430014], [-114.095372633002, 36.1249963440014], [-114.095692632002, 36.1242073440014], [-114.097005633002, 36.1208283430013], [-114.097718633002, 36.1202183430014], [-114.097784633002, 36.1201953430014], [-114.099228634002, 36.1196903430014], [-114.100444634002, 36.1193643430013], [-114.104188634002, 36.1193863430014], [-114.107430635002, 36.1194063420014], [-114.108392635002, 36.1191593420014], [-114.116072636002, 36.1154763410013], [-114.117036637002, 36.1148553410014], [-114.118508636002, 36.1139053410014], [-114.118709636002, 36.1136463410014], [-114.118943636002, 36.1133453410014], [-114.119176636002, 36.1130443410013], [-114.120876637002, 36.1108553400014], [-114.121076637002, 36.1102193400014], [-114.121185637002, 36.1098713400013], [-114.121295636002, 36.1095243400014], [-114.121681636002, 36.1082993400014], [-114.121790636002, 36.1057043400014], [-114.121302636002, 36.1045183400014], [-114.121044636002, 36.1038903390014], [-114.119340635002, 36.1019353400014], [-114.117989635002, 36.1012823390014], [-114.117081634002, 36.1011823400014], [-114.115219635002, 36.0998833390014], [-114.113911634002, 36.0983343400014], [-114.112463634002, 36.0966203390014], [-114.111911634002, 36.0958503390014], [-114.112009634002, 36.0949153390014], [-114.112308634002, 36.0940553390014], [-114.113002633002, 36.0932813390014], [-114.113916634002, 36.0923323390014], [-114.115322634002, 36.0908713380014], [-114.115672633002, 36.0904793380014], [-114.116361633002, 36.0897093390013], [-114.117049634002, 36.0889403380014], [-114.118335634002, 36.0874943380014], [-114.119659634002, 36.0858273370014], [-114.121197634002, 36.0827603370014], [-114.124030633002, 36.0755683360014], [-114.125856634002, 36.0730043360014], [-114.125902634002, 36.0729403350014], [-114.127882634002, 36.0706673350014], [-114.129779634002, 36.0684893350014], [-114.132716635002, 36.0629583340014], [-114.133400635002, 36.0616703340014], [-114.135211634002, 36.0569513330014], [-114.136217634002, 36.0532373330013], [-114.135938633002, 36.0503633320014], [-114.135210634002, 36.0471653320014], [-114.134835633002, 36.0453483320014], [-114.134852632002, 36.0438783320014], [-114.135732633002, 36.0412433310013], [-114.136192633002, 36.0403353310014], [-114.137123633002, 36.0384963310014], [-114.138271633002, 36.0371953310014], [-114.140491634002, 36.0362233300014], [-114.143164633002, 36.0353003300014], [-114.144677633002, 36.0342773300014], [-114.145683634002, 36.0329753290014], [-114.145768633002, 36.0304953290014], [-114.145648633002, 36.0285643290014], [-114.145918633002, 36.0272343290014], [-114.146479633002, 36.0266293290014], [-114.146550633002, 36.0265513280014], [-114.147000634002, 36.0260663290014], [-114.148347634002, 36.0251903280014], [-114.150236633002, 36.0235203280014], [-114.150838634002, 36.0233223280014], [-114.151401634002, 36.0231383280014], [-114.153411634002, 36.0231753280014], [-114.154707634002, 36.0237813280013], [-114.157355635002, 36.0249713280014], [-114.159611635002, 36.0257323280014], [-114.161248636002, 36.0262843280013], [-114.163121636002, 36.0266233270014], [-114.164413637002, 36.0268573280014], [-114.164436637002, 36.0268583270014], [-114.166649637002, 36.0269873270014], [-114.167129637002, 36.0269593280014], [-114.170900638002, 36.0267393280014], [-114.171948639002, 36.0266793280014], [-114.173278638002, 36.0267573270014], [-114.174694639002, 36.0266753270014], [-114.176315639002, 36.0261343260013], [-114.179408639002, 36.0243423270014], [-114.179449640002, 36.0243183270014], [-114.182763640002, 36.0232793270014], [-114.185871641002, 36.0222713260014], [-114.185989641002, 36.0222253260014], [-114.190099641002, 36.0206333250014], [-114.190742640002, 36.0202873260014], [-114.191232642002, 36.0200243250014], [-114.192921641002, 36.0195893240014], [-114.194682642002, 36.0191363250013], [-114.196721642002, 36.0186123240014], [-114.198759642002, 36.0180873250014], [-114.200077642002, 36.0177483240013], [-114.200500643002, 36.0177513240014], [-114.201238643002, 36.0177563240014], [-114.204167643002, 36.0165803240014], [-114.206063644002, 36.0166393240013], [-114.207868644002, 36.0161573240014], [-114.208243644002, 36.0160583230014], [-114.210606644002, 36.0154283240013], [-114.211943644002, 36.0148393240014], [-114.213560645002, 36.0146203240014], [-114.214690645002, 36.0148113230014], [-114.216243645002, 36.0144333230014], [-114.216620646002, 36.0143413230014], [-114.218770646002, 36.0145163230014], [-114.221464647002, 36.0141653220014], [-114.224241648002, 36.0139083220014], [-114.224809646002, 36.0137043220014], [-114.226470648002, 36.0146113220014], [-114.228026647002, 36.0147363220014], [-114.228571647002, 36.0145533220014], [-114.229504648002, 36.0142403210014], [-114.230087648002, 36.0139713220014], [-114.231865648002, 36.0131523220014], [-114.233454649002, 36.0128403220014], [-114.235175649002, 36.0129953210014], [-114.235377648002, 36.0130133210014], [-114.236903649002, 36.0132523210014], [-114.237339649002, 36.0136753220013], [-114.237409649002, 36.0137433220014], [-114.237479650002, 36.0138113210014], [-114.237583649002, 36.0139133210014], [-114.237688649002, 36.0140143210014], [-114.238165649002, 36.0144783220014], [-114.239180650002, 36.0148753210013], [-114.239960650002, 36.0151053220014], [-114.240450649002, 36.0152503220014], [-114.242150650002, 36.0151923210014], [-114.243876650002, 36.0152713210014], [-114.244805650002, 36.0158283210014], [-114.246122651002, 36.0171693210014], [-114.246170651002, 36.0171983210014], [-114.248062652002, 36.0183393220014], [-114.248430652002, 36.0185613210014], [-114.250857652002, 36.0195653220014], [-114.251644652002, 36.0198913210013], [-114.259529655002, 36.0242113210014], [-114.262399654002, 36.0261123210013], [-114.264391656002, 36.0279163210014], [-114.265012656002, 36.0288533210014], [-114.265982657002, 36.0303153210013], [-114.267457656002, 36.0328503220014], [-114.268597656002, 36.0350393220014], [-114.269231658002, 36.0368123220014], [-114.268907658002, 36.0409453230014], [-114.269559658002, 36.0437743230013], [-114.270873659002, 36.0455283230013], [-114.272310658002, 36.0462943240013], [-114.273922659002, 36.0465343230014], [-114.276164659002, 36.0460883230013], [-114.278177660002, 36.0458243230013], [-114.279648660002, 36.0461083230014], [-114.284017660002, 36.0482473230014], [-114.286017662002, 36.0486623220013], [-114.288003662002, 36.0490753220014], [-114.289518662002, 36.0498343220014], [-114.290878662002, 36.0505163220014], [-114.291212663002, 36.0510683230013], [-114.291938662002, 36.0522683220013], [-114.293446664002, 36.0545053230014], [-114.295952664002, 36.0561733230013], [-114.298604665002, 36.0572683230014], [-114.299766665002, 36.0573643230014], [-114.300982666002, 36.0574653230013], [-114.308487667002, 36.0569903220013], [-114.308635667002, 36.0569813220014], [-114.311915667002, 36.0576663220014], [-114.313602667002, 36.0590533220014], [-114.314438668002, 36.0605283220013], [-114.314373668002, 36.0615063220014], [-114.314339668002, 36.0620213220014], [-114.313881669002, 36.0633613220013], [-114.313611668002, 36.0641533220014], [-114.312431667002, 36.0661223230014], [-114.310292667002, 36.0675573240014], [-114.307496668002, 36.0696773240014], [-114.306528667002, 36.0707483240014], [-114.305864667002, 36.0714833240013], [-114.304395667002, 36.0740243240013], [-114.304182667002, 36.0755853250014], [-114.304795668002, 36.0767143250014], [-114.305404668002, 36.0781883250013], [-114.306256668002, 36.0809723250014], [-114.306692668002, 36.0819263250014], [-114.306950669002, 36.0824923250014], [-114.312451671002, 36.0881563250014], [-114.313097671002, 36.0888213250013], [-114.315170672002, 36.0914743260013], [-114.316994672002, 36.0934143250013], [-114.317260673002, 36.0935973260014], [-114.317435672002, 36.0937183260014], [-114.317611672002, 36.0938393260014], [-114.319078672002, 36.0948503250014], [-114.320877673002, 36.0964683260013], [-114.322105672002, 36.0985193260014], [-114.322529673002, 36.0995753270013], [-114.322659673002, 36.0999003270014], [-114.323469673002, 36.1011913260013], [-114.324624673002, 36.1020023260014], [-114.325550674002, 36.1029943270013], [-114.325825674002, 36.1039383270013], [-114.327007675002, 36.1049093270013], [-114.328812675002, 36.1059073270014], [-114.331021676002, 36.1060573270013], [-114.333598677002, 36.1063473260014], [-114.334643676002, 36.1067893260014], [-114.335484677002, 36.1077813270014], [-114.336295677002, 36.1090033270013], [-114.337275678002, 36.1104333260014], [-114.338826677002, 36.1113143260014], [-114.340961678002, 36.1134623270014], [-114.342612679002, 36.1158833270014], [-114.345033680002, 36.1184773270014], [-114.345111679002, 36.1185613270014], [-114.348603680002, 36.1211523280014], [-114.351926681002, 36.1233043270013], [-114.354828682002, 36.1251293270013], [-114.357287683002, 36.1266653270014], [-114.358979683002, 36.1278003270014], [-114.360637683002, 36.1294173280014], [-114.364510684002, 36.1340773280014], [-114.365540685002, 36.1363113280013], [-114.367392685002, 36.1385253290014], [-114.368562685002, 36.1408973280013], [-114.370192686002, 36.1426293280014], [-114.371747686002, 36.1432113280014], [-114.373756687002, 36.1437273280014], [-114.375289687002, 36.1435973280014], [-114.375367687002, 36.1435613280013], [-114.376656687002, 36.1429613290014], [-114.378109687002, 36.1420953290013], [-114.379987688002, 36.1413933280014], [-114.381490689002, 36.1413543280013], [-114.382376688002, 36.1415613280014], [-114.388312689002, 36.1429513280013], [-114.394339691002, 36.1445663280014], [-114.398384692002, 36.1458043270014], [-114.402292692002, 36.1465123260013], [-114.404331693002, 36.1468023260013], [-114.405635693002, 36.1469883270013], [-114.409151694002, 36.1470053260014], [-114.411822694002, 36.1466153260014], [-114.412502694002, 36.1465163260014], [-114.415264695002, 36.1451283260014], [-114.418204696002, 36.1427763250014], [-114.420094696002, 36.1405343250013], [-114.423125695002, 36.1373553250014], [-114.425947697002, 36.1356233240013], [-114.430904697002, 36.1326603230014], [-114.435518696002, 36.1300623230014], [-114.439532698002, 36.1279673220014], [-114.443513699002, 36.1257293220013], [-114.443747699002, 36.1255983220013], [-114.445053698002, 36.1253513220013], [-114.446213699002, 36.1256783210014], [-114.447146699002, 36.1260273220013], [-114.448806700002, 36.1277573210013], [-114.451342700002, 36.1298363220014], [-114.453809701002, 36.1335913220013], [-114.455121702002, 36.1363773220013], [-114.456498702002, 36.1380373230013], [-114.458956703002, 36.1392193220013], [-114.462611704002, 36.1396493220013], [-114.465590704002, 36.1395013220014], [-114.468685704002, 36.1388943210014], [-114.478259706002, 36.1326883210014], [-114.483838706002, 36.1297253200013], [-114.487646707002, 36.1286613190013], [-114.491847708002, 36.1280363190014], [-114.498860709002, 36.1266173180013], [-114.501809709002, 36.1265613180013], [-114.504726710002, 36.1271933180013], [-114.507212710002, 36.1284893180013], [-114.508478711002, 36.1299183190014], [-114.509033711002, 36.1316213180014], [-114.509221711002, 36.1332523180014], [-114.508418712002, 36.1345813190014], [-114.507186712002, 36.1363453190013], [-114.505161712002, 36.1380833200014], [-114.503224711002, 36.1392473190013], [-114.501091711002, 36.1400653200014], [-114.500350710002, 36.1407053200014], [-114.500003711002, 36.1415993210014], [-114.500247711002, 36.1432313200013], [-114.501060711002, 36.1445213210014], [-114.508115713002, 36.1497183200013], [-114.511229714002, 36.1505813200014], [-114.514291715002, 36.1508003210014], [-114.516875715002, 36.1502823200013], [-114.519208715002, 36.1497573200014], [-114.526221716002, 36.1481823200013], [-114.528861717002, 36.1477563190014], [-114.531102717002, 36.1476493190013], [-114.532319717002, 36.1480453190014], [-114.532935717002, 36.1492873190014], [-114.534489718002, 36.1502353190013], [-114.537573718002, 36.1514183190014], [-114.539244719002, 36.1517693190013], [-114.543243720002, 36.1518763190013], [-114.544861719002, 36.1516063180014], [-114.546544721002, 36.1511383190013], [-114.546736720002, 36.1510853180014], [-114.548753721002, 36.1507023180014], [-114.550456721002, 36.1510653180014], [-114.552265721002, 36.1514503180013], [-114.553166721002, 36.1517823190014], [-114.554472722002, 36.1522623180013], [-114.555145722002, 36.1523463180014], [-114.555384722002, 36.1523763180014], [-114.555623722002, 36.1524063180013], [-114.556173722002, 36.1524753180013], [-114.556994723002, 36.1521663180014], [-114.557623722002, 36.1519293180013], [-114.561184723002, 36.1509263170013], [-114.564720724002, 36.1508293170013], [-114.569058724002, 36.1511893170013], [-114.571101725002, 36.1511043170013], [-114.572485725002, 36.1506533170013], [-114.574312724002, 36.1500583160014], [-114.577071726002, 36.1488503160014], [-114.578839725002, 36.1471803160013], [-114.579589727002, 36.1467053160014], [-114.580718725002, 36.1459923160013], [-114.583625726002, 36.1455793150014], [-114.583727726002, 36.1455653160014], [-114.584978727002, 36.1450643150014], [-114.587651727002, 36.1439023140014], [-114.589839727002, 36.1431973140013], [-114.593046728002, 36.1426793140014], [-114.594233728002, 36.1422873140014], [-114.594431728002, 36.1422213140013], [-114.594629728002, 36.1421563140013], [-114.596485728002, 36.1415423140013], [-114.597523728002, 36.1409013130013], [-114.598078729002, 36.1405593140013], [-114.604203729002, 36.1357783130014], [-114.609299730002, 36.1322343120013], [-114.609601730002, 36.1320843120014], [-114.610650731002, 36.1315633120013], [-114.611699730002, 36.1310423120013], [-114.613251731002, 36.1302713110014], [-114.615466731002, 36.1296583120013], [-114.616912730002, 36.1298003120013], [-114.618440731002, 36.1303333120013], [-114.620616731002, 36.1317643120013], [-114.622275733002, 36.1342733110014], [-114.623848733002, 36.1371493120014], [-114.627090734002, 36.1407663120013], [-114.628473734002, 36.1418273120013], [-114.630485735002, 36.1422233110014], [-114.631425735002, 36.1413533120013], [-114.632539734002, 36.1398633120014], [-114.635820735002, 36.1361753110013], [-114.636873735002, 36.1355573110013], [-114.638291736002, 36.1354473110013], [-114.640136736002, 36.1351313100014], [-114.641109736002, 36.1343973100013], [-114.641987736002, 36.1337353110014], [-114.642396736002, 36.1335453100013], [-114.645739737002, 36.1320003100013], [-114.649068737002, 36.1298503090013], [-114.651711737002, 36.1285943090013], [-114.652915737002, 36.1278353080013], [-114.655523737002, 36.1261923080013], [-114.658142738002, 36.1241323080014], [-114.658774738002, 36.1230063080014], [-114.658857738002, 36.1228573070013], [-114.658941739002, 36.1227093080013], [-114.660459739002, 36.1200043070013], [-114.661844738002, 36.1181633070013], [-114.661701738002, 36.1209453080013], [-114.661627739002, 36.1223683070013], [-114.661557738002, 36.1237263080013], [-114.661525738002, 36.1243433080014], [-114.661914740002, 36.1313593090013], [-114.661979740002, 36.1325273090013], [-114.662044739002, 36.1336963090013], [-114.662115739002, 36.1349833090013], [-114.662196740002, 36.1364423100013], [-114.662348740002, 36.1391883100013], [-114.662833741002, 36.1387463100013], [-114.661977741002, 36.1531323110013], [-114.661635741002, 36.1588993120014], [-114.668141743002, 36.1588123120013], [-114.667694744002, 36.1674453130013], [-114.667286745002, 36.1753533140014], [-114.667926746002, 36.1879373150013], [-114.667812747002, 36.1984193160014], [-114.667757748002, 36.2050843170013], [-114.667391748002, 36.2113943170013], [-114.667251748002, 36.2138433190013], [-114.667733750002, 36.2215383190013], [-114.667760749002, 36.2216263190013], [-114.667760749002, 36.2217253180013], [-114.667846749002, 36.2230623190014], [-114.667968752002, 36.2473043220013], [-114.669412752002, 36.2473013220013], [-114.687480756002, 36.2475503200014], [-114.700683758002, 36.2462263200013], [-114.711148760002, 36.2463623190014], [-114.740002765002, 36.2463323180013], [-114.744545766002, 36.2469013170013], [-114.760528768002, 36.2468743160013], [-114.760700769002, 36.2468743150013], [-114.790615774002, 36.2468253140013], [-114.793041775002, 36.2466653140013], [-114.794997776002, 36.2465373140014], [-114.822963780002, 36.2466223120013], [-114.825646781002, 36.2469783120013], [-114.841053784002, 36.2469933110013], [-114.841164785002, 36.2469943110013], [-114.841788784002, 36.2468923110013], [-114.849142785002, 36.2470023100013], [-114.850285785002, 36.2467803100014], [-114.862354787002, 36.2468483100014], [-114.863010788002, 36.2468523090013], [-114.872114789002, 36.2469053090013], [-114.880909791002, 36.2469543080013], [-114.881462791002, 36.2469583080013], [-114.883636791002, 36.2469723090013], [-114.884046792002, 36.2469623070013], [-114.885276792002, 36.2469363080013], [-114.885687792002, 36.2469273080014], [-114.886164793002, 36.2469263090013], [-114.886386793002, 36.2469253070013], [-114.886641793002, 36.2469253080013], [-114.887913792002, 36.2469213080013], [-114.888484792002, 36.2469193070013], [-114.889184792002, 36.2469183080013], [-114.891242793002, 36.2469303080013], [-114.896863794002, 36.2469623070013], [-114.897419795002, 36.2469663080013], [-114.899478795002, 36.2469793070013], [-114.900733795002, 36.2469713070013], [-114.904498795002, 36.2469503070013], [-114.905754796002, 36.2469433060013], [-114.905841796002, 36.2469433070013], [-114.907247796002, 36.2469393070013], [-114.909531796002, 36.2469333060014], [-114.911728797002, 36.2469263070013], [-114.913222797002, 36.2469223060013], [-114.914424797002, 36.2469203050013], [-114.918032798002, 36.2469183060013], [-114.918828799002, 36.2469183060013], [-114.919235798002, 36.2469183060013], [-114.919620799002, 36.2469183050013], [-114.924152799002, 36.2469163050014], [-114.930459801002, 36.2469433040013], [-114.930768800002, 36.2469473060013], [-114.931698801002, 36.2469593050014], [-114.932008801002, 36.2469643050013], [-114.932810801002, 36.2469753050013], [-114.935219802002, 36.2470093050013], [-114.936022802002, 36.2470213050013], [-114.936536802002, 36.2470183050013], [-114.941852803002, 36.2470733040013], [-114.947495803002, 36.2471243040013], [-114.952719804002, 36.2471183040013], [-114.957741806002, 36.2471123030013], [-114.959518806002, 36.2470743040014], [-114.966302807002, 36.2471033030013], [-114.967754808002, 36.2471013030014], [-114.968164808002, 36.2471003030013], [-114.971854809002, 36.2470973020013], [-114.973935809002, 36.2470873030013], [-114.981678810002, 36.2470563010013], [-114.982167810002, 36.2470543010013], [-114.983523810002, 36.2470483020013], [-114.984422811002, 36.2470133010013], [-114.985335810002, 36.2470503020013], [-114.988868812002, 36.2470263010013], [-114.988886811002, 36.2464123010013], [-114.988907811002, 36.2447633010013], [-114.989026811002, 36.2418933010014], [-114.989037811002, 36.2418473000013], [-114.989321810002, 36.2323633000013], [-114.993722811002, 36.2325482990013], [-114.993778810002, 36.2303653000014], [-114.993823810002, 36.2288742990013], [-114.993925810002, 36.2252002980013], [-114.998300810002, 36.2253642980013], [-115.002674812002, 36.2255282980013], [-115.002749812002, 36.2218352970013], [-115.002825812002, 36.2181412970013], [-115.005771811002, 36.2183052970013], [-115.007194811002, 36.2182982970013], [-115.008719812002, 36.2182922970013], [-115.017563813002, 36.2182572960013], [-115.020512814002, 36.2182462970013], [-115.021476814002, 36.2182392960013], [-115.024370815002, 36.2182192960013], [-115.025335815002, 36.2182132960013], [-115.025632815002, 36.2182132960013], [-115.026523814002, 36.2182162950013], [-115.026821815002, 36.2182172960013], [-115.027067816002, 36.2182152960013], [-115.027806816002, 36.2182132950013], [-115.028053815002, 36.2182132950013], [-115.028342815002, 36.2182222960014], [-115.029081816002, 36.2182472960013], [-115.029210816002, 36.2182512950013], [-115.029500816002, 36.2182612950013], [-115.029575816002, 36.2182632950013], [-115.029691816002, 36.2182682950013], [-115.029800816002, 36.2182712950013], [-115.029876816002, 36.2182742960013], [-115.030898816002, 36.2182662960013], [-115.034304817002, 36.2182572960013], [-115.034370816002, 36.2182492950013], [-115.034414817002, 36.2182302950013], [-115.034960817002, 36.2182702950013], [-115.035173817002, 36.2182662950013], [-115.038962817002, 36.2181982950013], [-115.039003817002, 36.2177762950014], [-115.039037817002, 36.2172602950013], [-115.043527818002, 36.2172682940013], [-115.043606818002, 36.2108912940014], [-115.043659817002, 36.2067442930013], [-115.043657818002, 36.2062662930013], [-115.043651817002, 36.2048332930013], [-115.043649816002, 36.2043562920013], [-115.043664817002, 36.2042052940013], [-115.043681818002, 36.2040412930013], [-115.043684817002, 36.2038032930014], [-115.043684817002, 36.2037502930013], [-115.043685816002, 36.2037012930013], [-115.043686818002, 36.2035992930013], [-115.043686818002, 36.2035892930013], [-115.043686817002, 36.2035582930013], [-115.043687817002, 36.2035492930013], [-115.045578817002, 36.2035562920013], [-115.051252818002, 36.2035802930013], [-115.052710818002, 36.2035872930013], [-115.053142818002, 36.2035452920013], [-115.053579819002, 36.2035482930013], [-115.054578819002, 36.2035572920013], [-115.054890820002, 36.2035532920013], [-115.055328819002, 36.2035482920013], [-115.055540818002, 36.2035452920013], [-115.055776819002, 36.2035442930013], [-115.057121820002, 36.2035442910013], [-115.057570819002, 36.2035442920013], [-115.057570820002, 36.2070152920013], [-115.057559820002, 36.2072692930013], [-115.055203820002, 36.2073672930013], [-115.052901820002, 36.2072432920013], [-115.052671819002, 36.2072392930013], [-115.052703819002, 36.2078992920013], [-115.052704819002, 36.2101552920013], [-115.052727819002, 36.2105712930013], [-115.052745820002, 36.2108692940013], [-115.052829819002, 36.2114562930013], [-115.052782821002, 36.2182792940013], [-115.053670821002, 36.2182972930013], [-115.054060821002, 36.2183092940013], [-115.054190821002, 36.2183132930013], [-115.054853820002, 36.2183152940013], [-115.055429821002, 36.2183172940013], [-115.056668821002, 36.2183202940013], [-115.056845821002, 36.2183202940013], [-115.057088821002, 36.2183212940014], [-115.057509820002, 36.2183222930013], [-115.057984822002, 36.2183262940013], [-115.058613822002, 36.2183322930013], [-115.059411822002, 36.2183282930013], [-115.059887821002, 36.2183272940013], [-115.060342822002, 36.2183222940013], [-115.060625822002, 36.2183202940013], [-115.061707821002, 36.2183182930013], [-115.062006823002, 36.2183182940013], [-115.062068822002, 36.2183172930013], [-115.062163822002, 36.2183152930013], [-115.062233822002, 36.2183162930013], [-115.062328821002, 36.2183172930013], [-115.062936822002, 36.2182892940013], [-115.063066822002, 36.2182782930013], [-115.063482823002, 36.2182452930013], [-115.064240822002, 36.2181922930013], [-115.064589823002, 36.2181632930013], [-115.065772822002, 36.2180962930013], [-115.065840823002, 36.2180932930013], [-115.066675823002, 36.2180362930013], [-115.067338823002, 36.2179952930013], [-115.067562823002, 36.2179792930013], [-115.070225824002, 36.2177982930013], [-115.070790823002, 36.2177602930013], [-115.071113823002, 36.2177482930013], [-115.071402824002, 36.2177372930013], [-115.072011824002, 36.2177322930013], [-115.072262823002, 36.2177312920013], [-115.074708824002, 36.2177202930013], [-115.074974825002, 36.2177192930013], [-115.075291825002, 36.2177182920013], [-115.075608824002, 36.2177162920013], [-115.076503825002, 36.2177162920013], [-115.076655825002, 36.2177172920013], [-115.079188825002, 36.2176972920013], [-115.080084825002, 36.2176902920013], [-115.080086825002, 36.2184442920013], [-115.080093825002, 36.2207072920013], [-115.080094825002, 36.2208362920013], [-115.080105825002, 36.2214622930013], [-115.080104825002, 36.2221742920013], [-115.080105825002, 36.2222622920013], [-115.080114826002, 36.2227862930013], [-115.080115827002, 36.2246642930013], [-115.080115826002, 36.2247992930013], [-115.080116827002, 36.2251902930013], [-115.080118826002, 36.2253832930013], [-115.080120826002, 36.2254652930013], [-115.080124826002, 36.2255312930013], [-115.080131826002, 36.2256282930013], [-115.080132826002, 36.2260572940013], [-115.080132826002, 36.2261692930013], [-115.080134825002, 36.2268222930013], [-115.080155826002, 36.2274152940013], [-115.080145826002, 36.2278332940013], [-115.080140827002, 36.2280922930013], [-115.080137826002, 36.2284262930013], [-115.080141826002, 36.2286012940013], [-115.080156826002, 36.2291292930013], [-115.080161826002, 36.2293052940013], [-115.080161827002, 36.2293492940013], [-115.080159826002, 36.2294682940013], [-115.080157826002, 36.2297352930013], [-115.080154827002, 36.2299582930013], [-115.080153826002, 36.2301222930013], [-115.080154826002, 36.2303632930013], [-115.080160826002, 36.2310862930013], [-115.080162826002, 36.2313272940013], [-115.080163827002, 36.2316012940013], [-115.080168827002, 36.2324252930013], [-115.080170826002, 36.2327002940013], [-115.080149826002, 36.2336032940013], [-115.080134827002, 36.2342572940013], [-115.080118827002, 36.2349372940013], [-115.080098826002, 36.2358132940013], [-115.080095827002, 36.2359602940013], [-115.080091827002, 36.2361072940013], [-115.080085826002, 36.2363152950013], [-115.080077826002, 36.2366632940013], [-115.080063827002, 36.2372192940013], [-115.080059826002, 36.2374152950013], [-115.080049827002, 36.2380032950013], [-115.080047827002, 36.2382002950013], [-115.080044827002, 36.2383912950013], [-115.080042827002, 36.2385192940013], [-115.080039827002, 36.2387342940013], [-115.080032827002, 36.2393312950013], [-115.080028827002, 36.2394782940013], [-115.080021827002, 36.2397982950013], [-115.080017827002, 36.2399282950013], [-115.080010827002, 36.2402272950013], [-115.080009828002, 36.2403352950013], [-115.082445827002, 36.2403352940013], [-115.084330828002, 36.2403242940013], [-115.087019829002, 36.2402812950013], [-115.089203828002, 36.2402562940013], [-115.092341830002, 36.2402272940013], [-115.094017830002, 36.2402282930013], [-115.094869830002, 36.2401872940013], [-115.097285830002, 36.2401532940013], [-115.098464831002, 36.2401522940013], [-115.099810831002, 36.2401312930013], [-115.100913831002, 36.2401022930013], [-115.101735831002, 36.2401152940013], [-115.102265832002, 36.2401142940014], [-115.103147831002, 36.2400732930014], [-115.104390832002, 36.2400542940013], [-115.106526831002, 36.2400382930013], [-115.106863832002, 36.2400362930013], [-115.107144832002, 36.2400312930013], [-115.108473833002, 36.2400242930013], [-115.109352833002, 36.2400112940013], [-115.110739833002, 36.2399902930013], [-115.111880833002, 36.2399712930013], [-115.112037833002, 36.2399682930013], [-115.113281833002, 36.2398512920013], [-115.114027834002, 36.2398092920013], [-115.114803833002, 36.2397782930013], [-115.115994834002, 36.2397262920013], [-115.116800834002, 36.2397272930013], [-115.116803833002, 36.2398822930013], [-115.116819834002, 36.2405602920013], [-115.116827834002, 36.2417742920013], [-115.116865834002, 36.2442272930013], [-115.116865835002, 36.2442402930013], [-115.116892834002, 36.2455962930013], [-115.116919835002, 36.2469522930013], [-115.116926834002, 36.2470282930013], [-115.116958835002, 36.2491942940013], [-115.116963835002, 36.2495152940013], [-115.116966835002, 36.2497472930013], [-115.116980835002, 36.2506472940013], [-115.116990835002, 36.2513802940013], [-115.116991834002, 36.2513992930013], [-115.116991835002, 36.2515202940013], [-115.116992835002, 36.2522852940013], [-115.116981836002, 36.2533512930013], [-115.116977835002, 36.2535832930013], [-115.116967836002, 36.2543172950013], [-115.116987836002, 36.2557662940013], [-115.116991835002, 36.2559832940013], [-115.117015836002, 36.2576482940013], [-115.117014836002, 36.2577092940013], [-115.116998836002, 36.2594472940013], [-115.116997835002, 36.2596062950013], [-115.116996836002, 36.2596642950013], [-115.116992837002, 36.2601142940013], [-115.116978837002, 36.2615642950013], [-115.116977836002, 36.2616952950013], [-115.116968836002, 36.2628482960013], [-115.116956837002, 36.2645202950013], [-115.116955836002, 36.2645702960013], [-115.116924836002, 36.2689132960013], [-115.119359837002, 36.2688972960013], [-115.119860837002, 36.2688942950013], [-115.120057838002, 36.2688932960013], [-115.120781838002, 36.2689072960013], [-115.121130837002, 36.2689142950013], [-115.121481837002, 36.2689212950013], [-115.121569838002, 36.2689202950013], [-115.122995838002, 36.2689192950013], [-115.123676839002, 36.2689182950013], [-115.124206838002, 36.2689172950013], [-115.125915838002, 36.2689152960013], [-115.128558839002, 36.2688832950013], [-115.130397839002, 36.2688802950013], [-115.132640840002, 36.2688622950013], [-115.134869841002, 36.2688472950014], [-115.134869841002, 36.2689212950013], [-115.134885841002, 36.2700562940013], [-115.134889840002, 36.2703652940013], [-115.134901841002, 36.2712652950013], [-115.134905840002, 36.2714672950013], [-115.134909840002, 36.2716702950013], [-115.134927840002, 36.2725642950013], [-115.139534841002, 36.2726642950013], [-115.141246842002, 36.2726872950013], [-115.143657842002, 36.2727202950013], [-115.144050842002, 36.2727512950013], [-115.145065842002, 36.2727692950013], [-115.146080842002, 36.2727862940013], [-115.147339843002, 36.2728082940013], [-115.148598844002, 36.2728302940013], [-115.148804843002, 36.2728332940013], [-115.149010843002, 36.2728372950013], [-115.149297843002, 36.2728412940013], [-115.149585843002, 36.2728462940013], [-115.149971843002, 36.2728462940013], [-115.151012844002, 36.2728482940013], [-115.151132843002, 36.2728492940013], [-115.151519844002, 36.2728552940013], [-115.151845843002, 36.2728632940013], [-115.152825843002, 36.2728892940013], [-115.153152844002, 36.2728982940013], [-115.153148843002, 36.2727012940013], [-115.153143843002, 36.2724292940013], [-115.153136844002, 36.2721112940013], [-115.153133843002, 36.2719592940013], [-115.153132843002, 36.2719152940013], [-115.153133843002, 36.2717472940013], [-115.153137843002, 36.2712452930013], [-115.153139844002, 36.2710782930013], [-115.153138844002, 36.2707912940013], [-115.153137844002, 36.2707012930013], [-115.153137843002, 36.2705032940013], [-115.153135844002, 36.2698492930013], [-115.153134843002, 36.2695712940013], [-115.153133844002, 36.2691952930013], [-115.153133844002, 36.2690532930013], [-115.153134843002, 36.2686312930013], [-115.153135843002, 36.2684902930013], [-115.153135843002, 36.2682312930013], [-115.153137843002, 36.2674542940013], [-115.153138843002, 36.2671962930013], [-115.153139844002, 36.2669592930013], [-115.153139843002, 36.2668682930013], [-115.153139844002, 36.2667232940013], [-115.153140843002, 36.2661402930013], [-115.153140843002, 36.2658842930013], [-115.153141843002, 36.2655572930013], [-115.153143844002, 36.2652652920013], [-115.153163843002, 36.2649592930013], [-115.153191844002, 36.2647602930013], [-115.153196843002, 36.2647302930013], [-115.153226844002, 36.2645792930013], [-115.153305843002, 36.2642782930013], [-115.153410844002, 36.2639842920013], [-115.153506842002, 36.2637672930013], [-115.153654843002, 36.2634842930013], [-115.153849842002, 36.2631732930013], [-115.153931843002, 36.2630302920013], [-115.154025843002, 36.2628332930013], [-115.154085843002, 36.2626822930013], [-115.154122843002, 36.2625672930013], [-115.154135843002, 36.2625292930013], [-115.154162843002, 36.2624262930013], [-115.154204843002, 36.2622182930013], [-115.154228843002, 36.2620082930013], [-115.154220842002, 36.2617802930013], [-115.154714843002, 36.2617592920013], [-115.154728842002, 36.2617572920013], [-115.154844843002, 36.2617482930013], [-115.155037844002, 36.2617252930013], [-115.155165843002, 36.2617052920013], [-115.155355843002, 36.2616682930013], [-115.155604843002, 36.2616062920013], [-115.155848843002, 36.2615312920013], [-115.156203843002, 36.2613952930013], [-115.156400844002, 36.2613202920013], [-115.156683844002, 36.2612272920013], [-115.156985843002, 36.2611452920013], [-115.157259843002, 36.2610842920013], [-115.157537843002, 36.2610342920013], [-115.157862844002, 36.2609912930013], [-115.158122844002, 36.2609712920013], [-115.158317844002, 36.2609652930013], [-115.158577844002, 36.2609712920014], [-115.158772843002, 36.2609852920013], [-115.159030844002, 36.2610162920013], [-115.159157844002, 36.2610372920013], [-115.159410844002, 36.2610902920013], [-115.159542844002, 36.2611262920013], [-115.159657843002, 36.2611572920013], [-115.159778844002, 36.2611962920013], [-115.159956844002, 36.2612602920013], [-115.160310844002, 36.2614122920013], [-115.160408844002, 36.2614502920013], [-115.160544844002, 36.2615032920013], [-115.160725844002, 36.2615632910013], [-115.160924843002, 36.2616092930013], [-115.161325845002, 36.2616902930013], [-115.161378845002, 36.2616962920014], [-115.161464845002, 36.2617082920013], [-115.161787844002, 36.2617312920013], [-115.162200844002, 36.2617422920013], [-115.162584844002, 36.2617372920013], [-115.162874844002, 36.2617362920013], [-115.163747844002, 36.2617342920013], [-115.164039845002, 36.2617342920013], [-115.164530845002, 36.2617362920013], [-115.166004846002, 36.2617422920013], [-115.166496846002, 36.2617452920013], [-115.168765846002, 36.2616992910013], [-115.170976846002, 36.2617222910013], [-115.171459847002, 36.2617162910013], [-115.172384846002, 36.2617302910013], [-115.174083847002, 36.2616942920013], [-115.175451847002, 36.2616942910013], [-115.179974847002, 36.2616072910013], [-115.184472849002, 36.2614962900013], [-115.184597849002, 36.2614932910013], [-115.184722849002, 36.2614892900013], [-115.185097848002, 36.2614782910013], [-115.186641849002, 36.2614652900013], [-115.187171848002, 36.2614602900013], [-115.188897849002, 36.2614292900013], [-115.189001849002, 36.2614352900013], [-115.190723850002, 36.2614382900013], [-115.190955850002, 36.2614382890013], [-115.191186850002, 36.2614392900013], [-115.192401850002, 36.2614492900013], [-115.192573850002, 36.2614502900013], [-115.193616850002, 36.2614582900013], [-115.194733851002, 36.2615052900013], [-115.195849851002, 36.2615512900013], [-115.196734850002, 36.2615612900013], [-115.196985851002, 36.2615642900013], [-115.198122851002, 36.2615762890013], [-115.198579851002, 36.2615712900013], [-115.199951851002, 36.2615582900013], [-115.200409851002, 36.2615552890013], [-115.200567852002, 36.2615572900013], [-115.200725851002, 36.2615602900013], [-115.201765852002, 36.2615772900013], [-115.202265852002, 36.2615862900013], [-115.202661852002, 36.2616272900013], [-115.204605852002, 36.2616372890013], [-115.204954852002, 36.2616442890013], [-115.205088852002, 36.2616482890013], [-115.205832852002, 36.2616542890013], [-115.206055853002, 36.2616572890013], [-115.206794852002, 36.2616512890013], [-115.207189853002, 36.2616392890013], [-115.207443853002, 36.2616182900013], [-115.208206853002, 36.2615572890013], [-115.208461853002, 36.2615372890013], [-115.208713853002, 36.2615202890013], [-115.209471853002, 36.2614692890013], [-115.209724853002, 36.2614532880013], [-115.210225853002, 36.2614262890013], [-115.211729853002, 36.2613462890013], [-115.212231853002, 36.2613202890013], [-115.212671854002, 36.2612942890013], [-115.213993854002, 36.2612152890013], [-115.214434854002, 36.2611902890013], [-115.214829854002, 36.2611662890013], [-115.216014855002, 36.2610962880013], [-115.216410854002, 36.2610732880013], [-115.216679855002, 36.2610722890013], [-115.217487854002, 36.2610702880013], [-115.217757854002, 36.2610702880013], [-115.218042855002, 36.2610712890013], [-115.218309854002, 36.2610712880013], [-115.218327854002, 36.2610722880013], [-115.218859855002, 36.2610742880013], [-115.219967855002, 36.2610752880013], [-115.220520854002, 36.2610762880013], [-115.220607855002, 36.2610762880013], [-115.220869855002, 36.2610782880013], [-115.220957854002, 36.2610792880013], [-115.221105854002, 36.2610752880013], [-115.221551855002, 36.2610622880013], [-115.221700855002, 36.2610592880013], [-115.222110855002, 36.2610552880013], [-115.222433855002, 36.2610522880013], [-115.223166855002, 36.2610522890013], [-115.223225856002, 36.2610512880013], [-115.223947855002, 36.2610392880013], [-115.224708856002, 36.2610272880013], [-115.225353855002, 36.2610422880013], [-115.225505856002, 36.2610522880013], [-115.225661856002, 36.2610682880013], [-115.225801856002, 36.2610862880013], [-115.226688856002, 36.2612002880013], [-115.226984855002, 36.2612382870013], [-115.227227857002, 36.2612702880013], [-115.227959856002, 36.2613672880013], [-115.228203857002, 36.2614002870013], [-115.228286856002, 36.2614102870013], [-115.228538857002, 36.2614412880013], [-115.228622857002, 36.2614522870013], [-115.228837856002, 36.2614782870013], [-115.229072857002, 36.2615072870013], [-115.229482856002, 36.2615632870013], [-115.229698857002, 36.2615932870013], [-115.229920856002, 36.2616202870013], [-115.230586857002, 36.2617042880013], [-115.230759857002, 36.2617262880013], [-115.230809857002, 36.2617322870013], [-115.231010857002, 36.2617572880013], [-115.231227857002, 36.2617842880013], [-115.231616857002, 36.2618332870013], [-115.231818857002, 36.2618592870013], [-115.231944857002, 36.2618722870013], [-115.232011857002, 36.2618802870013], [-115.232590858002, 36.2619552880013], [-115.232784857002, 36.2619812880013], [-115.232876858002, 36.2619932870013], [-115.233012858002, 36.2620102870013], [-115.233696858002, 36.2620992870013], [-115.233782857002, 36.2621112870013], [-115.233925858002, 36.2621272880013], [-115.234770858002, 36.2622332880013], [-115.237305859002, 36.2625532880013], [-115.238150858002, 36.2626602870013], [-115.238282858002, 36.2626762880013], [-115.238678858002, 36.2627252870013], [-115.238811859002, 36.2627422870013], [-115.239118858002, 36.2627802870013], [-115.239226859002, 36.2627932880013], [-115.240039859002, 36.2628982880013], [-115.240259859002, 36.2629272870013], [-115.240347859002, 36.2629382880013], [-115.240740860002, 36.2629912870013], [-115.240753858002, 36.2629922870013], [-115.241328859002, 36.2630622870013], [-115.241976859002, 36.2631422870013], [-115.242229860002, 36.2631742870013], [-115.242385859002, 36.2631852870013], [-115.242596860002, 36.2631852870013], [-115.243010859002, 36.2631862870013], [-115.243229859002, 36.2631792870013], [-115.243440860002, 36.2631742870013], [-115.243689860002, 36.2631742870013], [-115.244437860002, 36.2631752870013], [-115.244687860002, 36.2631762870013], [-115.244952859002, 36.2631722870013], [-115.245750859002, 36.2631612870013], [-115.246016860002, 36.2631582870013], [-115.246052860002, 36.2631572870013], [-115.246163860002, 36.2631552870013], [-115.246200860002, 36.2631552870013], [-115.246357860002, 36.2631522870013], [-115.246828860002, 36.2631462870013], [-115.246865861002, 36.2631462860013], [-115.246986860002, 36.2631482870013], [-115.247202860002, 36.2631422870013], [-115.247853859002, 36.2631262870013], [-115.248070860002, 36.2631222870013], [-115.248354860002, 36.2631202860013], [-115.249208861002, 36.2631132860013], [-115.249493860002, 36.2631122860013], [-115.249519861002, 36.2631112870013], [-115.249597861002, 36.2631112870013], [-115.249624860002, 36.2631112870013], [-115.249796861002, 36.2631112870013], [-115.250312860002, 36.2631132870013], [-115.250484861002, 36.2631142860013], [-115.250728861002, 36.2631082870013], [-115.251460861002, 36.2630902870013], [-115.251705860002, 36.2630852870013], [-115.251754862002, 36.2630842860013], [-115.251877861002, 36.2630782860013], [-115.252396861002, 36.2630552860013], [-115.252569862002, 36.2630482860013], [-115.252740861002, 36.2630472870013], [-115.253253861002, 36.2630472870013], [-115.253425862002, 36.2630472860013], [-115.253515861002, 36.2630452860013], [-115.253788861002, 36.2630392860013], [-115.253879861002, 36.2630382860013], [-115.253222861002, 36.2623222860013], [-115.251481861002, 36.2604252860013], [-115.251259861002, 36.2601712870013], [-115.250620861002, 36.2594402860013], [-115.249901860002, 36.2586352860013], [-115.249289860002, 36.2579582860013], [-115.248385860002, 36.2569362850013], [-115.247806859002, 36.2561092860013], [-115.247443860002, 36.2554462860013], [-115.247314859002, 36.2551472860013], [-115.247191859002, 36.2548272860013], [-115.247098859002, 36.2545292850013], [-115.247025859002, 36.2542452860013], [-115.246966859002, 36.2539902850013], [-115.246914859002, 36.2537312850013], [-115.246875859002, 36.2535092850013], [-115.246846859002, 36.2532682860013], [-115.246827859002, 36.2530402860013], [-115.246811860002, 36.2527722860013], [-115.246806859002, 36.2524882850013], [-115.246831859002, 36.2505612850013], [-115.246847858002, 36.2478882850013], [-115.247293858002, 36.2478872850013], [-115.248026858002, 36.2478872850013], [-115.248335859002, 36.2478822850013], [-115.248633858002, 36.2478712850013], [-115.248840859002, 36.2478642850013], [-115.249017859002, 36.2478612850013], [-115.249079858002, 36.2478532850013], [-115.249466859002, 36.2478532850013], [-115.250558860002, 36.2478562840013], [-115.250629859002, 36.2478532840013], [-115.251017860002, 36.2478432850013], [-115.251060859002, 36.2478442840013], [-115.251189859002, 36.2478472850013], [-115.251232859002, 36.2478482850013], [-115.251240860002, 36.2482252850013], [-115.251264859002, 36.2493582850013], [-115.251270860002, 36.2495912850013], [-115.251266860002, 36.2497362850013], [-115.251274859002, 36.2500942850013], [-115.251290860002, 36.2507142860013], [-115.251297860002, 36.2511682850013], [-115.251304859002, 36.2515272860013], [-115.251304859002, 36.2515472850013], [-115.251305860002, 36.2516092850013], [-115.251306860002, 36.2516302850013], [-115.251312860002, 36.2520132850013], [-115.251331860002, 36.2531652850013], [-115.251338860002, 36.2535492850013], [-115.251345860002, 36.2539362850013], [-115.251366861002, 36.2549172850013], [-115.251366860002, 36.2551002860013], [-115.251366860002, 36.2552582860013], [-115.251388860002, 36.2553952860013], [-115.251422860002, 36.2554372860013], [-115.251454860002, 36.2554562850013], [-115.251530860002, 36.2554812860013], [-115.251902860002, 36.2554862860013], [-115.252026860002, 36.2554882860013], [-115.253259860002, 36.2554762850013], [-115.253574861002, 36.2554732860013], [-115.253712860002, 36.2554692860013], [-115.254165861002, 36.2554672860013], [-115.255527861002, 36.2554622850013], [-115.255981861002, 36.2554612850013], [-115.256425861002, 36.2554542850013], [-115.257653861002, 36.2554362850013], [-115.257760862002, 36.2554352850013], [-115.258205861002, 36.2554302850013], [-115.258290861002, 36.2554332850013], [-115.258477861002, 36.2554322860013], [-115.259293862002, 36.2554312850013], [-115.259566861002, 36.2554312850013], [-115.259756861002, 36.2554302850013], [-115.260326861002, 36.2554292850013], [-115.260382862002, 36.2554292850013], [-115.260516861002, 36.2554242840013], [-115.260896861002, 36.2554212850013], [-115.261649861002, 36.2554282850013], [-115.261716862002, 36.2554292840013], [-115.261859862002, 36.2554312850013], [-115.262035862002, 36.2554312840013], [-115.262416862002, 36.2554332850013], [-115.262498862002, 36.2554332850013], [-115.262746862002, 36.2554342850013], [-115.262829863002, 36.2554352850013], [-115.263218862002, 36.2554442850013], [-115.264001862002, 36.2554632840013], [-115.264388863002, 36.2554692850013], [-115.264778862002, 36.2554772850013], [-115.264849863002, 36.2554782850013], [-115.265062863002, 36.2554812840013], [-115.265133862002, 36.2554832850013], [-115.265594863002, 36.2554912840013], [-115.266979863002, 36.2555152840013], [-115.267441863002, 36.2555242850013], [-115.267898863002, 36.2555312850013], [-115.269271863002, 36.2555552840013], [-115.269729863002, 36.2555632840013], [-115.269725863002, 36.2553332850013], [-115.269723863002, 36.2551842840013], [-115.269722864002, 36.2551022840013], [-115.269707863002, 36.2540482840013], [-115.269703863002, 36.2537422840013], [-115.269719863002, 36.2536722850013], [-115.269726863002, 36.2535822840013], [-115.269730863002, 36.2532962850013], [-115.269749863002, 36.2521692840013], [-115.269754863002, 36.2519312830013], [-115.269752864002, 36.2517942840013], [-115.269761864002, 36.2515602840013], [-115.269778863002, 36.2513012840013], [-115.269778863002, 36.2511982840013], [-115.269786863002, 36.2504472840013], [-115.269785863002, 36.2503922840013], [-115.269781863002, 36.2499332840013], [-115.269811863002, 36.2482432840013], [-115.269813862002, 36.2481522840013], [-115.269811863002, 36.2480772840013], [-115.269767862002, 36.2480762830013], [-115.269710862002, 36.2480742830013], [-115.269726862002, 36.2478602830013], [-115.269736862002, 36.2475462830013], [-115.269787863002, 36.2460222830013], [-115.269795863002, 36.2457972830013], [-115.269790863002, 36.2456352840013], [-115.269785862002, 36.2454272830013], [-115.269774862002, 36.2450572830013], [-115.269765863002, 36.2446772830013], [-115.269774862002, 36.2444412830013], [-115.269804862002, 36.2443152830013], [-115.269804862002, 36.2442152830013], [-115.269808862002, 36.2435272830013], [-115.269810862002, 36.2432982830013], [-115.269814863002, 36.2428012830013], [-115.269823863002, 36.2417352830013], [-115.269827862002, 36.2413122820013], [-115.269832862002, 36.2408162820013], [-115.269836862002, 36.2404452830013], [-115.269846862002, 36.2394692820013], [-115.269848862002, 36.2393362820013], [-115.269853861002, 36.2389662820013], [-115.269859862002, 36.2387602830013], [-115.269869862002, 36.2372132820013], [-115.269863862002, 36.2371162830013], [-115.269842861002, 36.2367542820013], [-115.269835861002, 36.2353142830013], [-115.269837862002, 36.2352502820013], [-115.269889862002, 36.2343522820013], [-115.269891862002, 36.2339922820013], [-115.269899862002, 36.2337142820013], [-115.269907861002, 36.2334362820013], [-115.271910862002, 36.2335022820013], [-115.272245862002, 36.2335112820013], [-115.272365862002, 36.2335142820013], [-115.272728863002, 36.2335232820013], [-115.272849861002, 36.2335272820013], [-115.273182862002, 36.2335392810013], [-115.274184862002, 36.2335762810013], [-115.274518863002, 36.2335892810013], [-115.274665863002, 36.2335912810013], [-115.275106863002, 36.2335982820013], [-115.275253862002, 36.2336012810013], [-115.275450863002, 36.2336072820013], [-115.275634863002, 36.2336132820013], [-115.275670863002, 36.2336142810013], [-115.276041863002, 36.2336262810013], [-115.276239863002, 36.2336332820013], [-115.276523862002, 36.2336422810013], [-115.276781863002, 36.2336512810013], [-115.277324862002, 36.2336682820013], [-115.277379862002, 36.2336692810013], [-115.277494863002, 36.2336732810013], [-115.277664864002, 36.2336792820013], [-115.277958862002, 36.2336902810013], [-115.278478862002, 36.2337102810013], [-115.278842863002, 36.2337302820013], [-115.279137863002, 36.2337472820013], [-115.279133863002, 36.2335272810013], [-115.279122863002, 36.2329092810013], [-115.279118863002, 36.2328682810013], [-115.279102863002, 36.2326492820013], [-115.279099863002, 36.2325492810013], [-115.279093863002, 36.2323692810013], [-115.279079864002, 36.2319012810013], [-115.279067863002, 36.2315312810013], [-115.279058863002, 36.2312522810013], [-115.279061863002, 36.2311162810013], [-115.279067863002, 36.2309262810013], [-115.279063863002, 36.2307082810013], [-115.279061863002, 36.2305732810013], [-115.279060863002, 36.2304872810013], [-115.279059862002, 36.2304022810013], [-115.279057863002, 36.2301942810013], [-115.279055863002, 36.2299742810013], [-115.279041862002, 36.2295862810013], [-115.279022862002, 36.2290602810013], [-115.279009863002, 36.2286832810012], [-115.279003862002, 36.2284362810013], [-115.278995863002, 36.2280222800013], [-115.278989863002, 36.2277362810013], [-115.278988862002, 36.2276962810013], [-115.278983863002, 36.2274502800013], [-115.278978862002, 36.2273602810013], [-115.278977862002, 36.2273302800013], [-115.278970863002, 36.2272102810013], [-115.278966862002, 36.2271282810013], [-115.278965863002, 36.2270902810013], [-115.278965863002, 36.2270012810013], [-115.278963863002, 36.2268402810013], [-115.278959863002, 36.2263572800013], [-115.278958861002, 36.2261962810013], [-115.278956862002, 36.2260042800013], [-115.278950862002, 36.2254312800013], [-115.278949861002, 36.2252402800013], [-115.278949862002, 36.2251982800013], [-115.278948862002, 36.2251852800013], [-115.278945862002, 36.2250752810013], [-115.278943862002, 36.2250232800013], [-115.278942862002, 36.2249692800013], [-115.278934862002, 36.2247342800013], [-115.278912862002, 36.2240302810013], [-115.278905862002, 36.2237962800013], [-115.278903861002, 36.2237272800013], [-115.278902862002, 36.2236582800013], [-115.278883861002, 36.2227642800013], [-115.278854862002, 36.2213422800013], [-115.278849862002, 36.2211142790013], [-115.278829862002, 36.2201752800013], [-115.278828862002, 36.2201392800013], [-115.278818861002, 36.2196702790013], [-115.278818861002, 36.2196452800013], [-115.278808862002, 36.2191522800013], [-115.278797862002, 36.2186392800013], [-115.279326862002, 36.2186342800014], [-115.279836862002, 36.2186312790013], [-115.279945862002, 36.2186312790013], [-115.280053861002, 36.2186302800013], [-115.280915862002, 36.2186232800013], [-115.281445863002, 36.2186202790013], [-115.282486862002, 36.2186122800013], [-115.282509862002, 36.2186112800013], [-115.283365862002, 36.2186062790013], [-115.285234863002, 36.2186032790013], [-115.285702862002, 36.2186002790013], [-115.286736863002, 36.2185962790013], [-115.286767863002, 36.2185962790013], [-115.286872863002, 36.2185952790013], [-115.287096862002, 36.2185952780013], [-115.287187863002, 36.2185942790013], [-115.287293863002, 36.2185942790013], [-115.287430863002, 36.2185932790013], [-115.287842864002, 36.2185902790013], [-115.287980863002, 36.2185902790013], [-115.288233863002, 36.2185892780013], [-115.288439863002, 36.2185882780013], [-115.289257864002, 36.2185872790013], [-115.289820863002, 36.2185852790013], [-115.290280864002, 36.2185842780013], [-115.290737864002, 36.2185842790012], [-115.292109864002, 36.2185842780013], [-115.292567864002, 36.2185842790013], [-115.293035864002, 36.2185782790013], [-115.293696864002, 36.2185702780013], [-115.294440864002, 36.2185732790013], [-115.294909864002, 36.2185762790013], [-115.295110864002, 36.2185752780013], [-115.295311865002, 36.2185732780013], [-115.295355865002, 36.2185722780013], [-115.296026865002, 36.2185652790013], [-115.296112864002, 36.2185652790013], [-115.296693865002, 36.2185612780013], [-115.296937865002, 36.2185602780013], [-115.297139865002, 36.2185702780013], [-115.297322865002, 36.2185682790013], [-115.297872866002, 36.2185632780013], [-115.298056866002, 36.2185622780013], [-115.298318865002, 36.2185602780013], [-115.298338866002, 36.2185592790013], [-115.299185866002, 36.2185382790013], [-115.299468865002, 36.2185322790013], [-115.300383866002, 36.2185222780013], [-115.300856866002, 36.2185172780013], [-115.302845866002, 36.2184952780013], [-115.303128866002, 36.2184892780013], [-115.303658867002, 36.2184792780013], [-115.303851865002, 36.2184752780013], [-115.304044866002, 36.2184712770013], [-115.304509866002, 36.2184682780013], [-115.305002866002, 36.2184652780013], [-115.305904867002, 36.2184482780013], [-115.305968866002, 36.2184472780013], [-115.306369867002, 36.2184402780013], [-115.307289867002, 36.2184282780013], [-115.310050867002, 36.2183952780013], [-115.310971868002, 36.2183842780013], [-115.311005867002, 36.2183842780013], [-115.311909868002, 36.2183702780013], [-115.314363867002, 36.2183352770013], [-115.314726867002, 36.2183312770013], [-115.315665867002, 36.2183222770013], [-115.315668868002, 36.2190552770013], [-115.315669868002, 36.2193212770013], [-115.315671868002, 36.2195012770013], [-115.315674869002, 36.2201482780013], [-115.315637868002, 36.2212572770013], [-115.315614869002, 36.2219912770013], [-115.315605868002, 36.2227082780013], [-115.315604868002, 36.2227282780013], [-115.315584868002, 36.2243202780013], [-115.315580869002, 36.2246432780013], [-115.315576869002, 36.2249382780013], [-115.315567869002, 36.2256762780013], [-115.315567869002, 36.2257002780013], [-115.315559870002, 36.2261752770013], [-115.315538869002, 36.2274892790013], [-115.315531869002, 36.2276722780013], [-115.315518870002, 36.2280682780013], [-115.315514870002, 36.2281722780013], [-115.315524870002, 36.2284582790013], [-115.315523869002, 36.2286462790013], [-115.315508870002, 36.2289492780013], [-115.315497869002, 36.2290632780013], [-115.315460870002, 36.2292672780013], [-115.315446869002, 36.2293082780013], [-115.315437869002, 36.2293402790013], [-115.315387869002, 36.2295882780013], [-115.315378869002, 36.2296252780013], [-115.315369869002, 36.2296642790013], [-115.315347869002, 36.2297382790013], [-115.315336869002, 36.2297762790013], [-115.315328869002, 36.2297992790013], [-115.315307870002, 36.2298712790013], [-115.315301869002, 36.2298952780013], [-115.315285870002, 36.2299482790013], [-115.315181869002, 36.2301942790013], [-115.315004869002, 36.2305042790013], [-115.314759870002, 36.2308782790013], [-115.314523870002, 36.2312402790013], [-115.314192869002, 36.2315962790013], [-115.313993870002, 36.2317752780013], [-115.313898870002, 36.2318602790013], [-115.314001869002, 36.2319222790013], [-115.314508869002, 36.2323052790013], [-115.314703869002, 36.2324372780013], [-115.314764870002, 36.2324792790013], [-115.315044870002, 36.2326282780013], [-115.315324869002, 36.2327442790013], [-115.315450870002, 36.2327962780013], [-115.315442870002, 36.2330472790013], [-115.315287870002, 36.2386142790013], [-115.315201870002, 36.2404742800013], [-115.315111871002, 36.2441832810013], [-115.315027871002, 36.2478942810013], [-115.315225871002, 36.2478912800013], [-115.315249871002, 36.2478902810013], [-115.315320871002, 36.2478872800013], [-115.315345871002, 36.2478872800013], [-115.315564871002, 36.2478932800013], [-115.316924871002, 36.2478762800013], [-115.317698871002, 36.2478672800013], [-115.317762871002, 36.2478662810013], [-115.318051871002, 36.2478632810013], [-115.318647872002, 36.2478562800013], [-115.319009872002, 36.2478482800013], [-115.320262872002, 36.2478202800013], [-115.322197872002, 36.2478022800013], [-115.323371872002, 36.2477672800013], [-115.323956872002, 36.2477592800013], [-115.324200873002, 36.2477592790013], [-115.324758873002, 36.2477602800013], [-115.325274873002, 36.2477622800013], [-115.325796873002, 36.2477672800013], [-115.327112873002, 36.2477812790013], [-115.327429874002, 36.2477842790013], [-115.327596873002, 36.2477852800013], [-115.328382873002, 36.2477932790013], [-115.328700874002, 36.2477972790013], [-115.328906873002, 36.2477992800013], [-115.331304874002, 36.2478042800012], [-115.331523875002, 36.2478042800012], [-115.332050874002, 36.2478002790013], [-115.332184875002, 36.2477992790013], [-115.332652874002, 36.2477972790013], [-115.332920874002, 36.2477962790013], [-115.333260875002, 36.2477852790013], [-115.333269874002, 36.2476702790013], [-115.333276875002, 36.2475862800013], [-115.333287874002, 36.2474642800013], [-115.333313874002, 36.2471432790013], [-115.333335874002, 36.2468712790013], [-115.333358875002, 36.2465992790013], [-115.333364875002, 36.2465222800013], [-115.333365874002, 36.2465032800013], [-115.333366874002, 36.2464852790013], [-115.333372874002, 36.2464182790013], [-115.333377874002, 36.2463512790013], [-115.333406875002, 36.2459792800013], [-115.333412874002, 36.2459052790013], [-115.333417874002, 36.2458272790013], [-115.333465874002, 36.2452112790013], [-115.333551874002, 36.2440792790013], [-115.333594874002, 36.2435122790013], [-115.333638874002, 36.2429462790013], [-115.333646874002, 36.2428442790013], [-115.333654874002, 36.2427412790013], [-115.333709874002, 36.2420252790013], [-115.333731874002, 36.2417392780013], [-115.333808874002, 36.2407372790013], [-115.333908874002, 36.2394452790013], [-115.334007873002, 36.2381522780013], [-115.334155873002, 36.2362142770013], [-115.334200873002, 36.2356372780013], [-115.334210873002, 36.2355112780013], [-115.334217873002, 36.2354152780013], [-115.334230873002, 36.2352442780013], [-115.334354873002, 36.2336522770013], [-115.334354873002, 36.2332372770013], [-115.334354873002, 36.2328222780013], [-115.334355874002, 36.2325702770013], [-115.334357873002, 36.2323232780013], [-115.334359872002, 36.2314072770014], [-115.334362873002, 36.2304912770013], [-115.334363873002, 36.2303892770013], [-115.334363873002, 36.2302872780013], [-115.334364873002, 36.2293282770013], [-115.334365873002, 36.2292672770013], [-115.334368872002, 36.2282472780013], [-115.334351873002, 36.2275172770013], [-115.334336873002, 36.2267972770013], [-115.334331873002, 36.2265582770013], [-115.334310873002, 36.2255782770013], [-115.334304873002, 36.2253272770013], [-115.334289872002, 36.2245982760013], [-115.334278872002, 36.2240672770013], [-115.334248872002, 36.2224752770013], [-115.334238873002, 36.2219452760013], [-115.334234872002, 36.2217512760013], [-115.334229872002, 36.2215802760013], [-115.334229872002, 36.2215562770013], [-115.334224872002, 36.2213012760013], [-115.334208872002, 36.2205932760013], [-115.334205871002, 36.2204862760013], [-115.334197871002, 36.2201222760013], [-115.336742872002, 36.2200912760013], [-115.336903872002, 36.2200892760013], [-115.337437873002, 36.2200832760013], [-115.340105873002, 36.2200512760013], [-115.342773874002, 36.2200192750013], [-115.344153873002, 36.2200022760013], [-115.345023874002, 36.2199912750013], [-115.347730874002, 36.2199592750013], [-115.349604874002, 36.2198752750013], [-115.351562874002, 36.2199062750013], [-115.356019876002, 36.2199762750013], [-115.359361876002, 36.2200282740013], [-115.360475877002, 36.2200462740013], [-115.374522879002, 36.2202662740013], [-115.374648879002, 36.2202752730013], [-115.374632880002, 36.2189372740013], [-115.374629879002, 36.2186512730013], [-115.374626878002, 36.2183642740013], [-115.374605878002, 36.2166232740013], [-115.374585879002, 36.2148822730013], [-115.374563879002, 36.2130482720013], [-115.379570879002, 36.2130362730013], [-115.383271880002, 36.2130272720013], [-115.386951881002, 36.2130182720013], [-115.386971880002, 36.2130182710013], [-115.388021880002, 36.2130152720013], [-115.389072880002, 36.2130122720013], [-115.389513881002, 36.2130112720013], [-115.389954881002, 36.2130102720013], [-115.390363881002, 36.2130092720013], [-115.390773881002, 36.2130082720013], [-115.391829881002, 36.2130042720013], [-115.392884881002, 36.2130012720013], [-115.395735882002, 36.2129952720013], [-115.398586884002, 36.2129892710013], [-115.398780883002, 36.2129892710013], [-115.399365884002, 36.2129902710013], [-115.399560884002, 36.2129912720013], [-115.399704884002, 36.2130312710013], [-115.399748883002, 36.2130312710013], [-115.400330883002, 36.2130312710013], [-115.400524884002, 36.2130312720013], [-115.400716883002, 36.2130302720013], [-115.400908884002, 36.2130292710013], [-115.401366883002, 36.2130272720013], [-115.402991883002, 36.2130202710013], [-115.402998883002, 36.2128022720013], [-115.403018883002, 36.2121162710013], [-115.403021884002, 36.2120382710013], [-115.403043884002, 36.2112742710013], [-115.403051884002, 36.2103012710013], [-115.403059884002, 36.2093282710013], [-115.403077883002, 36.2070222710013], [-115.403096883002, 36.2047162700013], [-115.403121883002, 36.2015812690013], [-115.403133882002, 36.2001692700013], [-115.403164882002, 36.1960982690013], [-115.406148883002, 36.1961322690013], [-115.406090882002, 36.1946632690013], [-115.406601882002, 36.1946622690013], [-115.414639884002, 36.1946372680013], [-115.414540883002, 36.1923322670013], [-115.414417883002, 36.1889122680013], [-115.423492885002, 36.1885142670013], [-115.423330885002, 36.1817462660013], [-115.423036883002, 36.1695092650013], [-115.422845882002, 36.1615332640013], [-115.433648884002, 36.1615722620013], [-115.449688887002, 36.1616282620013], [-115.449753886002, 36.1616872630013], [-115.449990888002, 36.1618422630013], [-115.450059888002, 36.1618852620013], [-115.450070888002, 36.1619262630013], [-115.450177887002, 36.1623412620013], [-115.450355887002, 36.1623122620013], [-115.450321887002, 36.1622112620013], [-115.450261887002, 36.1620292620013], [-115.450137887002, 36.1617532630013], [-115.450071887002, 36.1616312620013], [-115.450042887002, 36.1614522620013], [-115.450035887002, 36.1612952620013], [-115.450054887002, 36.1611682620013], [-115.450127887002, 36.1607982620013], [-115.450147888002, 36.1606632620013], [-115.450153887002, 36.1605392610013], [-115.450120888002, 36.1604492620013], [-115.450009887002, 36.1602812620013], [-115.450045887002, 36.1602572620013], [-115.450148886002, 36.1601542620013], [-115.450222887002, 36.1600622620013], [-115.450262887002, 36.1600122620013], [-115.450559886002, 36.1596002610013], [-115.451020887002, 36.1589642620013], [-115.451137888002, 36.1587512610013], [-115.451322887002, 36.1583022610013], [-115.451444887002, 36.1581432620013], [-115.451484887002, 36.1580932610013], [-115.451556888002, 36.1580312610013], [-115.451722887002, 36.1579282610013], [-115.451912887002, 36.1578522620013], [-115.451924887002, 36.1578492620013], [-115.452099887002, 36.1578082620013], [-115.452376888002, 36.1577972620013], [-115.452732887002, 36.1578562620013], [-115.452957887002, 36.1579622610013], [-115.453120888002, 36.1580772610013], [-115.453269888002, 36.1582252620013], [-115.453505887002, 36.1585272620013], [-115.453703888002, 36.1587342610013], [-115.453902889002, 36.1588912610013], [-115.454114887002, 36.1590092610013], [-115.454452888002, 36.1591422620013], [-115.454729888002, 36.1592122610013], [-115.456378889002, 36.1595102620013], [-115.456719888002, 36.1595962620013], [-115.457033889002, 36.1597032610013], [-115.457190888002, 36.1597762610013], [-115.457571888002, 36.1599962610013], [-115.457783889002, 36.1601632620013], [-115.457984888002, 36.1603682610013], [-115.458156889002, 36.1605842610013], [-115.458300889002, 36.1607652610013], [-115.458917889002, 36.1616182620013], [-115.459096888002, 36.1618052610013], [-115.459205889002, 36.1618622610013], [-115.459223889002, 36.1618722610013], [-115.459362889002, 36.1619142610013], [-115.459592889002, 36.1619512620013], [-115.459800889002, 36.1619842610013], [-115.459987888002, 36.1620352610013], [-115.460089889002, 36.1620632610013], [-115.460242890002, 36.1621372610013], [-115.460326888002, 36.1621782620013], [-115.460584890002, 36.1624012620013], [-115.460851889002, 36.1626712620013], [-115.460985889002, 36.1628272620013], [-115.461169889002, 36.1630702610013], [-115.461220890002, 36.1631562610013], [-115.461305889002, 36.1634432620013], [-115.461356889002, 36.1635612610013], [-115.461430890002, 36.1636702610013], [-115.461493890002, 36.1637162610013], [-115.461631889002, 36.1637492610013], [-115.461783890002, 36.1637352610013], [-115.462100890002, 36.1635292620013], [-115.462222890002, 36.1634902620013], [-115.462345890002, 36.1634802610013], [-115.462882890002, 36.1635592610013], [-115.463049890002, 36.1636022620013], [-115.463239890002, 36.1636822620013], [-115.463429890002, 36.1638162610013], [-115.463520890002, 36.1639192610013], [-115.463598890002, 36.1640482620013], [-115.463645890002, 36.1641862610013], [-115.463636889002, 36.1644172620013], [-115.463578890002, 36.1645902620013], [-115.463475890002, 36.1647492610013], [-115.463216889002, 36.1650652610013], [-115.462603890002, 36.1660592620013], [-115.462479891002, 36.1661982620013], [-115.462250890002, 36.1663802610013], [-115.462048891002, 36.1665842610012], [-115.461707890002, 36.1670922620013], [-115.461612890002, 36.1673012620013], [-115.461494890002, 36.1676582630013], [-115.461410889002, 36.1682472620013], [-115.461412890002, 36.1684102620013], [-115.461449890002, 36.1685802620013], [-115.461570890002, 36.1688422620013], [-115.461850889002, 36.1691932620013], [-115.462441890002, 36.1697862620013], [-115.462586890002, 36.1699842620013], [-115.462660891002, 36.1701332630013], [-115.462712890002, 36.1703072620013], [-115.462737890002, 36.1705212620013], [-115.462671891002, 36.1714292620013], [-115.462708890002, 36.1719492620013], [-115.462740891002, 36.1720702630013], [-115.462832891002, 36.1722082620012], [-115.462949891002, 36.1723042630013], [-115.462994891002, 36.1723402630013], [-115.463138891002, 36.1723972630013], [-115.463215891002, 36.1724132620013], [-115.463379891002, 36.1724212630013], [-115.463459891002, 36.1724122630013], [-115.463576890002, 36.1723732620013], [-115.463884891002, 36.1722002630013], [-115.464403892002, 36.1718192620013], [-115.464523891002, 36.1717532620013], [-115.464648891002, 36.1717202630013], [-115.464778891002, 36.1717042630013], [-115.464899892002, 36.1717212630013], [-115.465102890002, 36.1718142620013], [-115.465317891002, 36.1719582630013], [-115.465421891002, 36.1719962630013], [-115.465525892002, 36.1720022620013], [-115.465684892002, 36.1719592630013], [-115.465788891002, 36.1718942620013], [-115.465848891002, 36.1718062620013], [-115.465886891002, 36.1717042620013], [-115.465963891002, 36.1711302620013], [-115.466091891002, 36.1709712620013], [-115.466157891002, 36.1709272620013], [-115.466234892002, 36.1709062620013], [-115.466403891002, 36.1709212620012], [-115.466559891002, 36.1710012620013], [-115.466892890002, 36.1713972620013], [-115.466999891002, 36.1715942620013], [-115.467060891002, 36.1718292630013], [-115.467045891002, 36.1720422620013], [-115.467060891002, 36.1721702620013], [-115.467109892002, 36.1722692620013], [-115.467175891002, 36.1723332630013], [-115.467266891002, 36.1723792620013], [-115.467422892002, 36.1724002620013], [-115.467520892002, 36.1723822620013], [-115.467735892002, 36.1722612630013], [-115.467945891002, 36.1720822620013], [-115.468258892002, 36.1717762620013], [-115.468356891002, 36.1716232620013], [-115.468467891002, 36.1713882620013], [-115.468556891002, 36.1713062620013], [-115.468646892002, 36.1712652620013], [-115.468752892002, 36.1712482620013], [-115.468849892002, 36.1712592620013], [-115.469121891002, 36.1713812620013], [-115.469258892002, 36.1714082620013], [-115.469377892002, 36.1714062620013], [-115.469634891002, 36.1713612620013], [-115.469764893002, 36.1713662620013], [-115.469889892002, 36.1714022620013], [-115.470092892002, 36.1715502620013], [-115.470183891002, 36.1716002620012], [-115.470235892002, 36.1716102620013], [-115.470284892002, 36.1716202620013], [-115.470420893002, 36.1715972620013], [-115.470501893002, 36.1715322620013], [-115.470575892002, 36.1713782610013], [-115.470628892002, 36.1704212610013], [-115.470647892002, 36.1700802610013], [-115.470684892002, 36.1697402620013], [-115.470734892002, 36.1696362610013], [-115.470810892002, 36.1695502610013], [-115.470926892002, 36.1694822610013], [-115.471053892002, 36.1694482620013], [-115.471178891002, 36.1694472620013], [-115.471248892002, 36.1694612620013], [-115.471346892002, 36.1695112620013], [-115.471496892002, 36.1696402620013], [-115.471743893002, 36.1699312620013], [-115.472205892002, 36.1705252620013], [-115.472585892002, 36.1709682620013], [-115.472729892002, 36.1711112610013], [-115.472901893002, 36.1711922620013], [-115.473147893002, 36.1712332610013], [-115.473296893002, 36.1712242610013], [-115.473467892002, 36.1711642620013], [-115.473573892002, 36.1710982620013], [-115.473668893002, 36.1710072620013], [-115.473749892002, 36.1708322620013], [-115.473769893002, 36.1706842610013], [-115.473775892002, 36.1697902620013], [-115.473884892002, 36.1694642620013], [-115.474045893002, 36.1691542610013], [-115.474084892002, 36.1690272620013], [-115.474100892002, 36.1689032610013], [-115.474094893002, 36.1687402620013], [-115.473998892002, 36.1683492610013], [-115.473703892002, 36.1674542610013], [-115.473583892002, 36.1670352610013], [-115.473570892002, 36.1669882610012], [-115.473539892002, 36.1667562610013], [-115.473554892002, 36.1666292610013], [-115.473650891002, 36.1664582610013], [-115.473755892002, 36.1663692610013], [-115.473896892002, 36.1662902600013], [-115.473941892002, 36.1662752610013], [-115.474200893002, 36.1661872610013], [-115.474607892002, 36.1661002610013], [-115.474901892002, 36.1660382610013], [-115.475008892002, 36.1660112610013], [-115.475130892002, 36.1659682610013], [-115.475205892002, 36.1659372610013], [-115.475341892002, 36.1658652610013], [-115.475407893002, 36.1658192610013], [-115.475497892002, 36.1657422610013], [-115.475569892002, 36.1656592610013], [-115.475610893002, 36.1656002610013], [-115.475672893002, 36.1654752610013], [-115.475696892002, 36.1654002610013], [-115.475722892002, 36.1652472610013], [-115.475725892002, 36.1651652610012], [-115.475701892002, 36.1649202610013], [-115.475667893002, 36.1639962600013], [-115.475668892002, 36.1638392610013], [-115.475691892002, 36.1636262610013], [-115.475710893002, 36.1635272610013], [-115.475730892002, 36.1634332600013], [-115.475808892002, 36.1632472610013], [-115.475938891002, 36.1630492600013], [-115.476033893002, 36.1629502610013], [-115.476096892002, 36.1629032600013], [-115.476204891002, 36.1628442610013], [-115.476300892002, 36.1628062610013], [-115.476424892002, 36.1627762610013], [-115.476487892002, 36.1627712610013], [-115.476668893002, 36.1627932610013], [-115.476939893002, 36.1628602600013], [-115.477131892002, 36.1628962600013], [-115.477233893002, 36.1629042600013], [-115.477445892002, 36.1628962610013], [-115.477514893002, 36.1628822600013], [-115.477654893002, 36.1628552600013], [-115.478141892002, 36.1627052610013], [-115.478318892002, 36.1626712600013], [-115.478513893002, 36.1626532610013], [-115.479106892002, 36.1626392600013], [-115.479301893002, 36.1626222600013], [-115.479466893002, 36.1625892600013], [-115.479864893002, 36.1624572610013], [-115.479960892002, 36.1624152610013], [-115.480055893002, 36.1623602600013], [-115.480463893002, 36.1620782600013], [-115.480896893002, 36.1617422600013], [-115.481196892002, 36.1615302600013], [-115.481245893002, 36.1614932600013], [-115.481297893002, 36.1614542600013], [-115.481359893002, 36.1614082600013], [-115.481794893002, 36.1610972600013], [-115.482091894002, 36.1608982600013], [-115.482193893002, 36.1608442590013], [-115.482299893002, 36.1607972600013], [-115.482716893002, 36.1606642600013], [-115.482982894002, 36.1605662600013], [-115.483197893002, 36.1604592610013], [-115.483349893002, 36.1603672590013], [-115.483481893002, 36.1602712600013], [-115.483671894002, 36.1601162600013], [-115.483739893002, 36.1600512600013], [-115.483846893002, 36.1599232600013], [-115.483931893002, 36.1597852590013], [-115.483969893002, 36.1596982600013], [-115.484018893002, 36.1595162590013], [-115.484037893002, 36.1593572590013], [-115.484031893002, 36.1591772600013], [-115.484001893002, 36.1590222590013], [-115.483977892002, 36.1589512590013], [-115.483854892002, 36.1585232600013], [-115.483824893002, 36.1583642590013], [-115.483813893002, 36.1581552590013], [-115.483826894002, 36.1579942590013], [-115.483830893002, 36.1579392590013], [-115.483913893002, 36.1575882600013], [-115.483968893002, 36.1573102590013], [-115.483981893002, 36.1571142600013], [-115.483969893002, 36.1569522590013], [-115.483956892002, 36.1568952590013], [-115.483904893002, 36.1567842590013], [-115.483898893002, 36.1567712590013], [-115.483757892002, 36.1565672590013], [-115.483688893002, 36.1564502590013], [-115.483660893002, 36.1563812590013], [-115.483649892002, 36.1562732590013], [-115.483675892002, 36.1559942580013], [-115.483714893002, 36.1558522600013], [-115.483742893002, 36.1557832600013], [-115.483837893002, 36.1556192600013], [-115.483979892002, 36.1554352590013], [-115.484127893002, 36.1552442590013], [-115.484552893002, 36.1546662600013], [-115.484742893002, 36.1544262590013], [-115.484920893002, 36.1541722590013], [-115.485050893002, 36.1540182590013], [-115.485156893002, 36.1539232590013], [-115.485305893002, 36.1538392590013], [-115.485460893002, 36.1537862590013], [-115.485538893002, 36.1537712590013], [-115.485696893002, 36.1537562590013], [-115.485920893002, 36.1537602590013], [-115.485992893002, 36.1537732590013], [-115.486121892002, 36.1538212600013], [-115.486278893002, 36.1539042590013], [-115.486368893002, 36.1539632590013], [-115.486952893002, 36.1543982590013], [-115.488756894002, 36.1557102590013], [-115.489251894002, 36.1560462590013], [-115.489364894002, 36.1560992590013], [-115.489501894002, 36.1561362590013], [-115.489662894002, 36.1561482590013], [-115.489802894002, 36.1561392590013], [-115.489870894002, 36.1561262590013], [-115.489986894002, 36.1560812590013], [-115.490080894002, 36.1560192590013], [-115.490161894002, 36.1559412590012], [-115.490194894002, 36.1558972580013], [-115.490241894002, 36.1558032590013], [-115.490255894002, 36.1557492590013], [-115.490264894002, 36.1556342590013], [-115.490250894002, 36.1554982580013], [-115.490202894002, 36.1553972590013], [-115.490126894002, 36.1553092590013], [-115.489998894002, 36.1552272580013], [-115.489694894002, 36.1550962590013], [-115.489148894002, 36.1549112590013], [-115.488727894002, 36.1547602590013], [-115.488201893002, 36.1545462590013], [-115.488057893002, 36.1544752590013], [-115.487856894002, 36.1543562590013], [-115.487737893002, 36.1542712590013], [-115.487488893002, 36.1540662590013], [-115.487273893002, 36.1538502580013], [-115.487149894002, 36.1537022590013], [-115.486930893002, 36.1533742590013], [-115.486710893002, 36.1530882590013], [-115.486240892002, 36.1524332590013], [-115.485747893002, 36.1517842590013], [-115.485235892002, 36.1512172590013], [-115.484809893002, 36.1507482590013], [-115.484370892002, 36.1504362580013], [-115.483755892002, 36.1500302580013], [-115.482073892002, 36.1489962580013], [-115.480267891002, 36.1479342590013], [-115.479523891002, 36.1475842580013], [-115.478839891002, 36.1473342580013], [-115.477943890002, 36.1470762590013], [-115.477148891002, 36.1468442590013], [-115.476820891002, 36.1466582590013], [-115.476537890002, 36.1463982580013], [-115.476367890002, 36.1460982590013], [-115.476291891002, 36.1458522580013], [-115.476270890002, 36.1455802580013], [-115.476334891002, 36.1454052590012], [-115.476737891002, 36.1454782580013], [-115.477001891002, 36.1455202580013], [-115.477347891002, 36.1455922580013], [-115.477784891002, 36.1456712580013], [-115.478345890002, 36.1457932590013], [-115.478762892002, 36.1459252590013], [-115.479064890002, 36.1459902590013], [-115.479421891002, 36.1460192580013], [-115.479555891002, 36.1460122590013], [-115.479923891002, 36.1460142590013], [-115.480046891002, 36.1460152580013], [-115.480225891002, 36.1460212580013], [-115.480446891002, 36.1460492590013], [-115.480578891002, 36.1460712590013], [-115.480786890002, 36.1461372590013], [-115.481017892002, 36.1462462580013], [-115.481092891002, 36.1462852580013], [-115.481320891002, 36.1464572580013], [-115.481525892002, 36.1466462580013], [-115.481931892002, 36.1469782580013], [-115.481991892002, 36.1470312590013], [-115.482177892002, 36.1472322580013], [-115.482293892002, 36.1473402580013], [-115.482500892002, 36.1475742580013], [-115.482558891002, 36.1476282580013], [-115.482591892002, 36.1476522580013], [-115.482753892002, 36.1477152580013], [-115.482863892002, 36.1477762580013], [-115.482895892002, 36.1478012580013], [-115.482950892002, 36.1478582580013], [-115.483100892002, 36.1480352580013], [-115.483292892002, 36.1482332580013], [-115.483326891002, 36.1482572580013], [-115.483470891002, 36.1483412590013], [-115.483708892002, 36.1484412580013], [-115.483833892002, 36.1484802590013], [-115.484282893002, 36.1486432580013], [-115.484664892002, 36.1487462590013], [-115.485404893002, 36.1490032580013], [-115.485520892002, 36.1490562580013], [-115.485737893002, 36.1491402580013], [-115.485842892002, 36.1491812590013], [-115.485880893002, 36.1491992590013], [-115.486094892002, 36.1493302580013], [-115.486207893002, 36.1493872580013], [-115.486408892002, 36.1494972580013], [-115.486574892002, 36.1494442590013], [-115.486661892002, 36.1494282590013], [-115.486706893002, 36.1494252590013], [-115.486840893002, 36.1494332590013], [-115.486884893002, 36.1494392580013], [-115.486968893002, 36.1494652590013], [-115.487421892002, 36.1497562580013], [-115.487623893002, 36.1498982580013], [-115.487870893002, 36.1500992580013], [-115.488011893002, 36.1502482590013], [-115.488218893002, 36.1505242590013], [-115.488259893002, 36.1505882580012], [-115.488363893002, 36.1507852580013], [-115.488478893002, 36.1510922590013], [-115.488493893002, 36.1511992580013], [-115.488489893002, 36.1512702590013], [-115.488462894002, 36.1513752580013], [-115.488436893002, 36.1514432590013], [-115.488401894002, 36.1514972580013], [-115.488304894002, 36.1516172590013], [-115.488246894002, 36.1516712590013], [-115.488179893002, 36.1517192580013], [-115.488209893002, 36.1518242580013], [-115.488377893002, 36.1521932580013], [-115.488398892002, 36.1522242590013], [-115.488468894002, 36.1523552590013], [-115.488812893002, 36.1527722590013], [-115.489225894002, 36.1531442590013], [-115.489315894002, 36.1531442590013], [-115.489405894002, 36.1531492590013], [-115.489623894002, 36.1531912580013], [-115.489875894002, 36.1532662580013], [-115.489945893002, 36.1532902590013], [-115.490321894002, 36.1534832580013], [-115.490730893002, 36.1537012580013], [-115.491083894002, 36.1539212590013], [-115.491623894002, 36.1542412590013], [-115.491932894002, 36.1543872580013], [-115.492112894002, 36.1544922590013], [-115.492175894002, 36.1545432590013], [-115.492227894002, 36.1546012590013], [-115.492289895002, 36.1546962590013], [-115.492328894002, 36.1547822590013], [-115.492562894002, 36.1548872590013], [-115.492663895002, 36.1549282580013], [-115.492921894002, 36.1550342590013], [-115.493088895002, 36.1550962590013], [-115.493492895002, 36.1552502590013], [-115.493617894002, 36.1552902580013], [-115.493888895002, 36.1554162580013], [-115.494001894002, 36.1554742580013], [-115.494033894002, 36.1554992590013], [-115.494221895002, 36.1557422580013], [-115.494552894002, 36.1562882580013], [-115.494631895002, 36.1563752590013], [-115.494752895002, 36.1565252590013], [-115.494863895002, 36.1566372590013], [-115.494897896002, 36.1566612590013], [-115.495148895002, 36.1567382590013], [-115.495307895002, 36.1567812590013], [-115.495433895002, 36.1568182590013], [-115.495513895002, 36.1568512580013], [-115.495587895002, 36.1568912590013], [-115.495651896002, 36.1569402590013], [-115.495735895002, 36.1570242580013], [-115.495850895002, 36.1571772590013], [-115.495902895002, 36.1572352590013], [-115.496091896002, 36.1574042580013], [-115.496111896002, 36.1574222580013], [-115.496345895002, 36.1575882590013], [-115.496600895002, 36.1577342590013], [-115.496737895002, 36.1578262590013], [-115.496768896002, 36.1578522590013], [-115.497139895002, 36.1582102580013], [-115.497364895002, 36.1583842580013], [-115.497966896002, 36.1588642590013], [-115.498265896002, 36.1590792590013], [-115.498329896002, 36.1591292590013], [-115.498419896002, 36.1592092590013], [-115.498499896002, 36.1592992590013], [-115.498548895002, 36.1593552590013], [-115.498630896002, 36.1594382590013], [-115.498712896002, 36.1595222590013], [-115.498849896002, 36.1597072590013], [-115.499089896002, 36.1601302590012], [-115.499144896002, 36.1602262590013], [-115.499237896002, 36.1603482580013], [-115.499263896002, 36.1603752590013], [-115.499401896002, 36.1605182590013], [-115.499720896002, 36.1609482590013], [-115.499842896002, 36.1610532590013], [-115.499852896002, 36.1610592590013], [-115.499912896002, 36.1610972590013], [-115.500027896002, 36.1611522590013], [-115.500095897002, 36.1612322580013], [-115.500103896002, 36.1612412590013], [-115.500273896002, 36.1614072580013], [-115.500362897002, 36.1614862590013], [-115.500560896002, 36.1616322580013], [-115.500631897002, 36.1616752590013], [-115.500677896002, 36.1617102590013], [-115.500696897002, 36.1617242590013], [-115.500980897002, 36.1618982590013], [-115.501063896002, 36.1619232600013], [-115.501103896002, 36.1619392590013], [-115.501179897002, 36.1619772580013], [-115.501251896002, 36.1620192590013], [-115.501345896002, 36.1620962590013], [-115.501470897002, 36.1622442590013], [-115.501528897002, 36.1622982590013], [-115.501766897002, 36.1623982590013], [-115.502070897002, 36.1625482590013], [-115.502215897002, 36.1626322580013], [-115.502317896002, 36.1627012590013], [-115.502390896002, 36.1627432590013], [-115.502456896002, 36.1627922590013], [-115.502562897002, 36.1628582580013], [-115.502599897002, 36.1628752590013], [-115.502853897002, 36.1630242580013], [-115.502893897002, 36.1630382590013], [-115.502982897002, 36.1630462590013], [-115.503068897002, 36.1630632590013], [-115.503293897002, 36.1631552590013], [-115.503515898002, 36.1632752590013], [-115.503597897002, 36.1633042590013], [-115.503723898002, 36.1633392590013], [-115.503945897002, 36.1633642590013], [-115.504124897002, 36.1633662590013], [-115.504135897002, 36.1633642580013], [-115.504255897002, 36.1633432580013], [-115.504568897002, 36.1633452590013], [-115.504700897002, 36.1633622590013], [-115.504831898002, 36.1633852590013], [-115.504965897002, 36.1633962590013], [-115.505100897002, 36.1633922590013], [-115.505189898002, 36.1633952590013], [-115.505233897002, 36.1634012590013], [-115.505480897002, 36.1634862590013], [-115.505519897002, 36.1635032590013], [-115.505665898002, 36.1635862580013], [-115.505853897002, 36.1637382590013], [-115.505953898002, 36.1638092580013], [-115.506137898002, 36.1639102590013], [-115.506233897002, 36.1639852590013], [-115.506284898002, 36.1640432590013], [-115.506302898002, 36.1640752580012], [-115.506351897002, 36.1641332590013], [-115.506389897002, 36.1641972580013], [-115.506437898002, 36.1643022590013], [-115.506543898002, 36.1645292590013], [-115.506643898002, 36.1646882590013], [-115.506710899002, 36.1647802580013], [-115.506741898002, 36.1648052590013], [-115.506762898002, 36.1648372580013], [-115.506832898002, 36.1649682590013], [-115.506874898002, 36.1650652590013], [-115.506932898002, 36.1652292590013], [-115.506912898002, 36.1652982580013], [-115.506909898002, 36.1653332590013], [-115.506919897002, 36.1653672590013], [-115.506982898002, 36.1655002590013], [-115.506986898002, 36.1655122590013], [-115.507136899002, 36.1654262590013], [-115.507471898002, 36.1657882590013], [-115.507608898002, 36.1657482590013], [-115.507625898002, 36.1657172590013], [-115.507911898002, 36.1655052590013], [-115.508052898002, 36.1653472590013], [-115.508582898002, 36.1648062590013], [-115.509223898002, 36.1641512580013], [-115.509845898002, 36.1634722580013], [-115.510819898002, 36.1628922590013], [-115.511266898002, 36.1624362580013], [-115.512272899002, 36.1618212580013], [-115.512729899002, 36.1614482580013], [-115.513083899002, 36.1610312580013], [-115.513097899002, 36.1610312580013], [-115.514658899002, 36.1612372580013], [-115.514906899002, 36.1613842580013], [-115.515259899002, 36.1615942580013], [-115.516151899002, 36.1607932580013], [-115.517843899002, 36.1601292580013], [-115.519235899002, 36.1593552570013], [-115.519532899002, 36.1591182570013], [-115.519650900002, 36.1587752570013], [-115.519472899002, 36.1585442570013], [-115.519577899002, 36.1579942570013], [-115.519877900002, 36.1574772570013], [-115.519859900002, 36.1572752570013], [-115.519574900002, 36.1570592570013], [-115.519603899002, 36.1565282570013], [-115.520097900002, 36.1557562570013], [-115.520526899002, 36.1553912570013], [-115.521842900002, 36.1550182570013], [-115.522831900002, 36.1540912560013], [-115.522864900002, 36.1537782560013], [-115.522867900002, 36.1537652570013], [-115.523066900002, 36.1532642560013], [-115.523408899002, 36.1523942560013], [-115.523477900002, 36.1519932560013], [-115.523774899002, 36.1511892550013], [-115.523749899002, 36.1503302550013], [-115.523913899002, 36.1501652560013], [-115.523922900002, 36.1497342560013], [-115.524130900002, 36.1494982560013], [-115.524280900002, 36.1480742560013], [-115.524294899002, 36.1468962560013], [-115.524383899002, 36.1465952560013], [-115.524593900002, 36.1463612550013], [-115.525360899002, 36.1461152550013], [-115.525692900002, 36.1459432550013], [-115.526117899002, 36.1455702550013], [-115.526961900002, 36.1452052550013], [-115.527302900002, 36.1448712550013], [-115.527297900002, 36.1443782550013], [-115.527009899002, 36.1437712550013], [-115.526839899002, 36.1431102550013], [-115.527099899002, 36.1429282550013], [-115.527494899002, 36.1429592550013], [-115.527653899002, 36.1427552550013], [-115.528247899002, 36.1425022550013], [-115.528284899002, 36.1423382540012], [-115.528107900002, 36.1421942550013], [-115.528110899002, 36.1419252550013], [-115.528327899002, 36.1418482550013], [-115.528632899002, 36.1420552550013], [-115.528926900002, 36.1419902550013], [-115.529469900002, 36.1417302540013], [-115.529698899002, 36.1413902540013], [-115.529717900002, 36.1411332550013], [-115.530066900002, 36.1408292540013], [-115.530066900002, 36.1405512550013], [-115.529782899002, 36.1402802550013], [-115.529961899002, 36.1399392540013], [-115.530063900002, 36.1396602550012], [-115.530095900002, 36.1390642540013], [-115.530507900002, 36.1382882540013], [-115.530816899002, 36.1379472540013], [-115.530844899002, 36.1376762550013], [-115.530365900002, 36.1374332540013], [-115.530299899002, 36.1371162550013], [-115.530481899002, 36.1367652540013], [-115.530974900002, 36.1363962550013], [-115.530990900002, 36.1359122540013], [-115.530453899002, 36.1356102540013], [-115.530333899002, 36.1350122540013], [-115.530083900002, 36.1348582540013], [-115.529975900002, 36.1345772540013], [-115.530067899002, 36.1344122540013], [-115.530555899002, 36.1342562540013], [-115.530751900002, 36.1340532540013], [-115.530977899002, 36.1340022540013], [-115.531135900002, 36.1337892540013], [-115.531194899002, 36.1330742540013], [-115.531297899002, 36.1326992540013], [-115.531303899002, 36.1317192530013], [-115.531443900002, 36.1314692530013], [-115.532231899002, 36.1311522530013], [-115.532519899002, 36.1305522530013], [-115.532728899002, 36.1303932530013], [-115.533378900002, 36.1301882530013], [-115.534227900002, 36.1297882530013], [-115.536190900002, 36.1291422530013], [-115.536661900002, 36.1296512530013], [-115.538136900002, 36.1292812520013], [-115.540058900002, 36.1284732530013], [-115.540395900002, 36.1287902530013], [-115.540740901002, 36.1288772520013], [-115.540964900002, 36.1288672520013], [-115.541187900002, 36.1288502520013], [-115.541512900002, 36.1288612520013], [-115.541790900002, 36.1289382530013], [-115.541966901002, 36.1289492530013], [-115.542176900002, 36.1289002530013], [-115.542386901002, 36.1288172520013], [-115.542576900002, 36.1286692530013], [-115.542637901002, 36.1286092520013], [-115.542887900002, 36.1284932520013], [-115.543165901002, 36.1284662520013], [-115.543307901002, 36.1284332530013], [-115.543456901002, 36.1284442520013], [-115.543571902002, 36.1284772520013], [-115.543978901002, 36.1284492520013], [-115.544046900002, 36.1284552520013], [-115.544079902002, 36.1284822520013], [-115.544147901002, 36.1285872520013], [-115.544174901002, 36.1286642520013], [-115.544391902002, 36.1287412520013], [-115.544608901002, 36.1287962530013], [-115.544872901002, 36.1287742520013], [-115.545150901002, 36.1287192520013], [-115.545298902002, 36.1286752530013], [-115.545488902002, 36.1286532530013], [-115.545820901002, 36.1285652530013], [-115.546010901002, 36.1284282520013], [-115.546416902002, 36.1282192520013], [-115.546606902002, 36.1280052530013], [-115.546606902002, 36.1279442520013], [-115.546741902002, 36.1278342520013], [-115.546870901002, 36.1276752520013], [-115.547134902002, 36.1276202520013], [-115.547283902002, 36.1275602520013], [-115.547500901002, 36.1275932510013], [-115.547812902002, 36.1274832520013], [-115.547934902002, 36.1274552520013], [-115.548090901002, 36.1273732520013], [-115.548211902002, 36.1272362520013], [-115.548374902002, 36.1269442510013], [-115.548428902002, 36.1268732520013], [-115.548503902002, 36.1266152510013], [-115.548625901002, 36.1264882520013], [-115.548774902002, 36.1263782510013], [-115.548977902002, 36.1263682510013], [-115.549072902002, 36.1263242520013], [-115.549133903002, 36.1262692510013], [-115.549234901002, 36.1260212520013], [-115.549261902002, 36.1258892520013], [-115.549248902002, 36.1257302520013], [-115.549180902002, 36.1255652520013], [-115.549187902002, 36.1253952520013], [-115.549255901002, 36.1252412510013], [-115.549411902002, 36.1251202510013], [-115.549444902002, 36.1250432510013], [-115.549431902002, 36.1250102520013], [-115.549424901002, 36.1249722520013], [-115.549427902002, 36.1249012510013], [-115.549455901002, 36.1247742510013], [-115.549536902002, 36.1245652510013], [-115.549577902002, 36.1244892510013], [-115.549644901002, 36.1244062510013], [-115.549942902002, 36.1241752510013], [-115.550064902002, 36.1240982510013], [-115.550105902002, 36.1240662520013], [-115.550240901002, 36.1239782520013], [-115.550322902002, 36.1239342510013], [-115.550389901002, 36.1238902510013], [-115.550484902002, 36.1238462510013], [-115.550566902002, 36.1237912510013], [-115.550620902002, 36.1237472510013], [-115.550755903002, 36.1236152520013], [-115.550809902002, 36.1235052510013], [-115.550864902002, 36.1234172510013], [-115.550959902002, 36.1232412510012], [-115.551013901002, 36.1231532510013], [-115.551067902002, 36.1230772510013], [-115.551135902002, 36.1230222520013], [-115.551338902002, 36.1229122510013], [-115.551683902002, 36.1227472510013], [-115.551975903002, 36.1226482510013], [-115.552049902002, 36.1225932510013], [-115.552306902002, 36.1224942510013], [-115.552415901002, 36.1224502510013], [-115.552713903002, 36.1222692510013], [-115.552889902002, 36.1221812510013], [-115.552997902002, 36.1221372510013], [-115.553174903002, 36.1220492510013], [-115.553295902002, 36.1219942510013], [-115.553458902002, 36.1219282510013], [-115.553539903002, 36.1218852500013], [-115.553661903002, 36.1217862520013], [-115.553715902002, 36.1217362510013], [-115.553851902002, 36.1215442510013], [-115.553891902002, 36.1214892510013], [-115.553932902002, 36.1214562500013], [-115.553973902002, 36.1214012510013], [-115.554162902002, 36.1212912510013], [-115.554284903002, 36.1212692500013], [-115.554406903002, 36.1212692510013], [-115.554609902002, 36.1212912500013], [-115.554718902002, 36.1213242510013], [-115.554948903002, 36.1214122500013], [-115.555124903002, 36.1215112510013], [-115.555192902002, 36.1215442510013], [-115.555246903002, 36.1215772510013], [-115.555341902002, 36.1215932500013], [-115.555395902002, 36.1216102510013], [-115.555503903002, 36.1216042510013], [-115.555639902002, 36.1216152510013], [-115.555991903002, 36.1215942500013], [-115.556235903002, 36.1215612510013], [-115.556452903002, 36.1215282510013], [-115.556682903002, 36.1214292510013], [-115.556872902002, 36.1213742510013], [-115.556980903002, 36.1213302510013], [-115.557237902002, 36.1212422510013], [-115.557346902002, 36.1211982500013], [-115.557481903002, 36.1211212500013], [-115.557738903002, 36.1210002500013], [-115.557911904002, 36.1209102500013], [-115.558156903002, 36.1203792500012], [-115.558389904002, 36.1203882510013], [-115.558932903002, 36.1204912510013], [-115.559306903002, 36.1205472510013], [-115.559549904002, 36.1205932510013], [-115.559886904002, 36.1205932500013], [-115.560663904002, 36.1203412510013], [-115.561252903002, 36.1202382500013], [-115.562132904002, 36.1199482500013], [-115.562413904002, 36.1198642500013], [-115.562720904002, 36.1196952500013], [-115.563274903002, 36.1193962500013], [-115.564022905002, 36.1190782500013], [-115.564546904002, 36.1186942510013], [-115.565837904002, 36.1180482490013], [-115.566857905002, 36.1173752500013], [-115.567419904002, 36.1171132500013], [-115.567653905002, 36.1170002500013], [-115.567877905002, 36.1169442490013], [-115.568158904002, 36.1168692500013], [-115.569983905002, 36.1170752500013], [-115.569964905002, 36.1171592490013], [-115.569749905002, 36.1174122490013], [-115.569692905002, 36.1181232490013], [-115.569580904002, 36.1184882490013], [-115.569515904002, 36.1189192500013], [-115.569571904002, 36.1190212490013], [-115.569599904002, 36.1190122500013], [-115.569692904002, 36.1189562500013], [-115.569880905002, 36.1186382500013], [-115.570413905002, 36.1177682490013], [-115.570535905002, 36.1176552490013], [-115.571012904002, 36.1174492500013], [-115.571105906002, 36.1174312490013], [-115.571405905002, 36.1175342490013], [-115.572178905002, 36.1176372490013], [-115.572473905002, 36.1176622490013], [-115.572448905002, 36.1178072500013], [-115.572417905002, 36.1180122490013], [-115.572213905002, 36.1190622500013], [-115.572166905002, 36.1192572490013], [-115.572091905002, 36.1195442500013], [-115.571834905002, 36.1201502500013], [-115.571654906002, 36.1205282500013], [-115.571584905002, 36.1207742500013], [-115.571537905002, 36.1210252500013], [-115.571421906002, 36.1222132490012], [-115.571374906002, 36.1228082500013], [-115.571294906002, 36.1234702500013], [-115.571287906002, 36.1236982500013], [-115.571321906002, 36.1238862510013], [-115.571346905002, 36.1240852500013], [-115.571467905002, 36.1241872500013], [-115.571630906002, 36.1243142510013], [-115.571725905002, 36.1244072500013], [-115.571792906002, 36.1244902500013], [-115.571826906002, 36.1245452500013], [-115.571840906002, 36.1246052500013], [-115.571847906002, 36.1246872510013], [-115.571874906002, 36.1248302500013], [-115.571941905002, 36.1249242510013], [-115.571965906002, 36.1249722500013], [-115.572155905002, 36.1252032500013], [-115.572229906002, 36.1253682500013], [-115.572236906002, 36.1254452500013], [-115.572229906002, 36.1254782490012], [-115.572243906002, 36.1256702490013], [-115.572263905002, 36.1258132510013], [-115.572392907002, 36.1260882510013], [-115.572433907002, 36.1262302500013], [-115.572439907002, 36.1263842500013], [-115.572419906002, 36.1264452500013], [-115.572419906002, 36.1264892500013], [-115.572358906002, 36.1265712500013], [-115.572202907002, 36.1267082510013], [-115.572169906002, 36.1268512500013], [-115.572311907002, 36.1274062510013], [-115.572338906002, 36.1277092500013], [-115.572264906002, 36.1281872500013], [-115.572011906002, 36.1287182510013], [-115.571978906002, 36.1289282500013], [-115.571926907002, 36.1291522500013], [-115.571829906002, 36.1295262510013], [-115.571664906002, 36.1307302510013], [-115.571647906002, 36.1310052510013], [-115.571590907002, 36.1319872510013], [-115.571499907002, 36.1330222510013], [-115.570999907002, 36.1355182520013], [-115.570497907002, 36.1386292520013], [-115.570301907002, 36.1403472520013], [-115.570473908002, 36.1413172530013], [-115.570714908002, 36.1425282530013], [-115.570685907002, 36.1432582530013], [-115.570670907002, 36.1444002520013], [-115.570685908002, 36.1451612520013], [-115.570678908002, 36.1455372530013], [-115.570681908002, 36.1458982530013], [-115.570686907002, 36.1462952530013], [-115.570724907002, 36.1471682530013], [-115.570791908002, 36.1480272530013], [-115.570918908002, 36.1490642530013], [-115.571025907002, 36.1497232530013], [-115.571164908002, 36.1500512530013], [-115.571521908002, 36.1504702530013], [-115.571819908002, 36.1508582530013], [-115.571950908002, 36.1511812530013], [-115.571996908002, 36.1514772530013], [-115.572031908002, 36.1519372530013], [-115.572032908002, 36.1522412530013], [-115.572029909002, 36.1525172540013], [-115.572006908002, 36.1527732530013], [-115.571942909002, 36.1530262540013], [-115.571721909002, 36.1538502540013], [-115.571517909002, 36.1544392540013], [-115.571395909002, 36.1547622540013], [-115.571313908002, 36.1549772540013], [-115.571257908002, 36.1551702540013], [-115.571227909002, 36.1553002530013], [-115.571222908002, 36.1554392530013], [-115.571220908002, 36.1555002540013], [-115.571245908002, 36.1555932540013], [-115.571854909002, 36.1568482530013], [-115.572325909002, 36.1574552540013], [-115.572472909002, 36.1578912540013], [-115.572510909002, 36.1583412540013], [-115.572538910002, 36.1586582540013], [-115.572863909002, 36.1597622530013], [-115.573505910002, 36.1613332540013], [-115.573620910002, 36.1613682540013], [-115.573971911002, 36.1622432540013], [-115.574439910002, 36.1629072540013], [-115.574836910002, 36.1634692550013], [-115.575532910002, 36.1641772550013], [-115.575751911002, 36.1642552540013], [-115.575812911002, 36.1642772540013], [-115.576036911002, 36.1644692540013], [-115.576260910002, 36.1647052550013], [-115.576269911002, 36.1647132540013], [-115.576436910002, 36.1648762540013], [-115.576477911002, 36.1649032550013], [-115.576946911002, 36.1653252540013], [-115.576978912002, 36.1653542540013], [-115.577209911002, 36.1655242540013], [-115.577371910002, 36.1657112540013], [-115.577487910002, 36.1657662540013], [-115.577674910002, 36.1658042550013], [-115.577686911002, 36.1658162540013], [-115.577889910002, 36.1657702540013], [-115.577962912002, 36.1657702550013], [-115.578011911002, 36.1657842540013], [-115.578072911002, 36.1658252540013], [-115.578157911002, 36.1659002540013], [-115.578337911002, 36.1661442540013], [-115.578438911002, 36.1663082540013], [-115.578531911002, 36.1663942550013], [-115.578650911002, 36.1664632550013], [-115.578778911002, 36.1664902540013], [-115.578900912002, 36.1664702550013], [-115.579110911002, 36.1664352550013], [-115.579295912002, 36.1664232540013], [-115.579717911002, 36.1664232540013], [-115.579964911002, 36.1664702540013], [-115.580123911002, 36.1665162540012], [-115.580588911002, 36.1665512540013], [-115.580737911002, 36.1665772550013], [-115.580853912002, 36.1666092540013], [-115.581013911002, 36.1666182540013], [-115.581818911002, 36.1665942550013], [-115.581995912002, 36.1665982540013], [-115.582157912002, 36.1666012540013], [-115.582268912002, 36.1666242540013], [-115.582332911002, 36.1666412540013], [-115.582500912002, 36.1667082540013], [-115.582620913002, 36.1667232530013], [-115.583006912002, 36.1666932540013], [-115.583368912002, 36.1667522550013], [-115.583619911002, 36.1667752540013], [-115.583715912002, 36.1667722540013], [-115.583869912002, 36.1667262540013], [-115.583956912002, 36.1666972540013], [-115.584116912002, 36.1666652540013], [-115.584229912002, 36.1666622540013], [-115.584305912002, 36.1666742540013], [-115.584548913002, 36.1667422540013], [-115.584687912002, 36.1667932540012], [-115.584834913002, 36.1668252540013], [-115.584944912002, 36.1668302540013], [-115.585066912002, 36.1668152540012], [-115.585226912002, 36.1668042550013], [-115.585389912002, 36.1668202540013], [-115.585599913002, 36.1668512540013], [-115.585897912002, 36.1668652540013], [-115.586074912002, 36.1668652540013], [-115.586290913002, 36.1668262550013], [-115.586432912002, 36.1668392540012], [-115.586555912002, 36.1669012540013], [-115.586716912002, 36.1669732540012], [-115.586847912002, 36.1669932540013], [-115.586989913002, 36.1669902550013], [-115.587224913002, 36.1669452540013], [-115.587375912002, 36.1669152540013], [-115.587515913002, 36.1669292540013], [-115.587921913002, 36.1669732540013], [-115.588474913002, 36.1671122540013], [-115.588910913002, 36.1672262540013], [-115.589137913002, 36.1672582540013], [-115.589279913002, 36.1672582540013], [-115.589442914002, 36.1672232540013], [-115.589567913002, 36.1671822540013], [-115.589694913002, 36.1671682540013], [-115.589767913002, 36.1671762540012], [-115.589845913002, 36.1671942530013], [-115.590062914002, 36.1672592540013], [-115.590339913002, 36.1672752540013], [-115.590490913002, 36.1672692540013], [-115.590624913002, 36.1672522540013], [-115.590708913002, 36.1672172540013], [-115.590735914002, 36.1671852530013], [-115.590740914002, 36.1671442540013], [-115.590695913002, 36.1670702540013], [-115.590644913002, 36.1670082540013], [-115.590636914002, 36.1669702540012], [-115.590676913002, 36.1669312540013], [-115.590761914002, 36.1669002540013], [-115.590862913002, 36.1668952540013], [-115.591034913002, 36.1669092530013], [-115.591223914002, 36.1669582530013], [-115.591471914002, 36.1670422530013], [-115.591595914002, 36.1670432530013], [-115.591676913002, 36.1670222540013], [-115.591911914002, 36.1669182540013], [-115.592058913002, 36.1668682530013], [-115.592167914002, 36.1668342540013], [-115.592440914002, 36.1667722530013], [-115.592652913002, 36.1667322540013], [-115.592751914002, 36.1667322540013], [-115.592966913002, 36.1667462530013], [-115.593137914002, 36.1667702530013], [-115.593329914002, 36.1668102530013], [-115.593567913002, 36.1668802530013], [-115.593683914002, 36.1669092540013], [-115.593759914002, 36.1669092530013], [-115.593846914002, 36.1668772530013], [-115.593936914002, 36.1668452540013], [-115.594032914002, 36.1668362540012], [-115.594253913002, 36.1668342540013], [-115.594395914002, 36.1668162530013], [-115.594467914002, 36.1667902530013], [-115.594574915002, 36.1667252530013], [-115.594732914002, 36.1666272540013], [-115.594799914002, 36.1666072530013], [-115.594840914002, 36.1666042540013], [-115.594878914002, 36.1666302540012], [-115.594901914002, 36.1666592530013], [-115.594915914002, 36.1667292530013], [-115.594912914002, 36.1668632530013], [-115.594936914002, 36.1669292530013], [-115.594971914002, 36.1669672540013], [-115.595017914002, 36.1669962530013], [-115.595363914002, 36.1670722540013], [-115.595578914002, 36.1671562530012], [-115.595813915002, 36.1672262540013], [-115.596019914002, 36.1672552540013], [-115.596200914002, 36.1672492530013], [-115.596359914002, 36.1672322540013], [-115.596554914002, 36.1672022540013], [-115.596702915002, 36.1671912530013], [-115.596804914002, 36.1671972540013], [-115.596882915002, 36.1672172530013], [-115.597025914002, 36.1672932530013], [-115.597327915002, 36.1674792540013], [-115.597659915002, 36.1676262530013], [-115.597823914002, 36.1676442530013], [-115.597976915002, 36.1676412530013], [-115.598073915002, 36.1676272530013], [-115.598252915002, 36.1675942530013], [-115.598418915002, 36.1675212530013], [-115.598558914002, 36.1674742530013], [-115.598651915002, 36.1674612530013], [-115.598754916002, 36.1674742530013], [-115.598914916002, 36.1675012530013], [-115.599040915002, 36.1675042530013], [-115.599130915002, 36.1674812540013], [-115.599306915002, 36.1674012530013], [-115.599406915002, 36.1673752530013], [-115.599525915002, 36.1673812530013], [-115.599712914002, 36.1673812530013], [-115.599828914002, 36.1673512530013], [-115.599994915002, 36.1673052530013], [-115.600147915002, 36.1672782530013], [-115.600240914002, 36.1672782530013], [-115.600317915002, 36.1672952530013], [-115.600413915002, 36.1673452540013], [-115.600510915002, 36.1674152530013], [-115.600589916002, 36.1674312530013], [-115.600633915002, 36.1674182540013], [-115.600669915002, 36.1673712530013], [-115.600696914002, 36.1673152530012], [-115.600792915002, 36.1672452530012], [-115.600948916002, 36.1671822530013], [-115.601031916002, 36.1671522530013], [-115.601091915002, 36.1671492520013], [-115.601158916002, 36.1671782540013], [-115.601244915002, 36.1672352530013], [-115.601387916002, 36.1672822530013], [-115.601530915002, 36.1673052530013], [-115.601637915002, 36.1672982520013], [-115.601700915002, 36.1672552530013], [-115.601730915002, 36.1671952530013], [-115.601753916002, 36.1670892530013], [-115.601789916002, 36.1670122530013], [-115.601849915002, 36.1669592530013], [-115.601986915002, 36.1668992530013], [-115.602185915002, 36.1668392530013], [-115.602311915002, 36.1668192530012], [-115.602471915002, 36.1668262530013], [-115.602577915002, 36.1668432540013], [-115.602760916002, 36.1668792530013], [-115.602970916002, 36.1669462520013], [-115.603156915002, 36.1669992520013], [-115.603362917002, 36.1670492530013], [-115.603535916002, 36.1671192530013], [-115.603664916002, 36.1671952530013], [-115.603831916002, 36.1673452530013], [-115.603980915002, 36.1674482530013], [-115.604077916002, 36.1674842530013], [-115.604269916002, 36.1675412530013], [-115.604419916002, 36.1675672520013], [-115.604479916002, 36.1675672530013], [-115.604509915002, 36.1675442520013], [-115.604519916002, 36.1674982530013], [-115.604522916002, 36.1674312520013], [-115.604489916002, 36.1673312530013], [-115.604416915002, 36.1671822530013], [-115.604396916002, 36.1670852540013], [-115.604396915002, 36.1670452530012], [-115.604439916002, 36.1670022530013], [-115.604486916002, 36.1669862530013], [-115.604542916002, 36.1669992530013], [-115.604672916002, 36.1671052530013], [-115.604788916002, 36.1671722530013], [-115.604868915002, 36.1672452530013], [-115.604921916002, 36.1672682530013], [-115.604974916002, 36.1672582530013], [-115.605001916002, 36.1672182530013], [-115.604998916002, 36.1671252530013], [-115.604968916002, 36.1669892520013], [-115.604998917002, 36.1669062530012], [-115.605071916002, 36.1668432520012], [-115.605121916002, 36.1667202530013], [-115.605170916002, 36.1666372530012], [-115.605227916002, 36.1665532530013], [-115.605450916002, 36.1663812530013], [-115.605573917002, 36.1662642530013], [-115.605686916002, 36.1661312530013], [-115.605785916002, 36.1660582520013], [-115.605862915002, 36.1660152530013], [-115.605932916002, 36.1660052530013], [-115.605982916002, 36.1660082530013], [-115.606055916002, 36.1660452520013], [-115.606168916002, 36.1661482520013], [-115.606351916002, 36.1663472530012], [-115.606523916002, 36.1665702520013], [-115.606627917002, 36.1666702530013], [-115.606683915002, 36.1667062520013], [-115.606760915002, 36.1667162530013], [-115.606809916002, 36.1667032530013], [-115.606859916002, 36.1666602530013], [-115.606912916002, 36.1665702530013], [-115.607019916002, 36.1664502530013], [-115.607102916002, 36.1663872530013], [-115.607215916002, 36.1663512530013], [-115.607305916002, 36.1663342530013], [-115.607428916002, 36.1663172530013], [-115.607544916002, 36.1662782530013], [-115.607650916002, 36.1662312530013], [-115.607797916002, 36.1661452530013], [-115.607883917002, 36.1661082520013], [-115.607960917002, 36.1661052530013], [-115.608056916002, 36.1661312530013], [-115.608183916002, 36.1661812530013], [-115.608204916002, 36.1660562530013], [-115.608212917002, 36.1660112530013], [-115.608327916002, 36.1658792530013], [-115.608422917002, 36.1658072520013], [-115.608619916002, 36.1657082530013], [-115.608693917002, 36.1656532530013], [-115.608842917002, 36.1656392530013], [-115.608921916002, 36.1656312530013], [-115.609154916002, 36.1656092530013], [-115.609211917002, 36.1655872520013], [-115.609384916002, 36.1655212520013], [-115.609689917002, 36.1655542520013], [-115.609792917002, 36.1655092520013], [-115.609933916002, 36.1654502520012], [-115.610197917002, 36.1653012520013], [-115.610313917002, 36.1652852520013], [-115.610502917002, 36.1652902520013], [-115.610597917002, 36.1653012530013], [-115.610733917002, 36.1652682520013], [-115.610949917002, 36.1651422520013], [-115.611099917002, 36.1651102520012], [-115.611187916002, 36.1650922520013], [-115.611489917002, 36.1649762520013], [-115.611532917002, 36.1649602520013], [-115.611776917002, 36.1647622510013], [-115.612013917002, 36.1647022520013], [-115.612155917002, 36.1646792520013], [-115.612284917002, 36.1646082520013], [-115.612420917002, 36.1645642520013], [-115.612593916002, 36.1645462520013], [-115.612636917002, 36.1645422510013], [-115.612678917002, 36.1645422520013], [-115.612785918002, 36.1645042520013], [-115.612899917002, 36.1645022520013], [-115.613135917002, 36.1644732520013], [-115.613795917002, 36.1643972510013], [-115.613890916002, 36.1643982520013], [-115.614043917002, 36.1644032520013], [-115.614149917002, 36.1643882520013], [-115.614350917002, 36.1643262520013], [-115.614649917002, 36.1642642530013], [-115.614817917002, 36.1642402520013], [-115.615028917002, 36.1642212510013], [-115.615133917002, 36.1642272520013], [-115.615300917002, 36.1642612520013], [-115.615384918002, 36.1643022520013], [-115.615442918002, 36.1643302510013], [-115.615559917002, 36.1643882530012], [-115.615623918002, 36.1644482520013], [-115.615688917002, 36.1644762520013], [-115.615755917002, 36.1644872520013], [-115.615833917002, 36.1644822520012], [-115.615914917002, 36.1644642510013], [-115.615983918002, 36.1644402520013], [-115.616233918002, 36.1642852520013], [-115.616879918002, 36.1638122520013], [-115.617324917002, 36.1634842520013], [-115.617554917002, 36.1633202520013], [-115.617691918002, 36.1632312510013], [-115.617866918002, 36.1631432510013], [-115.618007918002, 36.1630872520013], [-115.618124918002, 36.1630422510013], [-115.618228918002, 36.1630192510013], [-115.618282918002, 36.1629782520013], [-115.618320918002, 36.1629152510013], [-115.618334917002, 36.1628722520013], [-115.618339918002, 36.1627942510013], [-115.618372918002, 36.1627252510013], [-115.618459918002, 36.1626242510013], [-115.618565917002, 36.1625172510013], [-115.618933918002, 36.1622532510013], [-115.619024918002, 36.1622202520013], [-115.619150918002, 36.1622092520013], [-115.619324918002, 36.1621882510012], [-115.619664919002, 36.1621082510013], [-115.619794919002, 36.1620862510013], [-115.619957918002, 36.1620972510013], [-115.620173918002, 36.1621482510013], [-115.620259918002, 36.1620822520013], [-115.620347918002, 36.1620052510013], [-115.620584918002, 36.1618952510013], [-115.620834919002, 36.1618952520013], [-115.621066918002, 36.1619952510013], [-115.621099919002, 36.1620102520013], [-115.621329919002, 36.1619992510013], [-115.621485919002, 36.1621092510013], [-115.621668919002, 36.1622852510013], [-115.622061918002, 36.1623672510013], [-115.622543918002, 36.1625592510013], [-115.622583918002, 36.1625702510012], [-115.622854918002, 36.1626302510013], [-115.623159919002, 36.1626302510013], [-115.623647919002, 36.1625922510013], [-115.623932918002, 36.1625092510013], [-115.624081919002, 36.1624492510013], [-115.624223919002, 36.1624482510013], [-115.624555919002, 36.1623112520013], [-115.624758919002, 36.1622782510013], [-115.625083919002, 36.1623002510013], [-115.625639919002, 36.1622332510012], [-115.625859919002, 36.1621602520013], [-115.625897920002, 36.1621642510013], [-115.626187919002, 36.1621982510013], [-115.626308919002, 36.1622292520013], [-115.626377919002, 36.1622522510013], [-115.626621920002, 36.1623702510013], [-115.626705919002, 36.1624002510013], [-115.626797919002, 36.1624012510013], [-115.626911920002, 36.1624202510013], [-115.626980920002, 36.1624412510013], [-115.627056919002, 36.1624762500013], [-115.627148920002, 36.1625042510013], [-115.627262919002, 36.1624972510013], [-115.627499920002, 36.1624992500013], [-115.627527920002, 36.1624982510013], [-115.627704919002, 36.1624932500013], [-115.627797920002, 36.1625032510013], [-115.627941919002, 36.1625492510013], [-115.628025919002, 36.1625572510013], [-115.628057919002, 36.1625552510013], [-115.628101920002, 36.1625532510013], [-115.628300919002, 36.1625312510013], [-115.628467920002, 36.1624812510013], [-115.628536920002, 36.1624502510013], [-115.628636919002, 36.1624362510012], [-115.628720920002, 36.1624462510013], [-115.628895920002, 36.1624882510013], [-115.629025919002, 36.1624922510013], [-115.629117919002, 36.1624842510013], [-115.629330921002, 36.1624552510013], [-115.629551920002, 36.1624662510013], [-115.629646920002, 36.1624852510013], [-115.629872920002, 36.1625312510013], [-115.630131921002, 36.1626292500013], [-115.630157920002, 36.1626462510013], [-115.630245920002, 36.1627062510013], [-115.630407920002, 36.1628442500013], [-115.630697920002, 36.1627212500013], [-115.630874920002, 36.1626292500013], [-115.630969920002, 36.1625962510013], [-115.631091920002, 36.1625812510013], [-115.631249920002, 36.1625402510013], [-115.631389920002, 36.1624742500013], [-115.631569920002, 36.1623492510013], [-115.631797920002, 36.1621612510013], [-115.631992920002, 36.1619852510013], [-115.632231920002, 36.1617202510013], [-115.632349921002, 36.1616212510013], [-115.632474921002, 36.1615622510013], [-115.632570920002, 36.1615432510013], [-115.632651920002, 36.1615432510013], [-115.632808921002, 36.1615942510013], [-115.632916921002, 36.1616242500013], [-115.632996920002, 36.1616592500013], [-115.633088921002, 36.1616952500013], [-115.633185920002, 36.1616592500013], [-115.633229920002, 36.1616292500013], [-115.633412920002, 36.1615172510013], [-115.633572920002, 36.1613472510013], [-115.633717920002, 36.1612142500013], [-115.633877921002, 36.1611282500013], [-115.633961920002, 36.1610972500013], [-115.634075921002, 36.1610852510013], [-115.634259920002, 36.1610852500013], [-115.634762921002, 36.1611222510013], [-115.634991921002, 36.1611332500013], [-115.635258921002, 36.1611342500013], [-115.635456921002, 36.1610802500013], [-115.635632921002, 36.1610422500013], [-115.635770921002, 36.1609942500013], [-115.635838920002, 36.1609152500013], [-115.636006921002, 36.1607912500013], [-115.636151920002, 36.1607032500013], [-115.636246921002, 36.1606672500013], [-115.636288921002, 36.1606282500013], [-115.636342922002, 36.1605852500013], [-115.636395922002, 36.1605502500013], [-115.636456921002, 36.1605192500013], [-115.636585920002, 36.1605092500013], [-115.636669921002, 36.1605132500013], [-115.636738921002, 36.1605252500013], [-115.636837921002, 36.1606432500013], [-115.636922922002, 36.1607142500013], [-115.637059920002, 36.1607492500013], [-115.637249922002, 36.1607602490013], [-115.637448921002, 36.1607492490012], [-115.637746921002, 36.1607482500013], [-115.638020921002, 36.1607562500013], [-115.638119921002, 36.1607232500013], [-115.638196921002, 36.1606812500013], [-115.638287921002, 36.1606462500013], [-115.638447921002, 36.1606342490013], [-115.638516922002, 36.1606462500013], [-115.638600922002, 36.1606702500013], [-115.638646921002, 36.1607002500013], [-115.638722922002, 36.1607182500013], [-115.638776921002, 36.1607372500013], [-115.638806921002, 36.1607262500013], [-115.638898921002, 36.1607112500013], [-115.639119921002, 36.1605972500013], [-115.639210921002, 36.1605622500013], [-115.639279922002, 36.1605472500013], [-115.639371922002, 36.1605592500013], [-115.639447922002, 36.1605782500013], [-115.639668921002, 36.1607182490013], [-115.639859922002, 36.1608212500012], [-115.640042922002, 36.1609592500013], [-115.640095921002, 36.1610092500013], [-115.640523921002, 36.1611942500013], [-115.640637922002, 36.1612562490013], [-115.640797922002, 36.1613752500013], [-115.640851921002, 36.1614342500013], [-115.640912922002, 36.1614912500013], [-115.640996922002, 36.1615262500013], [-115.641087922002, 36.1615432490012], [-115.641187922002, 36.1615462500013], [-115.641270922002, 36.1615432490013], [-115.641370922002, 36.1615262500013], [-115.641576922002, 36.1615192500012], [-115.641667922002, 36.1615432490013], [-115.641767922002, 36.1615642490013], [-115.641972922002, 36.1615642490013], [-115.642041922002, 36.1615452490013], [-115.642102922002, 36.1615412500012], [-115.642278922002, 36.1614732500012], [-115.642423922002, 36.1614432500013], [-115.642552922002, 36.1614472500013], [-115.642712923002, 36.1614802490013], [-115.642789923002, 36.1615242500013], [-115.642972922002, 36.1615462500013], [-115.643056923002, 36.1615382500013], [-115.643101922002, 36.1615302500013], [-115.643239922002, 36.1615382500013], [-115.643376922002, 36.1615852500013], [-115.643521922002, 36.1616522500013], [-115.643659922002, 36.1616872500013], [-115.643765922002, 36.1617062500013], [-115.644307923002, 36.1617062500013], [-115.644406922002, 36.1617092500013], [-115.644505922002, 36.1617512500013], [-115.644665923002, 36.1618022500013], [-115.644902923002, 36.1619202490013], [-115.645116923002, 36.1619882490013], [-115.645299922002, 36.1620532500013], [-115.645406922002, 36.1620772500013], [-115.645596922002, 36.1621102500013], [-115.645672923002, 36.1621182490013], [-115.645726923002, 36.1621032500013], [-115.645750923002, 36.1620932500013], [-115.645802922002, 36.1620722500013], [-115.645909923002, 36.1620572490013], [-115.646016923002, 36.1620112500013], [-115.646146923002, 36.1619772490013], [-115.646412923002, 36.1619552490013], [-115.646459924002, 36.1619352500013], [-115.646573923002, 36.1618622500013], [-115.646657923002, 36.1617982490013], [-115.647031923002, 36.1616602490013], [-115.647442923002, 36.1615812500013], [-115.647839924002, 36.1615232490012], [-115.648045924002, 36.1615072490013], [-115.648267923002, 36.1615122500013], [-115.648381924002, 36.1615352490013], [-115.648496923002, 36.1615802490013], [-115.648816923002, 36.1617252490012], [-115.648976923002, 36.1617902490013], [-115.649030923002, 36.1617522490013], [-115.649121924002, 36.1617382500013], [-115.649228923002, 36.1617302490013], [-115.649350924002, 36.1617672500012], [-115.649480924002, 36.1617982500013], [-115.649556924002, 36.1618462500013], [-115.649648923002, 36.1619532500013], [-115.649739924002, 36.1620152490013], [-115.649846923002, 36.1620732500013], [-115.650007924002, 36.1621782490013], [-115.650136923002, 36.1622942490013], [-115.650243924002, 36.1624082500013], [-115.650342924002, 36.1625382500013], [-115.650517924002, 36.1627042500013], [-115.650707925002, 36.1628772500013], [-115.650746924002, 36.1629122490013], [-115.650838924002, 36.1629582500013], [-115.650892924002, 36.1629952490013], [-115.650907924002, 36.1630542500013], [-115.650968925002, 36.1631452490013], [-115.651006924002, 36.1633572490013], [-115.651052924002, 36.1635782500013], [-115.651097925002, 36.1637592490013], [-115.651151924002, 36.1639112500013], [-115.651189925002, 36.1640372500013], [-115.651250925002, 36.1640942490013], [-115.651411924002, 36.1641822500013], [-115.651967924002, 36.1644292500013], [-115.652066924002, 36.1644822500013], [-115.652226924002, 36.1645832490013], [-115.652463923002, 36.1647072500013], [-115.652647924002, 36.1647952500013], [-115.652753924002, 36.1648412490013], [-115.653012925002, 36.1649072500013], [-115.653111925002, 36.1649182490013], [-115.653318924002, 36.1649112500013], [-115.653448925002, 36.1649262500013], [-115.653646924002, 36.1649712490013], [-115.653737924002, 36.1650062500012], [-115.653867924002, 36.1650662490013], [-115.653943924002, 36.1651122500013], [-115.654050924002, 36.1651422500013], [-115.654188925002, 36.1652052490013], [-115.654279925002, 36.1652242500013], [-115.654546925002, 36.1652332490013], [-115.654996925002, 36.1651842490013], [-115.655202925002, 36.1651822490013], [-115.655530925002, 36.1652152490012], [-115.655820925002, 36.1652342490013], [-115.656127925002, 36.1652312490013], [-115.656156925002, 36.1652312500013], [-115.656278925002, 36.1652152490013], [-115.656408925002, 36.1651892490013], [-115.656537925002, 36.1651432500013], [-115.656659925002, 36.1650792500013], [-115.656828925002, 36.1649982500013], [-115.656980925002, 36.1649342500013], [-115.657278926002, 36.1648492490013], [-115.657659926002, 36.1647572490013], [-115.657926925002, 36.1646652490013], [-115.658063926002, 36.1645852490013], [-115.658162925002, 36.1645172490012], [-115.658483926002, 36.1642162490013], [-115.658689926002, 36.1639792490013], [-115.658857926002, 36.1637962490012], [-115.659047925002, 36.1635482490013], [-115.659299925002, 36.1632092490013], [-115.659544925002, 36.1629612500013], [-115.659597926002, 36.1628762490013], [-115.659773925002, 36.1626982490013], [-115.660200926002, 36.1623742490013], [-115.660436926002, 36.1622142490013], [-115.660573925002, 36.1621522480013], [-115.660848925002, 36.1620452490013], [-115.661191925002, 36.1619382490013], [-115.661443925002, 36.1618512490013], [-115.661702926002, 36.1617892490013], [-115.661893925002, 36.1617662490013], [-115.662008925002, 36.1617582480013], [-115.662252926002, 36.1617682480013], [-115.662497926002, 36.1618312490013], [-115.662847926002, 36.1619462490012], [-115.663076926002, 36.1620342490013], [-115.663147926002, 36.1620562480013], [-115.663503926002, 36.1621672480013], [-115.663793926002, 36.1622362480013], [-115.664007926002, 36.1622632480013], [-115.664160926002, 36.1622622480013], [-115.664312926002, 36.1622332480013], [-115.664503926002, 36.1621632480013], [-115.664899926002, 36.1619532490013], [-115.665441927002, 36.1617902480013], [-115.665907926002, 36.1617092490013], [-115.666647926002, 36.1615492480013], [-115.667310927002, 36.1614612480013], [-115.667883927002, 36.1613552480013], [-115.668233927002, 36.1612782490013], [-115.668440926002, 36.1612262480013], [-115.668577926002, 36.1611712480013], [-115.668737927002, 36.1610922480013], [-115.668958926002, 36.1609482480013], [-115.669119927002, 36.1608102470013], [-115.669287927002, 36.1606292480013], [-115.669432927002, 36.1604352480013], [-115.669569927002, 36.1602332480013], [-115.669714927002, 36.1600552480012], [-115.669813927002, 36.1599432480013], [-115.670263927002, 36.1595652480013], [-115.670568927002, 36.1593572480013], [-115.671186927002, 36.1589672480013], [-115.671324928002, 36.1588712480013], [-115.671392927002, 36.1587952480013], [-115.671461927002, 36.1587532480013], [-115.671712926002, 36.1583982480013], [-115.671903927002, 36.1581592480013], [-115.672064927002, 36.1578992480013], [-115.672262927002, 36.1576692480013], [-115.672529927002, 36.1573842480013], [-115.672758927002, 36.1570552480013], [-115.672971927002, 36.1567082470013], [-115.673078927002, 36.1565992470013], [-115.673261927002, 36.1564272470013], [-115.673612927002, 36.1561452470012], [-115.673749928002, 36.1560452470013], [-115.673849927002, 36.1559602470013], [-115.673910927002, 36.1558422470013], [-115.673986928002, 36.1556222470013], [-115.674147927002, 36.1554052470013], [-115.674306927002, 36.1552672470013], [-115.674574927002, 36.1550692470013], [-115.674719928002, 36.1549242470013], [-115.674932928002, 36.1546612470013], [-115.675077927002, 36.1545232470013], [-115.675367928002, 36.1543662470012], [-115.675512927002, 36.1542522470013], [-115.675687927002, 36.1540992470013], [-115.675771928002, 36.1539782470013], [-115.675879927002, 36.1538712470013], [-115.676001928002, 36.1537262460013], [-115.676092927002, 36.1535802470013], [-115.676290927002, 36.1532992470013], [-115.676367927002, 36.1531982470013], [-115.676656928002, 36.1529782470013], [-115.676977927002, 36.1527832470013], [-115.677267928002, 36.1525482460013], [-115.677420927002, 36.1523722460013], [-115.677427928002, 36.1523652470013], [-115.677541927002, 36.1522042460013], [-115.677618928002, 36.1521052470013], [-115.677686927002, 36.1519212470013], [-115.677686927002, 36.1518002470012], [-115.677740927002, 36.1515362460013], [-115.677793927002, 36.1513912470013], [-115.677839927002, 36.1512492460013], [-115.677961928002, 36.1510252460013], [-115.678358928002, 36.1505402470013], [-115.678617928002, 36.1502732470013], [-115.678762928002, 36.1501482460013], [-115.678854928002, 36.1500912470013], [-115.678937927002, 36.1500642460013], [-115.679082927002, 36.1500442460013], [-115.679357928002, 36.1499612460013], [-115.679678928002, 36.1498112460013], [-115.680486928002, 36.1493492460013], [-115.680631929002, 36.1492702460013], [-115.680777928002, 36.1491452460013], [-115.680853928002, 36.1490672460013], [-115.681097927002, 36.1486862460013], [-115.681226928002, 36.1484692460013], [-115.681379928002, 36.1481712450013], [-115.681432928002, 36.1480792460013], [-115.681501928002, 36.1479762460013], [-115.681593928002, 36.1478942450013], [-115.681661927002, 36.1478272450013], [-115.681768928002, 36.1477832460013], [-115.681898929002, 36.1477512460013], [-115.682043928002, 36.1477212450013], [-115.682180929002, 36.1476842460013], [-115.682394927002, 36.1476642460012], [-115.683019928002, 36.1476422460012], [-115.683462929002, 36.1475922460013], [-115.683798928002, 36.1475192460013], [-115.683920928002, 36.1475122460013], [-115.684042929002, 36.1475202460013], [-115.684263928002, 36.1475492460013], [-115.684500929002, 36.1475652460013], [-115.685347929002, 36.1476722450013], [-115.685484928002, 36.1476642450013], [-115.685595929002, 36.1476642450013], [-115.685637928002, 36.1476642450013], [-115.685789929002, 36.1476342450013], [-115.685987928002, 36.1475732460013], [-115.686193929002, 36.1474892450013], [-115.686537930002, 36.1473692460013], [-115.686682929002, 36.1473212450013], [-115.686819929002, 36.1472932450013], [-115.686972929002, 36.1472522450013], [-115.687093929002, 36.1472402450013], [-115.687300929002, 36.1472512450013], [-115.687513929002, 36.1472832450013], [-115.687658929002, 36.1473392450013], [-115.687872929002, 36.1474382450013], [-115.688093928002, 36.1475262450013], [-115.688261930002, 36.1476132450013], [-115.688498929002, 36.1476752450013], [-115.688688929002, 36.1476792450013], [-115.688871929002, 36.1476882450013], [-115.689077929002, 36.1476882460013], [-115.689337930002, 36.1476792450013], [-115.689627929002, 36.1476372450013], [-115.689939929002, 36.1475982440013], [-115.690108929002, 36.1475412450013], [-115.690229929002, 36.1474822440013], [-115.690352930002, 36.1474432450013], [-115.690680930002, 36.1473902440013], [-115.690863930002, 36.1473672450013], [-115.691374930002, 36.1473142450013], [-115.691771930002, 36.1473362450013], [-115.692099930002, 36.1473782450012], [-115.692534930002, 36.1474012450013], [-115.692908930002, 36.1474012450012], [-115.693327929002, 36.1473962450013], [-115.693648930002, 36.1473772450013], [-115.694434930002, 36.1472532450013], [-115.694861930002, 36.1472212450012], [-115.695158930002, 36.1472182440013], [-115.695624930002, 36.1472522440013], [-115.695967931002, 36.1472632450013], [-115.696173931002, 36.1472452440013], [-115.696471931002, 36.1471872450013], [-115.696631930002, 36.1471232450013], [-115.697073931002, 36.1469162450013], [-115.697524931002, 36.1466192450013], [-115.697829931002, 36.1463702450013], [-115.698294931002, 36.1461232440013], [-115.698360930002, 36.1461002450013], [-115.698889930002, 36.1459172440013], [-115.699111931002, 36.1458522440013], [-115.699393931002, 36.1458032440013], [-115.699683931002, 36.1457862450013], [-115.699806930002, 36.1456822450013], [-115.700778931002, 36.1453522450013], [-115.701763931002, 36.1449672440013], [-115.702405931002, 36.1447472440012], [-115.702891931002, 36.1446192440013], [-115.703157932002, 36.1446132440012], [-115.703949932002, 36.1443722440013], [-115.704337931002, 36.1442872440012], [-115.704554932002, 36.1442192440013], [-115.704781932002, 36.1441412430013], [-115.705043931002, 36.1440522440013], [-115.705462933002, 36.1439692440013], [-115.705869932002, 36.1439092440013], [-115.706366932002, 36.1438682430013], [-115.706780932002, 36.1438332430013], [-115.707153933002, 36.1438022440013], [-115.707509932002, 36.1438072430013], [-115.707831932002, 36.1438502440013], [-115.708072932002, 36.1438822430013], [-115.708348933002, 36.1438822430013], [-115.708595933002, 36.1439022440013], [-115.708825933002, 36.1438582440013], [-115.709511932002, 36.1437262430013], [-115.709987933002, 36.1436682430013], [-115.710636932002, 36.1436452430013], [-115.711841932002, 36.1436172430013], [-115.712184932002, 36.1436092440013], [-115.712515933002, 36.1436152440013], [-115.712950934002, 36.1436682430013], [-115.713414933002, 36.1437582430013], [-115.713907933002, 36.1438932430013], [-115.714270933002, 36.1439922430013], [-115.714612934002, 36.1440632430013], [-115.714898933002, 36.1440862430013], [-115.715342933002, 36.1440962430013], [-115.716314934002, 36.1440852430013], [-115.716729934002, 36.1440542420013], [-115.717021934002, 36.1440092430013], [-115.717259934002, 36.1439222430013], [-115.717586934002, 36.1438022430013], [-115.717877934002, 36.1437212420013], [-115.718206934002, 36.1436902430013], [-115.718956934002, 36.1436622430013], [-115.719437934002, 36.1436732430013], [-115.720119934002, 36.1437492430013], [-115.720599935002, 36.1438112430013], [-115.720836934002, 36.1438992430013], [-115.721101935002, 36.1440892430013], [-115.721270934002, 36.1442102420013], [-115.721488935002, 36.1442802430012], [-115.721624935002, 36.1443522430013], [-115.721705935002, 36.1444352420013], [-115.721814934002, 36.1445752430013], [-115.721848935002, 36.1447112430013], [-115.721916935002, 36.1448912430013], [-115.722093935002, 36.1452332430013], [-115.722278935002, 36.1456202440013], [-115.722329936002, 36.1457632430013], [-115.722440934002, 36.1458482430013], [-115.722544935002, 36.1458782430013], [-115.722673935002, 36.1458632430013], [-115.722819935002, 36.1458142430013], [-115.722931935002, 36.1457942430013], [-115.723094936002, 36.1457792430013], [-115.723668935002, 36.1457262430013], [-115.724214936002, 36.1456262430013], [-115.725033935002, 36.1454412430013], [-115.725689936002, 36.1452772430013], [-115.725836936002, 36.1452312420013], [-115.725970936002, 36.1452142430013], [-115.726138936002, 36.1452312430013], [-115.726571935002, 36.1453112430013], [-115.727955936002, 36.1456702430013], [-115.728129935002, 36.1457452420012], [-115.728203936002, 36.1457872430013], [-115.728273936002, 36.1458722430013], [-115.728254936002, 36.1459412430013], [-115.728228936002, 36.1460622430013], [-115.728148936002, 36.1462192420012], [-115.728110936002, 36.1463082420013], [-115.728107936002, 36.1464092420013], [-115.728090936002, 36.1468442430013], [-115.728113936002, 36.1470342430013], [-115.728143936002, 36.1471192430013], [-115.728210936002, 36.1472072430012], [-115.728487937002, 36.1476072430013], [-115.728532936002, 36.1475862430013], [-115.729156937002, 36.1472682420013], [-115.729630936002, 36.1470082430013], [-115.729949937002, 36.1468112430013], [-115.730557936002, 36.1464372430013], [-115.731015937002, 36.1461712420013], [-115.731717937002, 36.1458152420012], [-115.732431937002, 36.1455052420013], [-115.733703937002, 36.1450392430013], [-115.734474937002, 36.1447212420013], [-115.736015937002, 36.1440872420013], [-115.736105937002, 36.1440502410013], [-115.737484937002, 36.1435102420013], [-115.738072938002, 36.1433062420013], [-115.738656938002, 36.1431382410013], [-115.739247937002, 36.1429442420013], [-115.739875938002, 36.1427072420012], [-115.741252938002, 36.1421462410012], [-115.741680938002, 36.1419912410013], [-115.742092938002, 36.1418442410013], [-115.742953939002, 36.1415132410013], [-115.743770939002, 36.1412412410013], [-115.744784938002, 36.1408622400013], [-115.744820939002, 36.1408492410013], [-115.746880938002, 36.1401732400013], [-115.749532940002, 36.1392522400013], [-115.750245940002, 36.1390202400012], [-115.750502939002, 36.1389252400013], [-115.751261940002, 36.1386152400012], [-115.752447939002, 36.1381812400013], [-115.753714939002, 36.1376942400013], [-115.755692940002, 36.1369632390013], [-115.756601941002, 36.1366482400013], [-115.758611941002, 36.1359502390013], [-115.758753941002, 36.1358952390013], [-115.758839941002, 36.1358622390013], [-115.759414941002, 36.1356112390013], [-115.759871940002, 36.1354392390013], [-115.760196941002, 36.1352662400013], [-115.760314941002, 36.1351792390013], [-115.760419941002, 36.1350802390013], [-115.760947941002, 36.1344562400013], [-115.761678941002, 36.1335502390013], [-115.761972941002, 36.1332462390013], [-115.762178941002, 36.1330952390013], [-115.762421941002, 36.1329552390013], [-115.762527941002, 36.1328942390013], [-115.762980941002, 36.1326852390013], [-115.763553942002, 36.1324602390013], [-115.765685941002, 36.1316222380013], [-115.766001942002, 36.1314672390013], [-115.766026941002, 36.1314542380013], [-115.766363942002, 36.1312582390012], [-115.766750942002, 36.1310552380013], [-115.766871942002, 36.1309812390013], [-115.767092942002, 36.1308132380013], [-115.768219942002, 36.1298232380012], [-115.769068941002, 36.1291252380012], [-115.769350942002, 36.1289222380013], [-115.769456941002, 36.1288662390013], [-115.769975942002, 36.1286382380013], [-115.770746942002, 36.1283652380013], [-115.771569942002, 36.1281022380013], [-115.773609942002, 36.1275072380013], [-115.774319943002, 36.1272702370013], [-115.774797943002, 36.1271312370013], [-115.775523943002, 36.1269502370013], [-115.777341943002, 36.1265702370013], [-115.777965943002, 36.1264242370013], [-115.778615943002, 36.1262492370012], [-115.779732944002, 36.1259042370013], [-115.780203944002, 36.1257272370012], [-115.780934944002, 36.1254302360013], [-115.781331944002, 36.1252852360012], [-115.781819944002, 36.1251302360013], [-115.782189945002, 36.1250332360013], [-115.782328943002, 36.1250152360012], [-115.782500944002, 36.1250142370013], [-115.782542945002, 36.1250172370013], [-115.783453944002, 36.1250862360013], [-115.783886944002, 36.1251052360013], [-115.784187944002, 36.1250932370013], [-115.784497945002, 36.1250642360013], [-115.785096944002, 36.1250382370013], [-115.785955945002, 36.1250252370013], [-115.786461944002, 36.1250262360013], [-115.787029945002, 36.1250272370013], [-115.788589944002, 36.1249842360013], [-115.789379945002, 36.1249452360012], [-115.790497946002, 36.1248372360013], [-115.792361945002, 36.1247422360013], [-115.793410946002, 36.1247162360013], [-115.795175946002, 36.1245882360013], [-115.796118946002, 36.1245442350013], [-115.796846946002, 36.1245452360013], [-115.797698947002, 36.1245782360013], [-115.798923947002, 36.1246442360013], [-115.799451947002, 36.1246442360013], [-115.799754947002, 36.1246172350013], [-115.800010947002, 36.1245632350013], [-115.800388947002, 36.1244512360012], [-115.800548948002, 36.1243952360013], [-115.800826947002, 36.1242972360013], [-115.801094947002, 36.1242172350013], [-115.801456947002, 36.1241292360013], [-115.801889947002, 36.1240702360013], [-115.802725947002, 36.1240112360013], [-115.804617948002, 36.1238302350013], [-115.805547947002, 36.1237722360013], [-115.807201949002, 36.1236992360013], [-115.809583949002, 36.1235662350013], [-115.810768950002, 36.1235162340013], [-115.812496950002, 36.1234592350013], [-115.813585949002, 36.1234072350013], [-115.814891949002, 36.1232952340013], [-115.815165950002, 36.1232582350013], [-115.815884950002, 36.1231172350013], [-115.816318950002, 36.1230532340013], [-115.816870950002, 36.1230042350013], [-115.817107949002, 36.1230012340013], [-115.817422950002, 36.1230132340012], [-115.817666950002, 36.1230292340013], [-115.817965951002, 36.1230502340013], [-115.819376951002, 36.1231792340013], [-115.820035951002, 36.1232222340013], [-115.820474950002, 36.1232342340013], [-115.821061950002, 36.1232172340012], [-115.821606951002, 36.1231772350013], [-115.822106951002, 36.1231172330013], [-115.822844951002, 36.1230062340013], [-115.823756952002, 36.1228422340013], [-115.824352951002, 36.1227712340013], [-115.825065951002, 36.1227082340013], [-115.827147951002, 36.1225582330013], [-115.828128953002, 36.1225012330013], [-115.829089952002, 36.1224152340013], [-115.829369952002, 36.1224012330013], [-115.829738953002, 36.1224042330013], [-115.830081952002, 36.1224332330013], [-115.831883952002, 36.1227302340013], [-115.832395952002, 36.1228002340013], [-115.834807953002, 36.1229652330013], [-115.835709953002, 36.1229942330013], [-115.836351953002, 36.1229922340013], [-115.836898953002, 36.1229722340012], [-115.837716954002, 36.1229002330013], [-115.839094954002, 36.1227132330013], [-115.839766954002, 36.1225972330013], [-115.840262954002, 36.1225122320013], [-115.840957954002, 36.1224042320013], [-115.841539954002, 36.1223142320013], [-115.842128955002, 36.1222782330013], [-115.843589955002, 36.1222442330013], [-115.844469955002, 36.1221822320013], [-115.845814955002, 36.1220532330012], [-115.845789955002, 36.1236512320013], [-115.845794955002, 36.1275872330013], [-115.845758956002, 36.1390562340013], [-115.845734957002, 36.1464292350013], [-115.845679959002, 36.1642292370013], [-115.845704959002, 36.1654392370013], [-115.845721959002, 36.1661182370012], [-115.845773960002, 36.1707692380013], [-115.850854960002, 36.1707672380013], [-115.854808961002, 36.1708932370012], [-115.895764969002, 36.1722322350013], [-115.895763969002, 36.1727572350013], [-115.895763969002, 36.1727992350013], [-115.895762968002, 36.1728552350013], [-115.895759970002, 36.1740472350013], [-115.895754969002, 36.1760162350013], [-115.895752969002, 36.1765882350013], [-115.895749969002, 36.1778622350013], [-115.895743969002, 36.1801972360012], [-115.895743969002, 36.1803832360013], [-115.895729970002, 36.1855152360013], [-115.895718971002, 36.1897912370013], [-115.895706971002, 36.1942562380012], [-115.895697972002, 36.1983502380013], [-115.895695972002, 36.1983772370013], [-115.895694972002, 36.1987532380013], [-115.895687972002, 36.2014232380013], [-115.895684972002, 36.2022712380013], [-115.895683972002, 36.2027942380012], [-115.895678972002, 36.2055722380013], [-115.895672972002, 36.2069162380013], [-115.895654973002, 36.2134872390013], [-115.895650973002, 36.2149462390012], [-115.895645973002, 36.2165502390013], [-115.895640973002, 36.2181532400013], [-115.895640973002, 36.2182752400012], [-115.895633974002, 36.2209622410013], [-115.895625974002, 36.2238222410013], [-115.895617975002, 36.2267952400013], [-115.895611975002, 36.2291792410013], [-115.895608974002, 36.2304592410013], [-115.895607974002, 36.2306022420012], [-115.895607975002, 36.2307442410013], [-115.895607975002, 36.2310192410013], [-115.895606975002, 36.2312952420013], [-115.895604975002, 36.2318642410013], [-115.895603974002, 36.2320362420013], [-115.895602974002, 36.2324212420013], [-115.895600975002, 36.2333072410013], [-115.895600975002, 36.2334972420013], [-115.895598975002, 36.2341652420013], [-115.895598976002, 36.2343152420013], [-115.895575976002, 36.2418412420013], [-115.895564975002, 36.2459382420013], [-115.895566976002, 36.2459852440013], [-115.895563976002, 36.2461112440013], [-115.895563976002, 36.2461882430013], [-115.895557976002, 36.2486092430012], [-115.895548977002, 36.2521932440013], [-115.895536977002, 36.2567452450013], [-115.895525977002, 36.2609572450012], [-115.895525978002, 36.2609952450013], [-115.895525977002, 36.2611222450012], [-115.895524977002, 36.2613872450013], [-115.895519977002, 36.2633212460013], [-115.895518977002, 36.2637092460013], [-115.895509979002, 36.2672182450012], [-115.895506977002, 36.2682862460013], [-115.895503978002, 36.2702582460013], [-115.895503979002, 36.2704152460012], [-115.895493980002, 36.2742012470013], [-115.895485979002, 36.2773832470013], [-115.895485979002, 36.2774482470013], [-115.895479979002, 36.2797132470013], [-115.895480980002, 36.2812072470013], [-115.895458980002, 36.2884152480013], [-115.895457980002, 36.2888862480012], [-115.895432980002, 36.2972072490013], [-115.895430981002, 36.2977942490013], [-115.895422982002, 36.3006182500013], [-115.895408982002, 36.3053492490013], [-115.895380983002, 36.3148322510013], [-115.895370983002, 36.3181562510013], [-115.895363983002, 36.3202182510012], [-115.895361984002, 36.3209752510013], [-115.895361983002, 36.3210752510012], [-115.895330985002, 36.3325822530013], [-115.895319984002, 36.3366772530013], [-115.895318984002, 36.3370902530013], [-115.895307985002, 36.3411632530013], [-115.895305985002, 36.3419642540013], [-115.895304986002, 36.3422862540013], [-115.895253987002, 36.3593852560013], [-115.895249987002, 36.3607532560013], [-115.895225988002, 36.3689502570012], [-115.895215989002, 36.3721922570012], [-115.895214988002, 36.3724932580013], [-115.895178990002, 36.3835372590013], [-115.895177989002, 36.3860262590013], [-115.895167991002, 36.3933852600013], [-115.895165991002, 36.3939352590012], [-115.895157991002, 36.3971282600013], [-115.895139992002, 36.4043382600012], [-115.895138992002, 36.4046412610013], [-115.895132992002, 36.4061012610013], [-115.895118993002, 36.4112522620013], [-115.895093993002, 36.4210752630012], [-115.895090993002, 36.4224762630013], [-115.895113993002, 36.4285592640013], [-115.895116994002, 36.4293022640013], [-115.895225997002, 36.4620322670013], [-115.895228998002, 36.4628202670012], [-115.895336001002, 36.4904602710013], [-115.895336000002, 36.4905432700013], [-115.895336000002, 36.4906342710012], [-115.895337000002, 36.4908452700013], [-115.895338000002, 36.4911482710013], [-115.895370001002, 36.4999632720013], [-115.895376002002, 36.5021772720013], [-115.895381001002, 36.5044742720012], [-115.895389002002, 36.5056232720012], [-115.895395002002, 36.5073232720013], [-115.895401002002, 36.5083002730012], [-115.895403002002, 36.5146742730012], [-115.895403002002, 36.5149062730013], [-115.895392004002, 36.5321182750013], [-115.895392004002, 36.5321832760013], [-115.895391005002, 36.5373832760013], [-115.895389006002, 36.5415022760013], [-115.895384008002, 36.5683292790013], [-115.895380010002, 36.5796232800013], [-115.895383009002, 36.5797482810012], [-115.895380009002, 36.5798512810013], [-115.895380009002, 36.5799012810013], [-115.895380009002, 36.5800012810013], [-115.895380009002, 36.5801212810013], [-115.895380009002, 36.5801462810012], [-115.895380009002, 36.5801732800013], [-115.895380009002, 36.5802912800013], [-115.895379009002, 36.5806732810012], [-115.895379010002, 36.5809622810012], [-115.895378009002, 36.5813642810013], [-115.895378009002, 36.5817232810013], [-115.895362012002, 36.5966542820012], [-115.895361012002, 36.5981632830013], [-115.895359014002, 36.6249772860013], [-115.895358014002, 36.6278492860013], [-115.895439016002, 36.6422582870013], [-115.895493017002, 36.6567352890013], [-115.895549018002, 36.6625792900012], [-115.895549018002, 36.6626852900013], [-115.895693019002, 36.6776642910012], [-115.895693019002, 36.6777672910013], [-115.895712019002, 36.6797352910012], [-115.895748020002, 36.6835442920013], [-115.895751020002, 36.6838582930013], [-115.895753020002, 36.6840382930013], [-115.895771020002, 36.6858722920012], [-115.895795022002, 36.7003032930013], [-115.895992024002, 36.7147802950012], [-115.896000024002, 36.7157622960013], [-115.896003023002, 36.7162472960013], [-115.896037024002, 36.7207222960013], [-115.896041023002, 36.7211022970013], [-115.896041023002, 36.7213162960013], [-115.896125025002, 36.7320152980013], [-115.896154025002, 36.7358472970013], [-115.896177026002, 36.7424192980013], [-115.896179026002, 36.7431282980012], [-115.896258026002, 36.7527273000012], [-115.896265027002, 36.7535353000013], [-115.896265029002, 36.7709713010012], [-115.896267029002, 36.7724003020013], [-115.896266030002, 36.7836433030013], [-115.896287030002, 36.7851343040013], [-115.896412031002, 36.7940093040012], [-115.896426031002, 36.7953973040012], [-115.896518032002, 36.8049903050012], [-115.896527033002, 36.8058993060013], [-115.896551034002, 36.8083783060013], [-115.896553033002, 36.8086793050012], [-115.896619034002, 36.8152673070013], [-115.896627033002, 36.8166413070012], [-115.896628034002, 36.8168523070012], [-115.896628034002, 36.8168873070013], [-115.896628034002, 36.8169013070013], [-115.896631033002, 36.8174143070012], [-115.896666035002, 36.8234973080013], [-115.896674034002, 36.8247923080013], [-115.896677035002, 36.8250603080013], [-115.896682035002, 36.8259803070013], [-115.896705034002, 36.8301593080013], [-115.896760035002, 36.8343573090013], [-115.896785036002, 36.8363393090012], [-115.896937036002, 36.8420903090013], [-115.891603036002, 36.8420693100012], [-115.890390035002, 36.8420633100013], [-115.887440035002, 36.8420443100013], [-115.886017034002, 36.8420383110013], [-115.884415035002, 36.8420313100012], [-115.884334034002, 36.8420313110012], [-115.882774033002, 36.8420223110012], [-115.871814032002, 36.8420683110012], [-115.871701032002, 36.8420683120012], [-115.864618030002, 36.8420973120013], [-115.864130030002, 36.8420953110012], [-115.864035030002, 36.8420953110012], [-115.856616030002, 36.8420683120012], [-115.856368029002, 36.8420673120012], [-115.840206026002, 36.8421323140012], [-115.839247026002, 36.8420713140013], [-115.839193026002, 36.8420623130012], [-115.839176026002, 36.8420593130013], [-115.829151024002, 36.8421363140013], [-115.812230021002, 36.8420173150013], [-115.812193020002, 36.8420173150013], [-115.810640021002, 36.8420063150013], [-115.809449020002, 36.8420043160013], [-115.793137017002, 36.8419773160013], [-115.792878017002, 36.8419773170012], [-115.792650017002, 36.8419773170012], [-115.774545014002, 36.8419213180013], [-115.771285014002, 36.8419213180013], [-115.770971013002, 36.8419203180013], [-115.768902013002, 36.8419183180013], [-115.763442012002, 36.8419163180013], [-115.762987012002, 36.8419163180013], [-115.740760007002, 36.8419053200013], [-115.740799008002, 36.8460353210013], [-115.740801009002, 36.8463763210012], [-115.740858010002, 36.8530893210012], [-115.727998008002, 36.8531613220013], [-115.727334006002, 36.8531603230013], [-115.727082007002, 36.8531603220013], [-115.717033004002, 36.8531353230013], [-115.716669005002, 36.8531343230013], [-115.710205003002, 36.8531193240012], [-115.692127001002, 36.8532123250013], [-115.685552999002, 36.8532543250013], [-115.685535999002, 36.8532543260013], [-115.675410997002, 36.8533173260012], [-115.673990997002, 36.8533263260013], [-115.660765995002, 36.8533253270013], [-115.656169994002, 36.8533243270013], [-115.641519991002, 36.8533933270013], [-115.638492991002, 36.8534073280013], [-115.638017991002, 36.8534093280013], [-115.634688990002, 36.8533943280012], [-115.634632989002, 36.8533943280013], [-115.625821988002, 36.8533553290013], [-115.625381988002, 36.8533533290013], [-115.625220989002, 36.8533543290013], [-115.623543989002, 36.8533453290013], [-115.623452988002, 36.8533453300013], [-115.622917988002, 36.8533443290013], [-115.620011987002, 36.8533313290013], [-115.617361987002, 36.8533443290013], [-115.617308987002, 36.8533443290013], [-115.602559984002, 36.8534133300013], [-115.602428984002, 36.8534133310013], [-115.584509981002, 36.8534223310013], [-115.566488979002, 36.8534733330013], [-115.552537975002, 36.8534763340013], [-115.552162975002, 36.8534773340012], [-115.516750968002, 36.8534703360013], [-115.513623967002, 36.8534743370013], [-115.512579968002, 36.8534763360013], [-115.512481968002, 36.8534763360012], [-115.503900966002, 36.8534633370013], [-115.503735967002, 36.8534633370013], [-115.499557966002, 36.8534573370013], [-115.494517964002, 36.8534493380013], [-115.477856962002, 36.8535303390013], [-115.477174961002, 36.8535333390013], [-115.476752961002, 36.8535343380012], [-115.472156960002, 36.8535313390013], [-115.472047961002, 36.8535313390013], [-115.470094960002, 36.8535283390012], [-115.469913961002, 36.8535283400012], [-115.458473958002, 36.8535233400012], [-115.455726958002, 36.8535283400012], [-115.455556958002, 36.8535283400012], [-115.455275958002, 36.8535293400013], [-115.442206955002, 36.8535533410013], [-115.439127954002, 36.8535593420013], [-115.435592954002, 36.8535653410013], [-115.422602951002, 36.8535863420013], [-115.386274945002, 36.8535923450013], [-115.368708942002, 36.8536173460013], [-115.350915938002, 36.8535933470013], [-115.332836935002, 36.8536103480013], [-115.324040933002, 36.8536393500013], [-115.323742933002, 36.8536403490013], [-115.314758931002, 36.8536673490013]]]}, "properties": {"OBJECTID": 2, "DISTRICT": "B", "TRUSTEE": "Lydia Dominguez", "LABEL_1": "District B", "LABEL_2": "B - Lydia Dominguez", "Shape__Area": 133865429418.33789, "Shape__Length": 1930604.6710959794, "district_id": "B"}}, {"type": "Feature", "id": 3, "geometry": {"type": "Polygon", "coordinates": [[[-115.151012844002, 36.2728482940013], [-115.149971843002, 36.2728462940013], [-115.149585843002, 36.2728462940013], [-115.149297843002, 36.2728412940013], [-115.149010843002, 36.2728372950013], [-115.148804843002, 36.2728332940013], [-115.148598844002, 36.2728302940013], [-115.147339843002, 36.2728082940013], [-115.146080842002, 36.2727862940013], [-115.145065842002, 36.2727692950013], [-115.144050842002, 36.2727512950013], [-115.143657842002, 36.2727202950013], [-115.141246842002, 36.2726872950013], [-115.139534841002, 36.2726642950013], [-115.134927840002, 36.2725642950013], [-115.134909840002, 36.2716702950013], [-115.134905840002, 36.2714672950013], [-115.134901841002, 36.2712652950013], [-115.134889840002, 36.2703652940013], [-115.134885841002, 36.2700562940013], [-115.134869841002, 36.2689212950013], [-115.134869841002, 36.2688472950014], [-115.132640840002, 36.2688622950013], [-115.130397839002, 36.2688802950013], [-115.128558839002, 36.2688832950013], [-115.125915838002, 36.2689152960013], [-115.124206838002, 36.2689172950013], [-115.123676839002, 36.2689182950013], [-115.122995838002, 36.2689192950013], [-115.121569838002, 36.2689202950013], [-115.121481837002, 36.2689212950013], [-115.121130837002, 36.2689142950013], [-115.120781838002, 36.2689072960013], [-115.120057838002, 36.2688932960013], [-115.119860837002, 36.2688942950013], [-115.119359837002, 36.2688972960013], [-115.116924836002, 36.2689132960013], [-115.116955836002, 36.2645702960013], [-115.116956837002, 36.2645202950013], [-115.116968836002, 36.2628482960013], [-115.116977836002, 36.2616952950013], [-115.116978837002, 36.2615642950013], [-115.116992837002, 36.2601142940013], [-115.116996836002, 36.2596642950013], [-115.116997835002, 36.2596062950013], [-115.116998836002, 36.2594472940013], [-115.117014836002, 36.2577092940013], [-115.117015836002, 36.2576482940013], [-115.116991835002, 36.2559832940013], [-115.116987836002, 36.2557662940013], [-115.116967836002, 36.2543172950013], [-115.116977835002, 36.2535832930013], [-115.116981836002, 36.2533512930013], [-115.116992835002, 36.2522852940013], [-115.116991835002, 36.2515202940013], [-115.116991834002, 36.2513992930013], [-115.116990835002, 36.2513802940013], [-115.116980835002, 36.2506472940013], [-115.116966835002, 36.2497472930013], [-115.116963835002, 36.2495152940013], [-115.116958835002, 36.2491942940013], [-115.116926834002, 36.2470282930013], [-115.116919835002, 36.2469522930013], [-115.116892834002, 36.2455962930013], [-115.116865835002, 36.2442402930013], [-115.116865834002, 36.2442272930013], [-115.116827834002, 36.2417742920013], [-115.116819834002, 36.2405602920013], [-115.116803833002, 36.2398822930013], [-115.116800834002, 36.2397272930013], [-115.115994834002, 36.2397262920013], [-115.114803833002, 36.2397782930013], [-115.114027834002, 36.2398092920013], [-115.113281833002, 36.2398512920013], [-115.112037833002, 36.2399682930013], [-115.111880833002, 36.2399712930013], [-115.110739833002, 36.2399902930013], [-115.109352833002, 36.2400112940013], [-115.108473833002, 36.2400242930013], [-115.107144832002, 36.2400312930013], [-115.106863832002, 36.2400362930013], [-115.106526831002, 36.2400382930013], [-115.104390832002, 36.2400542940013], [-115.103147831002, 36.2400732930014], [-115.102265832002, 36.2401142940014], [-115.101735831002, 36.2401152940013], [-115.100913831002, 36.2401022930013], [-115.099810831002, 36.2401312930013], [-115.098464831002, 36.2401522940013], [-115.097285830002, 36.2401532940013], [-115.094869830002, 36.2401872940013], [-115.094017830002, 36.2402282930013], [-115.092341830002, 36.2402272940013], [-115.089203828002, 36.2402562940013], [-115.087019829002, 36.2402812950013], [-115.084330828002, 36.2403242940013], [-115.082445827002, 36.2403352940013], [-115.080009828002, 36.2403352950013], [-115.080010827002, 36.2402272950013], [-115.080017827002, 36.2399282950013], [-115.080021827002, 36.2397982950013], [-115.080028827002, 36.2394782940013], [-115.080032827002, 36.2393312950013], [-115.080039827002, 36.2387342940013], [-115.080042827002, 36.2385192940013], [-115.080044827002, 36.2383912950013], [-115.080047827002, 36.2382002950013], [-115.080049827002, 36.2380032950013], [-115.080059826002, 36.2374152950013], [-115.080063827002, 36.2372192940013], [-115.080077826002, 36.2366632940013], [-115.080085826002, 36.2363152950013], [-115.080091827002, 36.2361072940013], [-115.080095827002, 36.2359602940013], [-115.080098826002, 36.2358132940013], [-115.080118827002, 36.2349372940013], [-115.080134827002, 36.2342572940013], [-115.080149826002, 36.2336032940013], [-115.080170826002, 36.2327002940013], [-115.080168827002, 36.2324252930013], [-115.080163827002, 36.2316012940013], [-115.080162826002, 36.2313272940013], [-115.080160826002, 36.2310862930013], [-115.080154826002, 36.2303632930013], [-115.080153826002, 36.2301222930013], [-115.080154827002, 36.2299582930013], [-115.080157826002, 36.2297352930013], [-115.080159826002, 36.2294682940013], [-115.080161827002, 36.2293492940013], [-115.080161826002, 36.2293052940013], [-115.080156826002, 36.2291292930013], [-115.080141826002, 36.2286012940013], [-115.080137826002, 36.2284262930013], [-115.080140827002, 36.2280922930013], [-115.080145826002, 36.2278332940013], [-115.080155826002, 36.2274152940013], [-115.080134825002, 36.2268222930013], [-115.080132826002, 36.2261692930013], [-115.080132826002, 36.2260572940013], [-115.080131826002, 36.2256282930013], [-115.080124826002, 36.2255312930013], [-115.080120826002, 36.2254652930013], [-115.080118826002, 36.2253832930013], [-115.080116827002, 36.2251902930013], [-115.080115826002, 36.2247992930013], [-115.080115827002, 36.2246642930013], [-115.080114826002, 36.2227862930013], [-115.080105825002, 36.2222622920013], [-115.080104825002, 36.2221742920013], [-115.080105825002, 36.2214622930013], [-115.080094825002, 36.2208362920013], [-115.080093825002, 36.2207072920013], [-115.080086825002, 36.2184442920013], [-115.080084825002, 36.2176902920013], [-115.081010824002, 36.2176952920013], [-115.081273826002, 36.2176972920013], [-115.082874826002, 36.2176982920014], [-115.083790826002, 36.2176912920013], [-115.084476826002, 36.2176872920013], [-115.084717827002, 36.2176952920013], [-115.085639826002, 36.2176942920013], [-115.088405826002, 36.2176942920013], [-115.089328826002, 36.2176942910013], [-115.090148826002, 36.2176852920013], [-115.090951827002, 36.2176772920013], [-115.091569828002, 36.2176752910013], [-115.091855827002, 36.2176702920013], [-115.092396828002, 36.2176712910013], [-115.092608827002, 36.2176722910013], [-115.093333828002, 36.2176742920013], [-115.093429828002, 36.2176752910013], [-115.093549828002, 36.2176752910013], [-115.093909827002, 36.2176772910013], [-115.094030828002, 36.2176782910013], [-115.094258827002, 36.2176782910013], [-115.094505827002, 36.2176782910013], [-115.094945827002, 36.2176802910014], [-115.095063827002, 36.2176812920013], [-115.095174828002, 36.2176792910013], [-115.095400828002, 36.2176752910013], [-115.096081829002, 36.2176672910013], [-115.096308828002, 36.2176642910013], [-115.096760828002, 36.2176582910013], [-115.098119829002, 36.2176432910013], [-115.098372828002, 36.2176412910013], [-115.098572828002, 36.2176422910013], [-115.099559829002, 36.2176422910013], [-115.102523830002, 36.2176452900013], [-115.103511830002, 36.2176472900013], [-115.103579829002, 36.2176482900013], [-115.103783829002, 36.2176512910013], [-115.103851830002, 36.2176522910013], [-115.104240830002, 36.2176512910013], [-115.105371830002, 36.2176512910013], [-115.105408829002, 36.2176512910013], [-115.105798830002, 36.2176512900013], [-115.106060830002, 36.2176512900013], [-115.106848830002, 36.2176542900013], [-115.106928830002, 36.2176552900013], [-115.107111830002, 36.2176602910013], [-115.107191830002, 36.2176602910013], [-115.107433830002, 36.2176622900013], [-115.107514831002, 36.2176632900013], [-115.107829831002, 36.2176642910013], [-115.108159831002, 36.2176572910013], [-115.108626831002, 36.2176482910013], [-115.108667830002, 36.2176472900013], [-115.109983830002, 36.2176472910013], [-115.110436830002, 36.2176472910013], [-115.110577830002, 36.2176452900013], [-115.111003830002, 36.2176432900013], [-115.111145830002, 36.2176422910013], [-115.111182831002, 36.2176412900013], [-115.111295831002, 36.2176412900013], [-115.111333831002, 36.2176412900013], [-115.111431831002, 36.2176412900013], [-115.111662831002, 36.2176412900013], [-115.112650832002, 36.2176422900013], [-115.112980831002, 36.2176432890013], [-115.113113831002, 36.2176422910013], [-115.113512831002, 36.2176402900013], [-115.113646831002, 36.2176402900013], [-115.113825831002, 36.2176382900013], [-115.114363831002, 36.2176352900013], [-115.114543832002, 36.2176342900013], [-115.114720832002, 36.2176342900013], [-115.115254831002, 36.2176342900013], [-115.115432832002, 36.2176352900013], [-115.115541832002, 36.2176362900013], [-115.115869832002, 36.2176392900013], [-115.115979831002, 36.2176402900013], [-115.116045832002, 36.2176412900013], [-115.116243831002, 36.2176442900013], [-115.116310831002, 36.2176452900013], [-115.116402832002, 36.2176442900013], [-115.116681832002, 36.2176442900013], [-115.116774831002, 36.2176442900013], [-115.117513832002, 36.2176502900013], [-115.117597832002, 36.2176502900013], [-115.120069832002, 36.2176642900013], [-115.120556832002, 36.2176672890013], [-115.120893833002, 36.2176752900013], [-115.121106833002, 36.2176752900013], [-115.122162833002, 36.2176612900013], [-115.122406833002, 36.2176702890013], [-115.122513833002, 36.2176712900013], [-115.122913833002, 36.2176702890013], [-115.123190833002, 36.2176732900013], [-115.123300834002, 36.2176752890013], [-115.123319833002, 36.2176732890013], [-115.123924833002, 36.2176802890013], [-115.124014833002, 36.2176822890013], [-115.124157833002, 36.2176852890013], [-115.124566833002, 36.2176832890013], [-115.124781834002, 36.2176832900013], [-115.124874834002, 36.2176852890013], [-115.124894833002, 36.2176862890013], [-115.124958833002, 36.2176872900013], [-115.125022833002, 36.2176892890013], [-115.125168833002, 36.2174892890013], [-115.127111834002, 36.2148292890013], [-115.129199833002, 36.2119702880013], [-115.129265834002, 36.2118802880013], [-115.130524833002, 36.2101742880013], [-115.132353834002, 36.2076982880013], [-115.133580834002, 36.2060212870013], [-115.133563834002, 36.2057502870013], [-115.133530833002, 36.2052172870013], [-115.133524834002, 36.2048882870013], [-115.133531835002, 36.2048782880013], [-115.133705834002, 36.2046342870013], [-115.133709833002, 36.2049642870013], [-115.133718834002, 36.2052922870013], [-115.133734834002, 36.2055192870013], [-115.133753834002, 36.2057852880013], [-115.134291834002, 36.2050492870013], [-115.135544834002, 36.2033382870013], [-115.136281834002, 36.2023352870013], [-115.138494834002, 36.1993272860013], [-115.138626834002, 36.1991492870013], [-115.139229834002, 36.1983232860013], [-115.139547835002, 36.1978372870013], [-115.140349834002, 36.1966142860013], [-115.140482834002, 36.1963692860013], [-115.140632834002, 36.1960952850013], [-115.140753835002, 36.1958562860013], [-115.140962834002, 36.1952792860014], [-115.141010834002, 36.1950532850013], [-115.141090834002, 36.1946862860013], [-115.141186835002, 36.1941932860013], [-115.141203834002, 36.1934922850013], [-115.141213834002, 36.1925362850013], [-115.141223834002, 36.1916922850013], [-115.141534834002, 36.1913212850013], [-115.141729835002, 36.1910762860013], [-115.142083834002, 36.1906342850013], [-115.142542833002, 36.1900132850013], [-115.142907834002, 36.1894142850013], [-115.142937834002, 36.1893532850013], [-115.142949833002, 36.1893292850013], [-115.143054834002, 36.1891152840013], [-115.143067833002, 36.1890972850013], [-115.143158834002, 36.1889052850013], [-115.143238834002, 36.1887382850013], [-115.143394833002, 36.1883722850013], [-115.143342834002, 36.1883712840013], [-115.143189834002, 36.1883682850013], [-115.143139833002, 36.1883672850013], [-115.143092833002, 36.1883662850013], [-115.143064834002, 36.1883662850013], [-115.142953834002, 36.1883642850013], [-115.142932834002, 36.1883642850013], [-115.142907833002, 36.1883642850013], [-115.142790834002, 36.1883632850013], [-115.142441834002, 36.1883602850013], [-115.142325834002, 36.1883602850013], [-115.142136834002, 36.1883682850013], [-115.142094833002, 36.1883682850013], [-115.141403834002, 36.1883822850013], [-115.141173833002, 36.1883872850013], [-115.141145833002, 36.1869642840013], [-115.141108834002, 36.1850022840013], [-115.141131833002, 36.1845082850013], [-115.141161833002, 36.1840612850013], [-115.141274833002, 36.1832662840013], [-115.141418833002, 36.1827242840013], [-115.141530833002, 36.1823082850013], [-115.141756833002, 36.1816242840013], [-115.141870833002, 36.1813772840013], [-115.142287833002, 36.1805992840013], [-115.142573833002, 36.1800672840013], [-115.143701833002, 36.1783652840013], [-115.144189833002, 36.1776312840013], [-115.144231832002, 36.1775662840013], [-115.144361833002, 36.1773712830013], [-115.144404833002, 36.1773062830013], [-115.144528833002, 36.1771242840013], [-115.144901833002, 36.1765792830013], [-115.145026832002, 36.1763982830013], [-115.145121833002, 36.1762412830013], [-115.145241832002, 36.1760452830013], [-115.145407833002, 36.1757722830013], [-115.145456833002, 36.1756922840013], [-115.145503833002, 36.1756162830013], [-115.145523833002, 36.1755882830013], [-115.145587833002, 36.1755042830013], [-115.145609833002, 36.1754772830013], [-115.145650833002, 36.1753972830013], [-115.145777834002, 36.1751572830013], [-115.145820833002, 36.1750782830013], [-115.146035833002, 36.1747452820013], [-115.146681833002, 36.1737492830013], [-115.146897833002, 36.1734172820013], [-115.147102833002, 36.1730712830013], [-115.147227833002, 36.1728632820013], [-115.147768834002, 36.1720642830013], [-115.147995833002, 36.1717322820013], [-115.148015833002, 36.1717022830013], [-115.148079833002, 36.1716122820013], [-115.148101833002, 36.1715832830013], [-115.148140833002, 36.1715062820013], [-115.148289833002, 36.1713012830013], [-115.148336834002, 36.1712312820013], [-115.148390833002, 36.1710552830013], [-115.148764833002, 36.1704762820013], [-115.149051833002, 36.1700332820013], [-115.149352833002, 36.1696042820014], [-115.149783833002, 36.1689472810013], [-115.150140833002, 36.1683812810013], [-115.150201833002, 36.1682872820013], [-115.150683833002, 36.1675592820013], [-115.150827833002, 36.1673292820013], [-115.151262834002, 36.1666402810013], [-115.151407833002, 36.1664112820013], [-115.152406834002, 36.1649072810013], [-115.153191833002, 36.1637262820013], [-115.154122832002, 36.1623052810013], [-115.154460833002, 36.1617682810013], [-115.154859833002, 36.1611592810013], [-115.155371834002, 36.1603752810013], [-115.155903834002, 36.1595632810013], [-115.156319834002, 36.1589022810013], [-115.156381834002, 36.1588112800013], [-115.156693834002, 36.1583532810013], [-115.157733833002, 36.1568422800013], [-115.158080833002, 36.1563392800013], [-115.158152833002, 36.1562122800013], [-115.158371834002, 36.1558312800013], [-115.158444834002, 36.1557052800013], [-115.158857834002, 36.1550662800013], [-115.160099834002, 36.1531492790013], [-115.160513833002, 36.1525112790013], [-115.160570833002, 36.1524432790013], [-115.160742833002, 36.1522422790013], [-115.160800833002, 36.1521752800013], [-115.161236833002, 36.1515612800013], [-115.161882833002, 36.1505512790013], [-115.161901834002, 36.1505222790013], [-115.162801833002, 36.1491302790013], [-115.164800833002, 36.1461362790013], [-115.165106834002, 36.1456632780013], [-115.166135833002, 36.1440752780013], [-115.166167834002, 36.1440252780013], [-115.166293833002, 36.1440292790013], [-115.166346834002, 36.1439492780013], [-115.167655834002, 36.1439852780013], [-115.168610834002, 36.1440052790013], [-115.169379834002, 36.1440222780013], [-115.170122834002, 36.1440032770013], [-115.170434835002, 36.1440262770014], [-115.171084835002, 36.1440602770013], [-115.171369835002, 36.1440752780013], [-115.171636835002, 36.1440892780013], [-115.172832835002, 36.1441532770013], [-115.173215835002, 36.1441772780013], [-115.175340835002, 36.1442082770013], [-115.175460836002, 36.1442102780013], [-115.177116836002, 36.1442132770013], [-115.177585835002, 36.1442152770013], [-115.181984837002, 36.1442282780013], [-115.182667836002, 36.1442342770013], [-115.185492837002, 36.1442632770013], [-115.185727837002, 36.1442662770013], [-115.185949837002, 36.1442682770013], [-115.186683838002, 36.1442762770013], [-115.190807838002, 36.1443182770013], [-115.190811838002, 36.1442192770013], [-115.190813838002, 36.1441722760013], [-115.190802838002, 36.1435972760013], [-115.190799838002, 36.1433902770013], [-115.190779838002, 36.1432442760014], [-115.190749839002, 36.1430192760013], [-115.190740838002, 36.1428062760013], [-115.190735838002, 36.1426602760013], [-115.190729838002, 36.1425192770013], [-115.190712837002, 36.1420992760013], [-115.190711838002, 36.1420502760013], [-115.190712838002, 36.1419592760014], [-115.190705838002, 36.1418172770013], [-115.190685837002, 36.1413932770013], [-115.190679838002, 36.1412522760013], [-115.191029838002, 36.1412492760013], [-115.191158837002, 36.1412492760013], [-115.192596838002, 36.1412552760013], [-115.193076839002, 36.1412572760013], [-115.193247839002, 36.1412562760013], [-115.193761838002, 36.1412522760013], [-115.193933839002, 36.1412522760013], [-115.194112839002, 36.1412522760013], [-115.194652838002, 36.1412522760013], [-115.194832838002, 36.1412532760013], [-115.195025839002, 36.1412532760013], [-115.195608839002, 36.1412532760013], [-115.195802838002, 36.1412542760013], [-115.195989839002, 36.1412642750013], [-115.196551840002, 36.1412942760013], [-115.196739839002, 36.1413052760013], [-115.196803839002, 36.1412762760013], [-115.196936840002, 36.1412662760013], [-115.197321839002, 36.1412682760013], [-115.199088840002, 36.1412782760013], [-115.199677840002, 36.1412822760013], [-115.199668840002, 36.1411182760013], [-115.199652840002, 36.1408242760013], [-115.199635840002, 36.1406292760013], [-115.199622840002, 36.1404672750013], [-115.199615840002, 36.1403392760013], [-115.199596840002, 36.1399552750013], [-115.199590839002, 36.1398282760013], [-115.199583840002, 36.1396822760013], [-115.199565839002, 36.1392462750013], [-115.199559839002, 36.1391012750013], [-115.199547839002, 36.1389252750013], [-115.199531839002, 36.1386552750013], [-115.199519839002, 36.1383982750013], [-115.199511839002, 36.1382232760013], [-115.199483839002, 36.1377662750013], [-115.199462839002, 36.1373132750013], [-115.199653839002, 36.1373052760013], [-115.201008839002, 36.1372952750013], [-115.202149839002, 36.1372992750013], [-115.202370840002, 36.1372932750013], [-115.202532839002, 36.1372892750013], [-115.202804839002, 36.1372872750013], [-115.203849840002, 36.1372822740013], [-115.204772839002, 36.1372852750013], [-115.205428840002, 36.1372882750013], [-115.205518840002, 36.1372802750013], [-115.205606841002, 36.1372792750013], [-115.206144841002, 36.1372742740013], [-115.206184840002, 36.1372742750013], [-115.206323841002, 36.1372682750013], [-115.206680840002, 36.1372652750013], [-115.207170840002, 36.1372612750013], [-115.207752840002, 36.1372582750013], [-115.208110840002, 36.1372572750013], [-115.208102841002, 36.1375182740013], [-115.208104841002, 36.1379842750013], [-115.208114842002, 36.1401662760013], [-115.208118840002, 36.1408942750013], [-115.208124842002, 36.1416202750013], [-115.208142841002, 36.1438012750013], [-115.208148841002, 36.1444212750013], [-115.208149842002, 36.1445282760013], [-115.208149841002, 36.1446012750013], [-115.208150841002, 36.1452532760013], [-115.208154842002, 36.1474312760013], [-115.208156842002, 36.1481572760013], [-115.208157843002, 36.1485162760013], [-115.208160842002, 36.1495962770013], [-115.208162842002, 36.1499562760013], [-115.208162842002, 36.1503192760013], [-115.208163842002, 36.1514092770013], [-115.208164843002, 36.1517732770013], [-115.208132842002, 36.1521122760013], [-115.208131842002, 36.1521282770013], [-115.208073842002, 36.1524522760013], [-115.208008842002, 36.1527442770014], [-115.207972842002, 36.1531072770013], [-115.207972842002, 36.1531222770013], [-115.207977842002, 36.1534642760013], [-115.208022842002, 36.1546452770013], [-115.208007842002, 36.1549022760013], [-115.207960842002, 36.1551452770013], [-115.207875843002, 36.1554062770013], [-115.207773843002, 36.1556162770013], [-115.207662843002, 36.1558202770013], [-115.207487843002, 36.1560422760013], [-115.207298842002, 36.1562512770013], [-115.206573843002, 36.1569882770013], [-115.206335842002, 36.1572712770013], [-115.206165843002, 36.1574962770013], [-115.206068843002, 36.1576842770013], [-115.205972843002, 36.1579232770013], [-115.205899842002, 36.1581762770013], [-115.205867842002, 36.1583902770013], [-115.205867843002, 36.1590162770013], [-115.205868842002, 36.1590902780013], [-115.205868842002, 36.1591472770013], [-115.205867842002, 36.1592442780013], [-115.205865843002, 36.1595852770013], [-115.205865843002, 36.1597102770013], [-115.205865842002, 36.1598652770013], [-115.205866842002, 36.1598952770013], [-115.205869843002, 36.1599852770013], [-115.205870843002, 36.1600162780013], [-115.205876842002, 36.1601892770013], [-115.205895843002, 36.1607082780013], [-115.205902843002, 36.1608812770013], [-115.205903842002, 36.1609542780013], [-115.205906843002, 36.1611762780013], [-115.205908842002, 36.1612502780013], [-115.205915843002, 36.1613842770013], [-115.205924843002, 36.1615202780013], [-115.205929843002, 36.1617872780013], [-115.205932842002, 36.1619222770013], [-115.205933842002, 36.1620612770013], [-115.205936843002, 36.1624812780013], [-115.205938842002, 36.1626212770013], [-115.205940843002, 36.1626892780013], [-115.205948842002, 36.1628942770013], [-115.205951843002, 36.1629632770013], [-115.205953842002, 36.1630302780013], [-115.205959843002, 36.1632312780013], [-115.205962843002, 36.1632992780013], [-115.205964843002, 36.1634382780013], [-115.205970843002, 36.1638562780013], [-115.205973843002, 36.1639962780013], [-115.205980843002, 36.1641342770013], [-115.206002843002, 36.1645492780013], [-115.206010843002, 36.1646882780013], [-115.206014842002, 36.1649602780013], [-115.206026843002, 36.1657772790013], [-115.206030843002, 36.1660502790013], [-115.206029843002, 36.1661482780013], [-115.206029843002, 36.1664432790013], [-115.206029843002, 36.1665422790013], [-115.206027843002, 36.1668902780013], [-115.206027843002, 36.1670162780013], [-115.206013843002, 36.1679372780013], [-115.206008844002, 36.1682862790013], [-115.206009843002, 36.1686432780013], [-115.206012844002, 36.1697172790013], [-115.206014843002, 36.1700752790013], [-115.206007844002, 36.1704142790013], [-115.206003844002, 36.1706442780013], [-115.205994843002, 36.1714322790013], [-115.205991844002, 36.1717722790013], [-115.205989843002, 36.1718642790013], [-115.205984844002, 36.1721432790013], [-115.205983843002, 36.1722362790013], [-115.205979843002, 36.1723012790013], [-115.205970844002, 36.1724982790013], [-115.205967844002, 36.1725642790013], [-115.205959844002, 36.1726902790013], [-115.205952843002, 36.1728022790013], [-115.205953843002, 36.1729922790013], [-115.205951843002, 36.1730682790013], [-115.205951843002, 36.1730932790013], [-115.205948843002, 36.1731952780013], [-115.205947844002, 36.1732152790013], [-115.205946843002, 36.1732782790013], [-115.205946843002, 36.1733002790013], [-115.205947843002, 36.1733252790013], [-115.205950844002, 36.1734032800013], [-115.206228844002, 36.1734102790013], [-115.206534845002, 36.1734252790013], [-115.208286845002, 36.1735162780013], [-115.208419845002, 36.1735222780013], [-115.208871845002, 36.1735212780013], [-115.210066844002, 36.1735942790013], [-115.213089845002, 36.1737822790013], [-115.214643846002, 36.1738242780013], [-115.214872845002, 36.1738282780013], [-115.215154846002, 36.1738322790013], [-115.218290846002, 36.1738852780013], [-115.219804847002, 36.1739132790013], [-115.220582847002, 36.1739222780013], [-115.222234847002, 36.1739432770013], [-115.222392847002, 36.1739442770013], [-115.224127848002, 36.1739802780013], [-115.227538848002, 36.1739832770013], [-115.228987849002, 36.1739032780013], [-115.229857847002, 36.1738232770013], [-115.230392848002, 36.1737832780013], [-115.230933848002, 36.1737302780013], [-115.232050848002, 36.1736122780013], [-115.232395849002, 36.1735752780013], [-115.233166848002, 36.1734932780014], [-115.235342850002, 36.1733642770013], [-115.236548850002, 36.1733912770013], [-115.237235849002, 36.1734062770013], [-115.238008850002, 36.1734232770013], [-115.238175849002, 36.1734272770013], [-115.239190849002, 36.1735582770013], [-115.239714850002, 36.1737062770013], [-115.240663850002, 36.1740662770013], [-115.241367850002, 36.1744092770013], [-115.242234851002, 36.1749822770013], [-115.243183851002, 36.1759032770013], [-115.243734850002, 36.1766022770013], [-115.243820851002, 36.1766852770013], [-115.243879852002, 36.1767622770013], [-115.243977851002, 36.1769422770013], [-115.244026851002, 36.1770732760013], [-115.244080852002, 36.1772252770013], [-115.244138851002, 36.1773892770013], [-115.244188851002, 36.1775292770013], [-115.244302851002, 36.1778802770013], [-115.244369851002, 36.1781552770013], [-115.244446851002, 36.1785292770013], [-115.244491851002, 36.1789542770013], [-115.244523852002, 36.1792052780013], [-115.244536851002, 36.1794832770013], [-115.244536851002, 36.1800112780013], [-115.244549852002, 36.1804372780013], [-115.244639852002, 36.1810172770013], [-115.244618851002, 36.1812692770013], [-115.244605852002, 36.1827402780013], [-115.244599852002, 36.1835512770013], [-115.244604852002, 36.1854142780013], [-115.244627852002, 36.1871542780013], [-115.244629852002, 36.1872452780013], [-115.244635852002, 36.1886262790013], [-115.244639853002, 36.1889872780013], [-115.244647852002, 36.1896512780013], [-115.244657853002, 36.1900702790013], [-115.244667853002, 36.1904312780013], [-115.244671853002, 36.1915492790013], [-115.244683852002, 36.1949052790013], [-115.244686853002, 36.1954602790013], [-115.244683854002, 36.1960242790013], [-115.244687852002, 36.1961172780013], [-115.244702852002, 36.1963992790013], [-115.244707853002, 36.1964932790013], [-115.244634854002, 36.1970932790013], [-115.244636854002, 36.1974482790013], [-115.244656854002, 36.2003282800013], [-115.244658854002, 36.2004832790013], [-115.244672854002, 36.2012882800013], [-115.244674853002, 36.2017142800013], [-115.244675853002, 36.2017412800013], [-115.244677853002, 36.2021942800013], [-115.244680854002, 36.2029922810013], [-115.244682853002, 36.2032782790013], [-115.244686854002, 36.2034192800013], [-115.245116854002, 36.2034202800013], [-115.245277853002, 36.2034212800013], [-115.246334854002, 36.2034102800013], [-115.246409854002, 36.2034112800013], [-115.246840854002, 36.2034182790013], [-115.247262854002, 36.2034242800013], [-115.248531855002, 36.2034452800013], [-115.248954855002, 36.2034522800013], [-115.249143855002, 36.2034512790013], [-115.249710854002, 36.2034492800013], [-115.249900854002, 36.2034492800013], [-115.250088855002, 36.2034492800013], [-115.250655855002, 36.2034492800013], [-115.250844856002, 36.2034502790013], [-115.250964855002, 36.2034502790013], [-115.251324855002, 36.2034502800013], [-115.251444856002, 36.2034502790013], [-115.251893855002, 36.2034542790012], [-115.253240856002, 36.2034692800013], [-115.253690856002, 36.2034652790013], [-115.254053856002, 36.2034692790013], [-115.254618855002, 36.2034692790013], [-115.255152856002, 36.2034692790013], [-115.255525856002, 36.2034742790013], [-115.255921855002, 36.2034742800013], [-115.255988855002, 36.2034722790013], [-115.257401856002, 36.2034872790013], [-115.257510856002, 36.2034892790013], [-115.257920856002, 36.2034932790013], [-115.258330857002, 36.2034962790013], [-115.258806857002, 36.2034972790013], [-115.260205857002, 36.2035022790013], [-115.260234857002, 36.2035012790013], [-115.260663857002, 36.2034992790013], [-115.260710856002, 36.2034932790013], [-115.260850857002, 36.2035022790013], [-115.261439857002, 36.2035012790013], [-115.262953857002, 36.2035012790013], [-115.263399857002, 36.2035142790013], [-115.263625857002, 36.2035512790013], [-115.263865857002, 36.2036082790013], [-115.264053858002, 36.2036732790013], [-115.264280857002, 36.2037752790013], [-115.264311858002, 36.2037942780013], [-115.264497857002, 36.2039112790013], [-115.264519858002, 36.2039272790013], [-115.264609857002, 36.2039912790013], [-115.264899858002, 36.2042442790013], [-115.265082858002, 36.2044102790013], [-115.265266859002, 36.2045772790013], [-115.265399858002, 36.2044722780013], [-115.265801857002, 36.2041582790013], [-115.265834858002, 36.2041332790013], [-115.265861858002, 36.2041062780013], [-115.265932857002, 36.2040492790013], [-115.265958857002, 36.2040182790013], [-115.265989858002, 36.2039832790013], [-115.266029857002, 36.2039222790013], [-115.266052858002, 36.2038892780013], [-115.266089858002, 36.2038352780013], [-115.266123858002, 36.2037632790013], [-115.266161857002, 36.2036872780013], [-115.266185858002, 36.2035882790013], [-115.266207858002, 36.2034222780013], [-115.266207858002, 36.2033412780013], [-115.266207857002, 36.2032322780013], [-115.266198858002, 36.2031982780013], [-115.266898858002, 36.2031272780013], [-115.266950858002, 36.2031222790013], [-115.267895858002, 36.2030412780013], [-115.268878859002, 36.2029962780013], [-115.269005858002, 36.2029942790013], [-115.269710858002, 36.2029892780013], [-115.269804858002, 36.2029982790013], [-115.269875859002, 36.2029992790013], [-115.270372859002, 36.2030082780013], [-115.270538858002, 36.2030112790013], [-115.270786858002, 36.2030272780013], [-115.271247858002, 36.2030572780013], [-115.271530859002, 36.2030792780013], [-115.271778859002, 36.2030992780013], [-115.272399859002, 36.2031702780013], [-115.272629859002, 36.2031972780013], [-115.273762859002, 36.2033522780013], [-115.274257859002, 36.2034282780013], [-115.274875859002, 36.2035242780013], [-115.274836860002, 36.2036732780013], [-115.274815860002, 36.2037582780013], [-115.274756859002, 36.2039922780013], [-115.274753859002, 36.2040022780013], [-115.274727859002, 36.2041212780013], [-115.274695859002, 36.2042722780013], [-115.274692860002, 36.2042822780013], [-115.274686859002, 36.2043132780013], [-115.274684859002, 36.2043242780013], [-115.274650859002, 36.2044892780013], [-115.274642860002, 36.2045532780013], [-115.274621860002, 36.2047502780013], [-115.274605859002, 36.2051322780013], [-115.274602859002, 36.2052522780013], [-115.274598859002, 36.2054632780013], [-115.274598860002, 36.2054862780013], [-115.275076860002, 36.2054862780013], [-115.275240860002, 36.2054912780013], [-115.275464859002, 36.2054992790013], [-115.275687859002, 36.2055242790013], [-115.275888860002, 36.2055652780013], [-115.276149860002, 36.2056492780013], [-115.276159860002, 36.2056532780013], [-115.276362860002, 36.2057452780013], [-115.276810860002, 36.2059572780013], [-115.276838860002, 36.2059702780013], [-115.277057859002, 36.2060652780013], [-115.277117861002, 36.2060912790013], [-115.277375860002, 36.2061782780013], [-115.277619860002, 36.2062222780013], [-115.277676860002, 36.2062322780013], [-115.277908859002, 36.2062462780013], [-115.277931860002, 36.2062462780013], [-115.278602860002, 36.2062532780013], [-115.278700860002, 36.2062562790013], [-115.278956861002, 36.2062672780013], [-115.278952860002, 36.2070462780013], [-115.278951861002, 36.2073302780013], [-115.278945861002, 36.2084332790014], [-115.278942861002, 36.2090282790013], [-115.278941861002, 36.2093832780013], [-115.278940860002, 36.2100042780013], [-115.278940861002, 36.2101632790013], [-115.278916860002, 36.2105282790013], [-115.278913861002, 36.2106552780013], [-115.278906862002, 36.2109472790013], [-115.278851861002, 36.2133012790013], [-115.278836861002, 36.2139472790013], [-115.278833861002, 36.2140862790013], [-115.278832861002, 36.2143842780013], [-115.278823862002, 36.2149962790013], [-115.278816861002, 36.2155152800013], [-115.278795862002, 36.2173102790013], [-115.278795862002, 36.2173462790013], [-115.278802861002, 36.2176982790013], [-115.278801862002, 36.2177282800013], [-115.278797862002, 36.2186392800013], [-115.278808862002, 36.2191522800013], [-115.278818861002, 36.2196452800013], [-115.278818861002, 36.2196702790013], [-115.278828862002, 36.2201392800013], [-115.278829862002, 36.2201752800013], [-115.278849862002, 36.2211142790013], [-115.278854862002, 36.2213422800013], [-115.278883861002, 36.2227642800013], [-115.278902862002, 36.2236582800013], [-115.278903861002, 36.2237272800013], [-115.278905862002, 36.2237962800013], [-115.278912862002, 36.2240302810013], [-115.278934862002, 36.2247342800013], [-115.278942862002, 36.2249692800013], [-115.278943862002, 36.2250232800013], [-115.278945862002, 36.2250752810013], [-115.278948862002, 36.2251852800013], [-115.278949862002, 36.2251982800013], [-115.278949861002, 36.2252402800013], [-115.278950862002, 36.2254312800013], [-115.278956862002, 36.2260042800013], [-115.278958861002, 36.2261962810013], [-115.278959863002, 36.2263572800013], [-115.278963863002, 36.2268402810013], [-115.278965863002, 36.2270012810013], [-115.278965863002, 36.2270902810013], [-115.278966862002, 36.2271282810013], [-115.278970863002, 36.2272102810013], [-115.278977862002, 36.2273302800013], [-115.278978862002, 36.2273602810013], [-115.278983863002, 36.2274502800013], [-115.278988862002, 36.2276962810013], [-115.278989863002, 36.2277362810013], [-115.278995863002, 36.2280222800013], [-115.279003862002, 36.2284362810013], [-115.279009863002, 36.2286832810012], [-115.279022862002, 36.2290602810013], [-115.279041862002, 36.2295862810013], [-115.279055863002, 36.2299742810013], [-115.279057863002, 36.2301942810013], [-115.279059862002, 36.2304022810013], [-115.279060863002, 36.2304872810013], [-115.279061863002, 36.2305732810013], [-115.279063863002, 36.2307082810013], [-115.279067863002, 36.2309262810013], [-115.279061863002, 36.2311162810013], [-115.279058863002, 36.2312522810013], [-115.279067863002, 36.2315312810013], [-115.279079864002, 36.2319012810013], [-115.279093863002, 36.2323692810013], [-115.279099863002, 36.2325492810013], [-115.279102863002, 36.2326492820013], [-115.279118863002, 36.2328682810013], [-115.279122863002, 36.2329092810013], [-115.279133863002, 36.2335272810013], [-115.279137863002, 36.2337472820013], [-115.278842863002, 36.2337302820013], [-115.278478862002, 36.2337102810013], [-115.277958862002, 36.2336902810013], [-115.277664864002, 36.2336792820013], [-115.277494863002, 36.2336732810013], [-115.277379862002, 36.2336692810013], [-115.277324862002, 36.2336682820013], [-115.276781863002, 36.2336512810013], [-115.276523862002, 36.2336422810013], [-115.276239863002, 36.2336332820013], [-115.276041863002, 36.2336262810013], [-115.275670863002, 36.2336142810013], [-115.275634863002, 36.2336132820013], [-115.275450863002, 36.2336072820013], [-115.275253862002, 36.2336012810013], [-115.275106863002, 36.2335982820013], [-115.274665863002, 36.2335912810013], [-115.274518863002, 36.2335892810013], [-115.274184862002, 36.2335762810013], [-115.273182862002, 36.2335392810013], [-115.272849861002, 36.2335272820013], [-115.272728863002, 36.2335232820013], [-115.272365862002, 36.2335142820013], [-115.272245862002, 36.2335112820013], [-115.271910862002, 36.2335022820013], [-115.269907861002, 36.2334362820013], [-115.269899862002, 36.2337142820013], [-115.269891862002, 36.2339922820013], [-115.269889862002, 36.2343522820013], [-115.269837862002, 36.2352502820013], [-115.269835861002, 36.2353142830013], [-115.269842861002, 36.2367542820013], [-115.269863862002, 36.2371162830013], [-115.269869862002, 36.2372132820013], [-115.269859862002, 36.2387602830013], [-115.269853861002, 36.2389662820013], [-115.269848862002, 36.2393362820013], [-115.269846862002, 36.2394692820013], [-115.269836862002, 36.2404452830013], [-115.269832862002, 36.2408162820013], [-115.269827862002, 36.2413122820013], [-115.269823863002, 36.2417352830013], [-115.269814863002, 36.2428012830013], [-115.269810862002, 36.2432982830013], [-115.269808862002, 36.2435272830013], [-115.269804862002, 36.2442152830013], [-115.269804862002, 36.2443152830013], [-115.269774862002, 36.2444412830013], [-115.269765863002, 36.2446772830013], [-115.269774862002, 36.2450572830013], [-115.269785862002, 36.2454272830013], [-115.269790863002, 36.2456352840013], [-115.269795863002, 36.2457972830013], [-115.269787863002, 36.2460222830013], [-115.269736862002, 36.2475462830013], [-115.269726862002, 36.2478602830013], [-115.269710862002, 36.2480742830013], [-115.269767862002, 36.2480762830013], [-115.269811863002, 36.2480772840013], [-115.269813862002, 36.2481522840013], [-115.269811863002, 36.2482432840013], [-115.269781863002, 36.2499332840013], [-115.269785863002, 36.2503922840013], [-115.269786863002, 36.2504472840013], [-115.269778863002, 36.2511982840013], [-115.269778863002, 36.2513012840013], [-115.269761864002, 36.2515602840013], [-115.269752864002, 36.2517942840013], [-115.269754863002, 36.2519312830013], [-115.269749863002, 36.2521692840013], [-115.269730863002, 36.2532962850013], [-115.269726863002, 36.2535822840013], [-115.269719863002, 36.2536722850013], [-115.269703863002, 36.2537422840013], [-115.269707863002, 36.2540482840013], [-115.269722864002, 36.2551022840013], [-115.269723863002, 36.2551842840013], [-115.269725863002, 36.2553332850013], [-115.269729863002, 36.2555632840013], [-115.269271863002, 36.2555552840013], [-115.267898863002, 36.2555312850013], [-115.267441863002, 36.2555242850013], [-115.266979863002, 36.2555152840013], [-115.265594863002, 36.2554912840013], [-115.265133862002, 36.2554832850013], [-115.265062863002, 36.2554812840013], [-115.264849863002, 36.2554782850013], [-115.264778862002, 36.2554772850013], [-115.264388863002, 36.2554692850013], [-115.264001862002, 36.2554632840013], [-115.263218862002, 36.2554442850013], [-115.262829863002, 36.2554352850013], [-115.262746862002, 36.2554342850013], [-115.262498862002, 36.2554332850013], [-115.262416862002, 36.2554332850013], [-115.262035862002, 36.2554312840013], [-115.261859862002, 36.2554312850013], [-115.261716862002, 36.2554292840013], [-115.261649861002, 36.2554282850013], [-115.260896861002, 36.2554212850013], [-115.260516861002, 36.2554242840013], [-115.260382862002, 36.2554292850013], [-115.260326861002, 36.2554292850013], [-115.259756861002, 36.2554302850013], [-115.259566861002, 36.2554312850013], [-115.259293862002, 36.2554312850013], [-115.258477861002, 36.2554322860013], [-115.258290861002, 36.2554332850013], [-115.258205861002, 36.2554302850013], [-115.257760862002, 36.2554352850013], [-115.257653861002, 36.2554362850013], [-115.256425861002, 36.2554542850013], [-115.255981861002, 36.2554612850013], [-115.255527861002, 36.2554622850013], [-115.254165861002, 36.2554672860013], [-115.253712860002, 36.2554692860013], [-115.253574861002, 36.2554732860013], [-115.253259860002, 36.2554762850013], [-115.252026860002, 36.2554882860013], [-115.251902860002, 36.2554862860013], [-115.251530860002, 36.2554812860013], [-115.251454860002, 36.2554562850013], [-115.251422860002, 36.2554372860013], [-115.251388860002, 36.2553952860013], [-115.251366860002, 36.2552582860013], [-115.251366860002, 36.2551002860013], [-115.251366861002, 36.2549172850013], [-115.251345860002, 36.2539362850013], [-115.251338860002, 36.2535492850013], [-115.251331860002, 36.2531652850013], [-115.251312860002, 36.2520132850013], [-115.251306860002, 36.2516302850013], [-115.251305860002, 36.2516092850013], [-115.251304859002, 36.2515472850013], [-115.251304859002, 36.2515272860013], [-115.251297860002, 36.2511682850013], [-115.251290860002, 36.2507142860013], [-115.251274859002, 36.2500942850013], [-115.251266860002, 36.2497362850013], [-115.251270860002, 36.2495912850013], [-115.251264859002, 36.2493582850013], [-115.251240860002, 36.2482252850013], [-115.251232859002, 36.2478482850013], [-115.251189859002, 36.2478472850013], [-115.251060859002, 36.2478442840013], [-115.251017860002, 36.2478432850013], [-115.250629859002, 36.2478532840013], [-115.250558860002, 36.2478562840013], [-115.249466859002, 36.2478532850013], [-115.249079858002, 36.2478532850013], [-115.249017859002, 36.2478612850013], [-115.248840859002, 36.2478642850013], [-115.248633858002, 36.2478712850013], [-115.248335859002, 36.2478822850013], [-115.248026858002, 36.2478872850013], [-115.247293858002, 36.2478872850013], [-115.246847858002, 36.2478882850013], [-115.246831859002, 36.2505612850013], [-115.246806859002, 36.2524882850013], [-115.246811860002, 36.2527722860013], [-115.246827859002, 36.2530402860013], [-115.246846859002, 36.2532682860013], [-115.246875859002, 36.2535092850013], [-115.246914859002, 36.2537312850013], [-115.246966859002, 36.2539902850013], [-115.247025859002, 36.2542452860013], [-115.247098859002, 36.2545292850013], [-115.247191859002, 36.2548272860013], [-115.247314859002, 36.2551472860013], [-115.247443860002, 36.2554462860013], [-115.247806859002, 36.2561092860013], [-115.248385860002, 36.2569362850013], [-115.249289860002, 36.2579582860013], [-115.249901860002, 36.2586352860013], [-115.250620861002, 36.2594402860013], [-115.251259861002, 36.2601712870013], [-115.251481861002, 36.2604252860013], [-115.253222861002, 36.2623222860013], [-115.253879861002, 36.2630382860013], [-115.253788861002, 36.2630392860013], [-115.253515861002, 36.2630452860013], [-115.253425862002, 36.2630472860013], [-115.253253861002, 36.2630472870013], [-115.252740861002, 36.2630472870013], [-115.252569862002, 36.2630482860013], [-115.252396861002, 36.2630552860013], [-115.251877861002, 36.2630782860013], [-115.251754862002, 36.2630842860013], [-115.251705860002, 36.2630852870013], [-115.251460861002, 36.2630902870013], [-115.250728861002, 36.2631082870013], [-115.250484861002, 36.2631142860013], [-115.250312860002, 36.2631132870013], [-115.249796861002, 36.2631112870013], [-115.249624860002, 36.2631112870013], [-115.249597861002, 36.2631112870013], [-115.249519861002, 36.2631112870013], [-115.249493860002, 36.2631122860013], [-115.249208861002, 36.2631132860013], [-115.248354860002, 36.2631202860013], [-115.248070860002, 36.2631222870013], [-115.247853859002, 36.2631262870013], [-115.247202860002, 36.2631422870013], [-115.246986860002, 36.2631482870013], [-115.246865861002, 36.2631462860013], [-115.246828860002, 36.2631462870013], [-115.246357860002, 36.2631522870013], [-115.246200860002, 36.2631552870013], [-115.246163860002, 36.2631552870013], [-115.246052860002, 36.2631572870013], [-115.246016860002, 36.2631582870013], [-115.245750859002, 36.2631612870013], [-115.244952859002, 36.2631722870013], [-115.244687860002, 36.2631762870013], [-115.244437860002, 36.2631752870013], [-115.243689860002, 36.2631742870013], [-115.243440860002, 36.2631742870013], [-115.243229859002, 36.2631792870013], [-115.243010859002, 36.2631862870013], [-115.242596860002, 36.2631852870013], [-115.242385859002, 36.2631852870013], [-115.242229860002, 36.2631742870013], [-115.241976859002, 36.2631422870013], [-115.241328859002, 36.2630622870013], [-115.240753858002, 36.2629922870013], [-115.240740860002, 36.2629912870013], [-115.240347859002, 36.2629382880013], [-115.240259859002, 36.2629272870013], [-115.240039859002, 36.2628982880013], [-115.239226859002, 36.2627932880013], [-115.239118858002, 36.2627802870013], [-115.238811859002, 36.2627422870013], [-115.238678858002, 36.2627252870013], [-115.238282858002, 36.2626762880013], [-115.238150858002, 36.2626602870013], [-115.237305859002, 36.2625532880013], [-115.234770858002, 36.2622332880013], [-115.233925858002, 36.2621272880013], [-115.233782857002, 36.2621112870013], [-115.233696858002, 36.2620992870013], [-115.233012858002, 36.2620102870013], [-115.232876858002, 36.2619932870013], [-115.232784857002, 36.2619812880013], [-115.232590858002, 36.2619552880013], [-115.232011857002, 36.2618802870013], [-115.231944857002, 36.2618722870013], [-115.231818857002, 36.2618592870013], [-115.231616857002, 36.2618332870013], [-115.231227857002, 36.2617842880013], [-115.231010857002, 36.2617572880013], [-115.230809857002, 36.2617322870013], [-115.230759857002, 36.2617262880013], [-115.230586857002, 36.2617042880013], [-115.229920856002, 36.2616202870013], [-115.229698857002, 36.2615932870013], [-115.229482856002, 36.2615632870013], [-115.229072857002, 36.2615072870013], [-115.228837856002, 36.2614782870013], [-115.228622857002, 36.2614522870013], [-115.228538857002, 36.2614412880013], [-115.228286856002, 36.2614102870013], [-115.228203857002, 36.2614002870013], [-115.227959856002, 36.2613672880013], [-115.227227857002, 36.2612702880013], [-115.226984855002, 36.2612382870013], [-115.226688856002, 36.2612002880013], [-115.225801856002, 36.2610862880013], [-115.225661856002, 36.2610682880013], [-115.225505856002, 36.2610522880013], [-115.225353855002, 36.2610422880013], [-115.224708856002, 36.2610272880013], [-115.223947855002, 36.2610392880013], [-115.223225856002, 36.2610512880013], [-115.223166855002, 36.2610522890013], [-115.222433855002, 36.2610522880013], [-115.222110855002, 36.2610552880013], [-115.221700855002, 36.2610592880013], [-115.221551855002, 36.2610622880013], [-115.221105854002, 36.2610752880013], [-115.220957854002, 36.2610792880013], [-115.220869855002, 36.2610782880013], [-115.220607855002, 36.2610762880013], [-115.220520854002, 36.2610762880013], [-115.219967855002, 36.2610752880013], [-115.218859855002, 36.2610742880013], [-115.218327854002, 36.2610722880013], [-115.218309854002, 36.2610712880013], [-115.218042855002, 36.2610712890013], [-115.217757854002, 36.2610702880013], [-115.217487854002, 36.2610702880013], [-115.216679855002, 36.2610722890013], [-115.216410854002, 36.2610732880013], [-115.216014855002, 36.2610962880013], [-115.214829854002, 36.2611662890013], [-115.214434854002, 36.2611902890013], [-115.213993854002, 36.2612152890013], [-115.212671854002, 36.2612942890013], [-115.212231853002, 36.2613202890013], [-115.211729853002, 36.2613462890013], [-115.210225853002, 36.2614262890013], [-115.209724853002, 36.2614532880013], [-115.209471853002, 36.2614692890013], [-115.208713853002, 36.2615202890013], [-115.208461853002, 36.2615372890013], [-115.208206853002, 36.2615572890013], [-115.207443853002, 36.2616182900013], [-115.207189853002, 36.2616392890013], [-115.206794852002, 36.2616512890013], [-115.206055853002, 36.2616572890013], [-115.205832852002, 36.2616542890013], [-115.205088852002, 36.2616482890013], [-115.204954852002, 36.2616442890013], [-115.204605852002, 36.2616372890013], [-115.202661852002, 36.2616272900013], [-115.202265852002, 36.2615862900013], [-115.201765852002, 36.2615772900013], [-115.200725851002, 36.2615602900013], [-115.200567852002, 36.2615572900013], [-115.200409851002, 36.2615552890013], [-115.199951851002, 36.2615582900013], [-115.198579851002, 36.2615712900013], [-115.198122851002, 36.2615762890013], [-115.196985851002, 36.2615642900013], [-115.196734850002, 36.2615612900013], [-115.195849851002, 36.2615512900013], [-115.194733851002, 36.2615052900013], [-115.193616850002, 36.2614582900013], [-115.192573850002, 36.2614502900013], [-115.192401850002, 36.2614492900013], [-115.191186850002, 36.2614392900013], [-115.190955850002, 36.2614382890013], [-115.190723850002, 36.2614382900013], [-115.189001849002, 36.2614352900013], [-115.188897849002, 36.2614292900013], [-115.187171848002, 36.2614602900013], [-115.186641849002, 36.2614652900013], [-115.185097848002, 36.2614782910013], [-115.184722849002, 36.2614892900013], [-115.184597849002, 36.2614932910013], [-115.184472849002, 36.2614962900013], [-115.179974847002, 36.2616072910013], [-115.175451847002, 36.2616942910013], [-115.174083847002, 36.2616942920013], [-115.172384846002, 36.2617302910013], [-115.171459847002, 36.2617162910013], [-115.170976846002, 36.2617222910013], [-115.168765846002, 36.2616992910013], [-115.166496846002, 36.2617452920013], [-115.166004846002, 36.2617422920013], [-115.164530845002, 36.2617362920013], [-115.164039845002, 36.2617342920013], [-115.163747844002, 36.2617342920013], [-115.162874844002, 36.2617362920013], [-115.162584844002, 36.2617372920013], [-115.162200844002, 36.2617422920013], [-115.161787844002, 36.2617312920013], [-115.161464845002, 36.2617082920013], [-115.161378845002, 36.2616962920014], [-115.161325845002, 36.2616902930013], [-115.160924843002, 36.2616092930013], [-115.160725844002, 36.2615632910013], [-115.160544844002, 36.2615032920013], [-115.160408844002, 36.2614502920013], [-115.160310844002, 36.2614122920013], [-115.159956844002, 36.2612602920013], [-115.159778844002, 36.2611962920013], [-115.159657843002, 36.2611572920013], [-115.159542844002, 36.2611262920013], [-115.159410844002, 36.2610902920013], [-115.159157844002, 36.2610372920013], [-115.159030844002, 36.2610162920013], [-115.158772843002, 36.2609852920013], [-115.158577844002, 36.2609712920014], [-115.158317844002, 36.2609652930013], [-115.158122844002, 36.2609712920013], [-115.157862844002, 36.2609912930013], [-115.157537843002, 36.2610342920013], [-115.157259843002, 36.2610842920013], [-115.156985843002, 36.2611452920013], [-115.156683844002, 36.2612272920013], [-115.156400844002, 36.2613202920013], [-115.156203843002, 36.2613952930013], [-115.155848843002, 36.2615312920013], [-115.155604843002, 36.2616062920013], [-115.155355843002, 36.2616682930013], [-115.155165843002, 36.2617052920013], [-115.155037844002, 36.2617252930013], [-115.154844843002, 36.2617482930013], [-115.154728842002, 36.2617572920013], [-115.154714843002, 36.2617592920013], [-115.154220842002, 36.2617802930013], [-115.154228843002, 36.2620082930013], [-115.154204843002, 36.2622182930013], [-115.154162843002, 36.2624262930013], [-115.154135843002, 36.2625292930013], [-115.154122843002, 36.2625672930013], [-115.154085843002, 36.2626822930013], [-115.154025843002, 36.2628332930013], [-115.153931843002, 36.2630302920013], [-115.153849842002, 36.2631732930013], [-115.153654843002, 36.2634842930013], [-115.153506842002, 36.2637672930013], [-115.153410844002, 36.2639842920013], [-115.153305843002, 36.2642782930013], [-115.153226844002, 36.2645792930013], [-115.153196843002, 36.2647302930013], [-115.153191844002, 36.2647602930013], [-115.153163843002, 36.2649592930013], [-115.153143844002, 36.2652652920013], [-115.153141843002, 36.2655572930013], [-115.153140843002, 36.2658842930013], [-115.153140843002, 36.2661402930013], [-115.153139844002, 36.2667232940013], [-115.153139843002, 36.2668682930013], [-115.153139844002, 36.2669592930013], [-115.153138843002, 36.2671962930013], [-115.153137843002, 36.2674542940013], [-115.153135843002, 36.2682312930013], [-115.153135843002, 36.2684902930013], [-115.153134843002, 36.2686312930013], [-115.153133844002, 36.2690532930013], [-115.153133844002, 36.2691952930013], [-115.153134843002, 36.2695712940013], [-115.153135844002, 36.2698492930013], [-115.153137843002, 36.2705032940013], [-115.153137844002, 36.2707012930013], [-115.153138844002, 36.2707912940013], [-115.153139844002, 36.2710782930013], [-115.153137843002, 36.2712452930013], [-115.153133843002, 36.2717472940013], [-115.153132843002, 36.2719152940013], [-115.153133843002, 36.2719592940013], [-115.153136844002, 36.2721112940013], [-115.153143843002, 36.2724292940013], [-115.153148843002, 36.2727012940013], [-115.153152844002, 36.2728982940013], [-115.152825843002, 36.2728892940013], [-115.151845843002, 36.2728632940013], [-115.151519844002, 36.2728552940013], [-115.151132843002, 36.2728492940013], [-115.151012844002, 36.2728482940013]]]}, "properties": {"OBJECTID": 3, "DISTRICT": "C", "TRUSTEE": "Tameka Henry", "LABEL_1": "District C", "LABEL_2": "C - Tameka Henry", "Shape__Area": 1570784771.5507812, "Shape__Length": 217911.69852436913, "district_id": "C"}}, {"type": "Feature", "id": 4, "geometry": {"type": "Polygon", "coordinates": [[[-114.687480756002, 36.2475503200014], [-114.669412752002, 36.2473013220013], [-114.667968752002, 36.2473043220013], [-114.667846749002, 36.2230623190014], [-114.667760749002, 36.2217253180013], [-114.667760749002, 36.2216263190013], [-114.667733750002, 36.2215383190013], [-114.667251748002, 36.2138433190013], [-114.667391748002, 36.2113943170013], [-114.667757748002, 36.2050843170013], [-114.667812747002, 36.1984193160014], [-114.667926746002, 36.1879373150013], [-114.667286745002, 36.1753533140014], [-114.667694744002, 36.1674453130013], [-114.668141743002, 36.1588123120013], [-114.661635741002, 36.1588993120014], [-114.661977741002, 36.1531323110013], [-114.662833741002, 36.1387463100013], [-114.662348740002, 36.1391883100013], [-114.662196740002, 36.1364423100013], [-114.662115739002, 36.1349833090013], [-114.662044739002, 36.1336963090013], [-114.661979740002, 36.1325273090013], [-114.661914740002, 36.1313593090013], [-114.661525738002, 36.1243433080014], [-114.661557738002, 36.1237263080013], [-114.661627739002, 36.1223683070013], [-114.661701738002, 36.1209453080013], [-114.661844738002, 36.1181633070013], [-114.662155738002, 36.1177473070014], [-114.664354739002, 36.1163053070014], [-114.665727738002, 36.1161033070014], [-114.669177739002, 36.1160003060013], [-114.671878739002, 36.1159693060014], [-114.672914740002, 36.1154653060013], [-114.673066740002, 36.1153833060013], [-114.673155740002, 36.1153523060013], [-114.673877740002, 36.1149023060013], [-114.674458741002, 36.1144983060013], [-114.675117740002, 36.1141163060013], [-114.675730740002, 36.1133983060013], [-114.676640740002, 36.1124423060013], [-114.677368740002, 36.1117463050013], [-114.677852740002, 36.1112523060013], [-114.678386741002, 36.1108203050014], [-114.679002741002, 36.1104453050013], [-114.679786741002, 36.1098793060013], [-114.680523741002, 36.1095373060014], [-114.681291740002, 36.1093313050014], [-114.681858741002, 36.1091973050014], [-114.682681741002, 36.1091513050013], [-114.682765741002, 36.1091673050013], [-114.684437742002, 36.1094773040013], [-114.685090742002, 36.1097763050013], [-114.685823742002, 36.1102623050013], [-114.687055743002, 36.1109583050013], [-114.688085742002, 36.1114623050013], [-114.689562743002, 36.1119403040013], [-114.690100743002, 36.1120953040013], [-114.691642743002, 36.1125403040013], [-114.692616743002, 36.1125763040014], [-114.693584743002, 36.1124933040013], [-114.693666744002, 36.1124873040014], [-114.694163744002, 36.1122963040014], [-114.694563744002, 36.1119483040013], [-114.695486744002, 36.1112283040013], [-114.695834744002, 36.1109073040014], [-114.695910744002, 36.1108623050013], [-114.696538743002, 36.1104953040013], [-114.696992744002, 36.1103023040013], [-114.697770745002, 36.1101293040013], [-114.701628745002, 36.1089913030013], [-114.703057745002, 36.1084933030013], [-114.703748745002, 36.1083533040014], [-114.704678745002, 36.1082423030014], [-114.705577746002, 36.1082783040014], [-114.706102746002, 36.1082443040013], [-114.707343745002, 36.1079993030013], [-114.707975745002, 36.1077893030014], [-114.708535747002, 36.1075703030013], [-114.709280746002, 36.1074013030014], [-114.710264746002, 36.1073783030014], [-114.711345746002, 36.1072693030013], [-114.714348747002, 36.1073273030013], [-114.715375747002, 36.1073473030013], [-114.715713747002, 36.1073263030013], [-114.717209747002, 36.1072973020013], [-114.718268748002, 36.1071693020013], [-114.725152749002, 36.1060783020014], [-114.725983749002, 36.1059463020013], [-114.726074749002, 36.1059323020013], [-114.731600750002, 36.1051083010013], [-114.734096750002, 36.1046773000013], [-114.734868750002, 36.1044313010013], [-114.735771750002, 36.1040583010014], [-114.736765750002, 36.1035573010014], [-114.737508751002, 36.1031073010014], [-114.739213751002, 36.1019003010013], [-114.745094751002, 36.0977172990014], [-114.748924752002, 36.0951882990013], [-114.749158751002, 36.0948992990014], [-114.750106752002, 36.0922802990013], [-114.751454753002, 36.0907692980013], [-114.752847753002, 36.0893982980013], [-114.753795752002, 36.0878122980014], [-114.754519753002, 36.0861762970014], [-114.754692752002, 36.0850572970013], [-114.754043752002, 36.0830982970013], [-114.750581751002, 36.0803352970013], [-114.748902750002, 36.0749862960014], [-114.747736750002, 36.0738992960013], [-114.745247749002, 36.0725162970013], [-114.743553748002, 36.0710422970013], [-114.742342749002, 36.0691562960014], [-114.742149748002, 36.0686812960014], [-114.742211749002, 36.0678382960013], [-114.741140748002, 36.0654592960013], [-114.744419749002, 36.0661862960014], [-114.755625751002, 36.0731952960013], [-114.771166754002, 36.0821022960014], [-114.798456761002, 36.0971432960013], [-114.809229765002, 36.1025742960013], [-114.819600766002, 36.1078022960013], [-114.833697769002, 36.1133522960013], [-114.846542773002, 36.1178682950013], [-114.850259773002, 36.1176882950013], [-114.854287774002, 36.1180772950013], [-114.859176775002, 36.1203002940013], [-114.861704776002, 36.1221882950013], [-114.862343776002, 36.1239112950013], [-114.862612776002, 36.1251802950014], [-114.866587777002, 36.1283922960013], [-114.870745779002, 36.1302902960013], [-114.872079779002, 36.1312172950013], [-114.873301778002, 36.1321472950013], [-114.873675779002, 36.1322282960013], [-114.874760778002, 36.1324882950013], [-114.874940779002, 36.1324812950013], [-114.875156778002, 36.1324462950014], [-114.875385779002, 36.1323352960013], [-114.875718779002, 36.1321892950013], [-114.876197779002, 36.1319742950014], [-114.876517779002, 36.1317512960013], [-114.876760779002, 36.1316472950013], [-114.876989779002, 36.1316682950013], [-114.877253780002, 36.1319252950013], [-114.877579780002, 36.1322312950013], [-114.877670779002, 36.1322862950013], [-114.877940780002, 36.1325012950013], [-114.878197780002, 36.1326062960013], [-114.878447780002, 36.1326262950013], [-114.878753779002, 36.1326262950014], [-114.879336779002, 36.1325292950013], [-114.879656779002, 36.1323832950014], [-114.880114781002, 36.1321542950014], [-114.880315780002, 36.1320152950013], [-114.880565780002, 36.1316682950013], [-114.880600780002, 36.1313632950013], [-114.880690780002, 36.1311192950014], [-114.880829780002, 36.1308352950013], [-114.881100780002, 36.1305782950014], [-114.881531780002, 36.1303492950013], [-114.882003780002, 36.1301132950013], [-114.882406780002, 36.1299672940013], [-114.883100780002, 36.1298632950013], [-114.883598780002, 36.1298632950013], [-114.883913781002, 36.1298632940013], [-114.884364781002, 36.1298562950013], [-114.885135780002, 36.1297792950013], [-114.885468781002, 36.1297172940013], [-114.885857781002, 36.1296402940013], [-114.886211781002, 36.1294672940013], [-114.886468781002, 36.1293972940013], [-114.886829782002, 36.1293352940013], [-114.887184782002, 36.1293142940013], [-114.887413781002, 36.1293692940014], [-114.887621781002, 36.1294942940013], [-114.887996781002, 36.1296122940013], [-114.888586782002, 36.1297442940013], [-114.888815781002, 36.1297442950014], [-114.888913781002, 36.1297242950013], [-114.889163782002, 36.1296262940013], [-114.889447782002, 36.1295292940014], [-114.889947782002, 36.1294812940014], [-114.890288782002, 36.1292862940013], [-114.890642782002, 36.1290782940013], [-114.891045782002, 36.1288492950014], [-114.891510782002, 36.1286262930013], [-114.891815781002, 36.1283692940013], [-114.892177782002, 36.1279042930013], [-114.892864782002, 36.1271682940013], [-114.893593782002, 36.1264182940013], [-114.894371782002, 36.1259532940013], [-114.895246782002, 36.1257032930013], [-114.895656783002, 36.1254962930013], [-114.895899782002, 36.1254262930013], [-114.896194782002, 36.1253042930013], [-114.896493782002, 36.1252642930013], [-114.896744782002, 36.1252582930013], [-114.897116782002, 36.1251392930013], [-114.897234782002, 36.1250692930013], [-114.897269782002, 36.1250482930013], [-114.897285783002, 36.1250212940014], [-114.897351782002, 36.1249502920013], [-114.897419783002, 36.1249022930013], [-114.897508783002, 36.1248382930013], [-114.897607783002, 36.1247792930013], [-114.897815783002, 36.1246132920013], [-114.898024782002, 36.1244112920013], [-114.898454782002, 36.1241402930013], [-114.898899783002, 36.1238832930013], [-114.899024783002, 36.1238562930013], [-114.899454783002, 36.1237512920014], [-114.899781782002, 36.1236262920013], [-114.900072783002, 36.1234672930013], [-114.900239783002, 36.1233562930013], [-114.900649783002, 36.1231682920013], [-114.900933783002, 36.1231472930013], [-114.901246783002, 36.1231612920013], [-114.901739783002, 36.1231892930013], [-114.902058783002, 36.1232312920013], [-114.902503783002, 36.1232582930013], [-114.902774784002, 36.1231892930013], [-114.903121783002, 36.1229462930013], [-114.903887784002, 36.1225532930013], [-114.904910784002, 36.1222402920014], [-114.904889784002, 36.1223842930013], [-114.904832784002, 36.1226932920013], [-114.904748783002, 36.1229372930013], [-114.904611784002, 36.1232792920013], [-114.904500784002, 36.1234682920013], [-114.904405783002, 36.1236022930013], [-114.904301784002, 36.1237172920013], [-114.903999784002, 36.1240232920013], [-114.903723783002, 36.1243232920013], [-114.903644784002, 36.1244482920013], [-114.903621783002, 36.1244962930013], [-114.903594783002, 36.1245512920013], [-114.903576784002, 36.1245992930014], [-114.903550784002, 36.1246702930013], [-114.903527783002, 36.1247672930013], [-114.903520784002, 36.1248822920013], [-114.903520783002, 36.1249302920013], [-114.903520783002, 36.1250432920013], [-114.903520784002, 36.1251002920013], [-114.903533783002, 36.1252112930013], [-114.903556783002, 36.1252992920013], [-114.903599783002, 36.1254332930013], [-114.903645783002, 36.1255412920013], [-114.903705784002, 36.1256482930013], [-114.903752784002, 36.1257162920013], [-114.903848784002, 36.1258282920013], [-114.904008784002, 36.1260002930013], [-114.904509784002, 36.1265142930013], [-114.904811784002, 36.1268162930013], [-114.904999784002, 36.1270152930013], [-114.905303784002, 36.1273352930013], [-114.906129785002, 36.1281682930013], [-114.906412783002, 36.1284622930013], [-114.906599785002, 36.1286642920013], [-114.906761785002, 36.1288772920013], [-114.906886784002, 36.1290522930013], [-114.906995784002, 36.1292302930013], [-114.907235785002, 36.1297242930013], [-114.907295785002, 36.1298642930013], [-114.907343784002, 36.1300012920013], [-114.907369784002, 36.1301052930013], [-114.907454785002, 36.1305042930013], [-114.907461785002, 36.1306052930013], [-114.907445784002, 36.1310102930013], [-114.907457785002, 36.1311392930013], [-114.907484785002, 36.1312952930013], [-114.907543784002, 36.1315792930013], [-114.907575785002, 36.1317052930013], [-114.907597785002, 36.1317692930013], [-114.907676785002, 36.1319582920013], [-114.907746785002, 36.1321052930013], [-114.907988785002, 36.1325292930013], [-114.908123786002, 36.1327752930013], [-114.908185785002, 36.1329002930013], [-114.908301786002, 36.1332152930013], [-114.908328785002, 36.1333202930013], [-114.908347786002, 36.1334252930014], [-114.908358786002, 36.1335392930013], [-114.908361785002, 36.1335632930013], [-114.908363786002, 36.1337012940013], [-114.908354785002, 36.1338142940013], [-114.908310785002, 36.1340652930013], [-114.908272785002, 36.1342032930013], [-114.908221785002, 36.1343282930013], [-114.908124785002, 36.1345172930013], [-114.907964785002, 36.1347752930013], [-114.907883785002, 36.1348892930014], [-114.907840786002, 36.1349382940013], [-114.907747786002, 36.1350312940013], [-114.907647785002, 36.1351192940013], [-114.907549785002, 36.1351982940013], [-114.907445786002, 36.1352722940014], [-114.907335785002, 36.1353402940013], [-114.907223785002, 36.1353982930013], [-114.907105785002, 36.1354512930013], [-114.907019786002, 36.1354862940013], [-114.906985785002, 36.1354992940013], [-114.906772785002, 36.1355702940013], [-114.905887785002, 36.1358322940013], [-114.905325785002, 36.1360112930013], [-114.905189785002, 36.1360542940014], [-114.904129785002, 36.1363682940013], [-114.903773785002, 36.1364772940013], [-114.903290784002, 36.1366512930013], [-114.903052785002, 36.1367422950013], [-114.902687785002, 36.1368932940013], [-114.902305784002, 36.1370682940014], [-114.902103785002, 36.1371712940013], [-114.900300784002, 36.1381262950013], [-114.899639784002, 36.1384602950014], [-114.899315785002, 36.1386122950013], [-114.898997784002, 36.1387472950013], [-114.898409784002, 36.1389722940013], [-114.898139784002, 36.1390622940013], [-114.898095784002, 36.1390752950013], [-114.897910784002, 36.1391292950013], [-114.897677783002, 36.1391892950013], [-114.897148784002, 36.1393122950013], [-114.896852783002, 36.1393732940013], [-114.896151784002, 36.1395022950013], [-114.894676784002, 36.1397572950013], [-114.894346782002, 36.1398212950013], [-114.894057784002, 36.1398922950013], [-114.893772782002, 36.1399712950014], [-114.893526782002, 36.1400462950013], [-114.893353784002, 36.1401012950014], [-114.893300783002, 36.1401162950013], [-114.893249783002, 36.1401352950013], [-114.893049783002, 36.1401992950013], [-114.892817783002, 36.1402792950013], [-114.892540783002, 36.1403892950013], [-114.892268783002, 36.1405082950014], [-114.891974784002, 36.1406492950013], [-114.891542783002, 36.1408642950013], [-114.891267783002, 36.1410112960013], [-114.891190783002, 36.1410652950013], [-114.890969783002, 36.1412372960013], [-114.890823783002, 36.1413392950013], [-114.890469782002, 36.1415742960013], [-114.890375783002, 36.1416372950014], [-114.890175783002, 36.1417812960013], [-114.889848782002, 36.1420342950013], [-114.889718783002, 36.1421402960013], [-114.889467783002, 36.1423582960013], [-114.889254782002, 36.1425602960013], [-114.888829782002, 36.1429912960013], [-114.888764783002, 36.1430742950013], [-114.888455782002, 36.1434842960013], [-114.887928782002, 36.1441482960013], [-114.887793782002, 36.1443192960013], [-114.887658782002, 36.1444962960013], [-114.887488783002, 36.1447522950013], [-114.887397783002, 36.1448772950013], [-114.887272783002, 36.1450192960013], [-114.887138783002, 36.1451562960013], [-114.887036783002, 36.1452532960014], [-114.886854782002, 36.1454092950013], [-114.886614782002, 36.1455822960013], [-114.886511782002, 36.1456482960013], [-114.886187782002, 36.1458332960013], [-114.885999782002, 36.1459232970013], [-114.885876783002, 36.1459742960013], [-114.886242782002, 36.1495392960014], [-114.886319783002, 36.1496192970013], [-114.887192783002, 36.1505682970013], [-114.887219783002, 36.1508432970013], [-114.887259784002, 36.1510182970014], [-114.887363783002, 36.1512872960013], [-114.887460783002, 36.1514902970014], [-114.887619783002, 36.1517442960013], [-114.887722783002, 36.1518782970013], [-114.887804783002, 36.1519642970013], [-114.888070783002, 36.1522422970013], [-114.888273784002, 36.1524152970013], [-114.888632784002, 36.1526942970013], [-114.890036783002, 36.1538592970013], [-114.890535783002, 36.1542742970013], [-114.890957785002, 36.1546022960013], [-114.891270785002, 36.1548222970014], [-114.891437784002, 36.1549132970013], [-114.891892785002, 36.1551162980013], [-114.892208785002, 36.1552352960013], [-114.892539785002, 36.1553322970013], [-114.892890784002, 36.1554032970013], [-114.893387785002, 36.1554592970013], [-114.893882785002, 36.1554982970013], [-114.894215785002, 36.1555112970013], [-114.895636786002, 36.1555232970013], [-114.896504786002, 36.1555522960013], [-114.897070785002, 36.1555932970013], [-114.897455786002, 36.1556382970013], [-114.898122786002, 36.1557922960013], [-114.898351786002, 36.1558602970013], [-114.898484786002, 36.1559002970013], [-114.898881785002, 36.1560522960013], [-114.899301785002, 36.1562562960013], [-114.899707785002, 36.1565062960013], [-114.899883786002, 36.1566332970013], [-114.900030785002, 36.1567582960013], [-114.900631786002, 36.1573232960014], [-114.900763785002, 36.1574592970013], [-114.901260786002, 36.1579752970013], [-114.901320786002, 36.1580372960013], [-114.901769786002, 36.1584302970013], [-114.901955786002, 36.1585712970013], [-114.902877787002, 36.1592672970013], [-114.903432786002, 36.1597282970013], [-114.903913787002, 36.1601062970013], [-114.904200787002, 36.1602892970014], [-114.904720787002, 36.1605662970013], [-114.904866786002, 36.1606612970013], [-114.905052788002, 36.1608772970013], [-114.905239787002, 36.1610562970013], [-114.905592787002, 36.1613322970013], [-114.906098787002, 36.1617552970013], [-114.907443787002, 36.1628232970013], [-114.907864788002, 36.1631912970013], [-114.908183789002, 36.1635182970013], [-114.908633788002, 36.1640192970013], [-114.908908788002, 36.1643842970013], [-114.910344789002, 36.1665482970013], [-114.910830789002, 36.1674242970013], [-114.911303790002, 36.1683982970013], [-114.911418790002, 36.1686682970014], [-114.911606789002, 36.1691902980013], [-114.912152789002, 36.1710842970013], [-114.912290789002, 36.1715202980013], [-114.912715790002, 36.1727452970013], [-114.912784790002, 36.1729672980013], [-114.912991790002, 36.1736332980013], [-114.913047790002, 36.1738112970013], [-114.913059790002, 36.1738562980013], [-114.913211790002, 36.1744192980013], [-114.913586790002, 36.1756322980013], [-114.913607790002, 36.1756962980013], [-114.913775790002, 36.1761972970013], [-114.913942790002, 36.1765282980013], [-114.914378791002, 36.1772562980013], [-114.915175791002, 36.1784512980013], [-114.916336791002, 36.1802272980013], [-114.916566792002, 36.1806202980014], [-114.916684791002, 36.1808212980014], [-114.916891792002, 36.1812112990013], [-114.917115792002, 36.1817352990013], [-114.917232792002, 36.1820562990013], [-114.917334791002, 36.1823752990013], [-114.917445792002, 36.1827252980013], [-114.918119793002, 36.1846642990014], [-114.918432792002, 36.1856182980013], [-114.918443792002, 36.1856532980013], [-114.918758792002, 36.1867042980013], [-114.919339792002, 36.1883932990013], [-114.919824793002, 36.1899033000013], [-114.920045793002, 36.1904262990014], [-114.920333793002, 36.1909853000014], [-114.920343793002, 36.1909992990013], [-114.920721793002, 36.1915382990013], [-114.921064794002, 36.1919552990013], [-114.921379793002, 36.1922412990013], [-114.922548794002, 36.1932403000013], [-114.922951793002, 36.1935653000013], [-114.923607795002, 36.1940162990013], [-114.924087794002, 36.1943232990013], [-114.924612795002, 36.1946362990013], [-114.925336794002, 36.1950312990013], [-114.925507794002, 36.1951143000014], [-114.925899795002, 36.1952763000013], [-114.926427795002, 36.1954702990014], [-114.927196795002, 36.1957162990013], [-114.928004795002, 36.1960182990013], [-114.928553795002, 36.1962572990013], [-114.929287795002, 36.1966252990013], [-114.931065795002, 36.1977012990013], [-114.931630795002, 36.1980662990013], [-114.932710796002, 36.1987323000014], [-114.933149796002, 36.1990092990013], [-114.935097797002, 36.2002373000013], [-114.936765798002, 36.2012593000013], [-114.937120797002, 36.2014442990013], [-114.937654798002, 36.2016872990013], [-114.939106797002, 36.2023843000013], [-114.940850798002, 36.2031982990013], [-114.941046798002, 36.2032963000013], [-114.941119797002, 36.2033343000013], [-114.941232798002, 36.2033862990013], [-114.941796798002, 36.2036472990013], [-114.941985798002, 36.2037342990014], [-114.943409799002, 36.2043922990013], [-114.943471798002, 36.2044213000013], [-114.944859798002, 36.2050882990014], [-114.946252799002, 36.2057172990014], [-114.946637799002, 36.2058673000013], [-114.947182800002, 36.2060482990013], [-114.947707799002, 36.2061972990013], [-114.947743799002, 36.2062053000014], [-114.948349800002, 36.2063412990013], [-114.949141800002, 36.2064603000013], [-114.949288800002, 36.2064723000013], [-114.949725801002, 36.2065092990013], [-114.950495800002, 36.2065382990013], [-114.954125801002, 36.2066192990013], [-114.955335801002, 36.2066472990013], [-114.956525801002, 36.2066742980013], [-114.956584801002, 36.2066752990013], [-114.958993802002, 36.2067012980013], [-114.959222802002, 36.2066802980013], [-114.959689802002, 36.2066392980013], [-114.962370803002, 36.2062172980013], [-114.962834803002, 36.2061442980013], [-114.965022802002, 36.2057702990013], [-114.965593803002, 36.2056602970013], [-114.966245803002, 36.2055082980013], [-114.966629804002, 36.2053952980013], [-114.967729803002, 36.2049832980013], [-114.968542803002, 36.2046482980013], [-114.970489804002, 36.2038902980013], [-114.973250803002, 36.2028162970013], [-114.973807804002, 36.2025842970013], [-114.974111804002, 36.2024722980013], [-114.974273804002, 36.2024132970013], [-114.975005804002, 36.2022282980014], [-114.976274804002, 36.2019532970013], [-114.979161805002, 36.2013292970013], [-114.980697805002, 36.2010162970013], [-114.981853806002, 36.2008912970013], [-114.982231805002, 36.2008802970013], [-114.982522805002, 36.2008962960013], [-114.982844806002, 36.2009372960013], [-114.982980805002, 36.2009552970013], [-114.983230805002, 36.2010062960014], [-114.983574806002, 36.2011402970013], [-114.983840806002, 36.2012712960013], [-114.984243806002, 36.2015252960013], [-114.984807806002, 36.2019262960014], [-114.985121806002, 36.2021492960014], [-114.985287807002, 36.2022682960013], [-114.985815806002, 36.2026022960013], [-114.986064807002, 36.2027092960013], [-114.986118806002, 36.2027252960013], [-114.986436806002, 36.2028232970013], [-114.986489807002, 36.2028322970013], [-114.986611806002, 36.2028542960013], [-114.986883806002, 36.2028752970013], [-114.986970806002, 36.2028832970013], [-114.987418807002, 36.2028792970013], [-114.987584806002, 36.2028582970013], [-114.987918807002, 36.2027832960013], [-114.988057806002, 36.2027402960013], [-114.988437807002, 36.2026252970013], [-114.988847808002, 36.2024992970013], [-114.989139807002, 36.2024112970013], [-114.989840807002, 36.2021982960013], [-114.990078808002, 36.2021212960013], [-114.990163807002, 36.2020942960013], [-114.990487808002, 36.2019902960013], [-114.990481807002, 36.2016372960013], [-114.990474807002, 36.2013212960013], [-114.990474808002, 36.2012852960013], [-114.990469807002, 36.2009752960013], [-114.990532807002, 36.1964032950013], [-114.990625806002, 36.1897272950013], [-114.991839807002, 36.1878582950013], [-114.993333806002, 36.1856002940013], [-114.993654807002, 36.1840302940013], [-114.994013805002, 36.1810002930013], [-114.995504806002, 36.1788562930013], [-114.996964806002, 36.1768262920013], [-114.998281806002, 36.1748392930013], [-114.998350806002, 36.1734772930014], [-114.998766806002, 36.1734822930013], [-115.000839806002, 36.1735082920013], [-115.002343806002, 36.1735492920013], [-115.008135807002, 36.1736772910013], [-115.016501809002, 36.1738642910013], [-115.016576809002, 36.1738842910013], [-115.016731809002, 36.1738312910013], [-115.016741809002, 36.1728262910013], [-115.016742809002, 36.1728082910013], [-115.016743809002, 36.1727862910013], [-115.016747809002, 36.1726952910013], [-115.016740809002, 36.1721332910014], [-115.016763809002, 36.1716742910013], [-115.016769809002, 36.1711132910013], [-115.016766808002, 36.1704362910013], [-115.016775808002, 36.1701712900013], [-115.016781808002, 36.1699832910013], [-115.016803809002, 36.1694192910013], [-115.016811809002, 36.1692322900013], [-115.016811809002, 36.1691402910013], [-115.016811809002, 36.1690492910014], [-115.016811809002, 36.1690342910013], [-115.016811808002, 36.1686482900013], [-115.016811809002, 36.1684432900013], [-115.016812809002, 36.1682472910013], [-115.016813808002, 36.1681952910013], [-115.016815809002, 36.1680602910013], [-115.016820809002, 36.1677542900013], [-115.016824808002, 36.1674992900013], [-115.016827808002, 36.1673132900013], [-115.016832808002, 36.1671462910013], [-115.016836809002, 36.1670612900013], [-115.016834808002, 36.1666442900014], [-115.016834808002, 36.1665682900013], [-115.016854809002, 36.1664802910013], [-115.017017809002, 36.1664842900013], [-115.017507809002, 36.1664972910013], [-115.017671809002, 36.1665022900013], [-115.017975808002, 36.1664992900013], [-115.018887808002, 36.1664942900014], [-115.019192809002, 36.1664922900013], [-115.019220809002, 36.1664932900013], [-115.019306809002, 36.1664992900013], [-115.019335809002, 36.1665012900013], [-115.019437808002, 36.1665062900013], [-115.019618810002, 36.1665062900013], [-115.020470809002, 36.1665102900013], [-115.020755809002, 36.1665122900013], [-115.020877809002, 36.1665152900014], [-115.021242809002, 36.1665262900013], [-115.021365809002, 36.1665302900013], [-115.021455809002, 36.1665302900013], [-115.021727810002, 36.1665302900013], [-115.021818810002, 36.1665302900013], [-115.022089810002, 36.1665292890013], [-115.022902809002, 36.1665292900013], [-115.023174809002, 36.1665292900013], [-115.023427810002, 36.1665302890013], [-115.024185810002, 36.1665352900013], [-115.024439809002, 36.1665372900013], [-115.024722810002, 36.1665412900013], [-115.025345810002, 36.1665502900013], [-115.025571810002, 36.1665562890013], [-115.025854809002, 36.1665652900013], [-115.025853810002, 36.1662072890013], [-115.025853810002, 36.1661952900013], [-115.025864809002, 36.1650882890013], [-115.025868810002, 36.1647202890013], [-115.025862810002, 36.1646372890013], [-115.025862811002, 36.1644142890013], [-115.025864810002, 36.1643692890013], [-115.025863811002, 36.1643482890013], [-115.025862810002, 36.1643242900013], [-115.025861809002, 36.1632322890013], [-115.025861810002, 36.1628602900013], [-115.025866809002, 36.1626232890013], [-115.025875810002, 36.1622912890013], [-115.025870810002, 36.1619142890013], [-115.025868810002, 36.1616782900013], [-115.025882809002, 36.1614822890013], [-115.025878810002, 36.1613782890013], [-115.025876810002, 36.1612922900013], [-115.025864810002, 36.1609502880013], [-115.025871810002, 36.1604782890013], [-115.025877810002, 36.1601792890013], [-115.025875810002, 36.1599872890013], [-115.025872809002, 36.1596652890013], [-115.025886809002, 36.1594132890013], [-115.025898810002, 36.1592222890013], [-115.026275810002, 36.1592232890013], [-115.026361810002, 36.1592242890013], [-115.027409810002, 36.1592522880013], [-115.027787810002, 36.1592632890013], [-115.027825810002, 36.1592642890013], [-115.027940809002, 36.1592672890013], [-115.027979810002, 36.1592682880013], [-115.028251809002, 36.1592772880013], [-115.029067810002, 36.1593072890013], [-115.029339810002, 36.1593172880013], [-115.029596811002, 36.1593202890013], [-115.030370811002, 36.1593292890013], [-115.030628811002, 36.1593322890014], [-115.030873810002, 36.1593392880013], [-115.031076811002, 36.1593462890013], [-115.031610811002, 36.1593692880013], [-115.031856811002, 36.1593812890013], [-115.031897811002, 36.1593822890014], [-115.032487811002, 36.1593932880013], [-115.033078811002, 36.1594042890013], [-115.033920811002, 36.1594502880014], [-115.034224812002, 36.1594532880013], [-115.034324811002, 36.1594482890013], [-115.035104811002, 36.1594712880014], [-115.035357812002, 36.1594732890013], [-115.035434812002, 36.1594732890013], [-115.035686811002, 36.1594732890013], [-115.036019811002, 36.1594732880013], [-115.036443811002, 36.1594732880013], [-115.036604811002, 36.1594732880013], [-115.036696811002, 36.1594772880013], [-115.037113811002, 36.1594722880013], [-115.038364812002, 36.1594592880013], [-115.038526812002, 36.1594582880014], [-115.038582812002, 36.1594552890013], [-115.038638812002, 36.1594562880013], [-115.038781812002, 36.1594552880013], [-115.038993812002, 36.1594532880013], [-115.039631813002, 36.1594482880013], [-115.039844812002, 36.1594472880013], [-115.040080812002, 36.1594452880013], [-115.040789811002, 36.1594402880013], [-115.041026812002, 36.1594392880013], [-115.041169812002, 36.1594392880013], [-115.041599813002, 36.1594392880013], [-115.041743813002, 36.1594402880013], [-115.041913813002, 36.1594402880013], [-115.042425812002, 36.1594412880013], [-115.042596813002, 36.1594422880013], [-115.042738813002, 36.1594392880013], [-115.043165812002, 36.1594342880013], [-115.043308813002, 36.1594322870013], [-115.043604812002, 36.1594272880013], [-115.043718813002, 36.1594262880013], [-115.044128812002, 36.1594202870013], [-115.044346814002, 36.1594102880014], [-115.044492813002, 36.1594102880013], [-115.044620813002, 36.1594112880013], [-115.044655813002, 36.1594112880013], [-115.044789813002, 36.1594102870013], [-115.044976813002, 36.1594082880013], [-115.045537814002, 36.1594062870013], [-115.045725813002, 36.1594052870013], [-115.045911813002, 36.1594072880013], [-115.046470813002, 36.1594142870013], [-115.046657813002, 36.1594172870013], [-115.046806813002, 36.1594172880013], [-115.047256813002, 36.1594202880013], [-115.047406814002, 36.1594222870013], [-115.048894813002, 36.1594042870013], [-115.051396814002, 36.1593882870013], [-115.051497815002, 36.1593852870013], [-115.051903814002, 36.1593922870013], [-115.053362814002, 36.1593902870013], [-115.053851814002, 36.1593672870013], [-115.054671815002, 36.1593372880013], [-115.056029815002, 36.1592772870013], [-115.056138815002, 36.1592752860013], [-115.056166815002, 36.1592752870013], [-115.056466815002, 36.1592642870013], [-115.056576815002, 36.1592612870013], [-115.056672815002, 36.1592572870013], [-115.056964815002, 36.1592472880013], [-115.057061815002, 36.1592442860013], [-115.057213816002, 36.1592352870013], [-115.057451815002, 36.1592212860013], [-115.057670815002, 36.1592162870013], [-115.057823815002, 36.1592132870013], [-115.058381815002, 36.1591922870013], [-115.058549816002, 36.1591862860014], [-115.058919816002, 36.1591732870013], [-115.060055815002, 36.1591242860013], [-115.060614816002, 36.1591012860013], [-115.060963817002, 36.1591022860013], [-115.061803816002, 36.1591062870013], [-115.062011815002, 36.1591092870013], [-115.062236816002, 36.1591132870013], [-115.062361815002, 36.1591122870013], [-115.062363816002, 36.1590372870013], [-115.062365816002, 36.1589402860013], [-115.062377816002, 36.1584002870013], [-115.062380815002, 36.1582582870013], [-115.062415816002, 36.1576182860013], [-115.062433816002, 36.1574612860013], [-115.062462816002, 36.1573032860013], [-115.062539816002, 36.1569642860013], [-115.062632816002, 36.1566022870013], [-115.062658816002, 36.1565232860013], [-115.062719816002, 36.1563302860013], [-115.062822816002, 36.1560532860013], [-115.062878816002, 36.1559262860013], [-115.062817816002, 36.1558802860013], [-115.062766816002, 36.1558422860013], [-115.062701816002, 36.1557932860013], [-115.062673816002, 36.1557662860013], [-115.062497816002, 36.1556832860013], [-115.062423816002, 36.1556062860014], [-115.062335815002, 36.1555512860013], [-115.062044816002, 36.1553982860013], [-115.061922815002, 36.1553592860013], [-115.061603816002, 36.1552222860013], [-115.061285815002, 36.1551062870013], [-115.061000815002, 36.1550242860013], [-115.060790815002, 36.1549582860013], [-115.060275816002, 36.1548322860013], [-115.060160816002, 36.1548152860013], [-115.060000815002, 36.1547592860013], [-115.059923815002, 36.1547332860013], [-115.059844815002, 36.1547092860013], [-115.059056815002, 36.1544752860013], [-115.058765814002, 36.1543542860013], [-115.058568815002, 36.1542662860013], [-115.058365814002, 36.1541832860013], [-115.057938814002, 36.1539472860013], [-115.057451815002, 36.1535952860013], [-115.057362815002, 36.1535302860013], [-115.057051815002, 36.1533152860014], [-115.056848814002, 36.1531612860013], [-115.056346814002, 36.1527552860013], [-115.056279814002, 36.1527382860013], [-115.056041815002, 36.1525962860013], [-115.055892815002, 36.1524422860013], [-115.055798814002, 36.1523212860013], [-115.055710814002, 36.1521842870013], [-115.055384814002, 36.1518872860013], [-115.055168814002, 36.1516122860013], [-115.055059814002, 36.1514972860013], [-115.054944814002, 36.1513592860013], [-115.054761815002, 36.1510852860013], [-115.054680815002, 36.1509802860013], [-115.054646814002, 36.1509142860013], [-115.054294815002, 36.1505462860013], [-115.054016813002, 36.1501622860013], [-115.053793814002, 36.1498152860013], [-115.053698813002, 36.1496892860013], [-115.053501814002, 36.1493542860013], [-115.053319813002, 36.1490132860014], [-115.053251814002, 36.1489532860013], [-115.053245814002, 36.1489382860013], [-115.053183814002, 36.1487772860013], [-115.053149813002, 36.1483762860013], [-115.053102813002, 36.1482112860013], [-115.053027814002, 36.1476512860013], [-115.053061814002, 36.1475682860014], [-115.053061814002, 36.1474972860013], [-115.053028813002, 36.1467942860013], [-115.053034813002, 36.1466242860013], [-115.053041814002, 36.1459922850013], [-115.053033813002, 36.1459072860013], [-115.053002813002, 36.1458982860013], [-115.052095812002, 36.1455782850013], [-115.051906813002, 36.1454942860013], [-115.051758813002, 36.1454282850013], [-115.051595813002, 36.1453462860013], [-115.051131813002, 36.1450932850013], [-115.050719812002, 36.1448962860013], [-115.050433813002, 36.1447832860013], [-115.050354812002, 36.1447582860013], [-115.050048812002, 36.1446622850013], [-115.049808813002, 36.1446092860013], [-115.049472812002, 36.1445682860013], [-115.049245813002, 36.1445552860013], [-115.048904812002, 36.1445482860013], [-115.048497812002, 36.1445542860013], [-115.047298812002, 36.1445742860013], [-115.047301811002, 36.1441362860013], [-115.047312812002, 36.1428232860013], [-115.047316811002, 36.1423862850013], [-115.047326811002, 36.1420312860013], [-115.047331812002, 36.1418842860013], [-115.047347812002, 36.1413812850013], [-115.047351812002, 36.1409972860013], [-115.047351811002, 36.1409662860013], [-115.047355812002, 36.1406122850013], [-115.047382812002, 36.1405942850013], [-115.047386812002, 36.1403792860013], [-115.047393811002, 36.1399932850013], [-115.047481812002, 36.1400012860013], [-115.047751812002, 36.1400142850013], [-115.048179812002, 36.1400362850013], [-115.048565812002, 36.1400402850013], [-115.048612812002, 36.1400412860013], [-115.048836811002, 36.1400302850013], [-115.048890812002, 36.1399922860013], [-115.049330812002, 36.1398882840013], [-115.049353811002, 36.1399032850013], [-115.049748812002, 36.1399462840014], [-115.050565812002, 36.1402222850013], [-115.050934812002, 36.1401692850013], [-115.051863813002, 36.1404762850013], [-115.052449812002, 36.1407202840013], [-115.052811812002, 36.1408712850013], [-115.053452812002, 36.1411042850013], [-115.053902812002, 36.1412672850013], [-115.054200813002, 36.1413822850013], [-115.054288812002, 36.1414432850013], [-115.054396812002, 36.1414872850013], [-115.054566814002, 36.1415642850013], [-115.054606812002, 36.1416022850013], [-115.054952813002, 36.1417622850013], [-115.055331813002, 36.1419592850013], [-115.055358813002, 36.1419672850013], [-115.055500814002, 36.1420142850014], [-115.055663813002, 36.1421302850013], [-115.055988814002, 36.1422622850013], [-115.056164813002, 36.1423272850014], [-115.056523813002, 36.1424432850013], [-115.056869813002, 36.1425092850014], [-115.057006813002, 36.1425252850013], [-115.057146813002, 36.1425422840013], [-115.057681814002, 36.1425312850014], [-115.057966813002, 36.1425032860013], [-115.057994814002, 36.1424982850013], [-115.058318813002, 36.1424482850013], [-115.059144814002, 36.1422892850013], [-115.059368814002, 36.1422232850013], [-115.060133814002, 36.1421302850013], [-115.060607814002, 36.1421132840013], [-115.060934814002, 36.1421262850013], [-115.061021815002, 36.1421302840013], [-115.061109814002, 36.1421572850013], [-115.061271814002, 36.1421632840013], [-115.061914814002, 36.1422652840013], [-115.061962815002, 36.1422732840013], [-115.062551815002, 36.1423392850013], [-115.062623815002, 36.1423392850013], [-115.062985814002, 36.1423442840013], [-115.063039814002, 36.1423222850013], [-115.063371815002, 36.1423662840013], [-115.063642816002, 36.1423712840013], [-115.063906815002, 36.1423442840013], [-115.064755815002, 36.1423402840013], [-115.065394815002, 36.1423372840013], [-115.065469815002, 36.1423372840013], [-115.065535815002, 36.1423372840013], [-115.068980816002, 36.1423212850013], [-115.070895817002, 36.1423122840013], [-115.071013816002, 36.1423112840013], [-115.074190817002, 36.1422972840013], [-115.074419816002, 36.1422952840013], [-115.076287818002, 36.1422872840013], [-115.078686818002, 36.1422772840013], [-115.079072817002, 36.1422992840013], [-115.079502817002, 36.1424012840013], [-115.080366818002, 36.1426062840013], [-115.081849818002, 36.1429472840013], [-115.082127818002, 36.1429852830013], [-115.082736818002, 36.1430182840013], [-115.082784817002, 36.1430122840013], [-115.082947818002, 36.1430132830013], [-115.089000819002, 36.1430492830013], [-115.089583820002, 36.1430722830013], [-115.090050820002, 36.1429442830013], [-115.090318819002, 36.1427922830013], [-115.090633820002, 36.1425472830013], [-115.091085820002, 36.1422882820013], [-115.091079819002, 36.1419352830013], [-115.091049820002, 36.1415732830013], [-115.091024820002, 36.1412822830013], [-115.090990819002, 36.1409722830013], [-115.090977819002, 36.1408822830013], [-115.090929819002, 36.1405332830013], [-115.090933820002, 36.1404982830013], [-115.090911820002, 36.1404072820013], [-115.090907820002, 36.1403762830014], [-115.090779820002, 36.1394432830013], [-115.090659820002, 36.1385672820013], [-115.090645819002, 36.1384782820013], [-115.090354820002, 36.1366512820013], [-115.090346819002, 36.1365982820013], [-115.090237819002, 36.1358662820013], [-115.090215819002, 36.1357202810013], [-115.090200819002, 36.1356462820013], [-115.090174820002, 36.1354732820013], [-115.089487818002, 36.1348662820014], [-115.088970819002, 36.1344102820013], [-115.088552819002, 36.1340392820013], [-115.084070818002, 36.1300562820013], [-115.084191818002, 36.1299762820013], [-115.084299818002, 36.1299152820013], [-115.084329818002, 36.1299012810013], [-115.084607818002, 36.1297792820014], [-115.084825817002, 36.1297102810013], [-115.084944817002, 36.1296822820013], [-115.085188818002, 36.1296412810013], [-115.085313817002, 36.1296292810013], [-115.085695818002, 36.1296042820014], [-115.085709818002, 36.1296042810013], [-115.086165817002, 36.1295982810013], [-115.086490817002, 36.1296062810014], [-115.086683818002, 36.1296062810013], [-115.088240819002, 36.1296082820013], [-115.088490818002, 36.1296092810013], [-115.088759819002, 36.1296122820013], [-115.088809818002, 36.1296112810013], [-115.088961818002, 36.1296102820013], [-115.089012818002, 36.1296102810013], [-115.089580818002, 36.1296022820013], [-115.089917819002, 36.1295982810013], [-115.091287818002, 36.1296002810014], [-115.091857819002, 36.1296022810014], [-115.092258819002, 36.1296022810013], [-115.092875819002, 36.1296022810013], [-115.093461819002, 36.1296112810013], [-115.093862818002, 36.1296182810013], [-115.093938819002, 36.1296182820013], [-115.094043820002, 36.1296202810013], [-115.094169819002, 36.1296182820013], [-115.094246818002, 36.1296172810013], [-115.094315819002, 36.1296182810013], [-115.094523819002, 36.1296212800013], [-115.094593819002, 36.1296222810013], [-115.094699819002, 36.1296252810013], [-115.094855819002, 36.1296302810013], [-115.095020819002, 36.1296292800013], [-115.095127819002, 36.1296292800013], [-115.095235819002, 36.1296292810013], [-115.095560819002, 36.1296312810013], [-115.095669819002, 36.1296322800013], [-115.095869820002, 36.1296352810013], [-115.096469820002, 36.1296472810013], [-115.096670820002, 36.1296512810013], [-115.096988819002, 36.1296542810013], [-115.097943820002, 36.1296652800013], [-115.098262820002, 36.1296692810014], [-115.098454819002, 36.1296702800013], [-115.099032820002, 36.1296762800013], [-115.099225821002, 36.1296782800013], [-115.099665820002, 36.1296912810013], [-115.100028821002, 36.1296972810013], [-115.100925821002, 36.1296952810013], [-115.101005821002, 36.1296952810013], [-115.105111821002, 36.1297292810013], [-115.105359821002, 36.1297352800013], [-115.105486820002, 36.1297412800013], [-115.107047821002, 36.1297522800013], [-115.107109821002, 36.1297522810013], [-115.107587822002, 36.1297542800013], [-115.109207822002, 36.1297612800013], [-115.109748822002, 36.1297642790013], [-115.110631822002, 36.1297792790013], [-115.111056823002, 36.1297872790013], [-115.113282823002, 36.1297952800013], [-115.114166822002, 36.1297992800013], [-115.114280823002, 36.1297992800013], [-115.114623822002, 36.1298022800013], [-115.114738823002, 36.1298032790013], [-115.115191823002, 36.1298032800013], [-115.116553823002, 36.1298062790013], [-115.116707823002, 36.1298062800013], [-115.117007823002, 36.1298072800013], [-115.117317824002, 36.1298102800013], [-115.117688823002, 36.1298142800013], [-115.118249824002, 36.1298252790013], [-115.118560823002, 36.1298322790013], [-115.118599824002, 36.1290762800013], [-115.118618824002, 36.1287192800013], [-115.118686824002, 36.1268082790013], [-115.118713824002, 36.1260532790013], [-115.118719823002, 36.1258652780013], [-115.118740823002, 36.1253022790013], [-115.118748824002, 36.1251152790013], [-115.118749823002, 36.1250792790013], [-115.118754824002, 36.1249712790013], [-115.118756823002, 36.1249362800013], [-115.118769824002, 36.1245762780013], [-115.118801823002, 36.1237152780013], [-115.118813823002, 36.1234972790013], [-115.118833823002, 36.1231382790013], [-115.118842823002, 36.1229662790013], [-115.118868824002, 36.1224422790013], [-115.118877822002, 36.1222692790013], [-115.118891822002, 36.1219932790013], [-115.118911823002, 36.1216212790013], [-115.118926823002, 36.1211652780013], [-115.118936823002, 36.1208902790013], [-115.118940824002, 36.1207412790013], [-115.118945823002, 36.1206212780013], [-115.118962823002, 36.1203492780013], [-115.118963823002, 36.1202952780013], [-115.118967822002, 36.1201472780013], [-115.118972823002, 36.1200092780013], [-115.118987823002, 36.1195952780014], [-115.118993823002, 36.1194582780013], [-115.118998823002, 36.1192552790013], [-115.119013823002, 36.1187802780013], [-115.119023823002, 36.1186482780013], [-115.119040823002, 36.1184472780014], [-115.119069822002, 36.1176922790013], [-115.119158823002, 36.1154292780013], [-115.119186823002, 36.1147552780013], [-115.119655822002, 36.1147612780013], [-115.119931823002, 36.1147672780013], [-115.120699822002, 36.1147572780013], [-115.121060823002, 36.1147532770013], [-115.121531822002, 36.1147482780013], [-115.121998823002, 36.1147422770013], [-115.122688822002, 36.1147342770013], [-115.123401823002, 36.1147262780013], [-115.123869824002, 36.1147212780013], [-115.126208823002, 36.1147092770013], [-115.127671823002, 36.1146952770013], [-115.128501823002, 36.1146992770013], [-115.128570824002, 36.1146962770013], [-115.128566824002, 36.1145612770013], [-115.128564824002, 36.1145132780013], [-115.128524824002, 36.1138882770013], [-115.128495824002, 36.1131792770013], [-115.128451823002, 36.1123962760013], [-115.128413824002, 36.1113702770013], [-115.128391824002, 36.1110582770013], [-115.128381824002, 36.1108282760013], [-115.128373824002, 36.1104472770013], [-115.128359823002, 36.1100662770013], [-115.128313823002, 36.1092932770013], [-115.128306824002, 36.1091152770013], [-115.128288823002, 36.1085842770013], [-115.128288823002, 36.1085682760013], [-115.128273823002, 36.1084082760013], [-115.128271823002, 36.1083322760013], [-115.128265824002, 36.1081062770013], [-115.128263823002, 36.1080312770013], [-115.128261824002, 36.1079302770013], [-115.128256823002, 36.1076482760013], [-115.128254823002, 36.1076292770013], [-115.128249823002, 36.1075292760013], [-115.128705823002, 36.1075422760013], [-115.130076824002, 36.1075812760013], [-115.130534824002, 36.1075942760013], [-115.130780823002, 36.1076032760013], [-115.131521824002, 36.1076302760013], [-115.131768824002, 36.1076392760013], [-115.131978824002, 36.1076422760013], [-115.132608825002, 36.1076532760013], [-115.132818824002, 36.1076572760013], [-115.133276824002, 36.1076662770013], [-115.134653824002, 36.1076942760013], [-115.135112825002, 36.1077042760013], [-115.135154825002, 36.1077042760013], [-115.135282825002, 36.1077042760013], [-115.135325825002, 36.1077052760013], [-115.135737825002, 36.1077152760013], [-115.136975825002, 36.1077482760013], [-115.137388825002, 36.1077592750013], [-115.137388825002, 36.1074322760013], [-115.137386825002, 36.1073972760013], [-115.137359825002, 36.1069272750013], [-115.137291826002, 36.1063162760013], [-115.137252824002, 36.1059572750013], [-115.137235825002, 36.1056512750013], [-115.137184824002, 36.1047342760013], [-115.137168824002, 36.1044292750013], [-115.137075824002, 36.1033072760013], [-115.137065825002, 36.1032272760013], [-115.137052825002, 36.1029952750013], [-115.137007825002, 36.1023862750013], [-115.136947824002, 36.1014822750013], [-115.136940824002, 36.1013772750013], [-115.136919823002, 36.1010652760013], [-115.136913824002, 36.1009612750013], [-115.137020824002, 36.1009602750013], [-115.137343824002, 36.1009592750013], [-115.137451824002, 36.1009592750013], [-115.137773824002, 36.1009572740013], [-115.138742824002, 36.1009522740013], [-115.139065825002, 36.1009512750013], [-115.139535825002, 36.1009482740013], [-115.140948824002, 36.1009432750013], [-115.141419825002, 36.1009422750013], [-115.141641825002, 36.1009402750013], [-115.142310825002, 36.1009382750013], [-115.142533825002, 36.1009382740013], [-115.142745825002, 36.1009362750013], [-115.143384826002, 36.1009342750013], [-115.143597825002, 36.1009332750013], [-115.144062825002, 36.1009352740013], [-115.144732825002, 36.1009402750013], [-115.145460826002, 36.1009512740013], [-115.145926826002, 36.1009762750013], [-115.146263825002, 36.1010152740013], [-115.146398826002, 36.1010262740013], [-115.146875826002, 36.1010682750013], [-115.147114826002, 36.1010802740013], [-115.147592827002, 36.1010892740013], [-115.147821826002, 36.1010782740013], [-115.148296826002, 36.1010572750013], [-115.149621826002, 36.1010252730013], [-115.149784827002, 36.1010242740013], [-115.152291828002, 36.1009892740013], [-115.154279827002, 36.1009662740013], [-115.155053827002, 36.1009432730013], [-115.156148828002, 36.1009112740013], [-115.156224828002, 36.1009092740013], [-115.156580827002, 36.1009052740013], [-115.157127827002, 36.1008992740013], [-115.159122828002, 36.1008722740013], [-115.159793829002, 36.1008732730013], [-115.160759828002, 36.1008612740013], [-115.161440829002, 36.1008402740013], [-115.162649829002, 36.1008392730013], [-115.162765828002, 36.1008362730013], [-115.162911829002, 36.1008392740014], [-115.162981829002, 36.1008412730013], [-115.163629829002, 36.1008592730013], [-115.163845829002, 36.1008652740013], [-115.164402829002, 36.1008722730013], [-115.165390829002, 36.1008852740013], [-115.165851830002, 36.1008872730013], [-115.166076830002, 36.1008872730013], [-115.166635829002, 36.1008892730013], [-115.167284830002, 36.1008842730013], [-115.169231830002, 36.1008722730013], [-115.169881831002, 36.1008682730013], [-115.170419831002, 36.1008732730013], [-115.172599831002, 36.1008602730013], [-115.172957831002, 36.1008432730013], [-115.174083830002, 36.1008732730013], [-115.174697831002, 36.1008682720013], [-115.175211831002, 36.1008552730013], [-115.176016831002, 36.1008182720013], [-115.177232832002, 36.1008062730013], [-115.177521832002, 36.1008032720013], [-115.177622832002, 36.1007952720013], [-115.179409832002, 36.1007202730013], [-115.180009833002, 36.1007112720013], [-115.180342832002, 36.1007052730013], [-115.180493832002, 36.1007032720013], [-115.180492832002, 36.1013242720013], [-115.180489833002, 36.1031912720013], [-115.180489832002, 36.1038132730013], [-115.180488833002, 36.1038772730013], [-115.180486832002, 36.1040732730013], [-115.180486833002, 36.1041382720013], [-115.180479833002, 36.1049332730013], [-115.180461833002, 36.1073222730014], [-115.180455833002, 36.1081182740013], [-115.180450834002, 36.1084502740013], [-115.180436833002, 36.1094492730013], [-115.180432833002, 36.1097832740013], [-115.180436834002, 36.1107302730013], [-115.180441833002, 36.1118132730013], [-115.180448834002, 36.1135732740013], [-115.180450833002, 36.1138432740013], [-115.180457834002, 36.1141822740013], [-115.180461834002, 36.1143982740013], [-115.180464833002, 36.1145212740013], [-115.180464833002, 36.1145812730013], [-115.180464833002, 36.1152622740013], [-115.180464833002, 36.1157512740013], [-115.180461834002, 36.1162312740013], [-115.180452834002, 36.1174882740013], [-115.180450834002, 36.1178652740013], [-115.180414834002, 36.1182282740013], [-115.180415835002, 36.1186882740013], [-115.180417833002, 36.1189962750013], [-115.180419834002, 36.1197642740013], [-115.180422833002, 36.1200712740013], [-115.180423834002, 36.1201482750013], [-115.180427834002, 36.1205322750013], [-115.180420834002, 36.1221042740013], [-115.180192835002, 36.1224952750013], [-115.179766835002, 36.1231702750013], [-115.178708834002, 36.1248512760013], [-115.178471834002, 36.1251872760013], [-115.178012835002, 36.1258412750013], [-115.177986834002, 36.1258862750013], [-115.177911834002, 36.1260232750013], [-115.177886834002, 36.1260692760013], [-115.177837834002, 36.1261452750013], [-115.177694835002, 36.1263732750013], [-115.177647834002, 36.1264502750013], [-115.177208834002, 36.1270922760013], [-115.175894834002, 36.1290212750013], [-115.175457834002, 36.1296642760013], [-115.175185834002, 36.1300732760013], [-115.174369834002, 36.1313042760013], [-115.174098835002, 36.1317142770013], [-115.174092834002, 36.1317232760013], [-115.174075834002, 36.1317542760013], [-115.174070833002, 36.1317642760013], [-115.174034834002, 36.1318192760013], [-115.173232835002, 36.1330022760013], [-115.172325834002, 36.1344242760013], [-115.169608834002, 36.1386912780013], [-115.168703834002, 36.1401142770013], [-115.168190834002, 36.1408922780013], [-115.167435834002, 36.1420402780013], [-115.166669833002, 36.1432392780013], [-115.166269834002, 36.1438662790013], [-115.166218834002, 36.1439452780013], [-115.166167834002, 36.1440252780013], [-115.166135833002, 36.1440752780013], [-115.165106834002, 36.1456632780013], [-115.164800833002, 36.1461362790013], [-115.162801833002, 36.1491302790013], [-115.161901834002, 36.1505222790013], [-115.161882833002, 36.1505512790013], [-115.161236833002, 36.1515612800013], [-115.160800833002, 36.1521752800013], [-115.160742833002, 36.1522422790013], [-115.160570833002, 36.1524432790013], [-115.160513833002, 36.1525112790013], [-115.160099834002, 36.1531492790013], [-115.158857834002, 36.1550662800013], [-115.158444834002, 36.1557052800013], [-115.158371834002, 36.1558312800013], [-115.158152833002, 36.1562122800013], [-115.158080833002, 36.1563392800013], [-115.157733833002, 36.1568422800013], [-115.156693834002, 36.1583532810013], [-115.156381834002, 36.1588112800013], [-115.156319834002, 36.1589022810013], [-115.155903834002, 36.1595632810013], [-115.155371834002, 36.1603752810013], [-115.154859833002, 36.1611592810013], [-115.154460833002, 36.1617682810013], [-115.154122832002, 36.1623052810013], [-115.153191833002, 36.1637262820013], [-115.152406834002, 36.1649072810013], [-115.151407833002, 36.1664112820013], [-115.151262834002, 36.1666402810013], [-115.150827833002, 36.1673292820013], [-115.150683833002, 36.1675592820013], [-115.150201833002, 36.1682872820013], [-115.150140833002, 36.1683812810013], [-115.149783833002, 36.1689472810013], [-115.149352833002, 36.1696042820014], [-115.149051833002, 36.1700332820013], [-115.148764833002, 36.1704762820013], [-115.148390833002, 36.1710552830013], [-115.148336834002, 36.1712312820013], [-115.148289833002, 36.1713012830013], [-115.148140833002, 36.1715062820013], [-115.148101833002, 36.1715832830013], [-115.148079833002, 36.1716122820013], [-115.148015833002, 36.1717022830013], [-115.147995833002, 36.1717322820013], [-115.147768834002, 36.1720642830013], [-115.147227833002, 36.1728632820013], [-115.147102833002, 36.1730712830013], [-115.146897833002, 36.1734172820013], [-115.146681833002, 36.1737492830013], [-115.146035833002, 36.1747452820013], [-115.145820833002, 36.1750782830013], [-115.145777834002, 36.1751572830013], [-115.145650833002, 36.1753972830013], [-115.145609833002, 36.1754772830013], [-115.145587833002, 36.1755042830013], [-115.145523833002, 36.1755882830013], [-115.145503833002, 36.1756162830013], [-115.145456833002, 36.1756922840013], [-115.145407833002, 36.1757722830013], [-115.145241832002, 36.1760452830013], [-115.145121833002, 36.1762412830013], [-115.145026832002, 36.1763982830013], [-115.144901833002, 36.1765792830013], [-115.144528833002, 36.1771242840013], [-115.144404833002, 36.1773062830013], [-115.144361833002, 36.1773712830013], [-115.144231832002, 36.1775662840013], [-115.144189833002, 36.1776312840013], [-115.143701833002, 36.1783652840013], [-115.142573833002, 36.1800672840013], [-115.142287833002, 36.1805992840013], [-115.141870833002, 36.1813772840013], [-115.141756833002, 36.1816242840013], [-115.141530833002, 36.1823082850013], [-115.141418833002, 36.1827242840013], [-115.141274833002, 36.1832662840013], [-115.141161833002, 36.1840612850013], [-115.141131833002, 36.1845082850013], [-115.141108834002, 36.1850022840013], [-115.141145833002, 36.1869642840013], [-115.141173833002, 36.1883872850013], [-115.141403834002, 36.1883822850013], [-115.142094833002, 36.1883682850013], [-115.142136834002, 36.1883682850013], [-115.142325834002, 36.1883602850013], [-115.142441834002, 36.1883602850013], [-115.142790834002, 36.1883632850013], [-115.142907833002, 36.1883642850013], [-115.142932834002, 36.1883642850013], [-115.142953834002, 36.1883642850013], [-115.143064834002, 36.1883662850013], [-115.143092833002, 36.1883662850013], [-115.143139833002, 36.1883672850013], [-115.143189834002, 36.1883682850013], [-115.143342834002, 36.1883712840013], [-115.143394833002, 36.1883722850013], [-115.143238834002, 36.1887382850013], [-115.143158834002, 36.1889052850013], [-115.143067833002, 36.1890972850013], [-115.143054834002, 36.1891152840013], [-115.142949833002, 36.1893292850013], [-115.142937834002, 36.1893532850013], [-115.142907834002, 36.1894142850013], [-115.142542833002, 36.1900132850013], [-115.142083834002, 36.1906342850013], [-115.141729835002, 36.1910762860013], [-115.141534834002, 36.1913212850013], [-115.141223834002, 36.1916922850013], [-115.141213834002, 36.1925362850013], [-115.141203834002, 36.1934922850013], [-115.141186835002, 36.1941932860013], [-115.141090834002, 36.1946862860013], [-115.141010834002, 36.1950532850013], [-115.140962834002, 36.1952792860014], [-115.140753835002, 36.1958562860013], [-115.140632834002, 36.1960952850013], [-115.140482834002, 36.1963692860013], [-115.140349834002, 36.1966142860013], [-115.139547835002, 36.1978372870013], [-115.139229834002, 36.1983232860013], [-115.138626834002, 36.1991492870013], [-115.138494834002, 36.1993272860013], [-115.136281834002, 36.2023352870013], [-115.135544834002, 36.2033382870013], [-115.134291834002, 36.2050492870013], [-115.133753834002, 36.2057852880013], [-115.133734834002, 36.2055192870013], [-115.133718834002, 36.2052922870013], [-115.133709833002, 36.2049642870013], [-115.133705834002, 36.2046342870013], [-115.133531835002, 36.2048782880013], [-115.133524834002, 36.2048882870013], [-115.133530833002, 36.2052172870013], [-115.133563834002, 36.2057502870013], [-115.133580834002, 36.2060212870013], [-115.132353834002, 36.2076982880013], [-115.130524833002, 36.2101742880013], [-115.129265834002, 36.2118802880013], [-115.129199833002, 36.2119702880013], [-115.127111834002, 36.2148292890013], [-115.125168833002, 36.2174892890013], [-115.125022833002, 36.2176892890013], [-115.124958833002, 36.2176872900013], [-115.124894833002, 36.2176862890013], [-115.124874834002, 36.2176852890013], [-115.124781834002, 36.2176832900013], [-115.124566833002, 36.2176832890013], [-115.124157833002, 36.2176852890013], [-115.124014833002, 36.2176822890013], [-115.123924833002, 36.2176802890013], [-115.123319833002, 36.2176732890013], [-115.123300834002, 36.2176752890013], [-115.123190833002, 36.2176732900013], [-115.122913833002, 36.2176702890013], [-115.122513833002, 36.2176712900013], [-115.122406833002, 36.2176702890013], [-115.122162833002, 36.2176612900013], [-115.121106833002, 36.2176752900013], [-115.120893833002, 36.2176752900013], [-115.120556832002, 36.2176672890013], [-115.120069832002, 36.2176642900013], [-115.117597832002, 36.2176502900013], [-115.117513832002, 36.2176502900013], [-115.116774831002, 36.2176442900013], [-115.116681832002, 36.2176442900013], [-115.116402832002, 36.2176442900013], [-115.116310831002, 36.2176452900013], [-115.116243831002, 36.2176442900013], [-115.116045832002, 36.2176412900013], [-115.115979831002, 36.2176402900013], [-115.115869832002, 36.2176392900013], [-115.115541832002, 36.2176362900013], [-115.115432832002, 36.2176352900013], [-115.115254831002, 36.2176342900013], [-115.114720832002, 36.2176342900013], [-115.114543832002, 36.2176342900013], [-115.114363831002, 36.2176352900013], [-115.113825831002, 36.2176382900013], [-115.113646831002, 36.2176402900013], [-115.113512831002, 36.2176402900013], [-115.113113831002, 36.2176422910013], [-115.112980831002, 36.2176432890013], [-115.112650832002, 36.2176422900013], [-115.111662831002, 36.2176412900013], [-115.111431831002, 36.2176412900013], [-115.111333831002, 36.2176412900013], [-115.111295831002, 36.2176412900013], [-115.111182831002, 36.2176412900013], [-115.111145830002, 36.2176422910013], [-115.111003830002, 36.2176432900013], [-115.110577830002, 36.2176452900013], [-115.110436830002, 36.2176472910013], [-115.109983830002, 36.2176472910013], [-115.108667830002, 36.2176472900013], [-115.108626831002, 36.2176482910013], [-115.108159831002, 36.2176572910013], [-115.107829831002, 36.2176642910013], [-115.107514831002, 36.2176632900013], [-115.107433830002, 36.2176622900013], [-115.107191830002, 36.2176602910013], [-115.107111830002, 36.2176602910013], [-115.106928830002, 36.2176552900013], [-115.106848830002, 36.2176542900013], [-115.106060830002, 36.2176512900013], [-115.105798830002, 36.2176512900013], [-115.105408829002, 36.2176512910013], [-115.105371830002, 36.2176512910013], [-115.104240830002, 36.2176512910013], [-115.103851830002, 36.2176522910013], [-115.103783829002, 36.2176512910013], [-115.103579829002, 36.2176482900013], [-115.103511830002, 36.2176472900013], [-115.102523830002, 36.2176452900013], [-115.099559829002, 36.2176422910013], [-115.098572828002, 36.2176422910013], [-115.098372828002, 36.2176412910013], [-115.098119829002, 36.2176432910013], [-115.096760828002, 36.2176582910013], [-115.096308828002, 36.2176642910013], [-115.096081829002, 36.2176672910013], [-115.095400828002, 36.2176752910013], [-115.095174828002, 36.2176792910013], [-115.095063827002, 36.2176812920013], [-115.094945827002, 36.2176802910014], [-115.094505827002, 36.2176782910013], [-115.094258827002, 36.2176782910013], [-115.094030828002, 36.2176782910013], [-115.093909827002, 36.2176772910013], [-115.093549828002, 36.2176752910013], [-115.093429828002, 36.2176752910013], [-115.093333828002, 36.2176742920013], [-115.092608827002, 36.2176722910013], [-115.092396828002, 36.2176712910013], [-115.091855827002, 36.2176702920013], [-115.091569828002, 36.2176752910013], [-115.090951827002, 36.2176772920013], [-115.090148826002, 36.2176852920013], [-115.089328826002, 36.2176942910013], [-115.088405826002, 36.2176942920013], [-115.085639826002, 36.2176942920013], [-115.084717827002, 36.2176952920013], [-115.084476826002, 36.2176872920013], [-115.083790826002, 36.2176912920013], [-115.082874826002, 36.2176982920014], [-115.081273826002, 36.2176972920013], [-115.081010824002, 36.2176952920013], [-115.080084825002, 36.2176902920013], [-115.079188825002, 36.2176972920013], [-115.076655825002, 36.2177172920013], [-115.076503825002, 36.2177162920013], [-115.075608824002, 36.2177162920013], [-115.075291825002, 36.2177182920013], [-115.074974825002, 36.2177192930013], [-115.074708824002, 36.2177202930013], [-115.072262823002, 36.2177312920013], [-115.072011824002, 36.2177322930013], [-115.071402824002, 36.2177372930013], [-115.071113823002, 36.2177482930013], [-115.070790823002, 36.2177602930013], [-115.070225824002, 36.2177982930013], [-115.067562823002, 36.2179792930013], [-115.067338823002, 36.2179952930013], [-115.066675823002, 36.2180362930013], [-115.065840823002, 36.2180932930013], [-115.065772822002, 36.2180962930013], [-115.064589823002, 36.2181632930013], [-115.064240822002, 36.2181922930013], [-115.063482823002, 36.2182452930013], [-115.063066822002, 36.2182782930013], [-115.062936822002, 36.2182892940013], [-115.062328821002, 36.2183172930013], [-115.062233822002, 36.2183162930013], [-115.062163822002, 36.2183152930013], [-115.062068822002, 36.2183172930013], [-115.062006823002, 36.2183182940013], [-115.061707821002, 36.2183182930013], [-115.060625822002, 36.2183202940013], [-115.060342822002, 36.2183222940013], [-115.059887821002, 36.2183272940013], [-115.059411822002, 36.2183282930013], [-115.058613822002, 36.2183322930013], [-115.057984822002, 36.2183262940013], [-115.057509820002, 36.2183222930013], [-115.057088821002, 36.2183212940014], [-115.056845821002, 36.2183202940013], [-115.056668821002, 36.2183202940013], [-115.055429821002, 36.2183172940013], [-115.054853820002, 36.2183152940013], [-115.054190821002, 36.2183132930013], [-115.054060821002, 36.2183092940013], [-115.053670821002, 36.2182972930013], [-115.052782821002, 36.2182792940013], [-115.052829819002, 36.2114562930013], [-115.052745820002, 36.2108692940013], [-115.052727819002, 36.2105712930013], [-115.052704819002, 36.2101552920013], [-115.052703819002, 36.2078992920013], [-115.052671819002, 36.2072392930013], [-115.052901820002, 36.2072432920013], [-115.055203820002, 36.2073672930013], [-115.057559820002, 36.2072692930013], [-115.057570820002, 36.2070152920013], [-115.057570819002, 36.2035442920013], [-115.057121820002, 36.2035442910013], [-115.055776819002, 36.2035442930013], [-115.055540818002, 36.2035452920013], [-115.055328819002, 36.2035482920013], [-115.054890820002, 36.2035532920013], [-115.054578819002, 36.2035572920013], [-115.053579819002, 36.2035482930013], [-115.053142818002, 36.2035452920013], [-115.052710818002, 36.2035872930013], [-115.051252818002, 36.2035802930013], [-115.045578817002, 36.2035562920013], [-115.043687817002, 36.2035492930013], [-115.043686817002, 36.2035582930013], [-115.043686818002, 36.2035892930013], [-115.043686818002, 36.2035992930013], [-115.043685816002, 36.2037012930013], [-115.043684817002, 36.2037502930013], [-115.043684817002, 36.2038032930014], [-115.043681818002, 36.2040412930013], [-115.043664817002, 36.2042052940013], [-115.043649816002, 36.2043562920013], [-115.043651817002, 36.2048332930013], [-115.043657818002, 36.2062662930013], [-115.043659817002, 36.2067442930013], [-115.043606818002, 36.2108912940014], [-115.043527818002, 36.2172682940013], [-115.039037817002, 36.2172602950013], [-115.039003817002, 36.2177762950014], [-115.038962817002, 36.2181982950013], [-115.035173817002, 36.2182662950013], [-115.034960817002, 36.2182702950013], [-115.034414817002, 36.2182302950013], [-115.034370816002, 36.2182492950013], [-115.034304817002, 36.2182572960013], [-115.030898816002, 36.2182662960013], [-115.029876816002, 36.2182742960013], [-115.029800816002, 36.2182712950013], [-115.029691816002, 36.2182682950013], [-115.029575816002, 36.2182632950013], [-115.029500816002, 36.2182612950013], [-115.029210816002, 36.2182512950013], [-115.029081816002, 36.2182472960013], [-115.028342815002, 36.2182222960014], [-115.028053815002, 36.2182132950013], [-115.027806816002, 36.2182132950013], [-115.027067816002, 36.2182152960013], [-115.026821815002, 36.2182172960013], [-115.026523814002, 36.2182162950013], [-115.025632815002, 36.2182132960013], [-115.025335815002, 36.2182132960013], [-115.024370815002, 36.2182192960013], [-115.021476814002, 36.2182392960013], [-115.020512814002, 36.2182462970013], [-115.017563813002, 36.2182572960013], [-115.008719812002, 36.2182922970013], [-115.007194811002, 36.2182982970013], [-115.005771811002, 36.2183052970013], [-115.002825812002, 36.2181412970013], [-115.002749812002, 36.2218352970013], [-115.002674812002, 36.2255282980013], [-114.998300810002, 36.2253642980013], [-114.993925810002, 36.2252002980013], [-114.993823810002, 36.2288742990013], [-114.993778810002, 36.2303653000014], [-114.993722811002, 36.2325482990013], [-114.989321810002, 36.2323633000013], [-114.989037811002, 36.2418473000013], [-114.989026811002, 36.2418933010014], [-114.988907811002, 36.2447633010013], [-114.988886811002, 36.2464123010013], [-114.988868812002, 36.2470263010013], [-114.985335810002, 36.2470503020013], [-114.984422811002, 36.2470133010013], [-114.983523810002, 36.2470483020013], [-114.982167810002, 36.2470543010013], [-114.981678810002, 36.2470563010013], [-114.973935809002, 36.2470873030013], [-114.971854809002, 36.2470973020013], [-114.968164808002, 36.2471003030013], [-114.967754808002, 36.2471013030014], [-114.966302807002, 36.2471033030013], [-114.959518806002, 36.2470743040014], [-114.957741806002, 36.2471123030013], [-114.952719804002, 36.2471183040013], [-114.947495803002, 36.2471243040013], [-114.941852803002, 36.2470733040013], [-114.936536802002, 36.2470183050013], [-114.936022802002, 36.2470213050013], [-114.935219802002, 36.2470093050013], [-114.932810801002, 36.2469753050013], [-114.932008801002, 36.2469643050013], [-114.931698801002, 36.2469593050014], [-114.930768800002, 36.2469473060013], [-114.930459801002, 36.2469433040013], [-114.924152799002, 36.2469163050014], [-114.919620799002, 36.2469183050013], [-114.919235798002, 36.2469183060013], [-114.918828799002, 36.2469183060013], [-114.918032798002, 36.2469183060013], [-114.914424797002, 36.2469203050013], [-114.913222797002, 36.2469223060013], [-114.911728797002, 36.2469263070013], [-114.909531796002, 36.2469333060014], [-114.907247796002, 36.2469393070013], [-114.905841796002, 36.2469433070013], [-114.905754796002, 36.2469433060013], [-114.904498795002, 36.2469503070013], [-114.900733795002, 36.2469713070013], [-114.899478795002, 36.2469793070013], [-114.897419795002, 36.2469663080013], [-114.896863794002, 36.2469623070013], [-114.891242793002, 36.2469303080013], [-114.889184792002, 36.2469183080013], [-114.888484792002, 36.2469193070013], [-114.887913792002, 36.2469213080013], [-114.886641793002, 36.2469253080013], [-114.886386793002, 36.2469253070013], [-114.886164793002, 36.2469263090013], [-114.885687792002, 36.2469273080014], [-114.885276792002, 36.2469363080013], [-114.884046792002, 36.2469623070013], [-114.883636791002, 36.2469723090013], [-114.881462791002, 36.2469583080013], [-114.880909791002, 36.2469543080013], [-114.872114789002, 36.2469053090013], [-114.863010788002, 36.2468523090013], [-114.862354787002, 36.2468483100014], [-114.850285785002, 36.2467803100014], [-114.849142785002, 36.2470023100013], [-114.841788784002, 36.2468923110013], [-114.841164785002, 36.2469943110013], [-114.841053784002, 36.2469933110013], [-114.825646781002, 36.2469783120013], [-114.822963780002, 36.2466223120013], [-114.794997776002, 36.2465373140014], [-114.793041775002, 36.2466653140013], [-114.790615774002, 36.2468253140013], [-114.760700769002, 36.2468743150013], [-114.760528768002, 36.2468743160013], [-114.744545766002, 36.2469013170013], [-114.740002765002, 36.2463323180013], [-114.711148760002, 36.2463623190014], [-114.700683758002, 36.2462263200013], [-114.687480756002, 36.2475503200014]]]}, "properties": {"OBJECTID": 4, "DISTRICT": "D", "TRUSTEE": "Brenda Zamora", "LABEL_1": "District D", "LABEL_2": "D - Brenda Zamora", "Shape__Area": 5371787287.2734375, "Shape__Length": 515618.17091588944, "district_id": "D"}}, {"type": "Feature", "id": 5, "geometry": {"type": "Polygon", "coordinates": [[[-115.315027871002, 36.2478942810013], [-115.315111871002, 36.2441832810013], [-115.315201870002, 36.2404742800013], [-115.315287870002, 36.2386142790013], [-115.315442870002, 36.2330472790013], [-115.315450870002, 36.2327962780013], [-115.315324869002, 36.2327442790013], [-115.315044870002, 36.2326282780013], [-115.314764870002, 36.2324792790013], [-115.314703869002, 36.2324372780013], [-115.314508869002, 36.2323052790013], [-115.314001869002, 36.2319222790013], [-115.313898870002, 36.2318602790013], [-115.313993870002, 36.2317752780013], [-115.314192869002, 36.2315962790013], [-115.314523870002, 36.2312402790013], [-115.314759870002, 36.2308782790013], [-115.315004869002, 36.2305042790013], [-115.315181869002, 36.2301942790013], [-115.315285870002, 36.2299482790013], [-115.315301869002, 36.2298952780013], [-115.315307870002, 36.2298712790013], [-115.315328869002, 36.2297992790013], [-115.315336869002, 36.2297762790013], [-115.315347869002, 36.2297382790013], [-115.315369869002, 36.2296642790013], [-115.315378869002, 36.2296252780013], [-115.315387869002, 36.2295882780013], [-115.315437869002, 36.2293402790013], [-115.315446869002, 36.2293082780013], [-115.315460870002, 36.2292672780013], [-115.315497869002, 36.2290632780013], [-115.315508870002, 36.2289492780013], [-115.315523869002, 36.2286462790013], [-115.315524870002, 36.2284582790013], [-115.315514870002, 36.2281722780013], [-115.315518870002, 36.2280682780013], [-115.315531869002, 36.2276722780013], [-115.315538869002, 36.2274892790013], [-115.315559870002, 36.2261752770013], [-115.315567869002, 36.2257002780013], [-115.315567869002, 36.2256762780013], [-115.315576869002, 36.2249382780013], [-115.315580869002, 36.2246432780013], [-115.315584868002, 36.2243202780013], [-115.315604868002, 36.2227282780013], [-115.315605868002, 36.2227082780013], [-115.315614869002, 36.2219912770013], [-115.315637868002, 36.2212572770013], [-115.315674869002, 36.2201482780013], [-115.315671868002, 36.2195012770013], [-115.315669868002, 36.2193212770013], [-115.315668868002, 36.2190552770013], [-115.315665867002, 36.2183222770013], [-115.314726867002, 36.2183312770013], [-115.314363867002, 36.2183352770013], [-115.311909868002, 36.2183702780013], [-115.311005867002, 36.2183842780013], [-115.310971868002, 36.2183842780013], [-115.310050867002, 36.2183952780013], [-115.307289867002, 36.2184282780013], [-115.306369867002, 36.2184402780013], [-115.305968866002, 36.2184472780013], [-115.305904867002, 36.2184482780013], [-115.305002866002, 36.2184652780013], [-115.304509866002, 36.2184682780013], [-115.304044866002, 36.2184712770013], [-115.303851865002, 36.2184752780013], [-115.303658867002, 36.2184792780013], [-115.303128866002, 36.2184892780013], [-115.302845866002, 36.2184952780013], [-115.300856866002, 36.2185172780013], [-115.300383866002, 36.2185222780013], [-115.299468865002, 36.2185322790013], [-115.299185866002, 36.2185382790013], [-115.298338866002, 36.2185592790013], [-115.298318865002, 36.2185602780013], [-115.298056866002, 36.2185622780013], [-115.297872866002, 36.2185632780013], [-115.297322865002, 36.2185682790013], [-115.297139865002, 36.2185702780013], [-115.296937865002, 36.2185602780013], [-115.296693865002, 36.2185612780013], [-115.296112864002, 36.2185652790013], [-115.296026865002, 36.2185652790013], [-115.295355865002, 36.2185722780013], [-115.295311865002, 36.2185732780013], [-115.295110864002, 36.2185752780013], [-115.294909864002, 36.2185762790013], [-115.294440864002, 36.2185732790013], [-115.293696864002, 36.2185702780013], [-115.293035864002, 36.2185782790013], [-115.292567864002, 36.2185842790013], [-115.292109864002, 36.2185842780013], [-115.290737864002, 36.2185842790012], [-115.290280864002, 36.2185842780013], [-115.289820863002, 36.2185852790013], [-115.289257864002, 36.2185872790013], [-115.288439863002, 36.2185882780013], [-115.288233863002, 36.2185892780013], [-115.287980863002, 36.2185902790013], [-115.287842864002, 36.2185902790013], [-115.287430863002, 36.2185932790013], [-115.287293863002, 36.2185942790013], [-115.287187863002, 36.2185942790013], [-115.287096862002, 36.2185952780013], [-115.286872863002, 36.2185952790013], [-115.286767863002, 36.2185962790013], [-115.286736863002, 36.2185962790013], [-115.285702862002, 36.2186002790013], [-115.285234863002, 36.2186032790013], [-115.283365862002, 36.2186062790013], [-115.282509862002, 36.2186112800013], [-115.282486862002, 36.2186122800013], [-115.281445863002, 36.2186202790013], [-115.280915862002, 36.2186232800013], [-115.280053861002, 36.2186302800013], [-115.279945862002, 36.2186312790013], [-115.279836862002, 36.2186312790013], [-115.279326862002, 36.2186342800014], [-115.278797862002, 36.2186392800013], [-115.278801862002, 36.2177282800013], [-115.278802861002, 36.2176982790013], [-115.278795862002, 36.2173462790013], [-115.278795862002, 36.2173102790013], [-115.278816861002, 36.2155152800013], [-115.278823862002, 36.2149962790013], [-115.278832861002, 36.2143842780013], [-115.278833861002, 36.2140862790013], [-115.278836861002, 36.2139472790013], [-115.278851861002, 36.2133012790013], [-115.278906862002, 36.2109472790013], [-115.278913861002, 36.2106552780013], [-115.278916860002, 36.2105282790013], [-115.278940861002, 36.2101632790013], [-115.278940860002, 36.2100042780013], [-115.278941861002, 36.2093832780013], [-115.278942861002, 36.2090282790013], [-115.278945861002, 36.2084332790014], [-115.278951861002, 36.2073302780013], [-115.278952860002, 36.2070462780013], [-115.278956861002, 36.2062672780013], [-115.278700860002, 36.2062562790013], [-115.278602860002, 36.2062532780013], [-115.277931860002, 36.2062462780013], [-115.277908859002, 36.2062462780013], [-115.277676860002, 36.2062322780013], [-115.277619860002, 36.2062222780013], [-115.277375860002, 36.2061782780013], [-115.277117861002, 36.2060912790013], [-115.277057859002, 36.2060652780013], [-115.276838860002, 36.2059702780013], [-115.276810860002, 36.2059572780013], [-115.276362860002, 36.2057452780013], [-115.276159860002, 36.2056532780013], [-115.276149860002, 36.2056492780013], [-115.275888860002, 36.2055652780013], [-115.275687859002, 36.2055242790013], [-115.275464859002, 36.2054992790013], [-115.275240860002, 36.2054912780013], [-115.275076860002, 36.2054862780013], [-115.274598860002, 36.2054862780013], [-115.274598859002, 36.2054632780013], [-115.274602859002, 36.2052522780013], [-115.274605859002, 36.2051322780013], [-115.274621860002, 36.2047502780013], [-115.274642860002, 36.2045532780013], [-115.274650859002, 36.2044892780013], [-115.274684859002, 36.2043242780013], [-115.274686859002, 36.2043132780013], [-115.274692860002, 36.2042822780013], [-115.274695859002, 36.2042722780013], [-115.274727859002, 36.2041212780013], [-115.274753859002, 36.2040022780013], [-115.274756859002, 36.2039922780013], [-115.274815860002, 36.2037582780013], [-115.274836860002, 36.2036732780013], [-115.274875859002, 36.2035242780013], [-115.274257859002, 36.2034282780013], [-115.273762859002, 36.2033522780013], [-115.272629859002, 36.2031972780013], [-115.272399859002, 36.2031702780013], [-115.271778859002, 36.2030992780013], [-115.271530859002, 36.2030792780013], [-115.271247858002, 36.2030572780013], [-115.270786858002, 36.2030272780013], [-115.270538858002, 36.2030112790013], [-115.270372859002, 36.2030082780013], [-115.269875859002, 36.2029992790013], [-115.269804858002, 36.2029982790013], [-115.269710858002, 36.2029892780013], [-115.269005858002, 36.2029942790013], [-115.268878859002, 36.2029962780013], [-115.267895858002, 36.2030412780013], [-115.266950858002, 36.2031222790013], [-115.266898858002, 36.2031272780013], [-115.266198858002, 36.2031982780013], [-115.266207857002, 36.2032322780013], [-115.266207858002, 36.2033412780013], [-115.266207858002, 36.2034222780013], [-115.266185858002, 36.2035882790013], [-115.266161857002, 36.2036872780013], [-115.266123858002, 36.2037632790013], [-115.266089858002, 36.2038352780013], [-115.266052858002, 36.2038892780013], [-115.266029857002, 36.2039222790013], [-115.265989858002, 36.2039832790013], [-115.265958857002, 36.2040182790013], [-115.265932857002, 36.2040492790013], [-115.265861858002, 36.2041062780013], [-115.265834858002, 36.2041332790013], [-115.265801857002, 36.2041582790013], [-115.265399858002, 36.2044722780013], [-115.265266859002, 36.2045772790013], [-115.265082858002, 36.2044102790013], [-115.264899858002, 36.2042442790013], [-115.264609857002, 36.2039912790013], [-115.264519858002, 36.2039272790013], [-115.264497857002, 36.2039112790013], [-115.264311858002, 36.2037942780013], [-115.264280857002, 36.2037752790013], [-115.264053858002, 36.2036732790013], [-115.263865857002, 36.2036082790013], [-115.263625857002, 36.2035512790013], [-115.263399857002, 36.2035142790013], [-115.262953857002, 36.2035012790013], [-115.261439857002, 36.2035012790013], [-115.260850857002, 36.2035022790013], [-115.260710856002, 36.2034932790013], [-115.260663857002, 36.2034992790013], [-115.260234857002, 36.2035012790013], [-115.260205857002, 36.2035022790013], [-115.258806857002, 36.2034972790013], [-115.258330857002, 36.2034962790013], [-115.257920856002, 36.2034932790013], [-115.257510856002, 36.2034892790013], [-115.257401856002, 36.2034872790013], [-115.255988855002, 36.2034722790013], [-115.255921855002, 36.2034742800013], [-115.255525856002, 36.2034742790013], [-115.255152856002, 36.2034692790013], [-115.254618855002, 36.2034692790013], [-115.254053856002, 36.2034692790013], [-115.253690856002, 36.2034652790013], [-115.253240856002, 36.2034692800013], [-115.251893855002, 36.2034542790012], [-115.251444856002, 36.2034502790013], [-115.251324855002, 36.2034502800013], [-115.250964855002, 36.2034502790013], [-115.250844856002, 36.2034502790013], [-115.250655855002, 36.2034492800013], [-115.250088855002, 36.2034492800013], [-115.249900854002, 36.2034492800013], [-115.249710854002, 36.2034492800013], [-115.249143855002, 36.2034512790013], [-115.248954855002, 36.2034522800013], [-115.248531855002, 36.2034452800013], [-115.247262854002, 36.2034242800013], [-115.246840854002, 36.2034182790013], [-115.246409854002, 36.2034112800013], [-115.246334854002, 36.2034102800013], [-115.245277853002, 36.2034212800013], [-115.245116854002, 36.2034202800013], [-115.244686854002, 36.2034192800013], [-115.244682853002, 36.2032782790013], [-115.244680854002, 36.2029922810013], [-115.244677853002, 36.2021942800013], [-115.244675853002, 36.2017412800013], [-115.244674853002, 36.2017142800013], [-115.244672854002, 36.2012882800013], [-115.244658854002, 36.2004832790013], [-115.244656854002, 36.2003282800013], [-115.244636854002, 36.1974482790013], [-115.244634854002, 36.1970932790013], [-115.244707853002, 36.1964932790013], [-115.244702852002, 36.1963992790013], [-115.244687852002, 36.1961172780013], [-115.244683854002, 36.1960242790013], [-115.244686853002, 36.1954602790013], [-115.244683852002, 36.1949052790013], [-115.244671853002, 36.1915492790013], [-115.244667853002, 36.1904312780013], [-115.244657853002, 36.1900702790013], [-115.244647852002, 36.1896512780013], [-115.244639853002, 36.1889872780013], [-115.244635852002, 36.1886262790013], [-115.244629852002, 36.1872452780013], [-115.244627852002, 36.1871542780013], [-115.244604852002, 36.1854142780013], [-115.244599852002, 36.1835512770013], [-115.244605852002, 36.1827402780013], [-115.244618851002, 36.1812692770013], [-115.244639852002, 36.1810172770013], [-115.244549852002, 36.1804372780013], [-115.244536851002, 36.1800112780013], [-115.244536851002, 36.1794832770013], [-115.244523852002, 36.1792052780013], [-115.244491851002, 36.1789542770013], [-115.244446851002, 36.1785292770013], [-115.244369851002, 36.1781552770013], [-115.244302851002, 36.1778802770013], [-115.244188851002, 36.1775292770013], [-115.244138851002, 36.1773892770013], [-115.244080852002, 36.1772252770013], [-115.244026851002, 36.1770732760013], [-115.243977851002, 36.1769422770013], [-115.243879852002, 36.1767622770013], [-115.243820851002, 36.1766852770013], [-115.243734850002, 36.1766022770013], [-115.243183851002, 36.1759032770013], [-115.242234851002, 36.1749822770013], [-115.241367850002, 36.1744092770013], [-115.240663850002, 36.1740662770013], [-115.239714850002, 36.1737062770013], [-115.239190849002, 36.1735582770013], [-115.238175849002, 36.1734272770013], [-115.238008850002, 36.1734232770013], [-115.237235849002, 36.1734062770013], [-115.236548850002, 36.1733912770013], [-115.235342850002, 36.1733642770013], [-115.233166848002, 36.1734932780014], [-115.232395849002, 36.1735752780013], [-115.232050848002, 36.1736122780013], [-115.230933848002, 36.1737302780013], [-115.230392848002, 36.1737832780013], [-115.229857847002, 36.1738232770013], [-115.228987849002, 36.1739032780013], [-115.227538848002, 36.1739832770013], [-115.224127848002, 36.1739802780013], [-115.222392847002, 36.1739442770013], [-115.222234847002, 36.1739432770013], [-115.220582847002, 36.1739222780013], [-115.219804847002, 36.1739132790013], [-115.218290846002, 36.1738852780013], [-115.215154846002, 36.1738322790013], [-115.214872845002, 36.1738282780013], [-115.214643846002, 36.1738242780013], [-115.213089845002, 36.1737822790013], [-115.210066844002, 36.1735942790013], [-115.208871845002, 36.1735212780013], [-115.208419845002, 36.1735222780013], [-115.208286845002, 36.1735162780013], [-115.206534845002, 36.1734252790013], [-115.206228844002, 36.1734102790013], [-115.205950844002, 36.1734032800013], [-115.205947843002, 36.1733252790013], [-115.205946843002, 36.1733002790013], [-115.205946843002, 36.1732782790013], [-115.205947844002, 36.1732152790013], [-115.205948843002, 36.1731952780013], [-115.205951843002, 36.1730932790013], [-115.205951843002, 36.1730682790013], [-115.205953843002, 36.1729922790013], [-115.205952843002, 36.1728022790013], [-115.205959844002, 36.1726902790013], [-115.205967844002, 36.1725642790013], [-115.205970844002, 36.1724982790013], [-115.205979843002, 36.1723012790013], [-115.205983843002, 36.1722362790013], [-115.205984844002, 36.1721432790013], [-115.205989843002, 36.1718642790013], [-115.205991844002, 36.1717722790013], [-115.205994843002, 36.1714322790013], [-115.206003844002, 36.1706442780013], [-115.206007844002, 36.1704142790013], [-115.206014843002, 36.1700752790013], [-115.206012844002, 36.1697172790013], [-115.206009843002, 36.1686432780013], [-115.206008844002, 36.1682862790013], [-115.206013843002, 36.1679372780013], [-115.206027843002, 36.1670162780013], [-115.206027843002, 36.1668902780013], [-115.206029843002, 36.1665422790013], [-115.206029843002, 36.1664432790013], [-115.206029843002, 36.1661482780013], [-115.206030843002, 36.1660502790013], [-115.206026843002, 36.1657772790013], [-115.206014842002, 36.1649602780013], [-115.206010843002, 36.1646882780013], [-115.206002843002, 36.1645492780013], [-115.205980843002, 36.1641342770013], [-115.205973843002, 36.1639962780013], [-115.205970843002, 36.1638562780013], [-115.205964843002, 36.1634382780013], [-115.205962843002, 36.1632992780013], [-115.205959843002, 36.1632312780013], [-115.205953842002, 36.1630302780013], [-115.205951843002, 36.1629632770013], [-115.205948842002, 36.1628942770013], [-115.205940843002, 36.1626892780013], [-115.205938842002, 36.1626212770013], [-115.205936843002, 36.1624812780013], [-115.205933842002, 36.1620612770013], [-115.205932842002, 36.1619222770013], [-115.205929843002, 36.1617872780013], [-115.205924843002, 36.1615202780013], [-115.205915843002, 36.1613842770013], [-115.205908842002, 36.1612502780013], [-115.205906843002, 36.1611762780013], [-115.205903842002, 36.1609542780013], [-115.205902843002, 36.1608812770013], [-115.205895843002, 36.1607082780013], [-115.205876842002, 36.1601892770013], [-115.205870843002, 36.1600162780013], [-115.205869843002, 36.1599852770013], [-115.205866842002, 36.1598952770013], [-115.205865842002, 36.1598652770013], [-115.205865843002, 36.1597102770013], [-115.205865843002, 36.1595852770013], [-115.205867842002, 36.1592442780013], [-115.205868842002, 36.1591472770013], [-115.205868842002, 36.1590902780013], [-115.205867843002, 36.1590162770013], [-115.205867842002, 36.1583902770013], [-115.205899842002, 36.1581762770013], [-115.205972843002, 36.1579232770013], [-115.206068843002, 36.1576842770013], [-115.206165843002, 36.1574962770013], [-115.206335842002, 36.1572712770013], [-115.206573843002, 36.1569882770013], [-115.207298842002, 36.1562512770013], [-115.207487843002, 36.1560422760013], [-115.207662843002, 36.1558202770013], [-115.207773843002, 36.1556162770013], [-115.207875843002, 36.1554062770013], [-115.207960842002, 36.1551452770013], [-115.208007842002, 36.1549022760013], [-115.208022842002, 36.1546452770013], [-115.207977842002, 36.1534642760013], [-115.207972842002, 36.1531222770013], [-115.207972842002, 36.1531072770013], [-115.208008842002, 36.1527442770014], [-115.208073842002, 36.1524522760013], [-115.208131842002, 36.1521282770013], [-115.208132842002, 36.1521122760013], [-115.208164843002, 36.1517732770013], [-115.208163842002, 36.1514092770013], [-115.208162842002, 36.1503192760013], [-115.208162842002, 36.1499562760013], [-115.208160842002, 36.1495962770013], [-115.208157843002, 36.1485162760013], [-115.208156842002, 36.1481572760013], [-115.208154842002, 36.1474312760013], [-115.208150841002, 36.1452532760013], [-115.208149841002, 36.1446012750013], [-115.209006842002, 36.1446042750013], [-115.210018842002, 36.1446082760013], [-115.211579842002, 36.1445612750013], [-115.212437842002, 36.1445362750013], [-115.213505843002, 36.1445222760013], [-115.214576842002, 36.1445022750013], [-115.215007842002, 36.1444922750013], [-115.216170843002, 36.1444682750013], [-115.216303844002, 36.1444672750013], [-115.216736843002, 36.1444632750013], [-115.217161843002, 36.1444572750013], [-115.218435844002, 36.1444362750013], [-115.218860844002, 36.1444312750013], [-115.221006843002, 36.1443912750013], [-115.223162844002, 36.1443582750013], [-115.223351844002, 36.1443482750013], [-115.223591845002, 36.1443432740013], [-115.224877845002, 36.1443152740013], [-115.225307845002, 36.1443062740013], [-115.225514845002, 36.1442972740013], [-115.227406845002, 36.1442732750013], [-115.229588845002, 36.1442332740013], [-115.230016845002, 36.1442232740013], [-115.231299846002, 36.1441902740013], [-115.231728845002, 36.1441802740013], [-115.232159845002, 36.1441692740013], [-115.232733846002, 36.1441532740013], [-115.233455846002, 36.1441402740013], [-115.233887847002, 36.1441342730013], [-115.234095846002, 36.1441362740013], [-115.234302847002, 36.1441382740013], [-115.234339846002, 36.1441382740013], [-115.235050846002, 36.1441452740013], [-115.235697847002, 36.1441542740014], [-115.236149847002, 36.1441612740013], [-115.236599847002, 36.1441652740013], [-115.237950846002, 36.1441822730013], [-115.238401846002, 36.1441872740013], [-115.239329847002, 36.1441982730013], [-115.242116847002, 36.1442332740013], [-115.242637848002, 36.1442452730013], [-115.242778847002, 36.1442462740013], [-115.242934848002, 36.1442492730013], [-115.242994847002, 36.1442492730013], [-115.243044847002, 36.1442322730013], [-115.243385848002, 36.1442232740013], [-115.244624848002, 36.1441942730013], [-115.244758849002, 36.1441892730013], [-115.245216848002, 36.1441742740013], [-115.246891848002, 36.1441152720013], [-115.247403849002, 36.1440402720013], [-115.247856848002, 36.1440282720013], [-115.249217850002, 36.1439942730013], [-115.249671849002, 36.1439842730013], [-115.250122849002, 36.1439692730013], [-115.251476849002, 36.1439262720013], [-115.251830849002, 36.1439152730013], [-115.251928850002, 36.1439092730014], [-115.252379849002, 36.1438982730013], [-115.253601850002, 36.1438702730013], [-115.253734849002, 36.1438672730013], [-115.254186850002, 36.1438602720013], [-115.254637850002, 36.1438432720013], [-115.255461850002, 36.1438132730013], [-115.255991850002, 36.1438042720013], [-115.256443850002, 36.1437982720013], [-115.256879851002, 36.1437862720013], [-115.257314850002, 36.1437732720013], [-115.257715850002, 36.1437612730013], [-115.258116850002, 36.1437502720013], [-115.258689851002, 36.1437402720013], [-115.259273851002, 36.1437322720013], [-115.260004850002, 36.1437172720013], [-115.260619851002, 36.1437012720013], [-115.260951851002, 36.1437022720013], [-115.260959851002, 36.1433942710013], [-115.260951851002, 36.1424152730013], [-115.260949850002, 36.1421332720013], [-115.260947851002, 36.1418522710013], [-115.260952851002, 36.1414112720013], [-115.260952851002, 36.1413482720013], [-115.260956851002, 36.1400542710013], [-115.260962851002, 36.1395532710013], [-115.260972851002, 36.1387252710013], [-115.260973850002, 36.1386172710013], [-115.260970850002, 36.1382472710013], [-115.260983851002, 36.1380592710013], [-115.260983850002, 36.1380232710013], [-115.260984850002, 36.1377592720013], [-115.260985851002, 36.1375352710013], [-115.260986850002, 36.1370472720013], [-115.260985851002, 36.1369012710013], [-115.260983851002, 36.1367542710013], [-115.260980850002, 36.1364832720013], [-115.260980850002, 36.1364322720013], [-115.260975850002, 36.1356932710013], [-115.260980850002, 36.1352152720013], [-115.260984850002, 36.1349212720013], [-115.260987850002, 36.1346272710013], [-115.260985850002, 36.1342072710013], [-115.260984850002, 36.1337862720013], [-115.260984850002, 36.1336462710013], [-115.260993850002, 36.1327952700013], [-115.260989849002, 36.1324322710013], [-115.260987851002, 36.1322032710013], [-115.260991851002, 36.1313432710013], [-115.260994850002, 36.1309942710013], [-115.260994849002, 36.1309802710013], [-115.260994849002, 36.1306232700013], [-115.260995850002, 36.1303302710013], [-115.260979850002, 36.1295532710013], [-115.260975850002, 36.1293562700013], [-115.260973850002, 36.1292772700013], [-115.260972850002, 36.1291972710013], [-115.260986849002, 36.1289902700013], [-115.260989850002, 36.1287212710013], [-115.261005850002, 36.1272942700013], [-115.261011849002, 36.1268192700013], [-115.261009849002, 36.1265682700013], [-115.261003849002, 36.1258152700013], [-115.261002850002, 36.1255642700013], [-115.261005849002, 36.1252672700013], [-115.261014849002, 36.1243772700013], [-115.261018849002, 36.1240812700013], [-115.261017849002, 36.1238282690013], [-115.261014849002, 36.1230692700013], [-115.261013850002, 36.1228172690013], [-115.261014849002, 36.1226382700013], [-115.261016848002, 36.1221032690013], [-115.261018849002, 36.1219252700013], [-115.261018849002, 36.1215612700013], [-115.261019848002, 36.1212292700013], [-115.261012848002, 36.1204722690013], [-115.261009849002, 36.1201092690013], [-115.261008849002, 36.1197472690013], [-115.261007848002, 36.1192882690013], [-115.261012848002, 36.1186642680013], [-115.261016849002, 36.1183042690013], [-115.261010848002, 36.1175732690013], [-115.261003848002, 36.1166922690013], [-115.261018849002, 36.1155572690013], [-115.261020848002, 36.1153832690013], [-115.261024848002, 36.1151052690013], [-115.261030847002, 36.1146542690013], [-115.261021848002, 36.1144352690013], [-115.261020848002, 36.1144102680013], [-115.261011848002, 36.1137792680013], [-115.261008848002, 36.1135612690013], [-115.261004848002, 36.1133812690013], [-115.261004848002, 36.1133492680013], [-115.261008848002, 36.1128742690013], [-115.261007848002, 36.1128412690013], [-115.261005848002, 36.1126622690013], [-115.261008848002, 36.1123102680013], [-115.261011848002, 36.1121072680013], [-115.261039849002, 36.1112562690013], [-115.261051848002, 36.1109052680013], [-115.261036847002, 36.1107842680013], [-115.261036848002, 36.1101522680013], [-115.261038847002, 36.1087972680013], [-115.261048847002, 36.1080652680013], [-115.261052848002, 36.1078932680013], [-115.261070847002, 36.1071402680013], [-115.261233847002, 36.1071432680013], [-115.261376847002, 36.1071442690013], [-115.261397848002, 36.1071452680013], [-115.262001848002, 36.1071552680013], [-115.262297847002, 36.1071592680013], [-115.262604848002, 36.1071652670013], [-115.263228848002, 36.1071772680013], [-115.265100849002, 36.1072152670013], [-115.265724848002, 36.1072282680013], [-115.265889849002, 36.1072322680013], [-115.266385848002, 36.1072442680013], [-115.266551848002, 36.1072492670013], [-115.267266848002, 36.1072612670013], [-115.269414849002, 36.1072972670013], [-115.270130849002, 36.1073102680013], [-115.270555849002, 36.1073222680013], [-115.271831850002, 36.1073602680013], [-115.272257849002, 36.1073732670013], [-115.273485851002, 36.1073812680013], [-115.278201851002, 36.1074772670013], [-115.278388851002, 36.1074772670013], [-115.278952850002, 36.1074782670013], [-115.279140851002, 36.1074792670013], [-115.279143852002, 36.1072992660013], [-115.279145851002, 36.1071202670013], [-115.279146851002, 36.1070252660013], [-115.279159851002, 36.1061172660013], [-115.279165850002, 36.1056662660013], [-115.279172851002, 36.1052142660013], [-115.279176851002, 36.1049392660013], [-115.279179851002, 36.1047352660013], [-115.279182850002, 36.1045302660013], [-115.279187851002, 36.1041852660013], [-115.279194850002, 36.1037092660013], [-115.279206850002, 36.1028882660013], [-115.279213851002, 36.1024252660013], [-115.279219851002, 36.1019632660013], [-115.279224850002, 36.1017402660013], [-115.279229850002, 36.1015172660013], [-115.279232850002, 36.1013532670013], [-115.279237850002, 36.1010982660013], [-115.279242851002, 36.1009032650013], [-115.279267850002, 36.1000702660013], [-115.279715849002, 36.1000792660013], [-115.280137851002, 36.1000892660013], [-115.280382851002, 36.1000822660013], [-115.280772851002, 36.1000722660013], [-115.280827850002, 36.1000692660013], [-115.280882850002, 36.1000702660013], [-115.281060851002, 36.1000652660013], [-115.281509850002, 36.1000532660013], [-115.281963850002, 36.1000522660013], [-115.282484851002, 36.1000522660013], [-115.282540851002, 36.1000482660013], [-115.282592851002, 36.1000522650013], [-115.282645850002, 36.1000522650013], [-115.283325851002, 36.1000452660013], [-115.283780851002, 36.1000412660013], [-115.284013851002, 36.1000422650013], [-115.284712851002, 36.1000462650013], [-115.284945851002, 36.1000482650013], [-115.285155852002, 36.1000472660013], [-115.285787852002, 36.1000462650013], [-115.285998851002, 36.1000462650013], [-115.286158851002, 36.1000462660013], [-115.286318852002, 36.1000462660013], [-115.286454851002, 36.1000462660013], [-115.287300852002, 36.1000462650013], [-115.287825852002, 36.1000462660013], [-115.288282852002, 36.1000462650013], [-115.288665852002, 36.1000492660013], [-115.288970852002, 36.1000502650013], [-115.289048852002, 36.1000512650013], [-115.290147852002, 36.1000592650013], [-115.291037852002, 36.1000592650013], [-115.291727852002, 36.1000602650013], [-115.291811852002, 36.1000612640013], [-115.292063852002, 36.1000662650013], [-115.292147852002, 36.1000682640014], [-115.292637853002, 36.1000592650013], [-115.293096852002, 36.1000522650013], [-115.293176852002, 36.1000522650013], [-115.293327852002, 36.1000532650013], [-115.293790853002, 36.1000582650013], [-115.293932852002, 36.1000592650013], [-115.294110853002, 36.1000612650013], [-115.294602852002, 36.1000662650013], [-115.294587853002, 36.1000352650013], [-115.294542853002, 36.0999452650013], [-115.294528853002, 36.0999162650013], [-115.294511853002, 36.0998822650013], [-115.294475852002, 36.0998102650013], [-115.294462853002, 36.0997822650013], [-115.294447853002, 36.0997482650014], [-115.294364854002, 36.0996002650013], [-115.293981853002, 36.0989912650013], [-115.293821853002, 36.0987712650013], [-115.293634853002, 36.0985142640013], [-115.293087852002, 36.0979092640013], [-115.292649853002, 36.0975302640013], [-115.292346852002, 36.0972532650013], [-115.292185852002, 36.0971052650013], [-115.291553853002, 36.0965272640013], [-115.291345852002, 36.0962952650013], [-115.290998852002, 36.0958782640013], [-115.290754853002, 36.0955502640013], [-115.290478851002, 36.0951522650013], [-115.290373852002, 36.0949642640013], [-115.290073851002, 36.0943822640013], [-115.289916851002, 36.0940062640013], [-115.289773851002, 36.0936122640013], [-115.289683851002, 36.0932992640013], [-115.289580851002, 36.0928972650013], [-115.289548851002, 36.0927702640013], [-115.289523851002, 36.0926472640013], [-115.289470852002, 36.0923892650013], [-115.289421850002, 36.0920142640013], [-115.289370851002, 36.0910542640013], [-115.289383852002, 36.0907852640013], [-115.289393852002, 36.0901532640013], [-115.289406851002, 36.0892742640013], [-115.289418851002, 36.0888722640013], [-115.289426851002, 36.0886052630013], [-115.289447850002, 36.0883242640013], [-115.289449851002, 36.0883002630013], [-115.289470850002, 36.0882092640013], [-115.289548852002, 36.0878652640013], [-115.289823851002, 36.0871752640013], [-115.289852851002, 36.0871152630013], [-115.289876852002, 36.0870642640013], [-115.290000851002, 36.0867202640013], [-115.290130851002, 36.0862412640013], [-115.290173850002, 36.0858462630013], [-115.290173851002, 36.0857202630013], [-115.290171851002, 36.0853892630013], [-115.290173850002, 36.0851572630013], [-115.290189851002, 36.0847242630013], [-115.290174850002, 36.0843432630013], [-115.290081850002, 36.0838552630013], [-115.290074851002, 36.0838302640013], [-115.289953850002, 36.0833822630013], [-115.289846850002, 36.0831042630013], [-115.289682850002, 36.0826542630013], [-115.289610850002, 36.0824022630013], [-115.289577850002, 36.0822442630013], [-115.289548850002, 36.0820992630013], [-115.289538851002, 36.0819492630013], [-115.289532850002, 36.0814622630013], [-115.289530850002, 36.0812462630013], [-115.289531850002, 36.0800092620013], [-115.289532851002, 36.0790812630013], [-115.289542850002, 36.0787682630013], [-115.289557850002, 36.0782942620013], [-115.289557850002, 36.0777212630013], [-115.290433850002, 36.0777192620013], [-115.293515851002, 36.0777152620013], [-115.295412851002, 36.0777132620013], [-115.297644851002, 36.0776782620013], [-115.297728851002, 36.0740962620013], [-115.297732851002, 36.0739282620013], [-115.297716851002, 36.0731152620013], [-115.297797850002, 36.0702442620013], [-115.297788850002, 36.0697882610013], [-115.297779851002, 36.0692992620013], [-115.297715850002, 36.0666552610013], [-115.297712850002, 36.0655912600013], [-115.297732851002, 36.0647142610013], [-115.297709849002, 36.0641002600013], [-115.297693850002, 36.0636332600013], [-115.297669849002, 36.0630052600013], [-115.297663849002, 36.0628362600013], [-115.297589851002, 36.0621122600013], [-115.297496849002, 36.0599392600013], [-115.297483850002, 36.0592152590013], [-115.297477850002, 36.0590042600013], [-115.297461849002, 36.0583742600013], [-115.297456849002, 36.0581642600013], [-115.297441849002, 36.0555622600013], [-115.311424851002, 36.0556332590013], [-115.315778853002, 36.0553842590013], [-115.315780851002, 36.0331642560013], [-115.315781851002, 36.0284892550013], [-115.315933850002, 36.0234792550013], [-115.316283850002, 36.0235672550013], [-115.316468850002, 36.0236112550013], [-115.316773850002, 36.0236842550013], [-115.317257850002, 36.0238152550013], [-115.317614850002, 36.0239202550013], [-115.317968850002, 36.0240342550013], [-115.318058850002, 36.0240652540013], [-115.318210850002, 36.0241172550013], [-115.318449851002, 36.0242062540013], [-115.318575850002, 36.0242592540013], [-115.318753851002, 36.0243342550013], [-115.318819850002, 36.0243642540013], [-115.319412850002, 36.0246362540013], [-115.319544850002, 36.0247012550013], [-115.319764850002, 36.0248102550013], [-115.319783850002, 36.0248212540013], [-115.319988850002, 36.0249352550013], [-115.320089851002, 36.0249922550013], [-115.320323850002, 36.0251282540013], [-115.320563850002, 36.0252672540013], [-115.320599851002, 36.0252882540013], [-115.320803850002, 36.0254072550013], [-115.321055851002, 36.0255532550013], [-115.321324851002, 36.0257102550013], [-115.321640851002, 36.0258882540013], [-115.321819850002, 36.0259842550013], [-115.322077851002, 36.0261222550013], [-115.322513851002, 36.0263852540013], [-115.322769851002, 36.0265342550013], [-115.323039852002, 36.0266912550013], [-115.323068851002, 36.0267082540013], [-115.324260852002, 36.0273792540013], [-115.324582852002, 36.0275482550013], [-115.324796851002, 36.0276512550014], [-115.324890852002, 36.0276942540013], [-115.325263852002, 36.0278672540013], [-115.325519853002, 36.0279772550013], [-115.325628852002, 36.0280182550013], [-115.325771851002, 36.0280712550013], [-115.326310852002, 36.0282552550013], [-115.326340852002, 36.0282642550013], [-115.326791852002, 36.0284082550013], [-115.327380853002, 36.0285892550013], [-115.328157852002, 36.0288472540013], [-115.328494852002, 36.0289532550013], [-115.329120852002, 36.0291502550013], [-115.329215853002, 36.0291762540013], [-115.329610852002, 36.0292992540013], [-115.330795852002, 36.0296692540013], [-115.331191852002, 36.0297932550013], [-115.331656853002, 36.0299382540013], [-115.333053854002, 36.0303732540013], [-115.333519853002, 36.0305192550013], [-115.333639853002, 36.0305652540013], [-115.333662854002, 36.0305722540013], [-115.334100853002, 36.0307122550013], [-115.334246854002, 36.0307592540013], [-115.334377853002, 36.0308012540013], [-115.334453853002, 36.0308252540013], [-115.334572854002, 36.0308612540013], [-115.335554854002, 36.0311652550013], [-115.335616854002, 36.0311842550013], [-115.335884853002, 36.0312602540013], [-115.336084853002, 36.0313132540013], [-115.336687855002, 36.0314722540013], [-115.336888853002, 36.0315262540013], [-115.337107854002, 36.0315842540013], [-115.337764854002, 36.0317582540013], [-115.337984855002, 36.0318172540013], [-115.338463855002, 36.0319442540013], [-115.339900855002, 36.0323252540013], [-115.340379855002, 36.0324522540013], [-115.340412854002, 36.0324602540013], [-115.340510855002, 36.0324862540013], [-115.340544855002, 36.0324952540013], [-115.340943855002, 36.0326002540013], [-115.341374856002, 36.0327142530013], [-115.342143855002, 36.0329062530013], [-115.342544855002, 36.0330062540013], [-115.343202855002, 36.0331832540013], [-115.344297856002, 36.0334782540013], [-115.345183856002, 36.0336962540013], [-115.345846855002, 36.0338602550013], [-115.346142856002, 36.0339442540013], [-115.346389856002, 36.0340072540013], [-115.348023857002, 36.0344302540013], [-115.348427856002, 36.0345352540013], [-115.348570857002, 36.0345662530013], [-115.349015857002, 36.0346812540013], [-115.349270857002, 36.0347472540013], [-115.349536857002, 36.0348122540013], [-115.350364857002, 36.0349792540013], [-115.350582857002, 36.0350242540013], [-115.350767857002, 36.0350552540013], [-115.350817857002, 36.0350622530013], [-115.351028856002, 36.0350902530013], [-115.351120857002, 36.0351032540013], [-115.351620857002, 36.0351512540013], [-115.351665857002, 36.0351562540013], [-115.351877857002, 36.0351802540013], [-115.352366857002, 36.0352172540013], [-115.352519857002, 36.0352292540013], [-115.352884857002, 36.0352512530013], [-115.353071857002, 36.0352582530013], [-115.353792858002, 36.0352872540013], [-115.354151858002, 36.0352932540013], [-115.354410857002, 36.0352902540013], [-115.354907858002, 36.0352762540013], [-115.355144859002, 36.0352652540013], [-115.355921857002, 36.0352102530013], [-115.356036858002, 36.0352022540013], [-115.356299858002, 36.0351792540013], [-115.356656858002, 36.0351392540013], [-115.356988857002, 36.0351032530013], [-115.357849858002, 36.0350382530013], [-115.358041859002, 36.0350232530013], [-115.358146859002, 36.0350152530013], [-115.358628859002, 36.0349662530013], [-115.358811859002, 36.0349402530013], [-115.358895858002, 36.0351162540013], [-115.358947859002, 36.0352392540013], [-115.359008858002, 36.0353602530013], [-115.359056858002, 36.0354432530013], [-115.359174858002, 36.0356072540013], [-115.359182858002, 36.0356182530013], [-115.359303858002, 36.0357482530013], [-115.359311859002, 36.0357572540013], [-115.359362859002, 36.0358062540013], [-115.359471858002, 36.0358972530013], [-115.359498858002, 36.0359142540013], [-115.359603859002, 36.0359842530013], [-115.359746859002, 36.0360582540013], [-115.359862859002, 36.0361052540013], [-115.360058858002, 36.0361712540013], [-115.360207858002, 36.0362072540013], [-115.360457859002, 36.0362692530013], [-115.360607860002, 36.0363062530013], [-115.360842858002, 36.0363572540013], [-115.360960859002, 36.0363832530013], [-115.362003859002, 36.0365972530013], [-115.362221859002, 36.0366422530013], [-115.362390859002, 36.0366802530013], [-115.362770860002, 36.0367662540013], [-115.363184859002, 36.0368612530013], [-115.363917859002, 36.0370102530013], [-115.364219860002, 36.0370722530013], [-115.364299859002, 36.0370922530013], [-115.364285859002, 36.0378712530013], [-115.364284859002, 36.0379602540013], [-115.364293860002, 36.0386372530013], [-115.364285859002, 36.0392842530013], [-115.364282860002, 36.0394932530013], [-115.364286860002, 36.0399482540013], [-115.364279860002, 36.0402082540013], [-115.364273859002, 36.0404802530013], [-115.364277860002, 36.0405862540013], [-115.364276860002, 36.0408752530013], [-115.364276860002, 36.0410312540013], [-115.365400860002, 36.0410532540013], [-115.365391859002, 36.0408362540013], [-115.365391860002, 36.0407112540013], [-115.365400860002, 36.0404732530013], [-115.365387861002, 36.0402502540013], [-115.365396860002, 36.0398612540013], [-115.365400860002, 36.0390352530013], [-115.365382859002, 36.0381652530013], [-115.365382860002, 36.0381292530013], [-115.365385860002, 36.0377512540013], [-115.365396860002, 36.0376262530013], [-115.365422860002, 36.0375242530013], [-115.365445860002, 36.0374712530013], [-115.365771860002, 36.0376332530013], [-115.366753861002, 36.0381232530013], [-115.367080861002, 36.0382862530013], [-115.367213861002, 36.0383532530013], [-115.367612861002, 36.0385542530012], [-115.367745860002, 36.0386222540013], [-115.367951861002, 36.0387252530013], [-115.368570860002, 36.0390372530013], [-115.368777860002, 36.0391412530013], [-115.369113860002, 36.0393122540013], [-115.369520861002, 36.0395212530013], [-115.370125861002, 36.0398212530013], [-115.370464861002, 36.0399902530013], [-115.370774861002, 36.0401442530013], [-115.371235861002, 36.0403732530013], [-115.371704861002, 36.0406062530013], [-115.372015862002, 36.0407612540013], [-115.372395862002, 36.0409502540013], [-115.372541861002, 36.0410242530013], [-115.374117862002, 36.0418232530013], [-115.374643862002, 36.0420902530013], [-115.374867861002, 36.0422032530013], [-115.375109862002, 36.0423252530013], [-115.376431862002, 36.0429892540013], [-115.376505862002, 36.0430382530013], [-115.376802863002, 36.0432342530013], [-115.376936862002, 36.0433342530013], [-115.377084862002, 36.0434452530013], [-115.377176862002, 36.0435142530013], [-115.377492863002, 36.0438262530013], [-115.377561863002, 36.0438942530013], [-115.377618863002, 36.0439642530013], [-115.377888862002, 36.0442972530013], [-115.377920863002, 36.0443502530013], [-115.378272863002, 36.0449272530013], [-115.378529863002, 36.0454372540013], [-115.378636863002, 36.0456372530013], [-115.378870864002, 36.0460702530013], [-115.379117863002, 36.0465302530013], [-115.379208864002, 36.0466742540013], [-115.379308863002, 36.0468132530013], [-115.379412863002, 36.0469432530013], [-115.379523863002, 36.0470692540013], [-115.379759863002, 36.0473062530013], [-115.379881863002, 36.0474222540013], [-115.380008863002, 36.0475332540013], [-115.380157864002, 36.0476452530013], [-115.380312863002, 36.0477522530013], [-115.380485864002, 36.0478642540013], [-115.380664864002, 36.0479712530013], [-115.380985864002, 36.0481432530013], [-115.381166863002, 36.0482322540013], [-115.381351863002, 36.0483132530013], [-115.381531864002, 36.0483822540013], [-115.381879864002, 36.0484992540013], [-115.382202864002, 36.0485902540013], [-115.382443864002, 36.0486382530013], [-115.383254864002, 36.0487462530013], [-115.384461865002, 36.0488922530013], [-115.384596864002, 36.0489052530013], [-115.384622864002, 36.0489082540013], [-115.386165865002, 36.0490822530013], [-115.388105865002, 36.0493002530013], [-115.389376866002, 36.0494522530013], [-115.390398865002, 36.0495622530013], [-115.391534866002, 36.0496992520013], [-115.391889866002, 36.0497352530013], [-115.392244866002, 36.0497632530013], [-115.392540865002, 36.0497772530013], [-115.393086866002, 36.0497802520013], [-115.393336866002, 36.0497702530013], [-115.393639867002, 36.0497462520013], [-115.393940866002, 36.0497092530013], [-115.394200866002, 36.0496642530013], [-115.394613867002, 36.0495792520013], [-115.395077866002, 36.0494662530013], [-115.395322867002, 36.0493942530013], [-115.395883866002, 36.0492132530013], [-115.395947866002, 36.0491922530013], [-115.397008867002, 36.0488332530013], [-115.397256866002, 36.0487732530013], [-115.397461866002, 36.0487282530013], [-115.397667867002, 36.0486902520013], [-115.397830867002, 36.0486662520013], [-115.397994867002, 36.0486482520013], [-115.398182867002, 36.0486392520013], [-115.398601868002, 36.0486462520013], [-115.398772867002, 36.0486602520013], [-115.398831867002, 36.0486652520013], [-115.399028866002, 36.0486912530013], [-115.399223867002, 36.0487252520013], [-115.399430868002, 36.0487702530013], [-115.399634867002, 36.0488242520013], [-115.399815867002, 36.0488822530013], [-115.400136867002, 36.0489942520013], [-115.400240868002, 36.0490312520013], [-115.400965867002, 36.0492932520013], [-115.401314867002, 36.0494192520013], [-115.403837869002, 36.0503562520013], [-115.405234868002, 36.0508752520013], [-115.405371869002, 36.0509262520013], [-115.405509869002, 36.0509782520013], [-115.405543869002, 36.0509912520013], [-115.405915868002, 36.0511102520013], [-115.406161868002, 36.0511802520013], [-115.406762868002, 36.0513212520013], [-115.406876869002, 36.0513442520013], [-115.406989869002, 36.0513602530013], [-115.407305869002, 36.0514072520013], [-115.407863869002, 36.0514972520013], [-115.408077869002, 36.0515272520013], [-115.408465869002, 36.0515742520013], [-115.408825869002, 36.0516262520013], [-115.409178869002, 36.0516772520013], [-115.409959869002, 36.0518062520013], [-115.410330870002, 36.0518862520013], [-115.410572870002, 36.0519472520013], [-115.411085870002, 36.0520912520013], [-115.411320870002, 36.0521492520013], [-115.411496869002, 36.0522102520013], [-115.411814869002, 36.0523222510013], [-115.412169870002, 36.0524572520013], [-115.412918871002, 36.0527792520013], [-115.413595871002, 36.0530702520013], [-115.414556870002, 36.0534842520013], [-115.414907871002, 36.0536402520013], [-115.415214871002, 36.0537672520013], [-115.415628870002, 36.0539472520013], [-115.416026870002, 36.0541212520013], [-115.416307871002, 36.0542382520013], [-115.416592872002, 36.0543572520013], [-115.416699871002, 36.0544052520013], [-115.417269871002, 36.0546602520013], [-115.417869871002, 36.0549222520013], [-115.418260871002, 36.0550932520013], [-115.418371871002, 36.0551412520013], [-115.418510871002, 36.0552022520013], [-115.418706871002, 36.0552842520013], [-115.418819871002, 36.0553322520013], [-115.418867872002, 36.0553532520013], [-115.419057871002, 36.0554402520013], [-115.419898872002, 36.0558412520013], [-115.420574872002, 36.0562012520013], [-115.420834872002, 36.0563462510013], [-115.421306872002, 36.0566302520013], [-115.421561872002, 36.0567782510013], [-115.421926872002, 36.0569912520013], [-115.423108872002, 36.0577052520013], [-115.424918873002, 36.0587592510013], [-115.425578872002, 36.0591502520013], [-115.425639873002, 36.0591852520013], [-115.425963873002, 36.0593722520013], [-115.427256873002, 36.0601402520013], [-115.427327873002, 36.0601822520013], [-115.428594873002, 36.0609242520013], [-115.429031874002, 36.0611842510013], [-115.430493875002, 36.0620562520013], [-115.430798873002, 36.0622442520013], [-115.431952874002, 36.0630162520013], [-115.432394875002, 36.0633252520013], [-115.432608875002, 36.0634842510013], [-115.432903875002, 36.0637152520013], [-115.433756875002, 36.0643962520013], [-115.433917875002, 36.0645342520013], [-115.433976875002, 36.0645852510013], [-115.434448875002, 36.0650022520013], [-115.434699875002, 36.0652322520013], [-115.435141876002, 36.0656612520013], [-115.435376875002, 36.0658702520013], [-115.435801875002, 36.0662972520013], [-115.436085875002, 36.0665922520013], [-115.436797876002, 36.0673502530013], [-115.436929876002, 36.0674882520013], [-115.436979876002, 36.0675402530013], [-115.437954876002, 36.0685562520013], [-115.438448876002, 36.0690812520013], [-115.438765876002, 36.0694062520013], [-115.439156877002, 36.0698062520013], [-115.439552877002, 36.0701992530013], [-115.440355877002, 36.0709122520013], [-115.440861878002, 36.0713722530013], [-115.441321877002, 36.0717772520013], [-115.441975877002, 36.0723642520013], [-115.442124876002, 36.0724972530013], [-115.442384877002, 36.0727302520013], [-115.442780877002, 36.0730712530013], [-115.443317877002, 36.0735512520013], [-115.443703877002, 36.0739072530013], [-115.443965878002, 36.0741642520013], [-115.444102878002, 36.0743072520013], [-115.444233878002, 36.0744612530013], [-115.444357878002, 36.0746192530013], [-115.444478878002, 36.0747882530013], [-115.444609877002, 36.0749892530013], [-115.444850878002, 36.0753582520013], [-115.444993878002, 36.0755852520013], [-115.445245879002, 36.0760122530013], [-115.445780878002, 36.0769002530013], [-115.446036879002, 36.0773472530013], [-115.446559879002, 36.0782432530013], [-115.446778878002, 36.0786432530013], [-115.446821879002, 36.0787212530013], [-115.446957879002, 36.0789942530014], [-115.447073879002, 36.0792572530013], [-115.447313879002, 36.0798352520013], [-115.447351879002, 36.0799382520013], [-115.447485878002, 36.0803022530013], [-115.447561879002, 36.0805292530013], [-115.447636880002, 36.0807962530013], [-115.447771879002, 36.0813602530013], [-115.447844879002, 36.0817252530013], [-115.447870879002, 36.0818782530013], [-115.447921879002, 36.0821652530013], [-115.447979879002, 36.0824632530013], [-115.448177879002, 36.0833452530013], [-115.448229880002, 36.0836182540013], [-115.448288879002, 36.0838892530013], [-115.448365879002, 36.0842752530013], [-115.448582880002, 36.0853072530013], [-115.448754880002, 36.0860572530013], [-115.448885880002, 36.0866892540013], [-115.448915880002, 36.0868532540013], [-115.448940880002, 36.0871422530013], [-115.448955880002, 36.0875832540013], [-115.448956880002, 36.0878072540013], [-115.448959880002, 36.0880482540013], [-115.448953880002, 36.0888792530013], [-115.448953879002, 36.0889042540013], [-115.448957880002, 36.0893622540013], [-115.448961880002, 36.0898202540013], [-115.448963880002, 36.0901182540013], [-115.448964881002, 36.0906362540013], [-115.448964880002, 36.0910712540013], [-115.448973880002, 36.0925282540013], [-115.448979881002, 36.0934342540013], [-115.448975881002, 36.0939752540013], [-115.448987881002, 36.0949222540013], [-115.448978881002, 36.0953482540013], [-115.448979881002, 36.0957492550013], [-115.448990881002, 36.0961492550013], [-115.449009880002, 36.0965432550013], [-115.449042882002, 36.0969622550013], [-115.449185881002, 36.0982252550013], [-115.449216881002, 36.0986512550013], [-115.449235880002, 36.0988362540013], [-115.449296880002, 36.0992122550013], [-115.449434881002, 36.1003012550013], [-115.449463881002, 36.1006262560013], [-115.449498881002, 36.1010172550013], [-115.449544882002, 36.1013802550013], [-115.449601881002, 36.1018282550013], [-115.449642881002, 36.1022852550013], [-115.449705882002, 36.1027372550013], [-115.449768882002, 36.1033172550013], [-115.449810881002, 36.1036962560013], [-115.449948881002, 36.1048962560013], [-115.449989881002, 36.1052482560013], [-115.450062882002, 36.1058002550013], [-115.450111882002, 36.1062552550013], [-115.450152882002, 36.1065532560013], [-115.450168882002, 36.1068092560013], [-115.450169883002, 36.1074192560013], [-115.450161882002, 36.1076372560013], [-115.450149882002, 36.1077962560013], [-115.450131882002, 36.1079542560013], [-115.450090882002, 36.1082072560013], [-115.450042883002, 36.1084442560013], [-115.449922883002, 36.1089422560013], [-115.449856882002, 36.1091762560013], [-115.449784883002, 36.1094082560013], [-115.449720882002, 36.1095992560013], [-115.449642882002, 36.1098402560013], [-115.449470882002, 36.1103652560013], [-115.449419882002, 36.1105332570013], [-115.449403883002, 36.1105762570013], [-115.449393882002, 36.1106212560013], [-115.449300882002, 36.1109272560013], [-115.449239882002, 36.1111152560013], [-115.449144882002, 36.1113772560013], [-115.449064881002, 36.1116432560013], [-115.448951882002, 36.1119722570013], [-115.448920882002, 36.1120652560013], [-115.448808883002, 36.1124432560013], [-115.448743882002, 36.1126182570013], [-115.448668882002, 36.1128392570013], [-115.448656882002, 36.1128762570013], [-115.448625882002, 36.1129612570013], [-115.448526883002, 36.1131872560013], [-115.448384882002, 36.1134642570013], [-115.448230882002, 36.1137162560013], [-115.448144882002, 36.1138452570013], [-115.448052882002, 36.1139722570013], [-115.447905883002, 36.1141472570013], [-115.447827882002, 36.1142312570013], [-115.447710883002, 36.1143482570013], [-115.447585882002, 36.1144762570013], [-115.447415882002, 36.1146302570013], [-115.447222882002, 36.1147852560013], [-115.447022882002, 36.1149332580013], [-115.446691882002, 36.1151592570013], [-115.446361882002, 36.1153852570013], [-115.446117882002, 36.1155522570013], [-115.445803882002, 36.1157922570013], [-115.445205882002, 36.1162702570013], [-115.444746883002, 36.1166242570013], [-115.444617882002, 36.1167252570013], [-115.444488882002, 36.1168192570013], [-115.444228883002, 36.1169932570013], [-115.443780882002, 36.1172762570013], [-115.443594882002, 36.1173882570013], [-115.443224882002, 36.1175902580013], [-115.442917881002, 36.1177512580013], [-115.442001882002, 36.1182122580013], [-115.441480882002, 36.1184672580013], [-115.441001881002, 36.1186842580013], [-115.440503881002, 36.1188872580013], [-115.440303882002, 36.1189612580013], [-115.439965882002, 36.1190682580013], [-115.439415882002, 36.1192432580013], [-115.438272882002, 36.1195792580013], [-115.437754881002, 36.1197202580013], [-115.436967881002, 36.1199452580013], [-115.436696880002, 36.1200232580013], [-115.436246880002, 36.1201632580013], [-115.436015880002, 36.1202442590013], [-115.435791881002, 36.1203332580013], [-115.435609880002, 36.1204202590013], [-115.435431880002, 36.1205132580013], [-115.435135881002, 36.1206762580013], [-115.435040880002, 36.1207342590013], [-115.434925880002, 36.1208112580013], [-115.434803881002, 36.1208922580013], [-115.434603881002, 36.1210432580013], [-115.434482881002, 36.1211422580013], [-115.434063881002, 36.1215652590013], [-115.433994881002, 36.1216352580013], [-115.433834881002, 36.1218312580013], [-115.433740881002, 36.1219582580013], [-115.433677880002, 36.1220582590013], [-115.433473881002, 36.1224142590013], [-115.433378881002, 36.1226062580013], [-115.433304881002, 36.1227722590013], [-115.433292880002, 36.1228002590013], [-115.433182880002, 36.1230852590013], [-115.433117881002, 36.1232292590013], [-115.432796880002, 36.1239392590013], [-115.432490881002, 36.1246372590013], [-115.432336880002, 36.1249662590013], [-115.432227881002, 36.1251752600013], [-115.432125880002, 36.1253462590013], [-115.431928881002, 36.1256512590013], [-115.431835880002, 36.1257872590013], [-115.431682880002, 36.1259962590013], [-115.431467881002, 36.1262662590013], [-115.431306881002, 36.1264442600013], [-115.431001880002, 36.1267562590013], [-115.430791880002, 36.1269502590013], [-115.430584880002, 36.1271272600013], [-115.430380880002, 36.1272882600013], [-115.430263880002, 36.1273652590013], [-115.429817881002, 36.1276882590012], [-115.429277881002, 36.1280042600013], [-115.428894880002, 36.1281812590013], [-115.428693881002, 36.1282742600013], [-115.428326880002, 36.1284392600013], [-115.428001880002, 36.1285712600013], [-115.426398880002, 36.1292542600013], [-115.426820880002, 36.1298662600013], [-115.427685880002, 36.1298282600013], [-115.429642880002, 36.1304302600013], [-115.431240881002, 36.1306052590013], [-115.436344882002, 36.1322682590013], [-115.436967883002, 36.1329802590013], [-115.437024882002, 36.1337982600013], [-115.437381882002, 36.1341512600013], [-115.438039882002, 36.1344662600013], [-115.438533883002, 36.1345662600013], [-115.440130883002, 36.1357022590013], [-115.440757883002, 36.1359942590013], [-115.442492884002, 36.1364352600013], [-115.443753884002, 36.1365982590013], [-115.445309884002, 36.1370932600013], [-115.446444884002, 36.1371912590013], [-115.448736884002, 36.1372102600013], [-115.450236885002, 36.1372902590013], [-115.451054885002, 36.1376962590013], [-115.452666885002, 36.1380902590013], [-115.454257886002, 36.1381652590013], [-115.455523886002, 36.1384282590013], [-115.456590886002, 36.1388972590013], [-115.457702887002, 36.1391172590013], [-115.459062887002, 36.1399172590013], [-115.460190887002, 36.1408772590013], [-115.460845887002, 36.1415882590013], [-115.461445887002, 36.1419312590013], [-115.462665888002, 36.1424162590013], [-115.464810888002, 36.1425662580013], [-115.465983889002, 36.1427592590013], [-115.466644889002, 36.1430992590013], [-115.467938888002, 36.1433092580013], [-115.469820889002, 36.1431042590013], [-115.471199890002, 36.1437052590013], [-115.472216889002, 36.1438552580013], [-115.474416890002, 36.1438802590013], [-115.475181891002, 36.1444122590013], [-115.475797890002, 36.1449992590013], [-115.475911891002, 36.1453192580013], [-115.476039890002, 36.1453512580013], [-115.476334891002, 36.1454052590012], [-115.476270890002, 36.1455802580013], [-115.476291891002, 36.1458522580013], [-115.476367890002, 36.1460982590013], [-115.476537890002, 36.1463982580013], [-115.476820891002, 36.1466582590013], [-115.477148891002, 36.1468442590013], [-115.477943890002, 36.1470762590013], [-115.478839891002, 36.1473342580013], [-115.479523891002, 36.1475842580013], [-115.480267891002, 36.1479342590013], [-115.482073892002, 36.1489962580013], [-115.483755892002, 36.1500302580013], [-115.484370892002, 36.1504362580013], [-115.484809893002, 36.1507482590013], [-115.485235892002, 36.1512172590013], [-115.485747893002, 36.1517842590013], [-115.486240892002, 36.1524332590013], [-115.486710893002, 36.1530882590013], [-115.486930893002, 36.1533742590013], [-115.487149894002, 36.1537022590013], [-115.487273893002, 36.1538502580013], [-115.487488893002, 36.1540662590013], [-115.487737893002, 36.1542712590013], [-115.487856894002, 36.1543562590013], [-115.488057893002, 36.1544752590013], [-115.488201893002, 36.1545462590013], [-115.488727894002, 36.1547602590013], [-115.489148894002, 36.1549112590013], [-115.489694894002, 36.1550962590013], [-115.489998894002, 36.1552272580013], [-115.490126894002, 36.1553092590013], [-115.490202894002, 36.1553972590013], [-115.490250894002, 36.1554982580013], [-115.490264894002, 36.1556342590013], [-115.490255894002, 36.1557492590013], [-115.490241894002, 36.1558032590013], [-115.490194894002, 36.1558972580013], [-115.490161894002, 36.1559412590012], [-115.490080894002, 36.1560192590013], [-115.489986894002, 36.1560812590013], [-115.489870894002, 36.1561262590013], [-115.489802894002, 36.1561392590013], [-115.489662894002, 36.1561482590013], [-115.489501894002, 36.1561362590013], [-115.489364894002, 36.1560992590013], [-115.489251894002, 36.1560462590013], [-115.488756894002, 36.1557102590013], [-115.486952893002, 36.1543982590013], [-115.486368893002, 36.1539632590013], [-115.486278893002, 36.1539042590013], [-115.486121892002, 36.1538212600013], [-115.485992893002, 36.1537732590013], [-115.485920893002, 36.1537602590013], [-115.485696893002, 36.1537562590013], [-115.485538893002, 36.1537712590013], [-115.485460893002, 36.1537862590013], [-115.485305893002, 36.1538392590013], [-115.485156893002, 36.1539232590013], [-115.485050893002, 36.1540182590013], [-115.484920893002, 36.1541722590013], [-115.484742893002, 36.1544262590013], [-115.484552893002, 36.1546662600013], [-115.484127893002, 36.1552442590013], [-115.483979892002, 36.1554352590013], [-115.483837893002, 36.1556192600013], [-115.483742893002, 36.1557832600013], [-115.483714893002, 36.1558522600013], [-115.483675892002, 36.1559942580013], [-115.483649892002, 36.1562732590013], [-115.483660893002, 36.1563812590013], [-115.483688893002, 36.1564502590013], [-115.483757892002, 36.1565672590013], [-115.483898893002, 36.1567712590013], [-115.483904893002, 36.1567842590013], [-115.483956892002, 36.1568952590013], [-115.483969893002, 36.1569522590013], [-115.483981893002, 36.1571142600013], [-115.483968893002, 36.1573102590013], [-115.483913893002, 36.1575882600013], [-115.483830893002, 36.1579392590013], [-115.483826894002, 36.1579942590013], [-115.483813893002, 36.1581552590013], [-115.483824893002, 36.1583642590013], [-115.483854892002, 36.1585232600013], [-115.483977892002, 36.1589512590013], [-115.484001893002, 36.1590222590013], [-115.484031893002, 36.1591772600013], [-115.484037893002, 36.1593572590013], [-115.484018893002, 36.1595162590013], [-115.483969893002, 36.1596982600013], [-115.483931893002, 36.1597852590013], [-115.483846893002, 36.1599232600013], [-115.483739893002, 36.1600512600013], [-115.483671894002, 36.1601162600013], [-115.483481893002, 36.1602712600013], [-115.483349893002, 36.1603672590013], [-115.483197893002, 36.1604592610013], [-115.482982894002, 36.1605662600013], [-115.482716893002, 36.1606642600013], [-115.482299893002, 36.1607972600013], [-115.482193893002, 36.1608442590013], [-115.482091894002, 36.1608982600013], [-115.481794893002, 36.1610972600013], [-115.481359893002, 36.1614082600013], [-115.481297893002, 36.1614542600013], [-115.481245893002, 36.1614932600013], [-115.481196892002, 36.1615302600013], [-115.480896893002, 36.1617422600013], [-115.480463893002, 36.1620782600013], [-115.480055893002, 36.1623602600013], [-115.479960892002, 36.1624152610013], [-115.479864893002, 36.1624572610013], [-115.479466893002, 36.1625892600013], [-115.479301893002, 36.1626222600013], [-115.479106892002, 36.1626392600013], [-115.478513893002, 36.1626532610013], [-115.478318892002, 36.1626712600013], [-115.478141892002, 36.1627052610013], [-115.477654893002, 36.1628552600013], [-115.477514893002, 36.1628822600013], [-115.477445892002, 36.1628962610013], [-115.477233893002, 36.1629042600013], [-115.477131892002, 36.1628962600013], [-115.476939893002, 36.1628602600013], [-115.476668893002, 36.1627932610013], [-115.476487892002, 36.1627712610013], [-115.476424892002, 36.1627762610013], [-115.476300892002, 36.1628062610013], [-115.476204891002, 36.1628442610013], [-115.476096892002, 36.1629032600013], [-115.476033893002, 36.1629502610013], [-115.475938891002, 36.1630492600013], [-115.475808892002, 36.1632472610013], [-115.475730892002, 36.1634332600013], [-115.475710893002, 36.1635272610013], [-115.475691892002, 36.1636262610013], [-115.475668892002, 36.1638392610013], [-115.475667893002, 36.1639962600013], [-115.475701892002, 36.1649202610013], [-115.475725892002, 36.1651652610012], [-115.475722892002, 36.1652472610013], [-115.475696892002, 36.1654002610013], [-115.475672893002, 36.1654752610013], [-115.475610893002, 36.1656002610013], [-115.475569892002, 36.1656592610013], [-115.475497892002, 36.1657422610013], [-115.475407893002, 36.1658192610013], [-115.475341892002, 36.1658652610013], [-115.475205892002, 36.1659372610013], [-115.475130892002, 36.1659682610013], [-115.475008892002, 36.1660112610013], [-115.474901892002, 36.1660382610013], [-115.474607892002, 36.1661002610013], [-115.474200893002, 36.1661872610013], [-115.473941892002, 36.1662752610013], [-115.473896892002, 36.1662902600013], [-115.473755892002, 36.1663692610013], [-115.473650891002, 36.1664582610013], [-115.473554892002, 36.1666292610013], [-115.473539892002, 36.1667562610013], [-115.473570892002, 36.1669882610012], [-115.473583892002, 36.1670352610013], [-115.473703892002, 36.1674542610013], [-115.473998892002, 36.1683492610013], [-115.474094893002, 36.1687402620013], [-115.474100892002, 36.1689032610013], [-115.474084892002, 36.1690272620013], [-115.474045893002, 36.1691542610013], [-115.473884892002, 36.1694642620013], [-115.473775892002, 36.1697902620013], [-115.473769893002, 36.1706842610013], [-115.473749892002, 36.1708322620013], [-115.473668893002, 36.1710072620013], [-115.473573892002, 36.1710982620013], [-115.473467892002, 36.1711642620013], [-115.473296893002, 36.1712242610013], [-115.473147893002, 36.1712332610013], [-115.472901893002, 36.1711922620013], [-115.472729892002, 36.1711112610013], [-115.472585892002, 36.1709682620013], [-115.472205892002, 36.1705252620013], [-115.471743893002, 36.1699312620013], [-115.471496892002, 36.1696402620013], [-115.471346892002, 36.1695112620013], [-115.471248892002, 36.1694612620013], [-115.471178891002, 36.1694472620013], [-115.471053892002, 36.1694482620013], [-115.470926892002, 36.1694822610013], [-115.470810892002, 36.1695502610013], [-115.470734892002, 36.1696362610013], [-115.470684892002, 36.1697402620013], [-115.470647892002, 36.1700802610013], [-115.470628892002, 36.1704212610013], [-115.470575892002, 36.1713782610013], [-115.470501893002, 36.1715322620013], [-115.470420893002, 36.1715972620013], [-115.470284892002, 36.1716202620013], [-115.470235892002, 36.1716102620013], [-115.470183891002, 36.1716002620012], [-115.470092892002, 36.1715502620013], [-115.469889892002, 36.1714022620013], [-115.469764893002, 36.1713662620013], [-115.469634891002, 36.1713612620013], [-115.469377892002, 36.1714062620013], [-115.469258892002, 36.1714082620013], [-115.469121891002, 36.1713812620013], [-115.468849892002, 36.1712592620013], [-115.468752892002, 36.1712482620013], [-115.468646892002, 36.1712652620013], [-115.468556891002, 36.1713062620013], [-115.468467891002, 36.1713882620013], [-115.468356891002, 36.1716232620013], [-115.468258892002, 36.1717762620013], [-115.467945891002, 36.1720822620013], [-115.467735892002, 36.1722612630013], [-115.467520892002, 36.1723822620013], [-115.467422892002, 36.1724002620013], [-115.467266891002, 36.1723792620013], [-115.467175891002, 36.1723332630013], [-115.467109892002, 36.1722692620013], [-115.467060891002, 36.1721702620013], [-115.467045891002, 36.1720422620013], [-115.467060891002, 36.1718292630013], [-115.466999891002, 36.1715942620013], [-115.466892890002, 36.1713972620013], [-115.466559891002, 36.1710012620013], [-115.466403891002, 36.1709212620012], [-115.466234892002, 36.1709062620013], [-115.466157891002, 36.1709272620013], [-115.466091891002, 36.1709712620013], [-115.465963891002, 36.1711302620013], [-115.465886891002, 36.1717042620013], [-115.465848891002, 36.1718062620013], [-115.465788891002, 36.1718942620013], [-115.465684892002, 36.1719592630013], [-115.465525892002, 36.1720022620013], [-115.465421891002, 36.1719962630013], [-115.465317891002, 36.1719582630013], [-115.465102890002, 36.1718142620013], [-115.464899892002, 36.1717212630013], [-115.464778891002, 36.1717042630013], [-115.464648891002, 36.1717202630013], [-115.464523891002, 36.1717532620013], [-115.464403892002, 36.1718192620013], [-115.463884891002, 36.1722002630013], [-115.463576890002, 36.1723732620013], [-115.463459891002, 36.1724122630013], [-115.463379891002, 36.1724212630013], [-115.463215891002, 36.1724132620013], [-115.463138891002, 36.1723972630013], [-115.462994891002, 36.1723402630013], [-115.462949891002, 36.1723042630013], [-115.462832891002, 36.1722082620012], [-115.462740891002, 36.1720702630013], [-115.462708890002, 36.1719492620013], [-115.462671891002, 36.1714292620013], [-115.462737890002, 36.1705212620013], [-115.462712890002, 36.1703072620013], [-115.462660891002, 36.1701332630013], [-115.462586890002, 36.1699842620013], [-115.462441890002, 36.1697862620013], [-115.461850889002, 36.1691932620013], [-115.461570890002, 36.1688422620013], [-115.461449890002, 36.1685802620013], [-115.461412890002, 36.1684102620013], [-115.461410889002, 36.1682472620013], [-115.461494890002, 36.1676582630013], [-115.461612890002, 36.1673012620013], [-115.461707890002, 36.1670922620013], [-115.462048891002, 36.1665842610012], [-115.462250890002, 36.1663802610013], [-115.462479891002, 36.1661982620013], [-115.462603890002, 36.1660592620013], [-115.463216889002, 36.1650652610013], [-115.463475890002, 36.1647492610013], [-115.463578890002, 36.1645902620013], [-115.463636889002, 36.1644172620013], [-115.463645890002, 36.1641862610013], [-115.463598890002, 36.1640482620013], [-115.463520890002, 36.1639192610013], [-115.463429890002, 36.1638162610013], [-115.463239890002, 36.1636822620013], [-115.463049890002, 36.1636022620013], [-115.462882890002, 36.1635592610013], [-115.462345890002, 36.1634802610013], [-115.462222890002, 36.1634902620013], [-115.462100890002, 36.1635292620013], [-115.461783890002, 36.1637352610013], [-115.461631889002, 36.1637492610013], [-115.461493890002, 36.1637162610013], [-115.461430890002, 36.1636702610013], [-115.461356889002, 36.1635612610013], [-115.461305889002, 36.1634432620013], [-115.461220890002, 36.1631562610013], [-115.461169889002, 36.1630702610013], [-115.460985889002, 36.1628272620013], [-115.460851889002, 36.1626712620013], [-115.460584890002, 36.1624012620013], [-115.460326888002, 36.1621782620013], [-115.460242890002, 36.1621372610013], [-115.460089889002, 36.1620632610013], [-115.459987888002, 36.1620352610013], [-115.459800889002, 36.1619842610013], [-115.459592889002, 36.1619512620013], [-115.459362889002, 36.1619142610013], [-115.459223889002, 36.1618722610013], [-115.459205889002, 36.1618622610013], [-115.459096888002, 36.1618052610013], [-115.458917889002, 36.1616182620013], [-115.458300889002, 36.1607652610013], [-115.458156889002, 36.1605842610013], [-115.457984888002, 36.1603682610013], [-115.457783889002, 36.1601632620013], [-115.457571888002, 36.1599962610013], [-115.457190888002, 36.1597762610013], [-115.457033889002, 36.1597032610013], [-115.456719888002, 36.1595962620013], [-115.456378889002, 36.1595102620013], [-115.454729888002, 36.1592122610013], [-115.454452888002, 36.1591422620013], [-115.454114887002, 36.1590092610013], [-115.453902889002, 36.1588912610013], [-115.453703888002, 36.1587342610013], [-115.453505887002, 36.1585272620013], [-115.453269888002, 36.1582252620013], [-115.453120888002, 36.1580772610013], [-115.452957887002, 36.1579622610013], [-115.452732887002, 36.1578562620013], [-115.452376888002, 36.1577972620013], [-115.452099887002, 36.1578082620013], [-115.451924887002, 36.1578492620013], [-115.451912887002, 36.1578522620013], [-115.451722887002, 36.1579282610013], [-115.451556888002, 36.1580312610013], [-115.451484887002, 36.1580932610013], [-115.451444887002, 36.1581432620013], [-115.451322887002, 36.1583022610013], [-115.451137888002, 36.1587512610013], [-115.451020887002, 36.1589642620013], [-115.450559886002, 36.1596002610013], [-115.450262887002, 36.1600122620013], [-115.450222887002, 36.1600622620013], [-115.450148886002, 36.1601542620013], [-115.450045887002, 36.1602572620013], [-115.450009887002, 36.1602812620013], [-115.450120888002, 36.1604492620013], [-115.450153887002, 36.1605392610013], [-115.450147888002, 36.1606632620013], [-115.450127887002, 36.1607982620013], [-115.450054887002, 36.1611682620013], [-115.450035887002, 36.1612952620013], [-115.450042887002, 36.1614522620013], [-115.450071887002, 36.1616312620013], [-115.450137887002, 36.1617532630013], [-115.450261887002, 36.1620292620013], [-115.450321887002, 36.1622112620013], [-115.450355887002, 36.1623122620013], [-115.450177887002, 36.1623412620013], [-115.450070888002, 36.1619262630013], [-115.450059888002, 36.1618852620013], [-115.449990888002, 36.1618422630013], [-115.449753886002, 36.1616872630013], [-115.449688887002, 36.1616282620013], [-115.433648884002, 36.1615722620013], [-115.422845882002, 36.1615332640013], [-115.423036883002, 36.1695092650013], [-115.423330885002, 36.1817462660013], [-115.423492885002, 36.1885142670013], [-115.414417883002, 36.1889122680013], [-115.414540883002, 36.1923322670013], [-115.414639884002, 36.1946372680013], [-115.406601882002, 36.1946622690013], [-115.406090882002, 36.1946632690013], [-115.406148883002, 36.1961322690013], [-115.403164882002, 36.1960982690013], [-115.403133882002, 36.2001692700013], [-115.403121883002, 36.2015812690013], [-115.403096883002, 36.2047162700013], [-115.403077883002, 36.2070222710013], [-115.403059884002, 36.2093282710013], [-115.403051884002, 36.2103012710013], [-115.403043884002, 36.2112742710013], [-115.403021884002, 36.2120382710013], [-115.403018883002, 36.2121162710013], [-115.402998883002, 36.2128022720013], [-115.402991883002, 36.2130202710013], [-115.401366883002, 36.2130272720013], [-115.400908884002, 36.2130292710013], [-115.400716883002, 36.2130302720013], [-115.400524884002, 36.2130312720013], [-115.400330883002, 36.2130312710013], [-115.399748883002, 36.2130312710013], [-115.399704884002, 36.2130312710013], [-115.399560884002, 36.2129912720013], [-115.399365884002, 36.2129902710013], [-115.398780883002, 36.2129892710013], [-115.398586884002, 36.2129892710013], [-115.395735882002, 36.2129952720013], [-115.392884881002, 36.2130012720013], [-115.391829881002, 36.2130042720013], [-115.390773881002, 36.2130082720013], [-115.390363881002, 36.2130092720013], [-115.389954881002, 36.2130102720013], [-115.389513881002, 36.2130112720013], [-115.389072880002, 36.2130122720013], [-115.388021880002, 36.2130152720013], [-115.386971880002, 36.2130182710013], [-115.386951881002, 36.2130182720013], [-115.383271880002, 36.2130272720013], [-115.379570879002, 36.2130362730013], [-115.374563879002, 36.2130482720013], [-115.374585879002, 36.2148822730013], [-115.374605878002, 36.2166232740013], [-115.374626878002, 36.2183642740013], [-115.374629879002, 36.2186512730013], [-115.374632880002, 36.2189372740013], [-115.374648879002, 36.2202752730013], [-115.374522879002, 36.2202662740013], [-115.360475877002, 36.2200462740013], [-115.359361876002, 36.2200282740013], [-115.356019876002, 36.2199762750013], [-115.351562874002, 36.2199062750013], [-115.349604874002, 36.2198752750013], [-115.347730874002, 36.2199592750013], [-115.345023874002, 36.2199912750013], [-115.344153873002, 36.2200022760013], [-115.342773874002, 36.2200192750013], [-115.340105873002, 36.2200512760013], [-115.337437873002, 36.2200832760013], [-115.336903872002, 36.2200892760013], [-115.336742872002, 36.2200912760013], [-115.334197871002, 36.2201222760013], [-115.334205871002, 36.2204862760013], [-115.334208872002, 36.2205932760013], [-115.334224872002, 36.2213012760013], [-115.334229872002, 36.2215562770013], [-115.334229872002, 36.2215802760013], [-115.334234872002, 36.2217512760013], [-115.334238873002, 36.2219452760013], [-115.334248872002, 36.2224752770013], [-115.334278872002, 36.2240672770013], [-115.334289872002, 36.2245982760013], [-115.334304873002, 36.2253272770013], [-115.334310873002, 36.2255782770013], [-115.334331873002, 36.2265582770013], [-115.334336873002, 36.2267972770013], [-115.334351873002, 36.2275172770013], [-115.334368872002, 36.2282472780013], [-115.334365873002, 36.2292672770013], [-115.334364873002, 36.2293282770013], [-115.334363873002, 36.2302872780013], [-115.334363873002, 36.2303892770013], [-115.334362873002, 36.2304912770013], [-115.334359872002, 36.2314072770014], [-115.334357873002, 36.2323232780013], [-115.334355874002, 36.2325702770013], [-115.334354873002, 36.2328222780013], [-115.334354873002, 36.2332372770013], [-115.334354873002, 36.2336522770013], [-115.334230873002, 36.2352442780013], [-115.334217873002, 36.2354152780013], [-115.334210873002, 36.2355112780013], [-115.334200873002, 36.2356372780013], [-115.334155873002, 36.2362142770013], [-115.334007873002, 36.2381522780013], [-115.333908874002, 36.2394452790013], [-115.333808874002, 36.2407372790013], [-115.333731874002, 36.2417392780013], [-115.333709874002, 36.2420252790013], [-115.333654874002, 36.2427412790013], [-115.333646874002, 36.2428442790013], [-115.333638874002, 36.2429462790013], [-115.333594874002, 36.2435122790013], [-115.333551874002, 36.2440792790013], [-115.333465874002, 36.2452112790013], [-115.333417874002, 36.2458272790013], [-115.333412874002, 36.2459052790013], [-115.333406875002, 36.2459792800013], [-115.333377874002, 36.2463512790013], [-115.333372874002, 36.2464182790013], [-115.333366874002, 36.2464852790013], [-115.333365874002, 36.2465032800013], [-115.333364875002, 36.2465222800013], [-115.333358875002, 36.2465992790013], [-115.333335874002, 36.2468712790013], [-115.333313874002, 36.2471432790013], [-115.333287874002, 36.2474642800013], [-115.333276875002, 36.2475862800013], [-115.333269874002, 36.2476702790013], [-115.333260875002, 36.2477852790013], [-115.332920874002, 36.2477962790013], [-115.332652874002, 36.2477972790013], [-115.332184875002, 36.2477992790013], [-115.332050874002, 36.2478002790013], [-115.331523875002, 36.2478042800012], [-115.331304874002, 36.2478042800012], [-115.328906873002, 36.2477992800013], [-115.328700874002, 36.2477972790013], [-115.328382873002, 36.2477932790013], [-115.327596873002, 36.2477852800013], [-115.327429874002, 36.2477842790013], [-115.327112873002, 36.2477812790013], [-115.325796873002, 36.2477672800013], [-115.325274873002, 36.2477622800013], [-115.324758873002, 36.2477602800013], [-115.324200873002, 36.2477592790013], [-115.323956872002, 36.2477592800013], [-115.323371872002, 36.2477672800013], [-115.322197872002, 36.2478022800013], [-115.320262872002, 36.2478202800013], [-115.319009872002, 36.2478482800013], [-115.318647872002, 36.2478562800013], [-115.318051871002, 36.2478632810013], [-115.317762871002, 36.2478662810013], [-115.317698871002, 36.2478672800013], [-115.316924871002, 36.2478762800013], [-115.315564871002, 36.2478932800013], [-115.315345871002, 36.2478872800013], [-115.315320871002, 36.2478872800013], [-115.315249871002, 36.2478902810013], [-115.315225871002, 36.2478912800013], [-115.315027871002, 36.2478942810013]]]}, "properties": {"OBJECTID": 5, "DISTRICT": "E", "TRUSTEE": "Lorena Biassotti", "LABEL_1": "District E", "LABEL_2": "E - Lorena Biassotti", "Shape__Area": 3341110987.685547, "Shape__Length": 337268.152949289, "district_id": "E"}}, {"type": "Feature", "id": 6, "geometry": {"type": "Polygon", "coordinates": [[[-115.597327915002, 36.1674792540013], [-115.597025914002, 36.1672932530013], [-115.596882915002, 36.1672172530013], [-115.596804914002, 36.1671972540013], [-115.596702915002, 36.1671912530013], [-115.596554914002, 36.1672022540013], [-115.596359914002, 36.1672322540013], [-115.596200914002, 36.1672492530013], [-115.596019914002, 36.1672552540013], [-115.595813915002, 36.1672262540013], [-115.595578914002, 36.1671562530012], [-115.595363914002, 36.1670722540013], [-115.595017914002, 36.1669962530013], [-115.594971914002, 36.1669672540013], [-115.594936914002, 36.1669292530013], [-115.594912914002, 36.1668632530013], [-115.594915914002, 36.1667292530013], [-115.594901914002, 36.1666592530013], [-115.594878914002, 36.1666302540012], [-115.594840914002, 36.1666042540013], [-115.594799914002, 36.1666072530013], [-115.594732914002, 36.1666272540013], [-115.594574915002, 36.1667252530013], [-115.594467914002, 36.1667902530013], [-115.594395914002, 36.1668162530013], [-115.594253913002, 36.1668342540013], [-115.594032914002, 36.1668362540012], [-115.593936914002, 36.1668452540013], [-115.593846914002, 36.1668772530013], [-115.593759914002, 36.1669092530013], [-115.593683914002, 36.1669092540013], [-115.593567913002, 36.1668802530013], [-115.593329914002, 36.1668102530013], [-115.593137914002, 36.1667702530013], [-115.592966913002, 36.1667462530013], [-115.592751914002, 36.1667322540013], [-115.592652913002, 36.1667322540013], [-115.592440914002, 36.1667722530013], [-115.592167914002, 36.1668342540013], [-115.592058913002, 36.1668682530013], [-115.591911914002, 36.1669182540013], [-115.591676913002, 36.1670222540013], [-115.591595914002, 36.1670432530013], [-115.591471914002, 36.1670422530013], [-115.591223914002, 36.1669582530013], [-115.591034913002, 36.1669092530013], [-115.590862913002, 36.1668952540013], [-115.590761914002, 36.1669002540013], [-115.590676913002, 36.1669312540013], [-115.590636914002, 36.1669702540012], [-115.590644913002, 36.1670082540013], [-115.590695913002, 36.1670702540013], [-115.590740914002, 36.1671442540013], [-115.590735914002, 36.1671852530013], [-115.590708913002, 36.1672172540013], [-115.590624913002, 36.1672522540013], [-115.590490913002, 36.1672692540013], [-115.590339913002, 36.1672752540013], [-115.590062914002, 36.1672592540013], [-115.589845913002, 36.1671942530013], [-115.589767913002, 36.1671762540012], [-115.589694913002, 36.1671682540013], [-115.589567913002, 36.1671822540013], [-115.589442914002, 36.1672232540013], [-115.589279913002, 36.1672582540013], [-115.589137913002, 36.1672582540013], [-115.588910913002, 36.1672262540013], [-115.588474913002, 36.1671122540013], [-115.587921913002, 36.1669732540013], [-115.587515913002, 36.1669292540013], [-115.587375912002, 36.1669152540013], [-115.587224913002, 36.1669452540013], [-115.586989913002, 36.1669902550013], [-115.586847912002, 36.1669932540013], [-115.586716912002, 36.1669732540012], [-115.586555912002, 36.1669012540013], [-115.586432912002, 36.1668392540012], [-115.586290913002, 36.1668262550013], [-115.586074912002, 36.1668652540013], [-115.585897912002, 36.1668652540013], [-115.585599913002, 36.1668512540013], [-115.585389912002, 36.1668202540013], [-115.585226912002, 36.1668042550013], [-115.585066912002, 36.1668152540012], [-115.584944912002, 36.1668302540013], [-115.584834913002, 36.1668252540013], [-115.584687912002, 36.1667932540012], [-115.584548913002, 36.1667422540013], [-115.584305912002, 36.1666742540013], [-115.584229912002, 36.1666622540013], [-115.584116912002, 36.1666652540013], [-115.583956912002, 36.1666972540013], [-115.583869912002, 36.1667262540013], [-115.583715912002, 36.1667722540013], [-115.583619911002, 36.1667752540013], [-115.583368912002, 36.1667522550013], [-115.583006912002, 36.1666932540013], [-115.582620913002, 36.1667232530013], [-115.582500912002, 36.1667082540013], [-115.582332911002, 36.1666412540013], [-115.582268912002, 36.1666242540013], [-115.582157912002, 36.1666012540013], [-115.581995912002, 36.1665982540013], [-115.581818911002, 36.1665942550013], [-115.581013911002, 36.1666182540013], [-115.580853912002, 36.1666092540013], [-115.580737911002, 36.1665772550013], [-115.580588911002, 36.1665512540013], [-115.580123911002, 36.1665162540012], [-115.579964911002, 36.1664702540013], [-115.579717911002, 36.1664232540013], [-115.579295912002, 36.1664232540013], [-115.579110911002, 36.1664352550013], [-115.578900912002, 36.1664702550013], [-115.578778911002, 36.1664902540013], [-115.578650911002, 36.1664632550013], [-115.578531911002, 36.1663942550013], [-115.578438911002, 36.1663082540013], [-115.578337911002, 36.1661442540013], [-115.578157911002, 36.1659002540013], [-115.578072911002, 36.1658252540013], [-115.578011911002, 36.1657842540013], [-115.577962912002, 36.1657702550013], [-115.577889910002, 36.1657702540013], [-115.577686911002, 36.1658162540013], [-115.577674910002, 36.1658042550013], [-115.577487910002, 36.1657662540013], [-115.577371910002, 36.1657112540013], [-115.577209911002, 36.1655242540013], [-115.576978912002, 36.1653542540013], [-115.576946911002, 36.1653252540013], [-115.576477911002, 36.1649032550013], [-115.576436910002, 36.1648762540013], [-115.576269911002, 36.1647132540013], [-115.576260910002, 36.1647052550013], [-115.576036911002, 36.1644692540013], [-115.575812911002, 36.1642772540013], [-115.575751911002, 36.1642552540013], [-115.575532910002, 36.1641772550013], [-115.574836910002, 36.1634692550013], [-115.574439910002, 36.1629072540013], [-115.573971911002, 36.1622432540013], [-115.573620910002, 36.1613682540013], [-115.573505910002, 36.1613332540013], [-115.572863909002, 36.1597622530013], [-115.572538910002, 36.1586582540013], [-115.572510909002, 36.1583412540013], [-115.572472909002, 36.1578912540013], [-115.572325909002, 36.1574552540013], [-115.571854909002, 36.1568482530013], [-115.571245908002, 36.1555932540013], [-115.571220908002, 36.1555002540013], [-115.571222908002, 36.1554392530013], [-115.571227909002, 36.1553002530013], [-115.571257908002, 36.1551702540013], [-115.571313908002, 36.1549772540013], [-115.571395909002, 36.1547622540013], [-115.571517909002, 36.1544392540013], [-115.571721909002, 36.1538502540013], [-115.571942909002, 36.1530262540013], [-115.572006908002, 36.1527732530013], [-115.572029909002, 36.1525172540013], [-115.572032908002, 36.1522412530013], [-115.572031908002, 36.1519372530013], [-115.571996908002, 36.1514772530013], [-115.571950908002, 36.1511812530013], [-115.571819908002, 36.1508582530013], [-115.571521908002, 36.1504702530013], [-115.571164908002, 36.1500512530013], [-115.571025907002, 36.1497232530013], [-115.570918908002, 36.1490642530013], [-115.570791908002, 36.1480272530013], [-115.570724907002, 36.1471682530013], [-115.570686907002, 36.1462952530013], [-115.570681908002, 36.1458982530013], [-115.570678908002, 36.1455372530013], [-115.570685908002, 36.1451612520013], [-115.570670907002, 36.1444002520013], [-115.570685907002, 36.1432582530013], [-115.570714908002, 36.1425282530013], [-115.570473908002, 36.1413172530013], [-115.570301907002, 36.1403472520013], [-115.570497907002, 36.1386292520013], [-115.570999907002, 36.1355182520013], [-115.571499907002, 36.1330222510013], [-115.571590907002, 36.1319872510013], [-115.571647906002, 36.1310052510013], [-115.571664906002, 36.1307302510013], [-115.571829906002, 36.1295262510013], [-115.571926907002, 36.1291522500013], [-115.571978906002, 36.1289282500013], [-115.572011906002, 36.1287182510013], [-115.572264906002, 36.1281872500013], [-115.572338906002, 36.1277092500013], [-115.572311907002, 36.1274062510013], [-115.572169906002, 36.1268512500013], [-115.572202907002, 36.1267082510013], [-115.572358906002, 36.1265712500013], [-115.572419906002, 36.1264892500013], [-115.572419906002, 36.1264452500013], [-115.572439907002, 36.1263842500013], [-115.572433907002, 36.1262302500013], [-115.572392907002, 36.1260882510013], [-115.572263905002, 36.1258132510013], [-115.572243906002, 36.1256702490013], [-115.572229906002, 36.1254782490012], [-115.572236906002, 36.1254452500013], [-115.572229906002, 36.1253682500013], [-115.572155905002, 36.1252032500013], [-115.571965906002, 36.1249722500013], [-115.571941905002, 36.1249242510013], [-115.571874906002, 36.1248302500013], [-115.571847906002, 36.1246872510013], [-115.571840906002, 36.1246052500013], [-115.571826906002, 36.1245452500013], [-115.571792906002, 36.1244902500013], [-115.571725905002, 36.1244072500013], [-115.571630906002, 36.1243142510013], [-115.571467905002, 36.1241872500013], [-115.571346905002, 36.1240852500013], [-115.571321906002, 36.1238862510013], [-115.571287906002, 36.1236982500013], [-115.571294906002, 36.1234702500013], [-115.571374906002, 36.1228082500013], [-115.571421906002, 36.1222132490012], [-115.571537905002, 36.1210252500013], [-115.571584905002, 36.1207742500013], [-115.571654906002, 36.1205282500013], [-115.571834905002, 36.1201502500013], [-115.572091905002, 36.1195442500013], [-115.572166905002, 36.1192572490013], [-115.572213905002, 36.1190622500013], [-115.572417905002, 36.1180122490013], [-115.572448905002, 36.1178072500013], [-115.572473905002, 36.1176622490013], [-115.572178905002, 36.1176372490013], [-115.571405905002, 36.1175342490013], [-115.571105906002, 36.1174312490013], [-115.571012904002, 36.1174492500013], [-115.570535905002, 36.1176552490013], [-115.570413905002, 36.1177682490013], [-115.569880905002, 36.1186382500013], [-115.569692904002, 36.1189562500013], [-115.569599904002, 36.1190122500013], [-115.569571904002, 36.1190212490013], [-115.569515904002, 36.1189192500013], [-115.569580904002, 36.1184882490013], [-115.569692905002, 36.1181232490013], [-115.569749905002, 36.1174122490013], [-115.569964905002, 36.1171592490013], [-115.569983905002, 36.1170752500013], [-115.568158904002, 36.1168692500013], [-115.567877905002, 36.1169442490013], [-115.567653905002, 36.1170002500013], [-115.567419904002, 36.1171132500013], [-115.566857905002, 36.1173752500013], [-115.565837904002, 36.1180482490013], [-115.564546904002, 36.1186942510013], [-115.564022905002, 36.1190782500013], [-115.563274903002, 36.1193962500013], [-115.562720904002, 36.1196952500013], [-115.562413904002, 36.1198642500013], [-115.562132904002, 36.1199482500013], [-115.561252903002, 36.1202382500013], [-115.560663904002, 36.1203412510013], [-115.559886904002, 36.1205932500013], [-115.559549904002, 36.1205932510013], [-115.559306903002, 36.1205472510013], [-115.558932903002, 36.1204912510013], [-115.558389904002, 36.1203882510013], [-115.558156903002, 36.1203792500012], [-115.557911904002, 36.1209102500013], [-115.557738903002, 36.1210002500013], [-115.557481903002, 36.1211212500013], [-115.557346902002, 36.1211982500013], [-115.557237902002, 36.1212422510013], [-115.556980903002, 36.1213302510013], [-115.556872902002, 36.1213742510013], [-115.556682903002, 36.1214292510013], [-115.556452903002, 36.1215282510013], [-115.556235903002, 36.1215612510013], [-115.555991903002, 36.1215942500013], [-115.555639902002, 36.1216152510013], [-115.555503903002, 36.1216042510013], [-115.555395902002, 36.1216102510013], [-115.555341902002, 36.1215932500013], [-115.555246903002, 36.1215772510013], [-115.555192902002, 36.1215442510013], [-115.555124903002, 36.1215112510013], [-115.554948903002, 36.1214122500013], [-115.554718902002, 36.1213242510013], [-115.554609902002, 36.1212912500013], [-115.554406903002, 36.1212692510013], [-115.554284903002, 36.1212692500013], [-115.554162902002, 36.1212912510013], [-115.553973902002, 36.1214012510013], [-115.553932902002, 36.1214562500013], [-115.553891902002, 36.1214892510013], [-115.553851902002, 36.1215442510013], [-115.553715902002, 36.1217362510013], [-115.553661903002, 36.1217862520013], [-115.553539903002, 36.1218852500013], [-115.553458902002, 36.1219282510013], [-115.553295902002, 36.1219942510013], [-115.553174903002, 36.1220492510013], [-115.552997902002, 36.1221372510013], [-115.552889902002, 36.1221812510013], [-115.552713903002, 36.1222692510013], [-115.552415901002, 36.1224502510013], [-115.552306902002, 36.1224942510013], [-115.552049902002, 36.1225932510013], [-115.551975903002, 36.1226482510013], [-115.551683902002, 36.1227472510013], [-115.551338902002, 36.1229122510013], [-115.551135902002, 36.1230222520013], [-115.551067902002, 36.1230772510013], [-115.551013901002, 36.1231532510013], [-115.550959902002, 36.1232412510012], [-115.550864902002, 36.1234172510013], [-115.550809902002, 36.1235052510013], [-115.550755903002, 36.1236152520013], [-115.550620902002, 36.1237472510013], [-115.550566902002, 36.1237912510013], [-115.550484902002, 36.1238462510013], [-115.550389901002, 36.1238902510013], [-115.550322902002, 36.1239342510013], [-115.550240901002, 36.1239782520013], [-115.550105902002, 36.1240662520013], [-115.550064902002, 36.1240982510013], [-115.549942902002, 36.1241752510013], [-115.549644901002, 36.1244062510013], [-115.549577902002, 36.1244892510013], [-115.549536902002, 36.1245652510013], [-115.549455901002, 36.1247742510013], [-115.549427902002, 36.1249012510013], [-115.549424901002, 36.1249722520013], [-115.549431902002, 36.1250102520013], [-115.549444902002, 36.1250432510013], [-115.549411902002, 36.1251202510013], [-115.549255901002, 36.1252412510013], [-115.549187902002, 36.1253952520013], [-115.549180902002, 36.1255652520013], [-115.549248902002, 36.1257302520013], [-115.549261902002, 36.1258892520013], [-115.549234901002, 36.1260212520013], [-115.549133903002, 36.1262692510013], [-115.549072902002, 36.1263242520013], [-115.548977902002, 36.1263682510013], [-115.548774902002, 36.1263782510013], [-115.548625901002, 36.1264882520013], [-115.548503902002, 36.1266152510013], [-115.548428902002, 36.1268732520013], [-115.548374902002, 36.1269442510013], [-115.548211902002, 36.1272362520013], [-115.548090901002, 36.1273732520013], [-115.547934902002, 36.1274552520013], [-115.547812902002, 36.1274832520013], [-115.547500901002, 36.1275932510013], [-115.547283902002, 36.1275602520013], [-115.547134902002, 36.1276202520013], [-115.546870901002, 36.1276752520013], [-115.546741902002, 36.1278342520013], [-115.546606902002, 36.1279442520013], [-115.546606902002, 36.1280052530013], [-115.546416902002, 36.1282192520013], [-115.546010901002, 36.1284282520013], [-115.545820901002, 36.1285652530013], [-115.545488902002, 36.1286532530013], [-115.545298902002, 36.1286752530013], [-115.545150901002, 36.1287192520013], [-115.544872901002, 36.1287742520013], [-115.544608901002, 36.1287962530013], [-115.544391902002, 36.1287412520013], [-115.544174901002, 36.1286642520013], [-115.544147901002, 36.1285872520013], [-115.544079902002, 36.1284822520013], [-115.544046900002, 36.1284552520013], [-115.543978901002, 36.1284492520013], [-115.543571902002, 36.1284772520013], [-115.543456901002, 36.1284442520013], [-115.543307901002, 36.1284332530013], [-115.543165901002, 36.1284662520013], [-115.542887900002, 36.1284932520013], [-115.542637901002, 36.1286092520013], [-115.542576900002, 36.1286692530013], [-115.542386901002, 36.1288172520013], [-115.542176900002, 36.1289002530013], [-115.541966901002, 36.1289492530013], [-115.541790900002, 36.1289382530013], [-115.541512900002, 36.1288612520013], [-115.541187900002, 36.1288502520013], [-115.540964900002, 36.1288672520013], [-115.540740901002, 36.1288772520013], [-115.540395900002, 36.1287902530013], [-115.540058900002, 36.1284732530013], [-115.538136900002, 36.1292812520013], [-115.536661900002, 36.1296512530013], [-115.536190900002, 36.1291422530013], [-115.534227900002, 36.1297882530013], [-115.533378900002, 36.1301882530013], [-115.532728899002, 36.1303932530013], [-115.532519899002, 36.1305522530013], [-115.532231899002, 36.1311522530013], [-115.531443900002, 36.1314692530013], [-115.531303899002, 36.1317192530013], [-115.531297899002, 36.1326992540013], [-115.531194899002, 36.1330742540013], [-115.531135900002, 36.1337892540013], [-115.530977899002, 36.1340022540013], [-115.530751900002, 36.1340532540013], [-115.530555899002, 36.1342562540013], [-115.530067899002, 36.1344122540013], [-115.529975900002, 36.1345772540013], [-115.530083900002, 36.1348582540013], [-115.530333899002, 36.1350122540013], [-115.530453899002, 36.1356102540013], [-115.530990900002, 36.1359122540013], [-115.530974900002, 36.1363962550013], [-115.530481899002, 36.1367652540013], [-115.530299899002, 36.1371162550013], [-115.530365900002, 36.1374332540013], [-115.530844899002, 36.1376762550013], [-115.530816899002, 36.1379472540013], [-115.530507900002, 36.1382882540013], [-115.530095900002, 36.1390642540013], [-115.530063900002, 36.1396602550012], [-115.529961899002, 36.1399392540013], [-115.529782899002, 36.1402802550013], [-115.530066900002, 36.1405512550013], [-115.530066900002, 36.1408292540013], [-115.529717900002, 36.1411332550013], [-115.529698899002, 36.1413902540013], [-115.529469900002, 36.1417302540013], [-115.528926900002, 36.1419902550013], [-115.528632899002, 36.1420552550013], [-115.528327899002, 36.1418482550013], [-115.528110899002, 36.1419252550013], [-115.528107900002, 36.1421942550013], [-115.528284899002, 36.1423382540012], [-115.528247899002, 36.1425022550013], [-115.527653899002, 36.1427552550013], [-115.527494899002, 36.1429592550013], [-115.527099899002, 36.1429282550013], [-115.526839899002, 36.1431102550013], [-115.527009899002, 36.1437712550013], [-115.527297900002, 36.1443782550013], [-115.527302900002, 36.1448712550013], [-115.526961900002, 36.1452052550013], [-115.526117899002, 36.1455702550013], [-115.525692900002, 36.1459432550013], [-115.525360899002, 36.1461152550013], [-115.524593900002, 36.1463612550013], [-115.524383899002, 36.1465952560013], [-115.524294899002, 36.1468962560013], [-115.524280900002, 36.1480742560013], [-115.524130900002, 36.1494982560013], [-115.523922900002, 36.1497342560013], [-115.523913899002, 36.1501652560013], [-115.523749899002, 36.1503302550013], [-115.523774899002, 36.1511892550013], [-115.523477900002, 36.1519932560013], [-115.523408899002, 36.1523942560013], [-115.523066900002, 36.1532642560013], [-115.522867900002, 36.1537652570013], [-115.522864900002, 36.1537782560013], [-115.522831900002, 36.1540912560013], [-115.521842900002, 36.1550182570013], [-115.520526899002, 36.1553912570013], [-115.520097900002, 36.1557562570013], [-115.519603899002, 36.1565282570013], [-115.519574900002, 36.1570592570013], [-115.519859900002, 36.1572752570013], [-115.519877900002, 36.1574772570013], [-115.519577899002, 36.1579942570013], [-115.519472899002, 36.1585442570013], [-115.519650900002, 36.1587752570013], [-115.519532899002, 36.1591182570013], [-115.519235899002, 36.1593552570013], [-115.517843899002, 36.1601292580013], [-115.516151899002, 36.1607932580013], [-115.515259899002, 36.1615942580013], [-115.514906899002, 36.1613842580013], [-115.514658899002, 36.1612372580013], [-115.513097899002, 36.1610312580013], [-115.513083899002, 36.1610312580013], [-115.512729899002, 36.1614482580013], [-115.512272899002, 36.1618212580013], [-115.511266898002, 36.1624362580013], [-115.510819898002, 36.1628922590013], [-115.509845898002, 36.1634722580013], [-115.509223898002, 36.1641512580013], [-115.508582898002, 36.1648062590013], [-115.508052898002, 36.1653472590013], [-115.507911898002, 36.1655052590013], [-115.507625898002, 36.1657172590013], [-115.507608898002, 36.1657482590013], [-115.507471898002, 36.1657882590013], [-115.507136899002, 36.1654262590013], [-115.506986898002, 36.1655122590013], [-115.506982898002, 36.1655002590013], [-115.506919897002, 36.1653672590013], [-115.506909898002, 36.1653332590013], [-115.506912898002, 36.1652982580013], [-115.506932898002, 36.1652292590013], [-115.506874898002, 36.1650652590013], [-115.506832898002, 36.1649682590013], [-115.506762898002, 36.1648372580013], [-115.506741898002, 36.1648052590013], [-115.506710899002, 36.1647802580013], [-115.506643898002, 36.1646882590013], [-115.506543898002, 36.1645292590013], [-115.506437898002, 36.1643022590013], [-115.506389897002, 36.1641972580013], [-115.506351897002, 36.1641332590013], [-115.506302898002, 36.1640752580012], [-115.506284898002, 36.1640432590013], [-115.506233897002, 36.1639852590013], [-115.506137898002, 36.1639102590013], [-115.505953898002, 36.1638092580013], [-115.505853897002, 36.1637382590013], [-115.505665898002, 36.1635862580013], [-115.505519897002, 36.1635032590013], [-115.505480897002, 36.1634862590013], [-115.505233897002, 36.1634012590013], [-115.505189898002, 36.1633952590013], [-115.505100897002, 36.1633922590013], [-115.504965897002, 36.1633962590013], [-115.504831898002, 36.1633852590013], [-115.504700897002, 36.1633622590013], [-115.504568897002, 36.1633452590013], [-115.504255897002, 36.1633432580013], [-115.504135897002, 36.1633642580013], [-115.504124897002, 36.1633662590013], [-115.503945897002, 36.1633642590013], [-115.503723898002, 36.1633392590013], [-115.503597897002, 36.1633042590013], [-115.503515898002, 36.1632752590013], [-115.503293897002, 36.1631552590013], [-115.503068897002, 36.1630632590013], [-115.502982897002, 36.1630462590013], [-115.502893897002, 36.1630382590013], [-115.502853897002, 36.1630242580013], [-115.502599897002, 36.1628752590013], [-115.502562897002, 36.1628582580013], [-115.502456896002, 36.1627922590013], [-115.502390896002, 36.1627432590013], [-115.502317896002, 36.1627012590013], [-115.502215897002, 36.1626322580013], [-115.502070897002, 36.1625482590013], [-115.501766897002, 36.1623982590013], [-115.501528897002, 36.1622982590013], [-115.501470897002, 36.1622442590013], [-115.501345896002, 36.1620962590013], [-115.501251896002, 36.1620192590013], [-115.501179897002, 36.1619772580013], [-115.501103896002, 36.1619392590013], [-115.501063896002, 36.1619232600013], [-115.500980897002, 36.1618982590013], [-115.500696897002, 36.1617242590013], [-115.500677896002, 36.1617102590013], [-115.500631897002, 36.1616752590013], [-115.500560896002, 36.1616322580013], [-115.500362897002, 36.1614862590013], [-115.500273896002, 36.1614072580013], [-115.500103896002, 36.1612412590013], [-115.500095897002, 36.1612322580013], [-115.500027896002, 36.1611522590013], [-115.499912896002, 36.1610972590013], [-115.499852896002, 36.1610592590013], [-115.499842896002, 36.1610532590013], [-115.499720896002, 36.1609482590013], [-115.499401896002, 36.1605182590013], [-115.499263896002, 36.1603752590013], [-115.499237896002, 36.1603482580013], [-115.499144896002, 36.1602262590013], [-115.499089896002, 36.1601302590012], [-115.498849896002, 36.1597072590013], [-115.498712896002, 36.1595222590013], [-115.498630896002, 36.1594382590013], [-115.498548895002, 36.1593552590013], [-115.498499896002, 36.1592992590013], [-115.498419896002, 36.1592092590013], [-115.498329896002, 36.1591292590013], [-115.498265896002, 36.1590792590013], [-115.497966896002, 36.1588642590013], [-115.497364895002, 36.1583842580013], [-115.497139895002, 36.1582102580013], [-115.496768896002, 36.1578522590013], [-115.496737895002, 36.1578262590013], [-115.496600895002, 36.1577342590013], [-115.496345895002, 36.1575882590013], [-115.496111896002, 36.1574222580013], [-115.496091896002, 36.1574042580013], [-115.495902895002, 36.1572352590013], [-115.495850895002, 36.1571772590013], [-115.495735895002, 36.1570242580013], [-115.495651896002, 36.1569402590013], [-115.495587895002, 36.1568912590013], [-115.495513895002, 36.1568512580013], [-115.495433895002, 36.1568182590013], [-115.495307895002, 36.1567812590013], [-115.495148895002, 36.1567382590013], [-115.494897896002, 36.1566612590013], [-115.494863895002, 36.1566372590013], [-115.494752895002, 36.1565252590013], [-115.494631895002, 36.1563752590013], [-115.494552894002, 36.1562882580013], [-115.494221895002, 36.1557422580013], [-115.494033894002, 36.1554992590013], [-115.494001894002, 36.1554742580013], [-115.493888895002, 36.1554162580013], [-115.493617894002, 36.1552902580013], [-115.493492895002, 36.1552502590013], [-115.493088895002, 36.1550962590013], [-115.492921894002, 36.1550342590013], [-115.492663895002, 36.1549282580013], [-115.492562894002, 36.1548872590013], [-115.492328894002, 36.1547822590013], [-115.492289895002, 36.1546962590013], [-115.492227894002, 36.1546012590013], [-115.492175894002, 36.1545432590013], [-115.492112894002, 36.1544922590013], [-115.491932894002, 36.1543872580013], [-115.491623894002, 36.1542412590013], [-115.491083894002, 36.1539212590013], [-115.490730893002, 36.1537012580013], [-115.490321894002, 36.1534832580013], [-115.489945893002, 36.1532902590013], [-115.489875894002, 36.1532662580013], [-115.489623894002, 36.1531912580013], [-115.489405894002, 36.1531492590013], [-115.489315894002, 36.1531442590013], [-115.489225894002, 36.1531442590013], [-115.488812893002, 36.1527722590013], [-115.488468894002, 36.1523552590013], [-115.488398892002, 36.1522242590013], [-115.488377893002, 36.1521932580013], [-115.488209893002, 36.1518242580013], [-115.488179893002, 36.1517192580013], [-115.488246894002, 36.1516712590013], [-115.488304894002, 36.1516172590013], [-115.488401894002, 36.1514972580013], [-115.488436893002, 36.1514432590013], [-115.488462894002, 36.1513752580013], [-115.488489893002, 36.1512702590013], [-115.488493893002, 36.1511992580013], [-115.488478893002, 36.1510922590013], [-115.488363893002, 36.1507852580013], [-115.488259893002, 36.1505882580012], [-115.488218893002, 36.1505242590013], [-115.488011893002, 36.1502482590013], [-115.487870893002, 36.1500992580013], [-115.487623893002, 36.1498982580013], [-115.487421892002, 36.1497562580013], [-115.486968893002, 36.1494652590013], [-115.486884893002, 36.1494392580013], [-115.486840893002, 36.1494332590013], [-115.486706893002, 36.1494252590013], [-115.486661892002, 36.1494282590013], [-115.486574892002, 36.1494442590013], [-115.486408892002, 36.1494972580013], [-115.486207893002, 36.1493872580013], [-115.486094892002, 36.1493302580013], [-115.485880893002, 36.1491992590013], [-115.485842892002, 36.1491812590013], [-115.485737893002, 36.1491402580013], [-115.485520892002, 36.1490562580013], [-115.485404893002, 36.1490032580013], [-115.484664892002, 36.1487462590013], [-115.484282893002, 36.1486432580013], [-115.483833892002, 36.1484802590013], [-115.483708892002, 36.1484412580013], [-115.483470891002, 36.1483412590013], [-115.483326891002, 36.1482572580013], [-115.483292892002, 36.1482332580013], [-115.483100892002, 36.1480352580013], [-115.482950892002, 36.1478582580013], [-115.482895892002, 36.1478012580013], [-115.482863892002, 36.1477762580013], [-115.482753892002, 36.1477152580013], [-115.482591892002, 36.1476522580013], [-115.482558891002, 36.1476282580013], [-115.482500892002, 36.1475742580013], [-115.482293892002, 36.1473402580013], [-115.482177892002, 36.1472322580013], [-115.481991892002, 36.1470312590013], [-115.481931892002, 36.1469782580013], [-115.481525892002, 36.1466462580013], [-115.481320891002, 36.1464572580013], [-115.481092891002, 36.1462852580013], [-115.481017892002, 36.1462462580013], [-115.480786890002, 36.1461372590013], [-115.480578891002, 36.1460712590013], [-115.480446891002, 36.1460492590013], [-115.480225891002, 36.1460212580013], [-115.480046891002, 36.1460152580013], [-115.479923891002, 36.1460142590013], [-115.479555891002, 36.1460122590013], [-115.479421891002, 36.1460192580013], [-115.479064890002, 36.1459902590013], [-115.478762892002, 36.1459252590013], [-115.478345890002, 36.1457932590013], [-115.477784891002, 36.1456712580013], [-115.477347891002, 36.1455922580013], [-115.477001891002, 36.1455202580013], [-115.476737891002, 36.1454782580013], [-115.476334891002, 36.1454052590012], [-115.476039890002, 36.1453512580013], [-115.475911891002, 36.1453192580013], [-115.475797890002, 36.1449992590013], [-115.475181891002, 36.1444122590013], [-115.474416890002, 36.1438802590013], [-115.472216889002, 36.1438552580013], [-115.471199890002, 36.1437052590013], [-115.469820889002, 36.1431042590013], [-115.467938888002, 36.1433092580013], [-115.466644889002, 36.1430992590013], [-115.465983889002, 36.1427592590013], [-115.464810888002, 36.1425662580013], [-115.462665888002, 36.1424162590013], [-115.461445887002, 36.1419312590013], [-115.460845887002, 36.1415882590013], [-115.460190887002, 36.1408772590013], [-115.459062887002, 36.1399172590013], [-115.457702887002, 36.1391172590013], [-115.456590886002, 36.1388972590013], [-115.455523886002, 36.1384282590013], [-115.454257886002, 36.1381652590013], [-115.452666885002, 36.1380902590013], [-115.451054885002, 36.1376962590013], [-115.450236885002, 36.1372902590013], [-115.448736884002, 36.1372102600013], [-115.446444884002, 36.1371912590013], [-115.445309884002, 36.1370932600013], [-115.443753884002, 36.1365982590013], [-115.442492884002, 36.1364352600013], [-115.440757883002, 36.1359942590013], [-115.440130883002, 36.1357022590013], [-115.438533883002, 36.1345662600013], [-115.438039882002, 36.1344662600013], [-115.437381882002, 36.1341512600013], [-115.437024882002, 36.1337982600013], [-115.436967883002, 36.1329802590013], [-115.436344882002, 36.1322682590013], [-115.431240881002, 36.1306052590013], [-115.429642880002, 36.1304302600013], [-115.427685880002, 36.1298282600013], [-115.426820880002, 36.1298662600013], [-115.426398880002, 36.1292542600013], [-115.428001880002, 36.1285712600013], [-115.428326880002, 36.1284392600013], [-115.428693881002, 36.1282742600013], [-115.428894880002, 36.1281812590013], [-115.429277881002, 36.1280042600013], [-115.429817881002, 36.1276882590012], [-115.430263880002, 36.1273652590013], [-115.430380880002, 36.1272882600013], [-115.430584880002, 36.1271272600013], [-115.430791880002, 36.1269502590013], [-115.431001880002, 36.1267562590013], [-115.431306881002, 36.1264442600013], [-115.431467881002, 36.1262662590013], [-115.431682880002, 36.1259962590013], [-115.431835880002, 36.1257872590013], [-115.431928881002, 36.1256512590013], [-115.432125880002, 36.1253462590013], [-115.432227881002, 36.1251752600013], [-115.432336880002, 36.1249662590013], [-115.432490881002, 36.1246372590013], [-115.432796880002, 36.1239392590013], [-115.433117881002, 36.1232292590013], [-115.433182880002, 36.1230852590013], [-115.433292880002, 36.1228002590013], [-115.433304881002, 36.1227722590013], [-115.433378881002, 36.1226062580013], [-115.433473881002, 36.1224142590013], [-115.433677880002, 36.1220582590013], [-115.433740881002, 36.1219582580013], [-115.433834881002, 36.1218312580013], [-115.433994881002, 36.1216352580013], [-115.434063881002, 36.1215652590013], [-115.434482881002, 36.1211422580013], [-115.434603881002, 36.1210432580013], [-115.434803881002, 36.1208922580013], [-115.434925880002, 36.1208112580013], [-115.435040880002, 36.1207342590013], [-115.435135881002, 36.1206762580013], [-115.435431880002, 36.1205132580013], [-115.435609880002, 36.1204202590013], [-115.435791881002, 36.1203332580013], [-115.436015880002, 36.1202442590013], [-115.436246880002, 36.1201632580013], [-115.436696880002, 36.1200232580013], [-115.436967881002, 36.1199452580013], [-115.437754881002, 36.1197202580013], [-115.438272882002, 36.1195792580013], [-115.439415882002, 36.1192432580013], [-115.439965882002, 36.1190682580013], [-115.440303882002, 36.1189612580013], [-115.440503881002, 36.1188872580013], [-115.441001881002, 36.1186842580013], [-115.441480882002, 36.1184672580013], [-115.442001882002, 36.1182122580013], [-115.442917881002, 36.1177512580013], [-115.443224882002, 36.1175902580013], [-115.443594882002, 36.1173882570013], [-115.443780882002, 36.1172762570013], [-115.444228883002, 36.1169932570013], [-115.444488882002, 36.1168192570013], [-115.444617882002, 36.1167252570013], [-115.444746883002, 36.1166242570013], [-115.445205882002, 36.1162702570013], [-115.445803882002, 36.1157922570013], [-115.446117882002, 36.1155522570013], [-115.446361882002, 36.1153852570013], [-115.446691882002, 36.1151592570013], [-115.447022882002, 36.1149332580013], [-115.447222882002, 36.1147852560013], [-115.447415882002, 36.1146302570013], [-115.447585882002, 36.1144762570013], [-115.447710883002, 36.1143482570013], [-115.447827882002, 36.1142312570013], [-115.447905883002, 36.1141472570013], [-115.448052882002, 36.1139722570013], [-115.448144882002, 36.1138452570013], [-115.448230882002, 36.1137162560013], [-115.448384882002, 36.1134642570013], [-115.448526883002, 36.1131872560013], [-115.448625882002, 36.1129612570013], [-115.448656882002, 36.1128762570013], [-115.448668882002, 36.1128392570013], [-115.448743882002, 36.1126182570013], [-115.448808883002, 36.1124432560013], [-115.448920882002, 36.1120652560013], [-115.448951882002, 36.1119722570013], [-115.449064881002, 36.1116432560013], [-115.449144882002, 36.1113772560013], [-115.449239882002, 36.1111152560013], [-115.449300882002, 36.1109272560013], [-115.449393882002, 36.1106212560013], [-115.449403883002, 36.1105762570013], [-115.449419882002, 36.1105332570013], [-115.449470882002, 36.1103652560013], [-115.449642882002, 36.1098402560013], [-115.449720882002, 36.1095992560013], [-115.449784883002, 36.1094082560013], [-115.449856882002, 36.1091762560013], [-115.449922883002, 36.1089422560013], [-115.450042883002, 36.1084442560013], [-115.450090882002, 36.1082072560013], [-115.450131882002, 36.1079542560013], [-115.450149882002, 36.1077962560013], [-115.450161882002, 36.1076372560013], [-115.450169883002, 36.1074192560013], [-115.450168882002, 36.1068092560013], [-115.450152882002, 36.1065532560013], [-115.450111882002, 36.1062552550013], [-115.450062882002, 36.1058002550013], [-115.449989881002, 36.1052482560013], [-115.449948881002, 36.1048962560013], [-115.449810881002, 36.1036962560013], [-115.449768882002, 36.1033172550013], [-115.449705882002, 36.1027372550013], [-115.449642881002, 36.1022852550013], [-115.449601881002, 36.1018282550013], [-115.449544882002, 36.1013802550013], [-115.449498881002, 36.1010172550013], [-115.449463881002, 36.1006262560013], [-115.449434881002, 36.1003012550013], [-115.449296880002, 36.0992122550013], [-115.449235880002, 36.0988362540013], [-115.449216881002, 36.0986512550013], [-115.449185881002, 36.0982252550013], [-115.449042882002, 36.0969622550013], [-115.449009880002, 36.0965432550013], [-115.448990881002, 36.0961492550013], [-115.448979881002, 36.0957492550013], [-115.448978881002, 36.0953482540013], [-115.448987881002, 36.0949222540013], [-115.448975881002, 36.0939752540013], [-115.448979881002, 36.0934342540013], [-115.448973880002, 36.0925282540013], [-115.448964880002, 36.0910712540013], [-115.448964881002, 36.0906362540013], [-115.448963880002, 36.0901182540013], [-115.448961880002, 36.0898202540013], [-115.448957880002, 36.0893622540013], [-115.448953879002, 36.0889042540013], [-115.448953880002, 36.0888792530013], [-115.448959880002, 36.0880482540013], [-115.448956880002, 36.0878072540013], [-115.448955880002, 36.0875832540013], [-115.448940880002, 36.0871422530013], [-115.448915880002, 36.0868532540013], [-115.448885880002, 36.0866892540013], [-115.448754880002, 36.0860572530013], [-115.448582880002, 36.0853072530013], [-115.448365879002, 36.0842752530013], [-115.448288879002, 36.0838892530013], [-115.448229880002, 36.0836182540013], [-115.448177879002, 36.0833452530013], [-115.447979879002, 36.0824632530013], [-115.447921879002, 36.0821652530013], [-115.447870879002, 36.0818782530013], [-115.447844879002, 36.0817252530013], [-115.447771879002, 36.0813602530013], [-115.447636880002, 36.0807962530013], [-115.447561879002, 36.0805292530013], [-115.447485878002, 36.0803022530013], [-115.447351879002, 36.0799382520013], [-115.447313879002, 36.0798352520013], [-115.447073879002, 36.0792572530013], [-115.446957879002, 36.0789942530014], [-115.446821879002, 36.0787212530013], [-115.446778878002, 36.0786432530013], [-115.446559879002, 36.0782432530013], [-115.446036879002, 36.0773472530013], [-115.445780878002, 36.0769002530013], [-115.445245879002, 36.0760122530013], [-115.444993878002, 36.0755852520013], [-115.444850878002, 36.0753582520013], [-115.444609877002, 36.0749892530013], [-115.444478878002, 36.0747882530013], [-115.444357878002, 36.0746192530013], [-115.444233878002, 36.0744612530013], [-115.444102878002, 36.0743072520013], [-115.443965878002, 36.0741642520013], [-115.443703877002, 36.0739072530013], [-115.443317877002, 36.0735512520013], [-115.442780877002, 36.0730712530013], [-115.442384877002, 36.0727302520013], [-115.442124876002, 36.0724972530013], [-115.441975877002, 36.0723642520013], [-115.441321877002, 36.0717772520013], [-115.440861878002, 36.0713722530013], [-115.440355877002, 36.0709122520013], [-115.439552877002, 36.0701992530013], [-115.439156877002, 36.0698062520013], [-115.438765876002, 36.0694062520013], [-115.438448876002, 36.0690812520013], [-115.437954876002, 36.0685562520013], [-115.436979876002, 36.0675402530013], [-115.436929876002, 36.0674882520013], [-115.436797876002, 36.0673502530013], [-115.436085875002, 36.0665922520013], [-115.435801875002, 36.0662972520013], [-115.435376875002, 36.0658702520013], [-115.435141876002, 36.0656612520013], [-115.434699875002, 36.0652322520013], [-115.434448875002, 36.0650022520013], [-115.433976875002, 36.0645852510013], [-115.433917875002, 36.0645342520013], [-115.433756875002, 36.0643962520013], [-115.432903875002, 36.0637152520013], [-115.432608875002, 36.0634842510013], [-115.432394875002, 36.0633252520013], [-115.431952874002, 36.0630162520013], [-115.430798873002, 36.0622442520013], [-115.430493875002, 36.0620562520013], [-115.429031874002, 36.0611842510013], [-115.428594873002, 36.0609242520013], [-115.427327873002, 36.0601822520013], [-115.427256873002, 36.0601402520013], [-115.425963873002, 36.0593722520013], [-115.425639873002, 36.0591852520013], [-115.425578872002, 36.0591502520013], [-115.424918873002, 36.0587592510013], [-115.423108872002, 36.0577052520013], [-115.421926872002, 36.0569912520013], [-115.421561872002, 36.0567782510013], [-115.421306872002, 36.0566302520013], [-115.420834872002, 36.0563462510013], [-115.420574872002, 36.0562012520013], [-115.419898872002, 36.0558412520013], [-115.419057871002, 36.0554402520013], [-115.418867872002, 36.0553532520013], [-115.418819871002, 36.0553322520013], [-115.418706871002, 36.0552842520013], [-115.418510871002, 36.0552022520013], [-115.418371871002, 36.0551412520013], [-115.418260871002, 36.0550932520013], [-115.417869871002, 36.0549222520013], [-115.417269871002, 36.0546602520013], [-115.416699871002, 36.0544052520013], [-115.416592872002, 36.0543572520013], [-115.416307871002, 36.0542382520013], [-115.416026870002, 36.0541212520013], [-115.415628870002, 36.0539472520013], [-115.415214871002, 36.0537672520013], [-115.414907871002, 36.0536402520013], [-115.414556870002, 36.0534842520013], [-115.413595871002, 36.0530702520013], [-115.412918871002, 36.0527792520013], [-115.412169870002, 36.0524572520013], [-115.411814869002, 36.0523222510013], [-115.411496869002, 36.0522102520013], [-115.411320870002, 36.0521492520013], [-115.411085870002, 36.0520912520013], [-115.410572870002, 36.0519472520013], [-115.410330870002, 36.0518862520013], [-115.409959869002, 36.0518062520013], [-115.409178869002, 36.0516772520013], [-115.408825869002, 36.0516262520013], [-115.408465869002, 36.0515742520013], [-115.408077869002, 36.0515272520013], [-115.407863869002, 36.0514972520013], [-115.407305869002, 36.0514072520013], [-115.406989869002, 36.0513602530013], [-115.406876869002, 36.0513442520013], [-115.406762868002, 36.0513212520013], [-115.406161868002, 36.0511802520013], [-115.405915868002, 36.0511102520013], [-115.405543869002, 36.0509912520013], [-115.405509869002, 36.0509782520013], [-115.405371869002, 36.0509262520013], [-115.405234868002, 36.0508752520013], [-115.403837869002, 36.0503562520013], [-115.401314867002, 36.0494192520013], [-115.400965867002, 36.0492932520013], [-115.400240868002, 36.0490312520013], [-115.400136867002, 36.0489942520013], [-115.399815867002, 36.0488822530013], [-115.399634867002, 36.0488242520013], [-115.399430868002, 36.0487702530013], [-115.399223867002, 36.0487252520013], [-115.399028866002, 36.0486912530013], [-115.398831867002, 36.0486652520013], [-115.398772867002, 36.0486602520013], [-115.398601868002, 36.0486462520013], [-115.398182867002, 36.0486392520013], [-115.397994867002, 36.0486482520013], [-115.397830867002, 36.0486662520013], [-115.397667867002, 36.0486902520013], [-115.397461866002, 36.0487282530013], [-115.397256866002, 36.0487732530013], [-115.397008867002, 36.0488332530013], [-115.395947866002, 36.0491922530013], [-115.395883866002, 36.0492132530013], [-115.395322867002, 36.0493942530013], [-115.395077866002, 36.0494662530013], [-115.394613867002, 36.0495792520013], [-115.394200866002, 36.0496642530013], [-115.393940866002, 36.0497092530013], [-115.393639867002, 36.0497462520013], [-115.393336866002, 36.0497702530013], [-115.393086866002, 36.0497802520013], [-115.392540865002, 36.0497772530013], [-115.392244866002, 36.0497632530013], [-115.391889866002, 36.0497352530013], [-115.391534866002, 36.0496992520013], [-115.390398865002, 36.0495622530013], [-115.389376866002, 36.0494522530013], [-115.388105865002, 36.0493002530013], [-115.386165865002, 36.0490822530013], [-115.384622864002, 36.0489082540013], [-115.384596864002, 36.0489052530013], [-115.384461865002, 36.0488922530013], [-115.383254864002, 36.0487462530013], [-115.382443864002, 36.0486382530013], [-115.382202864002, 36.0485902540013], [-115.381879864002, 36.0484992540013], [-115.381531864002, 36.0483822540013], [-115.381351863002, 36.0483132530013], [-115.381166863002, 36.0482322540013], [-115.380985864002, 36.0481432530013], [-115.380664864002, 36.0479712530013], [-115.380485864002, 36.0478642540013], [-115.380312863002, 36.0477522530013], [-115.380157864002, 36.0476452530013], [-115.380008863002, 36.0475332540013], [-115.379881863002, 36.0474222540013], [-115.379759863002, 36.0473062530013], [-115.379523863002, 36.0470692540013], [-115.379412863002, 36.0469432530013], [-115.379308863002, 36.0468132530013], [-115.379208864002, 36.0466742540013], [-115.379117863002, 36.0465302530013], [-115.378870864002, 36.0460702530013], [-115.378636863002, 36.0456372530013], [-115.378529863002, 36.0454372540013], [-115.378272863002, 36.0449272530013], [-115.377920863002, 36.0443502530013], [-115.377888862002, 36.0442972530013], [-115.377618863002, 36.0439642530013], [-115.377561863002, 36.0438942530013], [-115.377492863002, 36.0438262530013], [-115.377176862002, 36.0435142530013], [-115.377084862002, 36.0434452530013], [-115.376936862002, 36.0433342530013], [-115.376802863002, 36.0432342530013], [-115.376505862002, 36.0430382530013], [-115.376431862002, 36.0429892540013], [-115.375109862002, 36.0423252530013], [-115.374867861002, 36.0422032530013], [-115.374643862002, 36.0420902530013], [-115.374117862002, 36.0418232530013], [-115.372541861002, 36.0410242530013], [-115.372395862002, 36.0409502540013], [-115.372015862002, 36.0407612540013], [-115.371704861002, 36.0406062530013], [-115.371235861002, 36.0403732530013], [-115.370774861002, 36.0401442530013], [-115.370464861002, 36.0399902530013], [-115.370125861002, 36.0398212530013], [-115.369520861002, 36.0395212530013], [-115.369113860002, 36.0393122540013], [-115.368777860002, 36.0391412530013], [-115.368570860002, 36.0390372530013], [-115.367951861002, 36.0387252530013], [-115.367745860002, 36.0386222540013], [-115.367612861002, 36.0385542530012], [-115.367213861002, 36.0383532530013], [-115.367080861002, 36.0382862530013], [-115.366753861002, 36.0381232530013], [-115.365771860002, 36.0376332530013], [-115.365445860002, 36.0374712530013], [-115.365422860002, 36.0375242530013], [-115.365396860002, 36.0376262530013], [-115.365385860002, 36.0377512540013], [-115.365382860002, 36.0381292530013], [-115.365382859002, 36.0381652530013], [-115.365400860002, 36.0390352530013], [-115.365396860002, 36.0398612540013], [-115.365387861002, 36.0402502540013], [-115.365400860002, 36.0404732530013], [-115.365391860002, 36.0407112540013], [-115.365391859002, 36.0408362540013], [-115.365400860002, 36.0410532540013], [-115.364276860002, 36.0410312540013], [-115.364276860002, 36.0408752530013], [-115.364277860002, 36.0405862540013], [-115.364273859002, 36.0404802530013], [-115.364279860002, 36.0402082540013], [-115.364286860002, 36.0399482540013], [-115.364282860002, 36.0394932530013], [-115.364285859002, 36.0392842530013], [-115.364293860002, 36.0386372530013], [-115.364284859002, 36.0379602540013], [-115.364285859002, 36.0378712530013], [-115.364299859002, 36.0370922530013], [-115.364219860002, 36.0370722530013], [-115.363917859002, 36.0370102530013], [-115.363184859002, 36.0368612530013], [-115.362770860002, 36.0367662540013], [-115.362390859002, 36.0366802530013], [-115.362221859002, 36.0366422530013], [-115.362003859002, 36.0365972530013], [-115.360960859002, 36.0363832530013], [-115.360842858002, 36.0363572540013], [-115.360607860002, 36.0363062530013], [-115.360457859002, 36.0362692530013], [-115.360207858002, 36.0362072540013], [-115.360058858002, 36.0361712540013], [-115.359862859002, 36.0361052540013], [-115.359746859002, 36.0360582540013], [-115.359603859002, 36.0359842530013], [-115.359498858002, 36.0359142540013], [-115.359471858002, 36.0358972530013], [-115.359362859002, 36.0358062540013], [-115.359311859002, 36.0357572540013], [-115.359303858002, 36.0357482530013], [-115.359182858002, 36.0356182530013], [-115.359174858002, 36.0356072540013], [-115.359056858002, 36.0354432530013], [-115.359008858002, 36.0353602530013], [-115.358947859002, 36.0352392540013], [-115.358895858002, 36.0351162540013], [-115.358811859002, 36.0349402530013], [-115.358628859002, 36.0349662530013], [-115.358146859002, 36.0350152530013], [-115.358041859002, 36.0350232530013], [-115.357849858002, 36.0350382530013], [-115.356988857002, 36.0351032530013], [-115.356656858002, 36.0351392540013], [-115.356299858002, 36.0351792540013], [-115.356036858002, 36.0352022540013], [-115.355921857002, 36.0352102530013], [-115.355144859002, 36.0352652540013], [-115.354907858002, 36.0352762540013], [-115.354410857002, 36.0352902540013], [-115.354151858002, 36.0352932540013], [-115.353792858002, 36.0352872540013], [-115.353071857002, 36.0352582530013], [-115.352884857002, 36.0352512530013], [-115.352519857002, 36.0352292540013], [-115.352366857002, 36.0352172540013], [-115.351877857002, 36.0351802540013], [-115.351665857002, 36.0351562540013], [-115.351620857002, 36.0351512540013], [-115.351120857002, 36.0351032540013], [-115.351028856002, 36.0350902530013], [-115.350817857002, 36.0350622530013], [-115.350767857002, 36.0350552540013], [-115.350582857002, 36.0350242540013], [-115.350364857002, 36.0349792540013], [-115.349536857002, 36.0348122540013], [-115.349270857002, 36.0347472540013], [-115.349015857002, 36.0346812540013], [-115.348570857002, 36.0345662530013], [-115.348427856002, 36.0345352540013], [-115.348023857002, 36.0344302540013], [-115.346389856002, 36.0340072540013], [-115.346142856002, 36.0339442540013], [-115.345846855002, 36.0338602550013], [-115.345183856002, 36.0336962540013], [-115.344297856002, 36.0334782540013], [-115.343202855002, 36.0331832540013], [-115.342544855002, 36.0330062540013], [-115.342143855002, 36.0329062530013], [-115.341374856002, 36.0327142530013], [-115.340943855002, 36.0326002540013], [-115.340544855002, 36.0324952540013], [-115.340510855002, 36.0324862540013], [-115.340412854002, 36.0324602540013], [-115.340379855002, 36.0324522540013], [-115.339900855002, 36.0323252540013], [-115.338463855002, 36.0319442540013], [-115.337984855002, 36.0318172540013], [-115.337764854002, 36.0317582540013], [-115.337107854002, 36.0315842540013], [-115.336888853002, 36.0315262540013], [-115.336687855002, 36.0314722540013], [-115.336084853002, 36.0313132540013], [-115.335884853002, 36.0312602540013], [-115.335616854002, 36.0311842550013], [-115.335554854002, 36.0311652550013], [-115.334572854002, 36.0308612540013], [-115.334453853002, 36.0308252540013], [-115.334377853002, 36.0308012540013], [-115.334246854002, 36.0307592540013], [-115.334100853002, 36.0307122550013], [-115.333662854002, 36.0305722540013], [-115.333639853002, 36.0305652540013], [-115.333519853002, 36.0305192550013], [-115.333053854002, 36.0303732540013], [-115.331656853002, 36.0299382540013], [-115.331191852002, 36.0297932550013], [-115.330795852002, 36.0296692540013], [-115.329610852002, 36.0292992540013], [-115.329215853002, 36.0291762540013], [-115.329120852002, 36.0291502550013], [-115.328494852002, 36.0289532550013], [-115.328157852002, 36.0288472540013], [-115.327380853002, 36.0285892550013], [-115.326791852002, 36.0284082550013], [-115.326340852002, 36.0282642550013], [-115.326310852002, 36.0282552550013], [-115.325771851002, 36.0280712550013], [-115.325628852002, 36.0280182550013], [-115.325519853002, 36.0279772550013], [-115.325263852002, 36.0278672540013], [-115.324890852002, 36.0276942540013], [-115.324796851002, 36.0276512550014], [-115.324582852002, 36.0275482550013], [-115.324260852002, 36.0273792540013], [-115.323068851002, 36.0267082540013], [-115.323039852002, 36.0266912550013], [-115.322769851002, 36.0265342550013], [-115.322513851002, 36.0263852540013], [-115.322077851002, 36.0261222550013], [-115.321819850002, 36.0259842550013], [-115.321640851002, 36.0258882540013], [-115.321324851002, 36.0257102550013], [-115.321055851002, 36.0255532550013], [-115.320803850002, 36.0254072550013], [-115.320599851002, 36.0252882540013], [-115.320563850002, 36.0252672540013], [-115.320323850002, 36.0251282540013], [-115.320089851002, 36.0249922550013], [-115.319988850002, 36.0249352550013], [-115.319783850002, 36.0248212540013], [-115.319764850002, 36.0248102550013], [-115.319544850002, 36.0247012550013], [-115.319412850002, 36.0246362540013], [-115.318819850002, 36.0243642540013], [-115.318753851002, 36.0243342550013], [-115.318575850002, 36.0242592540013], [-115.318449851002, 36.0242062540013], [-115.318210850002, 36.0241172550013], [-115.318058850002, 36.0240652540013], [-115.317968850002, 36.0240342550013], [-115.317614850002, 36.0239202550013], [-115.317257850002, 36.0238152550013], [-115.316773850002, 36.0236842550013], [-115.316468850002, 36.0236112550013], [-115.316283850002, 36.0235672550013], [-115.315933850002, 36.0234792550013], [-115.315781851002, 36.0284892550013], [-115.315780851002, 36.0331642560013], [-115.315778853002, 36.0553842590013], [-115.311424851002, 36.0556332590013], [-115.297441849002, 36.0555622600013], [-115.297456849002, 36.0581642600013], [-115.297461849002, 36.0583742600013], [-115.297477850002, 36.0590042600013], [-115.297483850002, 36.0592152590013], [-115.297496849002, 36.0599392600013], [-115.297589851002, 36.0621122600013], [-115.297663849002, 36.0628362600013], [-115.297669849002, 36.0630052600013], [-115.297693850002, 36.0636332600013], [-115.297709849002, 36.0641002600013], [-115.297732851002, 36.0647142610013], [-115.297712850002, 36.0655912600013], [-115.297715850002, 36.0666552610013], [-115.297779851002, 36.0692992620013], [-115.297788850002, 36.0697882610013], [-115.297797850002, 36.0702442620013], [-115.297716851002, 36.0731152620013], [-115.297732851002, 36.0739282620013], [-115.297728851002, 36.0740962620013], [-115.297644851002, 36.0776782620013], [-115.295412851002, 36.0777132620013], [-115.293515851002, 36.0777152620013], [-115.290433850002, 36.0777192620013], [-115.289557850002, 36.0777212630013], [-115.289557850002, 36.0782942620013], [-115.289542850002, 36.0787682630013], [-115.289532851002, 36.0790812630013], [-115.289531850002, 36.0800092620013], [-115.289530850002, 36.0812462630013], [-115.289532850002, 36.0814622630013], [-115.289538851002, 36.0819492630013], [-115.289548850002, 36.0820992630013], [-115.289577850002, 36.0822442630013], [-115.289610850002, 36.0824022630013], [-115.289682850002, 36.0826542630013], [-115.289846850002, 36.0831042630013], [-115.289953850002, 36.0833822630013], [-115.290074851002, 36.0838302640013], [-115.290081850002, 36.0838552630013], [-115.290174850002, 36.0843432630013], [-115.290189851002, 36.0847242630013], [-115.290173850002, 36.0851572630013], [-115.290171851002, 36.0853892630013], [-115.290173851002, 36.0857202630013], [-115.290173850002, 36.0858462630013], [-115.290130851002, 36.0862412640013], [-115.290000851002, 36.0867202640013], [-115.289876852002, 36.0870642640013], [-115.289852851002, 36.0871152630013], [-115.289823851002, 36.0871752640013], [-115.289548852002, 36.0878652640013], [-115.289470850002, 36.0882092640013], [-115.289449851002, 36.0883002630013], [-115.289447850002, 36.0883242640013], [-115.289426851002, 36.0886052630013], [-115.289418851002, 36.0888722640013], [-115.289406851002, 36.0892742640013], [-115.289393852002, 36.0901532640013], [-115.289383852002, 36.0907852640013], [-115.289370851002, 36.0910542640013], [-115.289421850002, 36.0920142640013], [-115.289470852002, 36.0923892650013], [-115.289523851002, 36.0926472640013], [-115.289548851002, 36.0927702640013], [-115.289580851002, 36.0928972650013], [-115.289683851002, 36.0932992640013], [-115.289773851002, 36.0936122640013], [-115.289916851002, 36.0940062640013], [-115.290073851002, 36.0943822640013], [-115.290373852002, 36.0949642640013], [-115.290478851002, 36.0951522650013], [-115.290754853002, 36.0955502640013], [-115.290998852002, 36.0958782640013], [-115.291345852002, 36.0962952650013], [-115.291553853002, 36.0965272640013], [-115.292185852002, 36.0971052650013], [-115.292346852002, 36.0972532650013], [-115.292649853002, 36.0975302640013], [-115.293087852002, 36.0979092640013], [-115.293634853002, 36.0985142640013], [-115.293821853002, 36.0987712650013], [-115.293981853002, 36.0989912650013], [-115.294364854002, 36.0996002650013], [-115.294447853002, 36.0997482650014], [-115.294462853002, 36.0997822650013], [-115.294475852002, 36.0998102650013], [-115.294511853002, 36.0998822650013], [-115.294528853002, 36.0999162650013], [-115.294542853002, 36.0999452650013], [-115.294587853002, 36.1000352650013], [-115.294602852002, 36.1000662650013], [-115.294110853002, 36.1000612650013], [-115.293932852002, 36.1000592650013], [-115.293790853002, 36.1000582650013], [-115.293327852002, 36.1000532650013], [-115.293176852002, 36.1000522650013], [-115.293096852002, 36.1000522650013], [-115.292637853002, 36.1000592650013], [-115.292147852002, 36.1000682640014], [-115.292063852002, 36.1000662650013], [-115.291811852002, 36.1000612640013], [-115.291727852002, 36.1000602650013], [-115.291037852002, 36.1000592650013], [-115.290147852002, 36.1000592650013], [-115.289048852002, 36.1000512650013], [-115.288970852002, 36.1000502650013], [-115.288665852002, 36.1000492660013], [-115.288282852002, 36.1000462650013], [-115.287825852002, 36.1000462660013], [-115.287300852002, 36.1000462650013], [-115.286454851002, 36.1000462660013], [-115.286318852002, 36.1000462660013], [-115.286158851002, 36.1000462660013], [-115.285998851002, 36.1000462650013], [-115.285787852002, 36.1000462650013], [-115.285155852002, 36.1000472660013], [-115.284945851002, 36.1000482650013], [-115.284712851002, 36.1000462650013], [-115.284013851002, 36.1000422650013], [-115.283780851002, 36.1000412660013], [-115.283325851002, 36.1000452660013], [-115.282645850002, 36.1000522650013], [-115.282592851002, 36.1000522650013], [-115.282540851002, 36.1000482660013], [-115.282484851002, 36.1000522660013], [-115.281963850002, 36.1000522660013], [-115.281509850002, 36.1000532660013], [-115.281060851002, 36.1000652660013], [-115.280882850002, 36.1000702660013], [-115.280827850002, 36.1000692660013], [-115.280772851002, 36.1000722660013], [-115.280382851002, 36.1000822660013], [-115.280137851002, 36.1000892660013], [-115.279715849002, 36.1000792660013], [-115.279267850002, 36.1000702660013], [-115.279242851002, 36.1009032650013], [-115.279237850002, 36.1010982660013], [-115.279232850002, 36.1013532670013], [-115.279229850002, 36.1015172660013], [-115.279224850002, 36.1017402660013], [-115.279219851002, 36.1019632660013], [-115.279213851002, 36.1024252660013], [-115.279206850002, 36.1028882660013], [-115.279194850002, 36.1037092660013], [-115.279187851002, 36.1041852660013], [-115.279182850002, 36.1045302660013], [-115.279179851002, 36.1047352660013], [-115.279176851002, 36.1049392660013], [-115.279172851002, 36.1052142660013], [-115.279165850002, 36.1056662660013], [-115.279159851002, 36.1061172660013], [-115.279146851002, 36.1070252660013], [-115.279145851002, 36.1071202670013], [-115.279143852002, 36.1072992660013], [-115.279140851002, 36.1074792670013], [-115.278952850002, 36.1074782670013], [-115.278388851002, 36.1074772670013], [-115.278201851002, 36.1074772670013], [-115.273485851002, 36.1073812680013], [-115.272257849002, 36.1073732670013], [-115.271831850002, 36.1073602680013], [-115.270555849002, 36.1073222680013], [-115.270130849002, 36.1073102680013], [-115.269414849002, 36.1072972670013], [-115.267266848002, 36.1072612670013], [-115.266551848002, 36.1072492670013], [-115.266385848002, 36.1072442680013], [-115.265889849002, 36.1072322680013], [-115.265724848002, 36.1072282680013], [-115.265100849002, 36.1072152670013], [-115.263228848002, 36.1071772680013], [-115.262604848002, 36.1071652670013], [-115.262297847002, 36.1071592680013], [-115.262001848002, 36.1071552680013], [-115.261397848002, 36.1071452680013], [-115.261376847002, 36.1071442690013], [-115.261233847002, 36.1071432680013], [-115.261070847002, 36.1071402680013], [-115.261052848002, 36.1078932680013], [-115.261048847002, 36.1080652680013], [-115.261038847002, 36.1087972680013], [-115.261036848002, 36.1101522680013], [-115.261036847002, 36.1107842680013], [-115.261051848002, 36.1109052680013], [-115.261039849002, 36.1112562690013], [-115.261011848002, 36.1121072680013], [-115.261008848002, 36.1123102680013], [-115.261005848002, 36.1126622690013], [-115.261007848002, 36.1128412690013], [-115.261008848002, 36.1128742690013], [-115.261004848002, 36.1133492680013], [-115.261004848002, 36.1133812690013], [-115.261008848002, 36.1135612690013], [-115.261011848002, 36.1137792680013], [-115.261020848002, 36.1144102680013], [-115.261021848002, 36.1144352690013], [-115.261030847002, 36.1146542690013], [-115.261024848002, 36.1151052690013], [-115.261020848002, 36.1153832690013], [-115.261018849002, 36.1155572690013], [-115.261003848002, 36.1166922690013], [-115.261010848002, 36.1175732690013], [-115.261016849002, 36.1183042690013], [-115.261012848002, 36.1186642680013], [-115.261007848002, 36.1192882690013], [-115.261008849002, 36.1197472690013], [-115.261009849002, 36.1201092690013], [-115.261012848002, 36.1204722690013], [-115.261019848002, 36.1212292700013], [-115.261018849002, 36.1215612700013], [-115.261018849002, 36.1219252700013], [-115.261016848002, 36.1221032690013], [-115.261014849002, 36.1226382700013], [-115.261013850002, 36.1228172690013], [-115.261014849002, 36.1230692700013], [-115.261017849002, 36.1238282690013], [-115.261018849002, 36.1240812700013], [-115.261014849002, 36.1243772700013], [-115.261005849002, 36.1252672700013], [-115.261002850002, 36.1255642700013], [-115.261003849002, 36.1258152700013], [-115.261009849002, 36.1265682700013], [-115.261011849002, 36.1268192700013], [-115.261005850002, 36.1272942700013], [-115.260989850002, 36.1287212710013], [-115.260986849002, 36.1289902700013], [-115.260972850002, 36.1291972710013], [-115.260973850002, 36.1292772700013], [-115.260975850002, 36.1293562700013], [-115.260979850002, 36.1295532710013], [-115.260995850002, 36.1303302710013], [-115.260994849002, 36.1306232700013], [-115.260994849002, 36.1309802710013], [-115.260994850002, 36.1309942710013], [-115.260991851002, 36.1313432710013], [-115.260987851002, 36.1322032710013], [-115.260989849002, 36.1324322710013], [-115.260993850002, 36.1327952700013], [-115.260984850002, 36.1336462710013], [-115.260984850002, 36.1337862720013], [-115.260985850002, 36.1342072710013], [-115.260987850002, 36.1346272710013], [-115.260984850002, 36.1349212720013], [-115.260980850002, 36.1352152720013], [-115.260975850002, 36.1356932710013], [-115.260980850002, 36.1364322720013], [-115.260980850002, 36.1364832720013], [-115.260983851002, 36.1367542710013], [-115.260985851002, 36.1369012710013], [-115.260986850002, 36.1370472720013], [-115.260985851002, 36.1375352710013], [-115.260984850002, 36.1377592720013], [-115.260983850002, 36.1380232710013], [-115.260983851002, 36.1380592710013], [-115.260970850002, 36.1382472710013], [-115.260973850002, 36.1386172710013], [-115.260972851002, 36.1387252710013], [-115.260962851002, 36.1395532710013], [-115.260956851002, 36.1400542710013], [-115.260952851002, 36.1413482720013], [-115.260952851002, 36.1414112720013], [-115.260947851002, 36.1418522710013], [-115.260949850002, 36.1421332720013], [-115.260951851002, 36.1424152730013], [-115.260959851002, 36.1433942710013], [-115.260951851002, 36.1437022720013], [-115.260619851002, 36.1437012720013], [-115.260004850002, 36.1437172720013], [-115.259273851002, 36.1437322720013], [-115.258689851002, 36.1437402720013], [-115.258116850002, 36.1437502720013], [-115.257715850002, 36.1437612730013], [-115.257314850002, 36.1437732720013], [-115.256879851002, 36.1437862720013], [-115.256443850002, 36.1437982720013], [-115.255991850002, 36.1438042720013], [-115.255461850002, 36.1438132730013], [-115.254637850002, 36.1438432720013], [-115.254186850002, 36.1438602720013], [-115.253734849002, 36.1438672730013], [-115.253601850002, 36.1438702730013], [-115.252379849002, 36.1438982730013], [-115.251928850002, 36.1439092730014], [-115.251830849002, 36.1439152730013], [-115.251476849002, 36.1439262720013], [-115.250122849002, 36.1439692730013], [-115.249671849002, 36.1439842730013], [-115.249217850002, 36.1439942730013], [-115.247856848002, 36.1440282720013], [-115.247403849002, 36.1440402720013], [-115.246891848002, 36.1441152720013], [-115.245216848002, 36.1441742740013], [-115.244758849002, 36.1441892730013], [-115.244624848002, 36.1441942730013], [-115.243385848002, 36.1442232740013], [-115.243044847002, 36.1442322730013], [-115.242994847002, 36.1442492730013], [-115.242934848002, 36.1442492730013], [-115.242778847002, 36.1442462740013], [-115.242637848002, 36.1442452730013], [-115.242116847002, 36.1442332740013], [-115.239329847002, 36.1441982730013], [-115.238401846002, 36.1441872740013], [-115.237950846002, 36.1441822730013], [-115.236599847002, 36.1441652740013], [-115.236149847002, 36.1441612740013], [-115.235697847002, 36.1441542740014], [-115.235050846002, 36.1441452740013], [-115.234339846002, 36.1441382740013], [-115.234302847002, 36.1441382740013], [-115.234095846002, 36.1441362740013], [-115.233887847002, 36.1441342730013], [-115.233455846002, 36.1441402740013], [-115.232733846002, 36.1441532740013], [-115.232159845002, 36.1441692740013], [-115.231728845002, 36.1441802740013], [-115.231299846002, 36.1441902740013], [-115.230016845002, 36.1442232740013], [-115.229588845002, 36.1442332740013], [-115.227406845002, 36.1442732750013], [-115.225514845002, 36.1442972740013], [-115.225307845002, 36.1443062740013], [-115.224877845002, 36.1443152740013], [-115.223591845002, 36.1443432740013], [-115.223351844002, 36.1443482750013], [-115.223162844002, 36.1443582750013], [-115.221006843002, 36.1443912750013], [-115.218860844002, 36.1444312750013], [-115.218435844002, 36.1444362750013], [-115.217161843002, 36.1444572750013], [-115.216736843002, 36.1444632750013], [-115.216303844002, 36.1444672750013], [-115.216170843002, 36.1444682750013], [-115.215007842002, 36.1444922750013], [-115.214576842002, 36.1445022750013], [-115.213505843002, 36.1445222760013], [-115.212437842002, 36.1445362750013], [-115.211579842002, 36.1445612750013], [-115.210018842002, 36.1446082760013], [-115.209006842002, 36.1446042750013], [-115.208149841002, 36.1446012750013], [-115.208149842002, 36.1445282760013], [-115.208148841002, 36.1444212750013], [-115.208142841002, 36.1438012750013], [-115.208124842002, 36.1416202750013], [-115.208118840002, 36.1408942750013], [-115.208114842002, 36.1401662760013], [-115.208104841002, 36.1379842750013], [-115.208102841002, 36.1375182740013], [-115.208110840002, 36.1372572750013], [-115.207752840002, 36.1372582750013], [-115.207170840002, 36.1372612750013], [-115.206680840002, 36.1372652750013], [-115.206323841002, 36.1372682750013], [-115.206184840002, 36.1372742750013], [-115.206144841002, 36.1372742740013], [-115.205606841002, 36.1372792750013], [-115.205518840002, 36.1372802750013], [-115.205428840002, 36.1372882750013], [-115.204772839002, 36.1372852750013], [-115.203849840002, 36.1372822740013], [-115.202804839002, 36.1372872750013], [-115.202532839002, 36.1372892750013], [-115.202370840002, 36.1372932750013], [-115.202149839002, 36.1372992750013], [-115.201008839002, 36.1372952750013], [-115.199653839002, 36.1373052760013], [-115.199462839002, 36.1373132750013], [-115.199483839002, 36.1377662750013], [-115.199511839002, 36.1382232760013], [-115.199519839002, 36.1383982750013], [-115.199531839002, 36.1386552750013], [-115.199547839002, 36.1389252750013], [-115.199559839002, 36.1391012750013], [-115.199565839002, 36.1392462750013], [-115.199583840002, 36.1396822760013], [-115.199590839002, 36.1398282760013], [-115.199596840002, 36.1399552750013], [-115.199615840002, 36.1403392760013], [-115.199622840002, 36.1404672750013], [-115.199635840002, 36.1406292760013], [-115.199652840002, 36.1408242760013], [-115.199668840002, 36.1411182760013], [-115.199677840002, 36.1412822760013], [-115.199088840002, 36.1412782760013], [-115.197321839002, 36.1412682760013], [-115.196936840002, 36.1412662760013], [-115.196803839002, 36.1412762760013], [-115.196739839002, 36.1413052760013], [-115.196551840002, 36.1412942760013], [-115.195989839002, 36.1412642750013], [-115.195802838002, 36.1412542760013], [-115.195608839002, 36.1412532760013], [-115.195025839002, 36.1412532760013], [-115.194832838002, 36.1412532760013], [-115.194652838002, 36.1412522760013], [-115.194112839002, 36.1412522760013], [-115.193933839002, 36.1412522760013], [-115.193761838002, 36.1412522760013], [-115.193247839002, 36.1412562760013], [-115.193076839002, 36.1412572760013], [-115.192596838002, 36.1412552760013], [-115.191158837002, 36.1412492760013], [-115.191029838002, 36.1412492760013], [-115.190679838002, 36.1412522760013], [-115.190685837002, 36.1413932770013], [-115.190705838002, 36.1418172770013], [-115.190712838002, 36.1419592760014], [-115.190711838002, 36.1420502760013], [-115.190712837002, 36.1420992760013], [-115.190729838002, 36.1425192770013], [-115.190735838002, 36.1426602760013], [-115.190740838002, 36.1428062760013], [-115.190749839002, 36.1430192760013], [-115.190779838002, 36.1432442760014], [-115.190799838002, 36.1433902770013], [-115.190802838002, 36.1435972760013], [-115.190813838002, 36.1441722760013], [-115.190811838002, 36.1442192770013], [-115.190807838002, 36.1443182770013], [-115.186683838002, 36.1442762770013], [-115.185949837002, 36.1442682770013], [-115.185727837002, 36.1442662770013], [-115.185492837002, 36.1442632770013], [-115.182667836002, 36.1442342770013], [-115.181984837002, 36.1442282780013], [-115.177585835002, 36.1442152770013], [-115.177116836002, 36.1442132770013], [-115.175460836002, 36.1442102780013], [-115.175340835002, 36.1442082770013], [-115.173215835002, 36.1441772780013], [-115.172832835002, 36.1441532770013], [-115.171636835002, 36.1440892780013], [-115.171369835002, 36.1440752780013], [-115.171084835002, 36.1440602770013], [-115.170434835002, 36.1440262770014], [-115.170122834002, 36.1440032770013], [-115.169379834002, 36.1440222780013], [-115.168610834002, 36.1440052790013], [-115.167655834002, 36.1439852780013], [-115.166346834002, 36.1439492780013], [-115.166293833002, 36.1440292790013], [-115.166167834002, 36.1440252780013], [-115.166218834002, 36.1439452780013], [-115.166269834002, 36.1438662790013], [-115.166669833002, 36.1432392780013], [-115.167435834002, 36.1420402780013], [-115.168190834002, 36.1408922780013], [-115.168703834002, 36.1401142770013], [-115.169608834002, 36.1386912780013], [-115.172325834002, 36.1344242760013], [-115.173232835002, 36.1330022760013], [-115.174034834002, 36.1318192760013], [-115.174070833002, 36.1317642760013], [-115.174075834002, 36.1317542760013], [-115.174092834002, 36.1317232760013], [-115.174098835002, 36.1317142770013], [-115.174369834002, 36.1313042760013], [-115.175185834002, 36.1300732760013], [-115.175457834002, 36.1296642760013], [-115.175894834002, 36.1290212750013], [-115.177208834002, 36.1270922760013], [-115.177647834002, 36.1264502750013], [-115.177694835002, 36.1263732750013], [-115.177837834002, 36.1261452750013], [-115.177886834002, 36.1260692760013], [-115.177911834002, 36.1260232750013], [-115.177986834002, 36.1258862750013], [-115.178012835002, 36.1258412750013], [-115.178471834002, 36.1251872760013], [-115.178708834002, 36.1248512760013], [-115.179766835002, 36.1231702750013], [-115.180192835002, 36.1224952750013], [-115.180420834002, 36.1221042740013], [-115.180427834002, 36.1205322750013], [-115.180423834002, 36.1201482750013], [-115.180422833002, 36.1200712740013], [-115.180419834002, 36.1197642740013], [-115.180417833002, 36.1189962750013], [-115.180415835002, 36.1186882740013], [-115.180414834002, 36.1182282740013], [-115.180450834002, 36.1178652740013], [-115.180452834002, 36.1174882740013], [-115.180461834002, 36.1162312740013], [-115.180464833002, 36.1157512740013], [-115.180464833002, 36.1152622740013], [-115.180464833002, 36.1145812730013], [-115.180464833002, 36.1145212740013], [-115.180461834002, 36.1143982740013], [-115.180457834002, 36.1141822740013], [-115.180450833002, 36.1138432740013], [-115.180448834002, 36.1135732740013], [-115.180441833002, 36.1118132730013], [-115.180436834002, 36.1107302730013], [-115.180432833002, 36.1097832740013], [-115.180436833002, 36.1094492730013], [-115.180450834002, 36.1084502740013], [-115.180455833002, 36.1081182740013], [-115.180461833002, 36.1073222730014], [-115.180479833002, 36.1049332730013], [-115.180486833002, 36.1041382720013], [-115.180486832002, 36.1040732730013], [-115.180488833002, 36.1038772730013], [-115.180489832002, 36.1038132730013], [-115.180489833002, 36.1031912720013], [-115.180492832002, 36.1013242720013], [-115.180493832002, 36.1007032720013], [-115.180493832002, 36.1005802720013], [-115.180493832002, 36.1002122720013], [-115.180494832002, 36.1000902720013], [-115.180495831002, 36.0995292730013], [-115.180495832002, 36.0991452720013], [-115.180496832002, 36.0989682720013], [-115.180498832002, 36.0981112720013], [-115.180480832002, 36.0963112720013], [-115.180472831002, 36.0953672710013], [-115.180473832002, 36.0949872720013], [-115.180475832002, 36.0944662710013], [-115.180492831002, 36.0938472710013], [-115.180502831002, 36.0935242710013], [-115.180504832002, 36.0934682720013], [-115.180504831002, 36.0934202720013], [-115.180514831002, 36.0903432720013], [-115.180551831002, 36.0868742700013], [-115.180555831002, 36.0860012700013], [-115.180563830002, 36.0824912700013], [-115.180567830002, 36.0806952700013], [-115.180567829002, 36.0806062700013], [-115.180547829002, 36.0803562700013], [-115.180547830002, 36.0785812690013], [-115.180548829002, 36.0776402690013], [-115.180548830002, 36.0773832690013], [-115.180548829002, 36.0769912690013], [-115.180551830002, 36.0768202690013], [-115.180553829002, 36.0766632690013], [-115.180555830002, 36.0755312700013], [-115.180562830002, 36.0721362690013], [-115.180565830002, 36.0711322690013], [-115.180573830002, 36.0710052690013], [-115.180573830002, 36.0709542690013], [-115.180571829002, 36.0703602690013], [-115.180571829002, 36.0701882690013], [-115.180567829002, 36.0689762680013], [-115.180567829002, 36.0689032690013], [-115.180566829002, 36.0684262690013], [-115.180565829002, 36.0679072680013], [-115.180567829002, 36.0673262680013], [-115.180574828002, 36.0659582680013], [-115.180577829002, 36.0655032680013], [-115.180585828002, 36.0651722680013], [-115.180592829002, 36.0649302680013], [-115.180592829002, 36.0641792680013], [-115.180592828002, 36.0638492680013], [-115.180591829002, 36.0637932670013], [-115.180589829002, 36.0636252680013], [-115.180589828002, 36.0635702670013], [-115.180589829002, 36.0634732680013], [-115.180589829002, 36.0631822680013], [-115.180590828002, 36.0631272680013], [-115.180590828002, 36.0630862680013], [-115.180590829002, 36.0627152680013], [-115.180590828002, 36.0622202680013], [-115.180590828002, 36.0616042670013], [-115.180590828002, 36.0613542670013], [-115.180588828002, 36.0612942680013], [-115.180586828002, 36.0612342680013], [-115.180586829002, 36.0612202680013], [-115.180587829002, 36.0611782680013], [-115.180588828002, 36.0611652680013], [-115.180593828002, 36.0603432680013], [-115.180611828002, 36.0578802670013], [-115.180617829002, 36.0570592670013], [-115.180620828002, 36.0566832670013], [-115.180617828002, 36.0564282660013], [-115.180612828002, 36.0557452680013], [-115.180606827002, 36.0547362670013], [-115.180604828002, 36.0545362670013], [-115.180603828002, 36.0543212670013], [-115.180601828002, 36.0539062670013], [-115.180599828002, 36.0531032670013], [-115.180593827002, 36.0506952660013], [-115.180592827002, 36.0498932670013], [-115.180592828002, 36.0498172660013], [-115.180594827002, 36.0497902660013], [-115.180596827002, 36.0497522670013], [-115.180601827002, 36.0496772660013], [-115.180603827002, 36.0496172670013], [-115.180642828002, 36.0483652660013], [-115.180647827002, 36.0457382650013], [-115.180657827002, 36.0447722660013], [-115.180618826002, 36.0435682650013], [-115.180623826002, 36.0433422660013], [-115.180623826002, 36.0428462660013], [-115.180522826002, 36.0399292650013], [-115.180573826002, 36.0371412640013], [-115.180617825002, 36.0358222650013], [-115.180647826002, 36.0348662640013], [-115.180648826002, 36.0347102640013], [-115.180648826002, 36.0344022640013], [-115.180649826002, 36.0335662640013], [-115.180651826002, 36.0327302640013], [-115.180651826002, 36.0326642650013], [-115.180651826002, 36.0323302650013], [-115.180652825002, 36.0319302650013], [-115.180652826002, 36.0315682640013], [-115.180653826002, 36.0314502640013], [-115.180647825002, 36.0304852640013], [-115.180646825002, 36.0301252640013], [-115.180644825002, 36.0297882640013], [-115.180639825002, 36.0287792640013], [-115.180638826002, 36.0284432630013], [-115.180638826002, 36.0284142640013], [-115.180638825002, 36.0283282640013], [-115.180638825002, 36.0283002640013], [-115.180639825002, 36.0280292630013], [-115.180639825002, 36.0277582640013], [-115.180635826002, 36.0276262640013], [-115.180603826002, 36.0264092640013], [-115.180582825002, 36.0256052640013], [-115.180568825002, 36.0250612630013], [-115.180567825002, 36.0249972630013], [-115.180565824002, 36.0249322640013], [-115.180560824002, 36.0247692630013], [-115.180548826002, 36.0242842630013], [-115.180544825002, 36.0241222630013], [-115.180540824002, 36.0239732630013], [-115.180528825002, 36.0235272630013], [-115.180525825002, 36.0233792630013], [-115.180523825002, 36.0232892630013], [-115.180521824002, 36.0232422630013], [-115.180520824002, 36.0232002630013], [-115.180513825002, 36.0229492630013], [-115.180510824002, 36.0228342630013], [-115.180507825002, 36.0226982640013], [-115.180502825002, 36.0225322640013], [-115.180489825002, 36.0220382630013], [-115.180485824002, 36.0218732630013], [-115.180463825002, 36.0210622630013], [-115.180460824002, 36.0209472630013], [-115.180446824002, 36.0203792620013], [-115.180407825002, 36.0188862620013], [-115.180387825002, 36.0181722620013], [-115.180385824002, 36.0180672620013], [-115.180364824002, 36.0172472630013], [-115.180346823002, 36.0165712620013], [-115.180292825002, 36.0145442620013], [-115.180281824002, 36.0141112620013], [-115.180276824002, 36.0138692620013], [-115.180274824002, 36.0137732620013], [-115.180268824002, 36.0134882620013], [-115.180266824002, 36.0133932620013], [-115.180261824002, 36.0131992620013], [-115.180256824002, 36.0129972620013], [-115.180229823002, 36.0119642620013], [-115.180206823002, 36.0110662620013], [-115.180195823002, 36.0097712620013], [-115.180237823002, 36.0077212610013], [-115.180238823002, 36.0076772610013], [-115.180252823002, 36.0072762620013], [-115.180284823002, 36.0063492610013], [-115.180287824002, 36.0062492610013], [-115.180384823002, 36.0030102610013], [-115.180414822002, 36.0020292610013], [-115.180453823002, 36.0007382600013], [-115.180492823002, 35.9994482600013], [-115.180634822002, 35.9947522590013], [-115.180678822002, 35.9932942600013], [-115.180776822002, 35.9900562590013], [-115.180833821002, 35.9881532600013], [-115.180951821002, 35.9842512580013], [-115.181006822002, 35.9824452580013], [-115.181057821002, 35.9807412590013], [-115.181064821002, 35.9805432580013], [-115.181127820002, 35.9784682580013], [-115.181317820002, 35.9722432570013], [-115.181381820002, 35.9701632570013], [-115.181417820002, 35.9693142570013], [-115.181421820002, 35.9692222570013], [-115.181419820002, 35.9688292570013], [-115.181462820002, 35.9671072570013], [-115.181472820002, 35.9667482570013], [-115.181499820002, 35.9658942570013], [-115.181512820002, 35.9654402560014], [-115.181514819002, 35.9651122560013], [-115.181516819002, 35.9648472570013], [-115.181567819002, 35.9632862560013], [-115.181580819002, 35.9627672560013], [-115.181603819002, 35.9618892560013], [-115.181760819002, 35.9584562550013], [-115.181814818002, 35.9550372550013], [-115.181833819002, 35.9547762550013], [-115.181875818002, 35.9531692550013], [-115.182002819002, 35.9513692550013], [-115.182056818002, 35.9507512550013], [-115.182089819002, 35.9505232550013], [-115.182108818002, 35.9503942540013], [-115.182137819002, 35.9502462550013], [-115.182212817002, 35.9498592550013], [-115.182317818002, 35.9491722550013], [-115.182456818002, 35.9484992550013], [-115.182471818002, 35.9484422540013], [-115.182663818002, 35.9477302540013], [-115.182852818002, 35.9469752540013], [-115.183092818002, 35.9462752540013], [-115.183319818002, 35.9455582540013], [-115.183475817002, 35.9451522540013], [-115.183726817002, 35.9445332540013], [-115.184307818002, 35.9432842540013], [-115.184631818002, 35.9426122540013], [-115.185450818002, 35.9411722530013], [-115.186036819002, 35.9402522530013], [-115.186784817002, 35.9391672530013], [-115.187453818002, 35.9382232530013], [-115.187646817002, 35.9379532530013], [-115.188796819002, 35.9363132520013], [-115.189587818002, 35.9350682520013], [-115.189982819002, 35.9344732520013], [-115.190323818002, 35.9340072520013], [-115.190666818002, 35.9335422520013], [-115.191337818002, 35.9326022520013], [-115.191405818002, 35.9325082520013], [-115.191667817002, 35.9321282520013], [-115.191770818002, 35.9319792520013], [-115.191827819002, 35.9319002520013], [-115.192322818002, 35.9312282520013], [-115.192398818002, 35.9311252510013], [-115.192460818002, 35.9309882520013], [-115.192534818002, 35.9308792510014], [-115.192759818002, 35.9305522520013], [-115.192834819002, 35.9304442520013], [-115.195132818002, 35.9271152510013], [-115.196280819002, 35.9256592510013], [-115.196997819002, 35.9246862500013], [-115.197315819002, 35.9242352500013], [-115.198551818002, 35.9224152510013], [-115.199076819002, 35.9216712500013], [-115.199179818002, 35.9215272500013], [-115.201210818002, 35.9187152500013], [-115.203455819002, 35.9155232500013], [-115.205500819002, 35.9127502490013], [-115.206883819002, 35.9108132480014], [-115.207768819002, 35.9095042480013], [-115.209004819002, 35.9077492480013], [-115.209302819002, 35.9073272480013], [-115.209737819002, 35.9067082480013], [-115.211244819002, 35.9045602470013], [-115.213629819002, 35.9012092470013], [-115.216399819002, 35.8972892460013], [-115.215691819002, 35.8972932470013], [-115.214669819002, 35.8972982460013], [-115.213353818002, 35.8973052460013], [-115.212507818002, 35.8973102470013], [-115.207060817002, 35.8972932470013], [-115.207105818002, 35.8965882470013], [-115.207134817002, 35.8949292470013], [-115.207105817002, 35.8935032460013], [-115.207163817002, 35.8925682460013], [-115.207211818002, 35.8918522470013], [-115.207363816002, 35.8882712460013], [-115.207414816002, 35.8844322460013], [-115.207464816002, 35.8809202450013], [-115.207363815002, 35.8780622440013], [-115.207323816002, 35.8770002440013], [-115.207316816002, 35.8768332440013], [-115.207349815002, 35.8763542440013], [-115.207209816002, 35.8741002450013], [-115.207259815002, 35.8705472430013], [-115.207108815002, 35.8666272430013], [-115.207058814002, 35.8629522420013], [-115.207007814002, 35.8591952430013], [-115.206856813002, 35.8549472420013], [-115.206755814002, 35.8511492420013], [-115.206705813002, 35.8477192410013], [-115.206669812002, 35.8463122410013], [-115.206838813002, 35.8464712410013], [-115.206599812002, 35.8426142410013], [-115.206574811002, 35.8415022400014], [-115.206499811002, 35.8380402410013], [-115.206398811002, 35.8334662390013], [-115.206347811002, 35.8287702390013], [-115.206196811002, 35.8248902380013], [-115.206146810002, 35.8228892380013], [-115.206072810002, 35.8215892380013], [-115.206041811002, 35.8176622380013], [-115.205991810002, 35.8134972370013], [-115.205840809002, 35.8101892370013], [-115.205840810002, 35.8085152370013], [-115.208156810002, 35.8085152360013], [-115.208204809002, 35.8063502360014], [-115.208254808002, 35.8032462360013], [-115.208304809002, 35.8009192360013], [-115.208355809002, 35.7969982350013], [-115.208405808002, 35.7927102350013], [-115.208506808002, 35.7894022340013], [-115.208405807002, 35.7864622340013], [-115.208556807002, 35.7833182330013], [-115.208607807002, 35.7805002330013], [-115.208607806002, 35.7793622330013], [-115.208653806002, 35.7770692330013], [-115.208653806002, 35.7741702330013], [-115.208804805002, 35.7704942320013], [-115.208854805002, 35.7662062310013], [-115.208905805002, 35.7630622310013], [-115.208955804002, 35.7594682310013], [-115.209005805002, 35.7567322310013], [-115.208955805002, 35.7540772300013], [-115.209079805002, 35.7521082300013], [-115.209106805002, 35.7514642300013], [-115.209005804002, 35.7493812300013], [-115.209106804002, 35.7483602300013], [-115.209106805002, 35.7474032290013], [-115.209112804002, 35.7466382290013], [-115.211365802002, 35.7290952270013], [-115.211356803002, 35.7290602270013], [-115.211350802002, 35.7290312270013], [-115.211343803002, 35.7289552270013], [-115.211340802002, 35.7289202270013], [-115.211330803002, 35.7288002270014], [-115.211337802002, 35.7287782270013], [-115.211337803002, 35.7287452270013], [-115.211323803002, 35.7287122270013], [-115.211323803002, 35.7285802270013], [-115.211107802002, 35.7273502270013], [-115.209317802002, 35.7204982260014], [-115.209274801002, 35.7203142260013], [-115.209390799002, 35.7017122240013], [-115.209507797002, 35.6759392200013], [-115.209616796002, 35.6563982180013], [-115.209765795002, 35.6528522180013], [-115.209686795002, 35.6526372180013], [-115.209605795002, 35.6524142180013], [-115.209630795002, 35.6519692190013], [-115.209643795002, 35.6517422170013], [-115.207979794002, 35.6494322180014], [-115.207889793002, 35.6417382170013], [-115.207590791002, 35.6161162140013], [-115.207388789002, 35.5987352120013], [-115.207354789002, 35.5910402110014], [-115.207289789002, 35.5902812110013], [-115.211468790002, 35.5902802100013], [-115.217183791002, 35.5903942100013], [-115.227081792002, 35.5903942090014], [-115.231904793002, 35.5903942100013], [-115.232889794002, 35.5903942100013], [-115.232910794002, 35.5903912100013], [-115.233013794002, 35.5903942100013], [-115.233751794002, 35.5903912090014], [-115.236444794002, 35.5903932100013], [-115.244785796002, 35.5903942090013], [-115.250679797002, 35.5904962080013], [-115.254827798002, 35.5905682080013], [-115.257889798002, 35.5906212080013], [-115.268623800002, 35.5903942080013], [-115.279078802002, 35.5903942070013], [-115.291625805002, 35.5899412060013], [-115.302359807002, 35.5899412050013], [-115.305429807002, 35.5898682050013], [-115.311978808002, 35.5897142050013], [-115.322562810002, 35.5898032040014], [-115.332521812002, 35.5897652030013], [-115.338186813002, 35.5897142030013], [-115.349478814002, 35.5897142020013], [-115.361627817002, 35.5898272010013], [-115.369328818002, 35.5898182010013], [-115.369346818002, 35.5898342010013], [-115.369403819002, 35.5898822010013], [-115.369423819002, 35.5898992010013], [-115.369525819002, 35.5899822010013], [-115.369709819002, 35.5901332010013], [-115.369827819002, 35.5902382010013], [-115.369926818002, 35.5903272010013], [-115.369957819002, 35.5903512010013], [-115.369966819002, 35.5903582010013], [-115.370159818002, 35.5905092010013], [-115.370740819002, 35.5909642010013], [-115.370934819002, 35.5911162010013], [-115.370951819002, 35.5911302000013], [-115.371002818002, 35.5911752010013], [-115.371020819002, 35.5911912010013], [-115.371121819002, 35.5912682020013], [-115.371424818002, 35.5914992010013], [-115.371526819002, 35.5915772010013], [-115.372234820002, 35.5921162020013], [-115.372419819002, 35.5922572010013], [-115.372810819002, 35.5925712020013], [-115.375734821002, 35.5949142020013], [-115.376618820002, 35.5956122010013], [-115.377894821002, 35.5966192010013], [-115.380076821002, 35.5983432010013], [-115.380761822002, 35.5988842010013], [-115.386624823002, 35.6035152010013], [-115.388470824002, 35.6049732020013], [-115.388807823002, 35.6052392010013], [-115.388979824002, 35.6053752020013], [-115.389496823002, 35.6057832020013], [-115.389669824002, 35.6059202020013], [-115.390559824002, 35.6065512020013], [-115.391018824002, 35.6069472020013], [-115.391150825002, 35.6070622020013], [-115.391478824002, 35.6073242020013], [-115.394109824002, 35.6094272020013], [-115.395173825002, 35.6102622020013], [-115.395297824002, 35.6103612020013], [-115.395672825002, 35.6106602020013], [-115.395798825002, 35.6107602020013], [-115.396120825002, 35.6110142020013], [-115.397153825002, 35.6118302010013], [-115.401218827002, 35.6150432020013], [-115.402574827002, 35.6161142020013], [-115.402885826002, 35.6163602020013], [-115.402961827002, 35.6164202020013], [-115.404122828002, 35.6173382020013], [-115.404510828002, 35.6176442020013], [-115.404696827002, 35.6178472020013], [-115.404750827002, 35.6179062020013], [-115.404858827002, 35.6180232020013], [-115.405577828002, 35.6184652020013], [-115.405640827002, 35.6184832020013], [-115.405982828002, 35.6185842020013], [-115.405937828002, 35.6187712020013], [-115.407514828002, 35.6200182020013], [-115.407650828002, 35.6201262020013], [-115.408633828002, 35.6209052020013], [-115.418097831002, 35.6283942020013], [-115.420519831002, 35.6302972020013], [-115.424492832002, 35.6334182020013], [-115.429545834002, 35.6373892030013], [-115.432741834002, 35.6399002030013], [-115.439148836002, 35.6449342030013], [-115.441261836002, 35.6465942030013], [-115.444794837002, 35.6493702030013], [-115.447058839002, 35.6511492040013], [-115.450264839002, 35.6536682040013], [-115.454329840002, 35.6568622040013], [-115.458280841002, 35.6599672030013], [-115.462070842002, 35.6629442030013], [-115.462738842002, 35.6634692040013], [-115.470942844002, 35.6699152040013], [-115.472948844002, 35.6714922040013], [-115.481145847002, 35.6779322040013], [-115.482482847002, 35.6789822050013], [-115.483653848002, 35.6799022050013], [-115.484155848002, 35.6802972050013], [-115.485074848002, 35.6810212040013], [-115.498277851002, 35.6914282050013], [-115.506440853002, 35.6978602050013], [-115.507920853002, 35.6990262050013], [-115.510216854002, 35.7008342040013], [-115.514607856002, 35.7042932050013], [-115.514985855002, 35.7045902050013], [-115.517714857002, 35.7067412050013], [-115.521899858002, 35.7100362050013], [-115.524438857002, 35.7120342050013], [-115.525369859002, 35.7127652050013], [-115.525778858002, 35.7130902060013], [-115.528912859002, 35.7155572050013], [-115.540971863002, 35.7250432060013], [-115.549867864002, 35.7320412070013], [-115.557036866002, 35.7376802070013], [-115.572624870002, 35.7499232070013], [-115.574315870002, 35.7512512080013], [-115.584283873002, 35.7590742070013], [-115.587538874002, 35.7616352080013], [-115.588865874002, 35.7626802070013], [-115.589953874002, 35.7635372070013], [-115.591524875002, 35.7647792070013], [-115.591549875002, 35.7648002070013], [-115.591813874002, 35.7650062070013], [-115.593880876002, 35.7666232070013], [-115.598281877002, 35.7700762080013], [-115.601344877002, 35.7724792080013], [-115.601418877002, 35.7725382080013], [-115.610136879002, 35.7793702080013], [-115.620978882002, 35.7878702090013], [-115.621219882002, 35.7880602080013], [-115.621310882002, 35.7881312080013], [-115.621333883002, 35.7881502090013], [-115.626019883002, 35.7918202090013], [-115.626366884002, 35.7920932090013], [-115.628229885002, 35.7935522080013], [-115.635565886002, 35.7992982090013], [-115.637306887002, 35.8006622090013], [-115.644391889002, 35.8062102090013], [-115.645851889002, 35.8073532090013], [-115.646347889002, 35.8077402090013], [-115.646700889002, 35.8080022090013], [-115.647759890002, 35.8087902090013], [-115.648334889002, 35.8091942090013], [-115.648368890002, 35.8092162090013], [-115.648738890002, 35.8094792090013], [-115.648805890002, 35.8095272090013], [-115.648907890002, 35.8096102090013], [-115.648955889002, 35.8096492090013], [-115.648984890002, 35.8096732100013], [-115.649178890002, 35.8098322090013], [-115.649384890002, 35.8100002090013], [-115.649434890002, 35.8100392100013], [-115.649989890002, 35.8104732090013], [-115.650076890002, 35.8105422100013], [-115.650337890002, 35.8107512090013], [-115.651823890002, 35.8119132090013], [-115.651905891002, 35.8119772090013], [-115.652338890002, 35.8123152090013], [-115.652824891002, 35.8127072090013], [-115.652914891002, 35.8127802100012], [-115.654063891002, 35.8136742090013], [-115.654622891002, 35.8141092090013], [-115.655136892002, 35.8145052090013], [-115.655639891002, 35.8148922100013], [-115.655700892002, 35.8149402100013], [-115.656083891002, 35.8152432100013], [-115.656214892002, 35.8153472090013], [-115.656993892002, 35.8159642090013], [-115.657089891002, 35.8160402090013], [-115.657342892002, 35.8162242090013], [-115.657362891002, 35.8162412090013], [-115.657576892002, 35.8164202100013], [-115.657673892002, 35.8164842100013], [-115.657745892002, 35.8165452090013], [-115.657811893002, 35.8165702090013], [-115.657785893002, 35.8166362090013], [-115.658147892002, 35.8168772090013], [-115.658176892002, 35.8168972100013], [-115.658581892002, 35.8172082090013], [-115.658762891002, 35.8173472100013], [-115.659229891002, 35.8177022090013], [-115.659327893002, 35.8177762100013], [-115.660569892002, 35.8187702090013], [-115.661361894002, 35.8194042090013], [-115.661646892002, 35.8196322090013], [-115.662193893002, 35.8200432100013], [-115.662399893002, 35.8201982100013], [-115.662575893002, 35.8203372090013], [-115.663109893002, 35.8207582090013], [-115.663620894002, 35.8211462090013], [-115.665063894002, 35.8222782100013], [-115.666952894002, 35.8237812100013], [-115.667228894002, 35.8239892100013], [-115.667388894002, 35.8241102090013], [-115.668976895002, 35.8253542100013], [-115.669853895002, 35.8260282090013], [-115.670418895002, 35.8264622100013], [-115.670566895002, 35.8265772090013], [-115.671352896002, 35.8271852090013], [-115.671371895002, 35.8272002100013], [-115.671538896002, 35.8273322100013], [-115.673600897002, 35.8289692100012], [-115.677775897002, 35.8322342100013], [-115.678718898002, 35.8329612100013], [-115.680133898002, 35.8340692100013], [-115.680392897002, 35.8342722100013], [-115.681216898002, 35.8349282090013], [-115.681971898002, 35.8355282100013], [-115.683505899002, 35.8367052090013], [-115.683690899002, 35.8368472090013], [-115.685689899002, 35.8384122100013], [-115.685890899002, 35.8385552100013], [-115.685963900002, 35.8386152100013], [-115.686012898002, 35.8386552100013], [-115.686065899002, 35.8386982100013], [-115.687040899002, 35.8394492100013], [-115.688285900002, 35.8403782100013], [-115.688697899002, 35.8406902100013], [-115.689296899002, 35.8411622110013], [-115.689419900002, 35.8412842100013], [-115.689494900002, 35.8413932110013], [-115.689579900002, 35.8414362100013], [-115.689592900002, 35.8414422110013], [-115.689951900002, 35.8417132110013], [-115.690492900002, 35.8421542100013], [-115.692066901002, 35.8433702110013], [-115.692461900002, 35.8436632100013], [-115.692991901002, 35.8440992100012], [-115.693323901002, 35.8443522100013], [-115.693657901002, 35.8445852100013], [-115.693760902002, 35.8446762100013], [-115.693988901002, 35.8448972100013], [-115.694328902002, 35.8451672100013], [-115.694562901002, 35.8453402100013], [-115.694642902002, 35.8454312100013], [-115.694775902002, 35.8456442100013], [-115.694860901002, 35.8457652100012], [-115.695137901002, 35.8460152110013], [-115.695448901002, 35.8462632100013], [-115.695744901002, 35.8464862110013], [-115.702782903002, 35.8519042110013], [-115.702835903002, 35.8519462100013], [-115.707489904002, 35.8555852100013], [-115.709075905002, 35.8568752110013], [-115.742060913002, 35.8825862120013], [-115.755685916002, 35.8931882120012], [-115.755795917002, 35.8932732120013], [-115.758230918002, 35.8951662120013], [-115.761146919002, 35.8974352120013], [-115.775142922002, 35.9084602120013], [-115.779536923002, 35.9119192130012], [-115.784515924002, 35.9158042130013], [-115.789112925002, 35.9192532130013], [-115.789291925002, 35.9195292130012], [-115.797586928002, 35.9259972130013], [-115.826476935002, 35.9485012140013], [-115.826820935002, 35.9487682140013], [-115.834222937002, 35.9545342140013], [-115.834593937002, 35.9548222140013], [-115.835942937002, 35.9558762140013], [-115.845442939002, 35.9632742150013], [-115.846005940002, 35.9637122140013], [-115.845548942002, 35.9864232170013], [-115.845541941002, 35.9865902170013], [-115.845544942002, 35.9866052170013], [-115.845574944002, 36.0041162190013], [-115.845729945002, 36.0106892200013], [-115.845740944002, 36.0111542200012], [-115.845752946002, 36.0230822210013], [-115.845755945002, 36.0264322220013], [-115.845749947002, 36.0328032220012], [-115.845756947002, 36.0401962230013], [-115.845756947002, 36.0404102230013], [-115.845756947002, 36.0428882230012], [-115.845757948002, 36.0460422240013], [-115.845757948002, 36.0465502230013], [-115.845765948002, 36.0491422240013], [-115.845766948002, 36.0496912240013], [-115.845778949002, 36.0542902250013], [-115.845778949002, 36.0545992250013], [-115.845773950002, 36.0771892270013], [-115.845773953002, 36.0876562280013], [-115.845774952002, 36.0955882300012], [-115.845773952002, 36.0958322290013], [-115.845802954002, 36.1123592310012], [-115.845807955002, 36.1149012320013], [-115.845807955002, 36.1151462320013], [-115.845807954002, 36.1151762320013], [-115.845808954002, 36.1157272310013], [-115.845808954002, 36.1157372310012], [-115.845808954002, 36.1159972310013], [-115.845814955002, 36.1196242320012], [-115.845815955002, 36.1199592320013], [-115.845816954002, 36.1202472320013], [-115.845816954002, 36.1203332320013], [-115.845814955002, 36.1220532330012], [-115.844469955002, 36.1221822320013], [-115.843589955002, 36.1222442330013], [-115.842128955002, 36.1222782330013], [-115.841539954002, 36.1223142320013], [-115.840957954002, 36.1224042320013], [-115.840262954002, 36.1225122320013], [-115.839766954002, 36.1225972330013], [-115.839094954002, 36.1227132330013], [-115.837716954002, 36.1229002330013], [-115.836898953002, 36.1229722340012], [-115.836351953002, 36.1229922340013], [-115.835709953002, 36.1229942330013], [-115.834807953002, 36.1229652330013], [-115.832395952002, 36.1228002340013], [-115.831883952002, 36.1227302340013], [-115.830081952002, 36.1224332330013], [-115.829738953002, 36.1224042330013], [-115.829369952002, 36.1224012330013], [-115.829089952002, 36.1224152340013], [-115.828128953002, 36.1225012330013], [-115.827147951002, 36.1225582330013], [-115.825065951002, 36.1227082340013], [-115.824352951002, 36.1227712340013], [-115.823756952002, 36.1228422340013], [-115.822844951002, 36.1230062340013], [-115.822106951002, 36.1231172330013], [-115.821606951002, 36.1231772350013], [-115.821061950002, 36.1232172340012], [-115.820474950002, 36.1232342340013], [-115.820035951002, 36.1232222340013], [-115.819376951002, 36.1231792340013], [-115.817965951002, 36.1230502340013], [-115.817666950002, 36.1230292340013], [-115.817422950002, 36.1230132340012], [-115.817107949002, 36.1230012340013], [-115.816870950002, 36.1230042350013], [-115.816318950002, 36.1230532340013], [-115.815884950002, 36.1231172350013], [-115.815165950002, 36.1232582350013], [-115.814891949002, 36.1232952340013], [-115.813585949002, 36.1234072350013], [-115.812496950002, 36.1234592350013], [-115.810768950002, 36.1235162340013], [-115.809583949002, 36.1235662350013], [-115.807201949002, 36.1236992360013], [-115.805547947002, 36.1237722360013], [-115.804617948002, 36.1238302350013], [-115.802725947002, 36.1240112360013], [-115.801889947002, 36.1240702360013], [-115.801456947002, 36.1241292360013], [-115.801094947002, 36.1242172350013], [-115.800826947002, 36.1242972360013], [-115.800548948002, 36.1243952360013], [-115.800388947002, 36.1244512360012], [-115.800010947002, 36.1245632350013], [-115.799754947002, 36.1246172350013], [-115.799451947002, 36.1246442360013], [-115.798923947002, 36.1246442360013], [-115.797698947002, 36.1245782360013], [-115.796846946002, 36.1245452360013], [-115.796118946002, 36.1245442350013], [-115.795175946002, 36.1245882360013], [-115.793410946002, 36.1247162360013], [-115.792361945002, 36.1247422360013], [-115.790497946002, 36.1248372360013], [-115.789379945002, 36.1249452360012], [-115.788589944002, 36.1249842360013], [-115.787029945002, 36.1250272370013], [-115.786461944002, 36.1250262360013], [-115.785955945002, 36.1250252370013], [-115.785096944002, 36.1250382370013], [-115.784497945002, 36.1250642360013], [-115.784187944002, 36.1250932370013], [-115.783886944002, 36.1251052360013], [-115.783453944002, 36.1250862360013], [-115.782542945002, 36.1250172370013], [-115.782500944002, 36.1250142370013], [-115.782328943002, 36.1250152360012], [-115.782189945002, 36.1250332360013], [-115.781819944002, 36.1251302360013], [-115.781331944002, 36.1252852360012], [-115.780934944002, 36.1254302360013], [-115.780203944002, 36.1257272370012], [-115.779732944002, 36.1259042370013], [-115.778615943002, 36.1262492370012], [-115.777965943002, 36.1264242370013], [-115.777341943002, 36.1265702370013], [-115.775523943002, 36.1269502370013], [-115.774797943002, 36.1271312370013], [-115.774319943002, 36.1272702370013], [-115.773609942002, 36.1275072380013], [-115.771569942002, 36.1281022380013], [-115.770746942002, 36.1283652380013], [-115.769975942002, 36.1286382380013], [-115.769456941002, 36.1288662390013], [-115.769350942002, 36.1289222380013], [-115.769068941002, 36.1291252380012], [-115.768219942002, 36.1298232380012], [-115.767092942002, 36.1308132380013], [-115.766871942002, 36.1309812390013], [-115.766750942002, 36.1310552380013], [-115.766363942002, 36.1312582390012], [-115.766026941002, 36.1314542380013], [-115.766001942002, 36.1314672390013], [-115.765685941002, 36.1316222380013], [-115.763553942002, 36.1324602390013], [-115.762980941002, 36.1326852390013], [-115.762527941002, 36.1328942390013], [-115.762421941002, 36.1329552390013], [-115.762178941002, 36.1330952390013], [-115.761972941002, 36.1332462390013], [-115.761678941002, 36.1335502390013], [-115.760947941002, 36.1344562400013], [-115.760419941002, 36.1350802390013], [-115.760314941002, 36.1351792390013], [-115.760196941002, 36.1352662400013], [-115.759871940002, 36.1354392390013], [-115.759414941002, 36.1356112390013], [-115.758839941002, 36.1358622390013], [-115.758753941002, 36.1358952390013], [-115.758611941002, 36.1359502390013], [-115.756601941002, 36.1366482400013], [-115.755692940002, 36.1369632390013], [-115.753714939002, 36.1376942400013], [-115.752447939002, 36.1381812400013], [-115.751261940002, 36.1386152400012], [-115.750502939002, 36.1389252400013], [-115.750245940002, 36.1390202400012], [-115.749532940002, 36.1392522400013], [-115.746880938002, 36.1401732400013], [-115.744820939002, 36.1408492410013], [-115.744784938002, 36.1408622400013], [-115.743770939002, 36.1412412410013], [-115.742953939002, 36.1415132410013], [-115.742092938002, 36.1418442410013], [-115.741680938002, 36.1419912410013], [-115.741252938002, 36.1421462410012], [-115.739875938002, 36.1427072420012], [-115.739247937002, 36.1429442420013], [-115.738656938002, 36.1431382410013], [-115.738072938002, 36.1433062420013], [-115.737484937002, 36.1435102420013], [-115.736105937002, 36.1440502410013], [-115.736015937002, 36.1440872420013], [-115.734474937002, 36.1447212420013], [-115.733703937002, 36.1450392430013], [-115.732431937002, 36.1455052420013], [-115.731717937002, 36.1458152420012], [-115.731015937002, 36.1461712420013], [-115.730557936002, 36.1464372430013], [-115.729949937002, 36.1468112430013], [-115.729630936002, 36.1470082430013], [-115.729156937002, 36.1472682420013], [-115.728532936002, 36.1475862430013], [-115.728487937002, 36.1476072430013], [-115.728210936002, 36.1472072430012], [-115.728143936002, 36.1471192430013], [-115.728113936002, 36.1470342430013], [-115.728090936002, 36.1468442430013], [-115.728107936002, 36.1464092420013], [-115.728110936002, 36.1463082420013], [-115.728148936002, 36.1462192420012], [-115.728228936002, 36.1460622430013], [-115.728254936002, 36.1459412430013], [-115.728273936002, 36.1458722430013], [-115.728203936002, 36.1457872430013], [-115.728129935002, 36.1457452420012], [-115.727955936002, 36.1456702430013], [-115.726571935002, 36.1453112430013], [-115.726138936002, 36.1452312430013], [-115.725970936002, 36.1452142430013], [-115.725836936002, 36.1452312420013], [-115.725689936002, 36.1452772430013], [-115.725033935002, 36.1454412430013], [-115.724214936002, 36.1456262430013], [-115.723668935002, 36.1457262430013], [-115.723094936002, 36.1457792430013], [-115.722931935002, 36.1457942430013], [-115.722819935002, 36.1458142430013], [-115.722673935002, 36.1458632430013], [-115.722544935002, 36.1458782430013], [-115.722440934002, 36.1458482430013], [-115.722329936002, 36.1457632430013], [-115.722278935002, 36.1456202440013], [-115.722093935002, 36.1452332430013], [-115.721916935002, 36.1448912430013], [-115.721848935002, 36.1447112430013], [-115.721814934002, 36.1445752430013], [-115.721705935002, 36.1444352420013], [-115.721624935002, 36.1443522430013], [-115.721488935002, 36.1442802430012], [-115.721270934002, 36.1442102420013], [-115.721101935002, 36.1440892430013], [-115.720836934002, 36.1438992430013], [-115.720599935002, 36.1438112430013], [-115.720119934002, 36.1437492430013], [-115.719437934002, 36.1436732430013], [-115.718956934002, 36.1436622430013], [-115.718206934002, 36.1436902430013], [-115.717877934002, 36.1437212420013], [-115.717586934002, 36.1438022430013], [-115.717259934002, 36.1439222430013], [-115.717021934002, 36.1440092430013], [-115.716729934002, 36.1440542420013], [-115.716314934002, 36.1440852430013], [-115.715342933002, 36.1440962430013], [-115.714898933002, 36.1440862430013], [-115.714612934002, 36.1440632430013], [-115.714270933002, 36.1439922430013], [-115.713907933002, 36.1438932430013], [-115.713414933002, 36.1437582430013], [-115.712950934002, 36.1436682430013], [-115.712515933002, 36.1436152440013], [-115.712184932002, 36.1436092440013], [-115.711841932002, 36.1436172430013], [-115.710636932002, 36.1436452430013], [-115.709987933002, 36.1436682430013], [-115.709511932002, 36.1437262430013], [-115.708825933002, 36.1438582440013], [-115.708595933002, 36.1439022440013], [-115.708348933002, 36.1438822430013], [-115.708072932002, 36.1438822430013], [-115.707831932002, 36.1438502440013], [-115.707509932002, 36.1438072430013], [-115.707153933002, 36.1438022440013], [-115.706780932002, 36.1438332430013], [-115.706366932002, 36.1438682430013], [-115.705869932002, 36.1439092440013], [-115.705462933002, 36.1439692440013], [-115.705043931002, 36.1440522440013], [-115.704781932002, 36.1441412430013], [-115.704554932002, 36.1442192440013], [-115.704337931002, 36.1442872440012], [-115.703949932002, 36.1443722440013], [-115.703157932002, 36.1446132440012], [-115.702891931002, 36.1446192440013], [-115.702405931002, 36.1447472440012], [-115.701763931002, 36.1449672440013], [-115.700778931002, 36.1453522450013], [-115.699806930002, 36.1456822450013], [-115.699683931002, 36.1457862450013], [-115.699393931002, 36.1458032440013], [-115.699111931002, 36.1458522440013], [-115.698889930002, 36.1459172440013], [-115.698360930002, 36.1461002450013], [-115.698294931002, 36.1461232440013], [-115.697829931002, 36.1463702450013], [-115.697524931002, 36.1466192450013], [-115.697073931002, 36.1469162450013], [-115.696631930002, 36.1471232450013], [-115.696471931002, 36.1471872450013], [-115.696173931002, 36.1472452440013], [-115.695967931002, 36.1472632450013], [-115.695624930002, 36.1472522440013], [-115.695158930002, 36.1472182440013], [-115.694861930002, 36.1472212450012], [-115.694434930002, 36.1472532450013], [-115.693648930002, 36.1473772450013], [-115.693327929002, 36.1473962450013], [-115.692908930002, 36.1474012450012], [-115.692534930002, 36.1474012450013], [-115.692099930002, 36.1473782450012], [-115.691771930002, 36.1473362450013], [-115.691374930002, 36.1473142450013], [-115.690863930002, 36.1473672450013], [-115.690680930002, 36.1473902440013], [-115.690352930002, 36.1474432450013], [-115.690229929002, 36.1474822440013], [-115.690108929002, 36.1475412450013], [-115.689939929002, 36.1475982440013], [-115.689627929002, 36.1476372450013], [-115.689337930002, 36.1476792450013], [-115.689077929002, 36.1476882460013], [-115.688871929002, 36.1476882450013], [-115.688688929002, 36.1476792450013], [-115.688498929002, 36.1476752450013], [-115.688261930002, 36.1476132450013], [-115.688093928002, 36.1475262450013], [-115.687872929002, 36.1474382450013], [-115.687658929002, 36.1473392450013], [-115.687513929002, 36.1472832450013], [-115.687300929002, 36.1472512450013], [-115.687093929002, 36.1472402450013], [-115.686972929002, 36.1472522450013], [-115.686819929002, 36.1472932450013], [-115.686682929002, 36.1473212450013], [-115.686537930002, 36.1473692460013], [-115.686193929002, 36.1474892450013], [-115.685987928002, 36.1475732460013], [-115.685789929002, 36.1476342450013], [-115.685637928002, 36.1476642450013], [-115.685595929002, 36.1476642450013], [-115.685484928002, 36.1476642450013], [-115.685347929002, 36.1476722450013], [-115.684500929002, 36.1475652460013], [-115.684263928002, 36.1475492460013], [-115.684042929002, 36.1475202460013], [-115.683920928002, 36.1475122460013], [-115.683798928002, 36.1475192460013], [-115.683462929002, 36.1475922460013], [-115.683019928002, 36.1476422460012], [-115.682394927002, 36.1476642460012], [-115.682180929002, 36.1476842460013], [-115.682043928002, 36.1477212450013], [-115.681898929002, 36.1477512460013], [-115.681768928002, 36.1477832460013], [-115.681661927002, 36.1478272450013], [-115.681593928002, 36.1478942450013], [-115.681501928002, 36.1479762460013], [-115.681432928002, 36.1480792460013], [-115.681379928002, 36.1481712450013], [-115.681226928002, 36.1484692460013], [-115.681097927002, 36.1486862460013], [-115.680853928002, 36.1490672460013], [-115.680777928002, 36.1491452460013], [-115.680631929002, 36.1492702460013], [-115.680486928002, 36.1493492460013], [-115.679678928002, 36.1498112460013], [-115.679357928002, 36.1499612460013], [-115.679082927002, 36.1500442460013], [-115.678937927002, 36.1500642460013], [-115.678854928002, 36.1500912470013], [-115.678762928002, 36.1501482460013], [-115.678617928002, 36.1502732470013], [-115.678358928002, 36.1505402470013], [-115.677961928002, 36.1510252460013], [-115.677839927002, 36.1512492460013], [-115.677793927002, 36.1513912470013], [-115.677740927002, 36.1515362460013], [-115.677686927002, 36.1518002470012], [-115.677686927002, 36.1519212470013], [-115.677618928002, 36.1521052470013], [-115.677541927002, 36.1522042460013], [-115.677427928002, 36.1523652470013], [-115.677420927002, 36.1523722460013], [-115.677267928002, 36.1525482460013], [-115.676977927002, 36.1527832470013], [-115.676656928002, 36.1529782470013], [-115.676367927002, 36.1531982470013], [-115.676290927002, 36.1532992470013], [-115.676092927002, 36.1535802470013], [-115.676001928002, 36.1537262460013], [-115.675879927002, 36.1538712470013], [-115.675771928002, 36.1539782470013], [-115.675687927002, 36.1540992470013], [-115.675512927002, 36.1542522470013], [-115.675367928002, 36.1543662470012], [-115.675077927002, 36.1545232470013], [-115.674932928002, 36.1546612470013], [-115.674719928002, 36.1549242470013], [-115.674574927002, 36.1550692470013], [-115.674306927002, 36.1552672470013], [-115.674147927002, 36.1554052470013], [-115.673986928002, 36.1556222470013], [-115.673910927002, 36.1558422470013], [-115.673849927002, 36.1559602470013], [-115.673749928002, 36.1560452470013], [-115.673612927002, 36.1561452470012], [-115.673261927002, 36.1564272470013], [-115.673078927002, 36.1565992470013], [-115.672971927002, 36.1567082470013], [-115.672758927002, 36.1570552480013], [-115.672529927002, 36.1573842480013], [-115.672262927002, 36.1576692480013], [-115.672064927002, 36.1578992480013], [-115.671903927002, 36.1581592480013], [-115.671712926002, 36.1583982480013], [-115.671461927002, 36.1587532480013], [-115.671392927002, 36.1587952480013], [-115.671324928002, 36.1588712480013], [-115.671186927002, 36.1589672480013], [-115.670568927002, 36.1593572480013], [-115.670263927002, 36.1595652480013], [-115.669813927002, 36.1599432480013], [-115.669714927002, 36.1600552480012], [-115.669569927002, 36.1602332480013], [-115.669432927002, 36.1604352480013], [-115.669287927002, 36.1606292480013], [-115.669119927002, 36.1608102470013], [-115.668958926002, 36.1609482480013], [-115.668737927002, 36.1610922480013], [-115.668577926002, 36.1611712480013], [-115.668440926002, 36.1612262480013], [-115.668233927002, 36.1612782490013], [-115.667883927002, 36.1613552480013], [-115.667310927002, 36.1614612480013], [-115.666647926002, 36.1615492480013], [-115.665907926002, 36.1617092490013], [-115.665441927002, 36.1617902480013], [-115.664899926002, 36.1619532490013], [-115.664503926002, 36.1621632480013], [-115.664312926002, 36.1622332480013], [-115.664160926002, 36.1622622480013], [-115.664007926002, 36.1622632480013], [-115.663793926002, 36.1622362480013], [-115.663503926002, 36.1621672480013], [-115.663147926002, 36.1620562480013], [-115.663076926002, 36.1620342490013], [-115.662847926002, 36.1619462490012], [-115.662497926002, 36.1618312490013], [-115.662252926002, 36.1617682480013], [-115.662008925002, 36.1617582480013], [-115.661893925002, 36.1617662490013], [-115.661702926002, 36.1617892490013], [-115.661443925002, 36.1618512490013], [-115.661191925002, 36.1619382490013], [-115.660848925002, 36.1620452490013], [-115.660573925002, 36.1621522480013], [-115.660436926002, 36.1622142490013], [-115.660200926002, 36.1623742490013], [-115.659773925002, 36.1626982490013], [-115.659597926002, 36.1628762490013], [-115.659544925002, 36.1629612500013], [-115.659299925002, 36.1632092490013], [-115.659047925002, 36.1635482490013], [-115.658857926002, 36.1637962490012], [-115.658689926002, 36.1639792490013], [-115.658483926002, 36.1642162490013], [-115.658162925002, 36.1645172490012], [-115.658063926002, 36.1645852490013], [-115.657926925002, 36.1646652490013], [-115.657659926002, 36.1647572490013], [-115.657278926002, 36.1648492490013], [-115.656980925002, 36.1649342500013], [-115.656828925002, 36.1649982500013], [-115.656659925002, 36.1650792500013], [-115.656537925002, 36.1651432500013], [-115.656408925002, 36.1651892490013], [-115.656278925002, 36.1652152490013], [-115.656156925002, 36.1652312500013], [-115.656127925002, 36.1652312490013], [-115.655820925002, 36.1652342490013], [-115.655530925002, 36.1652152490012], [-115.655202925002, 36.1651822490013], [-115.654996925002, 36.1651842490013], [-115.654546925002, 36.1652332490013], [-115.654279925002, 36.1652242500013], [-115.654188925002, 36.1652052490013], [-115.654050924002, 36.1651422500013], [-115.653943924002, 36.1651122500013], [-115.653867924002, 36.1650662490013], [-115.653737924002, 36.1650062500012], [-115.653646924002, 36.1649712490013], [-115.653448925002, 36.1649262500013], [-115.653318924002, 36.1649112500013], [-115.653111925002, 36.1649182490013], [-115.653012925002, 36.1649072500013], [-115.652753924002, 36.1648412490013], [-115.652647924002, 36.1647952500013], [-115.652463923002, 36.1647072500013], [-115.652226924002, 36.1645832490013], [-115.652066924002, 36.1644822500013], [-115.651967924002, 36.1644292500013], [-115.651411924002, 36.1641822500013], [-115.651250925002, 36.1640942490013], [-115.651189925002, 36.1640372500013], [-115.651151924002, 36.1639112500013], [-115.651097925002, 36.1637592490013], [-115.651052924002, 36.1635782500013], [-115.651006924002, 36.1633572490013], [-115.650968925002, 36.1631452490013], [-115.650907924002, 36.1630542500013], [-115.650892924002, 36.1629952490013], [-115.650838924002, 36.1629582500013], [-115.650746924002, 36.1629122490013], [-115.650707925002, 36.1628772500013], [-115.650517924002, 36.1627042500013], [-115.650342924002, 36.1625382500013], [-115.650243924002, 36.1624082500013], [-115.650136923002, 36.1622942490013], [-115.650007924002, 36.1621782490013], [-115.649846923002, 36.1620732500013], [-115.649739924002, 36.1620152490013], [-115.649648923002, 36.1619532500013], [-115.649556924002, 36.1618462500013], [-115.649480924002, 36.1617982500013], [-115.649350924002, 36.1617672500012], [-115.649228923002, 36.1617302490013], [-115.649121924002, 36.1617382500013], [-115.649030923002, 36.1617522490013], [-115.648976923002, 36.1617902490013], [-115.648816923002, 36.1617252490012], [-115.648496923002, 36.1615802490013], [-115.648381924002, 36.1615352490013], [-115.648267923002, 36.1615122500013], [-115.648045924002, 36.1615072490013], [-115.647839924002, 36.1615232490012], [-115.647442923002, 36.1615812500013], [-115.647031923002, 36.1616602490013], [-115.646657923002, 36.1617982490013], [-115.646573923002, 36.1618622500013], [-115.646459924002, 36.1619352500013], [-115.646412923002, 36.1619552490013], [-115.646146923002, 36.1619772490013], [-115.646016923002, 36.1620112500013], [-115.645909923002, 36.1620572490013], [-115.645802922002, 36.1620722500013], [-115.645750923002, 36.1620932500013], [-115.645726923002, 36.1621032500013], [-115.645672923002, 36.1621182490013], [-115.645596922002, 36.1621102500013], [-115.645406922002, 36.1620772500013], [-115.645299922002, 36.1620532500013], [-115.645116923002, 36.1619882490013], [-115.644902923002, 36.1619202490013], [-115.644665923002, 36.1618022500013], [-115.644505922002, 36.1617512500013], [-115.644406922002, 36.1617092500013], [-115.644307923002, 36.1617062500013], [-115.643765922002, 36.1617062500013], [-115.643659922002, 36.1616872500013], [-115.643521922002, 36.1616522500013], [-115.643376922002, 36.1615852500013], [-115.643239922002, 36.1615382500013], [-115.643101922002, 36.1615302500013], [-115.643056923002, 36.1615382500013], [-115.642972922002, 36.1615462500013], [-115.642789923002, 36.1615242500013], [-115.642712923002, 36.1614802490013], [-115.642552922002, 36.1614472500013], [-115.642423922002, 36.1614432500013], [-115.642278922002, 36.1614732500012], [-115.642102922002, 36.1615412500012], [-115.642041922002, 36.1615452490013], [-115.641972922002, 36.1615642490013], [-115.641767922002, 36.1615642490013], [-115.641667922002, 36.1615432490013], [-115.641576922002, 36.1615192500012], [-115.641370922002, 36.1615262500013], [-115.641270922002, 36.1615432490013], [-115.641187922002, 36.1615462500013], [-115.641087922002, 36.1615432490012], [-115.640996922002, 36.1615262500013], [-115.640912922002, 36.1614912500013], [-115.640851921002, 36.1614342500013], [-115.640797922002, 36.1613752500013], [-115.640637922002, 36.1612562490013], [-115.640523921002, 36.1611942500013], [-115.640095921002, 36.1610092500013], [-115.640042922002, 36.1609592500013], [-115.639859922002, 36.1608212500012], [-115.639668921002, 36.1607182490013], [-115.639447922002, 36.1605782500013], [-115.639371922002, 36.1605592500013], [-115.639279922002, 36.1605472500013], [-115.639210921002, 36.1605622500013], [-115.639119921002, 36.1605972500013], [-115.638898921002, 36.1607112500013], [-115.638806921002, 36.1607262500013], [-115.638776921002, 36.1607372500013], [-115.638722922002, 36.1607182500013], [-115.638646921002, 36.1607002500013], [-115.638600922002, 36.1606702500013], [-115.638516922002, 36.1606462500013], [-115.638447921002, 36.1606342490013], [-115.638287921002, 36.1606462500013], [-115.638196921002, 36.1606812500013], [-115.638119921002, 36.1607232500013], [-115.638020921002, 36.1607562500013], [-115.637746921002, 36.1607482500013], [-115.637448921002, 36.1607492490012], [-115.637249922002, 36.1607602490013], [-115.637059920002, 36.1607492500013], [-115.636922922002, 36.1607142500013], [-115.636837921002, 36.1606432500013], [-115.636738921002, 36.1605252500013], [-115.636669921002, 36.1605132500013], [-115.636585920002, 36.1605092500013], [-115.636456921002, 36.1605192500013], [-115.636395922002, 36.1605502500013], [-115.636342922002, 36.1605852500013], [-115.636288921002, 36.1606282500013], [-115.636246921002, 36.1606672500013], [-115.636151920002, 36.1607032500013], [-115.636006921002, 36.1607912500013], [-115.635838920002, 36.1609152500013], [-115.635770921002, 36.1609942500013], [-115.635632921002, 36.1610422500013], [-115.635456921002, 36.1610802500013], [-115.635258921002, 36.1611342500013], [-115.634991921002, 36.1611332500013], [-115.634762921002, 36.1611222510013], [-115.634259920002, 36.1610852500013], [-115.634075921002, 36.1610852510013], [-115.633961920002, 36.1610972500013], [-115.633877921002, 36.1611282500013], [-115.633717920002, 36.1612142500013], [-115.633572920002, 36.1613472510013], [-115.633412920002, 36.1615172510013], [-115.633229920002, 36.1616292500013], [-115.633185920002, 36.1616592500013], [-115.633088921002, 36.1616952500013], [-115.632996920002, 36.1616592500013], [-115.632916921002, 36.1616242500013], [-115.632808921002, 36.1615942510013], [-115.632651920002, 36.1615432510013], [-115.632570920002, 36.1615432510013], [-115.632474921002, 36.1615622510013], [-115.632349921002, 36.1616212510013], [-115.632231920002, 36.1617202510013], [-115.631992920002, 36.1619852510013], [-115.631797920002, 36.1621612510013], [-115.631569920002, 36.1623492510013], [-115.631389920002, 36.1624742500013], [-115.631249920002, 36.1625402510013], [-115.631091920002, 36.1625812510013], [-115.630969920002, 36.1625962510013], [-115.630874920002, 36.1626292500013], [-115.630697920002, 36.1627212500013], [-115.630407920002, 36.1628442500013], [-115.630245920002, 36.1627062510013], [-115.630157920002, 36.1626462510013], [-115.630131921002, 36.1626292500013], [-115.629872920002, 36.1625312510013], [-115.629646920002, 36.1624852510013], [-115.629551920002, 36.1624662510013], [-115.629330921002, 36.1624552510013], [-115.629117919002, 36.1624842510013], [-115.629025919002, 36.1624922510013], [-115.628895920002, 36.1624882510013], [-115.628720920002, 36.1624462510013], [-115.628636919002, 36.1624362510012], [-115.628536920002, 36.1624502510013], [-115.628467920002, 36.1624812510013], [-115.628300919002, 36.1625312510013], [-115.628101920002, 36.1625532510013], [-115.628057919002, 36.1625552510013], [-115.628025919002, 36.1625572510013], [-115.627941919002, 36.1625492510013], [-115.627797920002, 36.1625032510013], [-115.627704919002, 36.1624932500013], [-115.627527920002, 36.1624982510013], [-115.627499920002, 36.1624992500013], [-115.627262919002, 36.1624972510013], [-115.627148920002, 36.1625042510013], [-115.627056919002, 36.1624762500013], [-115.626980920002, 36.1624412510013], [-115.626911920002, 36.1624202510013], [-115.626797919002, 36.1624012510013], [-115.626705919002, 36.1624002510013], [-115.626621920002, 36.1623702510013], [-115.626377919002, 36.1622522510013], [-115.626308919002, 36.1622292520013], [-115.626187919002, 36.1621982510013], [-115.625897920002, 36.1621642510013], [-115.625859919002, 36.1621602520013], [-115.625639919002, 36.1622332510012], [-115.625083919002, 36.1623002510013], [-115.624758919002, 36.1622782510013], [-115.624555919002, 36.1623112520013], [-115.624223919002, 36.1624482510013], [-115.624081919002, 36.1624492510013], [-115.623932918002, 36.1625092510013], [-115.623647919002, 36.1625922510013], [-115.623159919002, 36.1626302510013], [-115.622854918002, 36.1626302510013], [-115.622583918002, 36.1625702510012], [-115.622543918002, 36.1625592510013], [-115.622061918002, 36.1623672510013], [-115.621668919002, 36.1622852510013], [-115.621485919002, 36.1621092510013], [-115.621329919002, 36.1619992510013], [-115.621099919002, 36.1620102520013], [-115.621066918002, 36.1619952510013], [-115.620834919002, 36.1618952520013], [-115.620584918002, 36.1618952510013], [-115.620347918002, 36.1620052510013], [-115.620259918002, 36.1620822520013], [-115.620173918002, 36.1621482510013], [-115.619957918002, 36.1620972510013], [-115.619794919002, 36.1620862510013], [-115.619664919002, 36.1621082510013], [-115.619324918002, 36.1621882510012], [-115.619150918002, 36.1622092520013], [-115.619024918002, 36.1622202520013], [-115.618933918002, 36.1622532510013], [-115.618565917002, 36.1625172510013], [-115.618459918002, 36.1626242510013], [-115.618372918002, 36.1627252510013], [-115.618339918002, 36.1627942510013], [-115.618334917002, 36.1628722520013], [-115.618320918002, 36.1629152510013], [-115.618282918002, 36.1629782520013], [-115.618228918002, 36.1630192510013], [-115.618124918002, 36.1630422510013], [-115.618007918002, 36.1630872520013], [-115.617866918002, 36.1631432510013], [-115.617691918002, 36.1632312510013], [-115.617554917002, 36.1633202520013], [-115.617324917002, 36.1634842520013], [-115.616879918002, 36.1638122520013], [-115.616233918002, 36.1642852520013], [-115.615983918002, 36.1644402520013], [-115.615914917002, 36.1644642510013], [-115.615833917002, 36.1644822520012], [-115.615755917002, 36.1644872520013], [-115.615688917002, 36.1644762520013], [-115.615623918002, 36.1644482520013], [-115.615559917002, 36.1643882530012], [-115.615442918002, 36.1643302510013], [-115.615384918002, 36.1643022520013], [-115.615300917002, 36.1642612520013], [-115.615133917002, 36.1642272520013], [-115.615028917002, 36.1642212510013], [-115.614817917002, 36.1642402520013], [-115.614649917002, 36.1642642530013], [-115.614350917002, 36.1643262520013], [-115.614149917002, 36.1643882520013], [-115.614043917002, 36.1644032520013], [-115.613890916002, 36.1643982520013], [-115.613795917002, 36.1643972510013], [-115.613135917002, 36.1644732520013], [-115.612899917002, 36.1645022520013], [-115.612785918002, 36.1645042520013], [-115.612678917002, 36.1645422520013], [-115.612636917002, 36.1645422510013], [-115.612593916002, 36.1645462520013], [-115.612420917002, 36.1645642520013], [-115.612284917002, 36.1646082520013], [-115.612155917002, 36.1646792520013], [-115.612013917002, 36.1647022520013], [-115.611776917002, 36.1647622510013], [-115.611532917002, 36.1649602520013], [-115.611489917002, 36.1649762520013], [-115.611187916002, 36.1650922520013], [-115.611099917002, 36.1651102520012], [-115.610949917002, 36.1651422520013], [-115.610733917002, 36.1652682520013], [-115.610597917002, 36.1653012530013], [-115.610502917002, 36.1652902520013], [-115.610313917002, 36.1652852520013], [-115.610197917002, 36.1653012520013], [-115.609933916002, 36.1654502520012], [-115.609792917002, 36.1655092520013], [-115.609689917002, 36.1655542520013], [-115.609384916002, 36.1655212520013], [-115.609211917002, 36.1655872520013], [-115.609154916002, 36.1656092530013], [-115.608921916002, 36.1656312530013], [-115.608842917002, 36.1656392530013], [-115.608693917002, 36.1656532530013], [-115.608619916002, 36.1657082530013], [-115.608422917002, 36.1658072520013], [-115.608327916002, 36.1658792530013], [-115.608212917002, 36.1660112530013], [-115.608204916002, 36.1660562530013], [-115.608183916002, 36.1661812530013], [-115.608056916002, 36.1661312530013], [-115.607960917002, 36.1661052530013], [-115.607883917002, 36.1661082520013], [-115.607797916002, 36.1661452530013], [-115.607650916002, 36.1662312530013], [-115.607544916002, 36.1662782530013], [-115.607428916002, 36.1663172530013], [-115.607305916002, 36.1663342530013], [-115.607215916002, 36.1663512530013], [-115.607102916002, 36.1663872530013], [-115.607019916002, 36.1664502530013], [-115.606912916002, 36.1665702530013], [-115.606859916002, 36.1666602530013], [-115.606809916002, 36.1667032530013], [-115.606760915002, 36.1667162530013], [-115.606683915002, 36.1667062520013], [-115.606627917002, 36.1666702530013], [-115.606523916002, 36.1665702520013], [-115.606351916002, 36.1663472530012], [-115.606168916002, 36.1661482520013], [-115.606055916002, 36.1660452520013], [-115.605982916002, 36.1660082530013], [-115.605932916002, 36.1660052530013], [-115.605862915002, 36.1660152530013], [-115.605785916002, 36.1660582520013], [-115.605686916002, 36.1661312530013], [-115.605573917002, 36.1662642530013], [-115.605450916002, 36.1663812530013], [-115.605227916002, 36.1665532530013], [-115.605170916002, 36.1666372530012], [-115.605121916002, 36.1667202530013], [-115.605071916002, 36.1668432520012], [-115.604998917002, 36.1669062530012], [-115.604968916002, 36.1669892520013], [-115.604998916002, 36.1671252530013], [-115.605001916002, 36.1672182530013], [-115.604974916002, 36.1672582530013], [-115.604921916002, 36.1672682530013], [-115.604868915002, 36.1672452530013], [-115.604788916002, 36.1671722530013], [-115.604672916002, 36.1671052530013], [-115.604542916002, 36.1669992530013], [-115.604486916002, 36.1669862530013], [-115.604439916002, 36.1670022530013], [-115.604396915002, 36.1670452530012], [-115.604396916002, 36.1670852540013], [-115.604416915002, 36.1671822530013], [-115.604489916002, 36.1673312530013], [-115.604522916002, 36.1674312520013], [-115.604519916002, 36.1674982530013], [-115.604509915002, 36.1675442520013], [-115.604479916002, 36.1675672530013], [-115.604419916002, 36.1675672520013], [-115.604269916002, 36.1675412530013], [-115.604077916002, 36.1674842530013], [-115.603980915002, 36.1674482530013], [-115.603831916002, 36.1673452530013], [-115.603664916002, 36.1671952530013], [-115.603535916002, 36.1671192530013], [-115.603362917002, 36.1670492530013], [-115.603156915002, 36.1669992520013], [-115.602970916002, 36.1669462520013], [-115.602760916002, 36.1668792530013], [-115.602577915002, 36.1668432540013], [-115.602471915002, 36.1668262530013], [-115.602311915002, 36.1668192530012], [-115.602185915002, 36.1668392530013], [-115.601986915002, 36.1668992530013], [-115.601849915002, 36.1669592530013], [-115.601789916002, 36.1670122530013], [-115.601753916002, 36.1670892530013], [-115.601730915002, 36.1671952530013], [-115.601700915002, 36.1672552530013], [-115.601637915002, 36.1672982520013], [-115.601530915002, 36.1673052530013], [-115.601387916002, 36.1672822530013], [-115.601244915002, 36.1672352530013], [-115.601158916002, 36.1671782540013], [-115.601091915002, 36.1671492520013], [-115.601031916002, 36.1671522530013], [-115.600948916002, 36.1671822530013], [-115.600792915002, 36.1672452530012], [-115.600696914002, 36.1673152530012], [-115.600669915002, 36.1673712530013], [-115.600633915002, 36.1674182540013], [-115.600589916002, 36.1674312530013], [-115.600510915002, 36.1674152530013], [-115.600413915002, 36.1673452540013], [-115.600317915002, 36.1672952530013], [-115.600240914002, 36.1672782530013], [-115.600147915002, 36.1672782530013], [-115.599994915002, 36.1673052530013], [-115.599828914002, 36.1673512530013], [-115.599712914002, 36.1673812530013], [-115.599525915002, 36.1673812530013], [-115.599406915002, 36.1673752530013], [-115.599306915002, 36.1674012530013], [-115.599130915002, 36.1674812540013], [-115.599040915002, 36.1675042530013], [-115.598914916002, 36.1675012530013], [-115.598754916002, 36.1674742530013], [-115.598651915002, 36.1674612530013], [-115.598558914002, 36.1674742530013], [-115.598418915002, 36.1675212530013], [-115.598252915002, 36.1675942530013], [-115.598073915002, 36.1676272530013], [-115.597976915002, 36.1676412530013], [-115.597823914002, 36.1676442530013], [-115.597659915002, 36.1676262530013], [-115.597327915002, 36.1674792540013]]]}, "properties": {"OBJECTID": 6, "DISTRICT": "F", "TRUSTEE": "Irene Bustamante Adams", "LABEL_1": "District F", "LABEL_2": "F - Irene Bustamante Adams", "Shape__Area": 27393010184.570312, "Shape__Length": 848177.6278443538, "district_id": "F"}}, {"type": "Feature", "id": 7, "geometry": {"type": "Polygon", "coordinates": [[[-114.936765798002, 36.2012593000013], [-114.935097797002, 36.2002373000013], [-114.933149796002, 36.1990092990013], [-114.932710796002, 36.1987323000014], [-114.931630795002, 36.1980662990013], [-114.931065795002, 36.1977012990013], [-114.929287795002, 36.1966252990013], [-114.928553795002, 36.1962572990013], [-114.928004795002, 36.1960182990013], [-114.927196795002, 36.1957162990013], [-114.926427795002, 36.1954702990014], [-114.925899795002, 36.1952763000013], [-114.925507794002, 36.1951143000014], [-114.925336794002, 36.1950312990013], [-114.924612795002, 36.1946362990013], [-114.924087794002, 36.1943232990013], [-114.923607795002, 36.1940162990013], [-114.922951793002, 36.1935653000013], [-114.922548794002, 36.1932403000013], [-114.921379793002, 36.1922412990013], [-114.921064794002, 36.1919552990013], [-114.920721793002, 36.1915382990013], [-114.920343793002, 36.1909992990013], [-114.920333793002, 36.1909853000014], [-114.920045793002, 36.1904262990014], [-114.919824793002, 36.1899033000013], [-114.919339792002, 36.1883932990013], [-114.918758792002, 36.1867042980013], [-114.918443792002, 36.1856532980013], [-114.918432792002, 36.1856182980013], [-114.918119793002, 36.1846642990014], [-114.917445792002, 36.1827252980013], [-114.917334791002, 36.1823752990013], [-114.917232792002, 36.1820562990013], [-114.917115792002, 36.1817352990013], [-114.916891792002, 36.1812112990013], [-114.916684791002, 36.1808212980014], [-114.916566792002, 36.1806202980014], [-114.916336791002, 36.1802272980013], [-114.915175791002, 36.1784512980013], [-114.914378791002, 36.1772562980013], [-114.913942790002, 36.1765282980013], [-114.913775790002, 36.1761972970013], [-114.913607790002, 36.1756962980013], [-114.913586790002, 36.1756322980013], [-114.913211790002, 36.1744192980013], [-114.913059790002, 36.1738562980013], [-114.913047790002, 36.1738112970013], [-114.912991790002, 36.1736332980013], [-114.912784790002, 36.1729672980013], [-114.912715790002, 36.1727452970013], [-114.912290789002, 36.1715202980013], [-114.912152789002, 36.1710842970013], [-114.911606789002, 36.1691902980013], [-114.911418790002, 36.1686682970014], [-114.911303790002, 36.1683982970013], [-114.910830789002, 36.1674242970013], [-114.910344789002, 36.1665482970013], [-114.908908788002, 36.1643842970013], [-114.908633788002, 36.1640192970013], [-114.908183789002, 36.1635182970013], [-114.907864788002, 36.1631912970013], [-114.907443787002, 36.1628232970013], [-114.906098787002, 36.1617552970013], [-114.905592787002, 36.1613322970013], [-114.905239787002, 36.1610562970013], [-114.905052788002, 36.1608772970013], [-114.904866786002, 36.1606612970013], [-114.904720787002, 36.1605662970013], [-114.904200787002, 36.1602892970014], [-114.903913787002, 36.1601062970013], [-114.903432786002, 36.1597282970013], [-114.902877787002, 36.1592672970013], [-114.901955786002, 36.1585712970013], [-114.901769786002, 36.1584302970013], [-114.901320786002, 36.1580372960013], [-114.901260786002, 36.1579752970013], [-114.900763785002, 36.1574592970013], [-114.900631786002, 36.1573232960014], [-114.900030785002, 36.1567582960013], [-114.899883786002, 36.1566332970013], [-114.899707785002, 36.1565062960013], [-114.899301785002, 36.1562562960013], [-114.898881785002, 36.1560522960013], [-114.898484786002, 36.1559002970013], [-114.898351786002, 36.1558602970013], [-114.898122786002, 36.1557922960013], [-114.897455786002, 36.1556382970013], [-114.897070785002, 36.1555932970013], [-114.896504786002, 36.1555522960013], [-114.895636786002, 36.1555232970013], [-114.894215785002, 36.1555112970013], [-114.893882785002, 36.1554982970013], [-114.893387785002, 36.1554592970013], [-114.892890784002, 36.1554032970013], [-114.892539785002, 36.1553322970013], [-114.892208785002, 36.1552352960013], [-114.891892785002, 36.1551162980013], [-114.891437784002, 36.1549132970013], [-114.891270785002, 36.1548222970014], [-114.890957785002, 36.1546022960013], [-114.890535783002, 36.1542742970013], [-114.890036783002, 36.1538592970013], [-114.888632784002, 36.1526942970013], [-114.888273784002, 36.1524152970013], [-114.888070783002, 36.1522422970013], [-114.887804783002, 36.1519642970013], [-114.887722783002, 36.1518782970013], [-114.887619783002, 36.1517442960013], [-114.887460783002, 36.1514902970014], [-114.887363783002, 36.1512872960013], [-114.887259784002, 36.1510182970014], [-114.887219783002, 36.1508432970013], [-114.887192783002, 36.1505682970013], [-114.886319783002, 36.1496192970013], [-114.886242782002, 36.1495392960014], [-114.885876783002, 36.1459742960013], [-114.885999782002, 36.1459232970013], [-114.886187782002, 36.1458332960013], [-114.886511782002, 36.1456482960013], [-114.886614782002, 36.1455822960013], [-114.886854782002, 36.1454092950013], [-114.887036783002, 36.1452532960014], [-114.887138783002, 36.1451562960013], [-114.887272783002, 36.1450192960013], [-114.887397783002, 36.1448772950013], [-114.887488783002, 36.1447522950013], [-114.887658782002, 36.1444962960013], [-114.887793782002, 36.1443192960013], [-114.887928782002, 36.1441482960013], [-114.888455782002, 36.1434842960013], [-114.888764783002, 36.1430742950013], [-114.888829782002, 36.1429912960013], [-114.889254782002, 36.1425602960013], [-114.889467783002, 36.1423582960013], [-114.889718783002, 36.1421402960013], [-114.889848782002, 36.1420342950013], [-114.890175783002, 36.1417812960013], [-114.890375783002, 36.1416372950014], [-114.890469782002, 36.1415742960013], [-114.890823783002, 36.1413392950013], [-114.890969783002, 36.1412372960013], [-114.891190783002, 36.1410652950013], [-114.891267783002, 36.1410112960013], [-114.891542783002, 36.1408642950013], [-114.891974784002, 36.1406492950013], [-114.892268783002, 36.1405082950014], [-114.892540783002, 36.1403892950013], [-114.892817783002, 36.1402792950013], [-114.893049783002, 36.1401992950013], [-114.893249783002, 36.1401352950013], [-114.893300783002, 36.1401162950013], [-114.893353784002, 36.1401012950014], [-114.893526782002, 36.1400462950013], [-114.893772782002, 36.1399712950014], [-114.894057784002, 36.1398922950013], [-114.894346782002, 36.1398212950013], [-114.894676784002, 36.1397572950013], [-114.896151784002, 36.1395022950013], [-114.896852783002, 36.1393732940013], [-114.897148784002, 36.1393122950013], [-114.897677783002, 36.1391892950013], [-114.897910784002, 36.1391292950013], [-114.898095784002, 36.1390752950013], [-114.898139784002, 36.1390622940013], [-114.898409784002, 36.1389722940013], [-114.898997784002, 36.1387472950013], [-114.899315785002, 36.1386122950013], [-114.899639784002, 36.1384602950014], [-114.900300784002, 36.1381262950013], [-114.902103785002, 36.1371712940013], [-114.902305784002, 36.1370682940014], [-114.902687785002, 36.1368932940013], [-114.903052785002, 36.1367422950013], [-114.903290784002, 36.1366512930013], [-114.903773785002, 36.1364772940013], [-114.904129785002, 36.1363682940013], [-114.905189785002, 36.1360542940014], [-114.905325785002, 36.1360112930013], [-114.905887785002, 36.1358322940013], [-114.906772785002, 36.1355702940013], [-114.906985785002, 36.1354992940013], [-114.907019786002, 36.1354862940013], [-114.907105785002, 36.1354512930013], [-114.907223785002, 36.1353982930013], [-114.907335785002, 36.1353402940013], [-114.907445786002, 36.1352722940014], [-114.907549785002, 36.1351982940013], [-114.907647785002, 36.1351192940013], [-114.907747786002, 36.1350312940013], [-114.907840786002, 36.1349382940013], [-114.907883785002, 36.1348892930014], [-114.907964785002, 36.1347752930013], [-114.908124785002, 36.1345172930013], [-114.908221785002, 36.1343282930013], [-114.908272785002, 36.1342032930013], [-114.908310785002, 36.1340652930013], [-114.908354785002, 36.1338142940013], [-114.908363786002, 36.1337012940013], [-114.908361785002, 36.1335632930013], [-114.908358786002, 36.1335392930013], [-114.908347786002, 36.1334252930014], [-114.908328785002, 36.1333202930013], [-114.908301786002, 36.1332152930013], [-114.908185785002, 36.1329002930013], [-114.908123786002, 36.1327752930013], [-114.907988785002, 36.1325292930013], [-114.907746785002, 36.1321052930013], [-114.907676785002, 36.1319582920013], [-114.907597785002, 36.1317692930013], [-114.907575785002, 36.1317052930013], [-114.907543784002, 36.1315792930013], [-114.907484785002, 36.1312952930013], [-114.907457785002, 36.1311392930013], [-114.907445784002, 36.1310102930013], [-114.907461785002, 36.1306052930013], [-114.907454785002, 36.1305042930013], [-114.907369784002, 36.1301052930013], [-114.907343784002, 36.1300012920013], [-114.907295785002, 36.1298642930013], [-114.907235785002, 36.1297242930013], [-114.906995784002, 36.1292302930013], [-114.906886784002, 36.1290522930013], [-114.906761785002, 36.1288772920013], [-114.906599785002, 36.1286642920013], [-114.906412783002, 36.1284622930013], [-114.906129785002, 36.1281682930013], [-114.905303784002, 36.1273352930013], [-114.904999784002, 36.1270152930013], [-114.904811784002, 36.1268162930013], [-114.904509784002, 36.1265142930013], [-114.904008784002, 36.1260002930013], [-114.903848784002, 36.1258282920013], [-114.903752784002, 36.1257162920013], [-114.903705784002, 36.1256482930013], [-114.903645783002, 36.1255412920013], [-114.903599783002, 36.1254332930013], [-114.903556783002, 36.1252992920013], [-114.903533783002, 36.1252112930013], [-114.903520784002, 36.1251002920013], [-114.903520783002, 36.1250432920013], [-114.903520783002, 36.1249302920013], [-114.903520784002, 36.1248822920013], [-114.903527783002, 36.1247672930013], [-114.903550784002, 36.1246702930013], [-114.903576784002, 36.1245992930014], [-114.903594783002, 36.1245512920013], [-114.903621783002, 36.1244962930013], [-114.903644784002, 36.1244482920013], [-114.903723783002, 36.1243232920013], [-114.903999784002, 36.1240232920013], [-114.904301784002, 36.1237172920013], [-114.904405783002, 36.1236022930013], [-114.904500784002, 36.1234682920013], [-114.904611784002, 36.1232792920013], [-114.904748783002, 36.1229372930013], [-114.904832784002, 36.1226932920013], [-114.904889784002, 36.1223842930013], [-114.904910784002, 36.1222402920014], [-114.904936784002, 36.1220582920013], [-114.904961784002, 36.1219332920013], [-114.905032783002, 36.1215012920013], [-114.905141784002, 36.1207722920013], [-114.905178784002, 36.1203112920013], [-114.905195783002, 36.1197612910013], [-114.905199783002, 36.1182542920014], [-114.905218783002, 36.1173642920013], [-114.905204784002, 36.1170752920013], [-114.905175783002, 36.1168042920013], [-114.905104783002, 36.1164552920013], [-114.904976783002, 36.1160462910013], [-114.904853783002, 36.1157412920013], [-114.904779782002, 36.1155922920013], [-114.904642783002, 36.1153612920013], [-114.904455783002, 36.1150972920013], [-114.904214782002, 36.1148002920013], [-114.903765782002, 36.1142932910013], [-114.901645782002, 36.1119602910013], [-114.901414782002, 36.1116902910013], [-114.901184783002, 36.1113672920013], [-114.900997782002, 36.1110512920014], [-114.900796781002, 36.1106562910013], [-114.900706782002, 36.1105212910013], [-114.900615782002, 36.1104112910013], [-114.900510782002, 36.1103132910013], [-114.900432782002, 36.1102552910014], [-114.900285782002, 36.1101692910013], [-114.900208781002, 36.1101322910013], [-114.899944782002, 36.1100402910014], [-114.899513781002, 36.1099202910013], [-114.899405781002, 36.1098932910013], [-114.899460781002, 36.1097682910013], [-114.899712781002, 36.1091472910013], [-114.899773781002, 36.1090012910013], [-114.899889782002, 36.1087232920013], [-114.900080781002, 36.1082692910013], [-114.900398781002, 36.1074312900013], [-114.900536781002, 36.1070922900013], [-114.900682781002, 36.1067542900013], [-114.900886781002, 36.1063222910013], [-114.900993782002, 36.1060752910013], [-114.901042781002, 36.1059272900013], [-114.901129781002, 36.1056282910013], [-114.901206781002, 36.1054182900013], [-114.901294781002, 36.1051982900013], [-114.901546782002, 36.1046322900013], [-114.901792781002, 36.1040342910013], [-114.901876782002, 36.1038282900013], [-114.902003781002, 36.1035182900013], [-114.902130781002, 36.1032102900013], [-114.902215781002, 36.1030052900013], [-114.902702782002, 36.1018192900013], [-114.903071782002, 36.1009192900013], [-114.903430782002, 36.1000452890013], [-114.903700781002, 36.0993902900013], [-114.903737781002, 36.0993002900013], [-114.903766781002, 36.0992232890014], [-114.903911781002, 36.0989032900013], [-114.904069781002, 36.0985602890013], [-114.904224781002, 36.0982012890013], [-114.904372781002, 36.0978562890013], [-114.904507781002, 36.0975752890013], [-114.904601782002, 36.0974182900013], [-114.905078782002, 36.0966932890013], [-114.906358781002, 36.0948872890013], [-114.906867782002, 36.0941872890013], [-114.907841781002, 36.0928052890014], [-114.908474781002, 36.0919262880013], [-114.909060782002, 36.0911152880013], [-114.909473781002, 36.0905132880013], [-114.909698781002, 36.0902072890013], [-114.910154781002, 36.0896332880013], [-114.910392782002, 36.0893682880013], [-114.910685781002, 36.0890902870013], [-114.910716781002, 36.0890632880013], [-114.910976782002, 36.0888442880013], [-114.911353781002, 36.0885692880013], [-114.911745782002, 36.0883222880013], [-114.911801782002, 36.0882912880013], [-114.912088782002, 36.0881372870013], [-114.912197782002, 36.0880872880013], [-114.912525782002, 36.0879342880013], [-114.912969782002, 36.0877632880013], [-114.913415781002, 36.0876172870013], [-114.914097782002, 36.0874212880013], [-114.914805782002, 36.0872182880013], [-114.915096782002, 36.0871292880013], [-114.917291783002, 36.0864912870014], [-114.919157783002, 36.0859492880013], [-114.919247783002, 36.0859162870013], [-114.919589782002, 36.0858162870013], [-114.919900783002, 36.0857052860013], [-114.920394783002, 36.0855292870013], [-114.920802784002, 36.0853622870013], [-114.921770783002, 36.0849502860013], [-114.921974783002, 36.0848742870013], [-114.922110783002, 36.0848142860013], [-114.922134783002, 36.0848052870013], [-114.923246783002, 36.0844232870013], [-114.923617784002, 36.0842972870013], [-114.923672783002, 36.0842802870013], [-114.924323783002, 36.0840232870013], [-114.925284784002, 36.0837082870013], [-114.926836784002, 36.0831572870013], [-114.926869784002, 36.0831422860013], [-114.927321784002, 36.0829702860013], [-114.928047785002, 36.0826922860013], [-114.928512785002, 36.0825002860013], [-114.929169784002, 36.0822272860013], [-114.929815784002, 36.0819302860013], [-114.933298785002, 36.0802662850013], [-114.934522785002, 36.0796812850013], [-114.934595785002, 36.0796462860014], [-114.936085786002, 36.0789252860014], [-114.936279786002, 36.0788322850013], [-114.936798785002, 36.0785822860013], [-114.937147786002, 36.0784222840013], [-114.937246785002, 36.0783772850013], [-114.937639786002, 36.0782072840013], [-114.938548785002, 36.0778662850013], [-114.938762786002, 36.0777962850013], [-114.938784785002, 36.0777892850013], [-114.939059786002, 36.0777122850013], [-114.939338786002, 36.0776442850013], [-114.939477785002, 36.0775972850013], [-114.940016786002, 36.0774782840013], [-114.940848786002, 36.0773122850014], [-114.941240785002, 36.0772522840013], [-114.941547786002, 36.0772082840013], [-114.942045785002, 36.0771542850014], [-114.943283786002, 36.0770572850013], [-114.944122787002, 36.0769822850013], [-114.944334786002, 36.0769552850013], [-114.945031787002, 36.0768672840013], [-114.945572787002, 36.0767842840013], [-114.946068787002, 36.0766892830014], [-114.946606787002, 36.0765682840014], [-114.946620787002, 36.0765652840013], [-114.947592787002, 36.0763282840013], [-114.948388787002, 36.0761072840013], [-114.948587787002, 36.0760602840014], [-114.949074787002, 36.0759352840013], [-114.949557787002, 36.0757992850013], [-114.950074788002, 36.0756332840013], [-114.951034787002, 36.0753262840013], [-114.951264788002, 36.0752462840013], [-114.951445787002, 36.0751742830013], [-114.951817788002, 36.0750262840013], [-114.952290788002, 36.0748162840013], [-114.952749788002, 36.0745882830013], [-114.953253788002, 36.0743142830013], [-114.953695787002, 36.0740502840013], [-114.953807788002, 36.0739782830013], [-114.953997788002, 36.0738612840013], [-114.954586788002, 36.0734702830013], [-114.954770788002, 36.0733402830013], [-114.954929788002, 36.0732282830013], [-114.955451788002, 36.0728092840013], [-114.956117789002, 36.0722212830013], [-114.956254787002, 36.0723002830013], [-114.956422788002, 36.0724182830013], [-114.956495788002, 36.0724692830013], [-114.956601788002, 36.0725572840013], [-114.956789788002, 36.0727412830013], [-114.956950788002, 36.0729372830013], [-114.957024788002, 36.0730522830013], [-114.957182788002, 36.0733542830013], [-114.957231788002, 36.0734672830013], [-114.957251789002, 36.0735462830013], [-114.957296789002, 36.0737242830013], [-114.957313789002, 36.0738652830013], [-114.957326789002, 36.0739702840013], [-114.957328788002, 36.0740142840013], [-114.957343788002, 36.0743342830013], [-114.957389789002, 36.0752952830013], [-114.957405788002, 36.0756162830013], [-114.957916789002, 36.0755672830013], [-114.958018789002, 36.0752292830013], [-114.958140789002, 36.0749162830013], [-114.958308789002, 36.0745702830013], [-114.958517789002, 36.0742082830013], [-114.958679790002, 36.0739392840013], [-114.958989789002, 36.0734952830013], [-114.959284789002, 36.0731512840013], [-114.959494790002, 36.0729372830013], [-114.959766790002, 36.0726932830013], [-114.960098789002, 36.0724332830014], [-114.960343789002, 36.0722652820013], [-114.960840789002, 36.0719712830013], [-114.961117789002, 36.0718322820013], [-114.961452789002, 36.0716852830014], [-114.961780789002, 36.0715592820013], [-114.962028790002, 36.0714762830013], [-114.962204789002, 36.0714262830013], [-114.962651789002, 36.0713122820013], [-114.962951790002, 36.0712552830013], [-114.963197790002, 36.0712152830014], [-114.963467790002, 36.0711832830013], [-114.963753789002, 36.0711582820013], [-114.963944789002, 36.0711462820013], [-114.964069790002, 36.0711432830013], [-114.965775790002, 36.0711392830013], [-114.966596790002, 36.0711382820013], [-114.967854790002, 36.0711412830013], [-114.968804790002, 36.0710942820013], [-114.975389793002, 36.0709562810013], [-114.993811795002, 36.0709662800013], [-114.993834794002, 36.0704222800014], [-114.993834795002, 36.0696492810013], [-114.993835795002, 36.0693512800013], [-114.993839795002, 36.0692102810013], [-114.993839795002, 36.0688582800013], [-114.993839794002, 36.0680192800013], [-114.993846794002, 36.0678052810013], [-114.993856795002, 36.0675162800013], [-114.993858795002, 36.0674552800013], [-114.993860794002, 36.0673932800013], [-114.993867795002, 36.0672662800013], [-114.993868795002, 36.0672482800013], [-114.993867794002, 36.0667012800013], [-114.993867794002, 36.0665132800013], [-114.993868794002, 36.0664122800013], [-114.993874795002, 36.0661092800013], [-114.993876794002, 36.0660092800013], [-114.993876795002, 36.0659502800013], [-114.993880795002, 36.0657752800013], [-114.993882795002, 36.0657172790013], [-114.993882795002, 36.0656742800013], [-114.993882794002, 36.0655462800013], [-114.993882794002, 36.0655042800013], [-114.993881794002, 36.0653882800013], [-114.993881795002, 36.0650432800013], [-114.993881795002, 36.0649282800013], [-114.993897795002, 36.0643012790013], [-114.993904794002, 36.0640492800013], [-114.993926795002, 36.0624222790013], [-114.993935794002, 36.0617962800013], [-114.993938794002, 36.0613772800013], [-114.993949795002, 36.0601232800013], [-114.993953794002, 36.0597052800014], [-114.993959794002, 36.0589992790013], [-114.993976794002, 36.0571782790013], [-114.993986795002, 36.0568832790013], [-114.993991794002, 36.0567672790013], [-114.994011793002, 36.0561782790013], [-114.994010793002, 36.0559802790013], [-114.994007794002, 36.0553882790013], [-114.994006794002, 36.0551912790013], [-114.994008793002, 36.0550132790013], [-114.994015794002, 36.0546312790013], [-114.994001793002, 36.0544812790013], [-114.993995794002, 36.0544022780013], [-114.993975793002, 36.0543062790013], [-114.994027794002, 36.0530802780013], [-114.994101794002, 36.0524802790013], [-114.994064793002, 36.0517602780013], [-114.994085792002, 36.0508602780013], [-114.994426793002, 36.0507402780013], [-114.994250793002, 36.0505762780013], [-114.994667793002, 36.0505142780013], [-114.994281792002, 36.0501572780013], [-114.992940793002, 36.0489762780013], [-114.989544792002, 36.0459872780013], [-114.989086792002, 36.0455832780013], [-114.988939791002, 36.0454492780013], [-114.989027792002, 36.0453412770013], [-114.989067792002, 36.0452272780013], [-114.989074792002, 36.0450922780013], [-114.989052792002, 36.0447322780013], [-114.989039791002, 36.0446262780013], [-114.989004792002, 36.0444312780013], [-114.988958792002, 36.0441682770013], [-114.988914792002, 36.0439192770013], [-114.988825791002, 36.0433792780013], [-114.988783791002, 36.0431172780014], [-114.988748791002, 36.0429392770013], [-114.988643792002, 36.0424072770013], [-114.988609791002, 36.0422302770013], [-114.988579791002, 36.0420552770013], [-114.988543791002, 36.0418402780013], [-114.988478791002, 36.0415332770013], [-114.988442790002, 36.0413602770013], [-114.988435791002, 36.0413272770013], [-114.988406791002, 36.0411832780013], [-114.988301792002, 36.0406532770013], [-114.988266791002, 36.0404772770013], [-114.988232791002, 36.0403012780013], [-114.988230791002, 36.0402912770013], [-114.988132791002, 36.0397752770013], [-114.988099791002, 36.0396002770013], [-114.988065792002, 36.0394212770013], [-114.987964791002, 36.0388872770013], [-114.987931791002, 36.0387092770014], [-114.987897792002, 36.0385322770013], [-114.987795792002, 36.0380042770013], [-114.987761791002, 36.0378282770014], [-114.987736790002, 36.0376922780014], [-114.987720791002, 36.0376302770013], [-114.987659791002, 36.0373792770013], [-114.987545791002, 36.0371652770013], [-114.987494791002, 36.0370922770013], [-114.987483791002, 36.0370802770013], [-114.987398790002, 36.0369902770013], [-114.988377790002, 36.0368812770013], [-114.990507792002, 36.0365902770014], [-114.991484791002, 36.0364382770013], [-114.991855792002, 36.0363812760013], [-114.992521791002, 36.0362922770013], [-114.992826792002, 36.0362502760013], [-114.993272792002, 36.0361892760014], [-114.993740791002, 36.0361272760013], [-114.994046791002, 36.0360862770013], [-114.994269792002, 36.0360552760013], [-114.994591792002, 36.0360122770013], [-114.994939792002, 36.0359742760013], [-114.995163791002, 36.0359502760013], [-114.995497792002, 36.0359082770013], [-114.996501792002, 36.0357842770013], [-114.996836792002, 36.0357432770013], [-114.997420792002, 36.0356722760013], [-114.997540793002, 36.0356552760013], [-114.999651793002, 36.0353732760013], [-114.999854793002, 36.0353472760013], [-115.000357793002, 36.0352962760013], [-115.000840793002, 36.0352322750013], [-115.002292793002, 36.0350422760014], [-115.002777794002, 36.0349792760013], [-115.002964793002, 36.0349552760013], [-115.003528794002, 36.0348852760013], [-115.003717793002, 36.0348622750014], [-115.004034794002, 36.0348252760013], [-115.004787794002, 36.0347392760013], [-115.004985793002, 36.0347132750013], [-115.005302793002, 36.0346732750013], [-115.005393794002, 36.0346612750014], [-115.005669794002, 36.0346262760013], [-115.005761795002, 36.0346152760013], [-115.007879794002, 36.0343442750013], [-115.009421795002, 36.0341702750013], [-115.009655794002, 36.0341342750013], [-115.010017794002, 36.0340862760013], [-115.010343795002, 36.0340312750014], [-115.010356794002, 36.0340282760013], [-115.010934795002, 36.0339592750013], [-115.011310795002, 36.0339182750013], [-115.011629795002, 36.0338752750013], [-115.011948795002, 36.0338332750013], [-115.012217794002, 36.0337982750013], [-115.012485795002, 36.0337622750014], [-115.013646795002, 36.0336082750013], [-115.014177796002, 36.0335382750013], [-115.014191795002, 36.0335502750013], [-115.014233796002, 36.0335892750013], [-115.014247795002, 36.0336032750014], [-115.014513795002, 36.0338502750014], [-115.014628796002, 36.0339572750013], [-115.014701796002, 36.0340242750013], [-115.015914796002, 36.0351512750013], [-115.016063796002, 36.0352902750013], [-115.016136796002, 36.0353582750013], [-115.017719796002, 36.0368272750013], [-115.018033796002, 36.0371002750013], [-115.018692796002, 36.0377422750013], [-115.018895797002, 36.0379142750013], [-115.019180796002, 36.0381862760013], [-115.019304797002, 36.0383352750013], [-115.019345798002, 36.0383852750013], [-115.019733796002, 36.0388662750013], [-115.020062797002, 36.0393272750013], [-115.020259796002, 36.0396242760013], [-115.020388797002, 36.0398522750013], [-115.020514797002, 36.0400932750013], [-115.020722797002, 36.0405512750013], [-115.020805798002, 36.0407692750013], [-115.020869796002, 36.0409352760013], [-115.021170798002, 36.0418152750013], [-115.021174798002, 36.0418262750013], [-115.022016798002, 36.0443672760013], [-115.022128797002, 36.0447042760013], [-115.022545798002, 36.0460682760013], [-115.022588798002, 36.0462072760014], [-115.022925798002, 36.0472322760013], [-115.023239798002, 36.0480912760013], [-115.023576798002, 36.0489332760013], [-115.023929798002, 36.0497202760013], [-115.024156799002, 36.0501932760014], [-115.024267799002, 36.0503852760013], [-115.024344798002, 36.0505182760013], [-115.025178798002, 36.0521572760013], [-115.025470799002, 36.0527292760013], [-115.027249800002, 36.0562222760013], [-115.027262800002, 36.0562482770013], [-115.027302800002, 36.0563262770013], [-115.027316800002, 36.0563532770013], [-115.027359800002, 36.0563522760013], [-115.027492800002, 36.0563492760013], [-115.027536800002, 36.0563492770013], [-115.027770800002, 36.0563512770013], [-115.028473800002, 36.0563592770013], [-115.028708800002, 36.0563622770013], [-115.029014800002, 36.0563652770013], [-115.029321800002, 36.0563692770013], [-115.029582800002, 36.0563722760013], [-115.030570801002, 36.0563842770013], [-115.032204801002, 36.0563622760013], [-115.033078801002, 36.0563512760013], [-115.033957800002, 36.0563382770013], [-115.034689801002, 36.0563292760013], [-115.036299801002, 36.0563062770013], [-115.036597802002, 36.0563022760013], [-115.036838802002, 36.0562992770013], [-115.037477801002, 36.0562812760013], [-115.037906802002, 36.0562852760013], [-115.038532801002, 36.0562922760013], [-115.039195802002, 36.0562702760014], [-115.039625802002, 36.0562562760013], [-115.040076802002, 36.0562592760013], [-115.040462803002, 36.0562622760013], [-115.041432803002, 36.0562542760013], [-115.041884802002, 36.0562512760013], [-115.041932802002, 36.0562512760013], [-115.042755803002, 36.0562512760013], [-115.042845803002, 36.0562512760013], [-115.043571803002, 36.0562212760013], [-115.044291803002, 36.0562042760013], [-115.045367803002, 36.0562042760013], [-115.045666803002, 36.0562052750013], [-115.045727803002, 36.0562052760013], [-115.046239804002, 36.0561982760013], [-115.047847804002, 36.0562022760013], [-115.049035803002, 36.0562052750013], [-115.050709805002, 36.0562162750013], [-115.051909805002, 36.0562142750013], [-115.055165804002, 36.0562112750013], [-115.055509804002, 36.0562112750013], [-115.056709806002, 36.0562142750013], [-115.056666805002, 36.0558962750014], [-115.056655806002, 36.0557102750013], [-115.056658805002, 36.0549492750013], [-115.056660805002, 36.0546332750013], [-115.056662804002, 36.0545402740013], [-115.056671805002, 36.0542622740013], [-115.056675805002, 36.0541702740013], [-115.056676805002, 36.0540532740013], [-115.056673804002, 36.0540162750013], [-115.056654805002, 36.0537562740013], [-115.056605805002, 36.0535602740013], [-115.056599805002, 36.0535342740014], [-115.056558805002, 36.0534142750013], [-115.056536805002, 36.0533612740013], [-115.056465805002, 36.0532172750013], [-115.056422805002, 36.0531302740013], [-115.056302805002, 36.0529582740013], [-115.056254804002, 36.0529052740013], [-115.056125804002, 36.0527512750013], [-115.056076805002, 36.0526952750014], [-115.055933804002, 36.0525322740013], [-115.055897804002, 36.0524932750013], [-115.055871805002, 36.0524642740013], [-115.055796805002, 36.0523732740013], [-115.055763805002, 36.0523332740013], [-115.055678805002, 36.0522142740013], [-115.055671804002, 36.0522012750013], [-115.055538804002, 36.0519482740013], [-115.055458805002, 36.0517682750013], [-115.055394805002, 36.0516212740013], [-115.055341804002, 36.0514172750013], [-115.055327804002, 36.0513622740013], [-115.055302805002, 36.0512122740014], [-115.055293805002, 36.0511292740013], [-115.055283804002, 36.0508812740013], [-115.055285804002, 36.0507932740013], [-115.055293805002, 36.0505842740013], [-115.055297803002, 36.0502562740013], [-115.055313804002, 36.0492722740013], [-115.055318803002, 36.0489452750013], [-115.055335804002, 36.0477882740013], [-115.055352804002, 36.0467002730013], [-115.055352804002, 36.0466712740013], [-115.055379804002, 36.0452652740013], [-115.055374804002, 36.0447642740013], [-115.055383804002, 36.0445802730013], [-115.055405804002, 36.0443762730013], [-115.055414804002, 36.0443212740013], [-115.055442804002, 36.0441612740013], [-115.055505804002, 36.0438662740013], [-115.055572803002, 36.0436782730013], [-115.055679804002, 36.0434332740013], [-115.055789804002, 36.0432362730013], [-115.055856804002, 36.0431152730013], [-115.055930804002, 36.0429982740013], [-115.056009804002, 36.0428842740013], [-115.056137805002, 36.0427182730013], [-115.056228804002, 36.0426092740013], [-115.056323804002, 36.0425042730013], [-115.056424804002, 36.0424012730013], [-115.056488803002, 36.0423402730013], [-115.056582803002, 36.0422532730013], [-115.056702804002, 36.0421512740013], [-115.056808804002, 36.0420682740013], [-115.056954804002, 36.0419622730013], [-115.056988804002, 36.0419382730013], [-115.057113803002, 36.0418552730013], [-115.057241804002, 36.0417762730013], [-115.057768805002, 36.0414802740013], [-115.058044804002, 36.0413272730013], [-115.058169804002, 36.0412502730013], [-115.058320804002, 36.0411602730013], [-115.058543804002, 36.0410182730013], [-115.058568805002, 36.0410032730013], [-115.058664803002, 36.0409342730013], [-115.058862804002, 36.0410842730013], [-115.058981804002, 36.0411812730013], [-115.059098804002, 36.0412592730013], [-115.059111804002, 36.0412682730013], [-115.059380804002, 36.0414012730013], [-115.059525804002, 36.0414512730013], [-115.059830804002, 36.0415162730013], [-115.060058804002, 36.0415382730013], [-115.060213805002, 36.0415412730013], [-115.060679804002, 36.0415342740013], [-115.061223805002, 36.0415262730013], [-115.061443805002, 36.0415212720013], [-115.061489805002, 36.0415212730013], [-115.061755806002, 36.0415152730013], [-115.062040805002, 36.0415092730013], [-115.062104805002, 36.0415072730013], [-115.062325805002, 36.0415042730013], [-115.062344806002, 36.0415042720013], [-115.062402805002, 36.0415062730013], [-115.062422805002, 36.0415072730013], [-115.062585805002, 36.0415032730013], [-115.062856804002, 36.0414972730013], [-115.063077805002, 36.0414952730013], [-115.063241805002, 36.0414942730013], [-115.063535805002, 36.0414972720013], [-115.064345806002, 36.0415082730013], [-115.064418806002, 36.0415102720013], [-115.064713805002, 36.0415192730013], [-115.065508805002, 36.0415382730013], [-115.067893806002, 36.0415952720013], [-115.068688805002, 36.0416152730013], [-115.068684807002, 36.0418582720013], [-115.068677806002, 36.0423952730013], [-115.068679807002, 36.0425892720013], [-115.068682805002, 36.0428332720013], [-115.068779806002, 36.0428272720013], [-115.069124806002, 36.0428602730013], [-115.069421806002, 36.0429652720013], [-115.069464806002, 36.0429962720013], [-115.069584806002, 36.0430802730013], [-115.069656807002, 36.0431212720013], [-115.069773806002, 36.0431902730013], [-115.070078806002, 36.0433332720013], [-115.070210806002, 36.0434052720013], [-115.070443807002, 36.0435312730013], [-115.070707806002, 36.0436292730013], [-115.070942806002, 36.0436992720013], [-115.071059807002, 36.0437342720013], [-115.071377806002, 36.0438052730013], [-115.071627806002, 36.0438272730013], [-115.071881808002, 36.0438272720013], [-115.072006807002, 36.0438272730013], [-115.072385807002, 36.0438002730013], [-115.072430807002, 36.0437972730013], [-115.072628807002, 36.0437892730013], [-115.072743807002, 36.0437722730013], [-115.072973807002, 36.0437612730013], [-115.073217807002, 36.0437342730013], [-115.073751807002, 36.0437342720013], [-115.073900807002, 36.0437392720013], [-115.074130807002, 36.0436902730013], [-115.074292807002, 36.0436682730013], [-115.074637807002, 36.0437012720014], [-115.074806808002, 36.0437672720013], [-115.074955807002, 36.0438102720013], [-115.075077807002, 36.0439042720013], [-115.075158807002, 36.0440032720013], [-115.075233808002, 36.0441072720013], [-115.075239807002, 36.0442442720013], [-115.075361808002, 36.0444092720013], [-115.075530808002, 36.0444812720013], [-115.075862807002, 36.0445362720013], [-115.076065808002, 36.0445582720013], [-115.076243808002, 36.0445622730013], [-115.076376808002, 36.0445572720014], [-115.076532807002, 36.0444862730014], [-115.076782807002, 36.0443542730013], [-115.077100808002, 36.0442332730013], [-115.077364808002, 36.0441452720013], [-115.077553807002, 36.0440522720013], [-115.077871808002, 36.0438492720013], [-115.078013807002, 36.0437502720013], [-115.078399808002, 36.0435852720013], [-115.078798808002, 36.0434862730013], [-115.079001808002, 36.0435022720013], [-115.079398808002, 36.0433962720013], [-115.079792808002, 36.0432932710013], [-115.080367808002, 36.0432112720013], [-115.080759808002, 36.0431892720013], [-115.081057808002, 36.0432272710013], [-115.081463808002, 36.0432332720013], [-115.081781808002, 36.0432112710013], [-115.081964809002, 36.0432052720013], [-115.082268808002, 36.0431622720013], [-115.082266809002, 36.0430972720013], [-115.082265808002, 36.0429202720013], [-115.082263809002, 36.0425772710013], [-115.082255808002, 36.0421952710013], [-115.082251808002, 36.0419542720013], [-115.082238809002, 36.0416352720013], [-115.082228808002, 36.0413892720013], [-115.082217809002, 36.0408752720013], [-115.082217808002, 36.0403632720013], [-115.082217808002, 36.0402332720014], [-115.082234808002, 36.0399782720013], [-115.082261808002, 36.0397232710013], [-115.082320809002, 36.0393482710013], [-115.082389808002, 36.0390212710013], [-115.082503808002, 36.0385812720013], [-115.082577808002, 36.0383452710013], [-115.082672808002, 36.0381062710013], [-115.082727808002, 36.0379832710013], [-115.082987808002, 36.0374112710013], [-115.083166809002, 36.0370752710013], [-115.083362808002, 36.0367442700013], [-115.083517808002, 36.0364642710013], [-115.083577808002, 36.0363552710013], [-115.083812809002, 36.0359322710013], [-115.083931809002, 36.0357212710013], [-115.084176809002, 36.0352882710013], [-115.084598809002, 36.0345492700013], [-115.085360808002, 36.0332272700013], [-115.085506809002, 36.0329852700013], [-115.085712808002, 36.0325622700013], [-115.085915807002, 36.0320722700014], [-115.085980808002, 36.0318992700013], [-115.086118808002, 36.0315002700013], [-115.086206809002, 36.0310902700013], [-115.086300808002, 36.0304452700013], [-115.086322808002, 36.0301872700013], [-115.086329808002, 36.0300502700013], [-115.086621808002, 36.0300532700013], [-115.089280809002, 36.0301252700013], [-115.089697808002, 36.0301122700014], [-115.089979808002, 36.0300582690013], [-115.090110809002, 36.0300502700013], [-115.090127809002, 36.0300222700013], [-115.090515810002, 36.0299112700014], [-115.090813809002, 36.0297842690013], [-115.091142809002, 36.0296062700013], [-115.091270809002, 36.0295122690013], [-115.091327809002, 36.0294692700013], [-115.091385808002, 36.0294272700013], [-115.091807810002, 36.0290362690013], [-115.092025809002, 36.0286862690013], [-115.092123809002, 36.0284922690013], [-115.092215808002, 36.0282832690013], [-115.092414809002, 36.0276712690013], [-115.092903809002, 36.0276792690013], [-115.094370810002, 36.0277062690013], [-115.094860809002, 36.0277152690013], [-115.095008809002, 36.0277182690013], [-115.095452810002, 36.0277302700013], [-115.095601809002, 36.0277352690013], [-115.096112810002, 36.0277412690013], [-115.096252810002, 36.0277422690013], [-115.096623810002, 36.0277482690013], [-115.097741810002, 36.0277632690013], [-115.098206810002, 36.0277682690013], [-115.098858810002, 36.0277772680013], [-115.099181810002, 36.0277792680013], [-115.100095810002, 36.0277852690013], [-115.100151810002, 36.0277862690013], [-115.100475811002, 36.0277922690013], [-115.100487810002, 36.0274342690013], [-115.100523810002, 36.0263632690013], [-115.100536811002, 36.0260062680013], [-115.100537811002, 36.0259442690013], [-115.100543811002, 36.0257602690013], [-115.100546810002, 36.0256992680013], [-115.100560810002, 36.0255052680014], [-115.100576810002, 36.0253052690013], [-115.100600810002, 36.0250822690013], [-115.100612810002, 36.0247852680013], [-115.100604810002, 36.0247312680013], [-115.100604811002, 36.0246092690013], [-115.100605810002, 36.0242462680014], [-115.100606810002, 36.0241252680013], [-115.100639810002, 36.0236872680013], [-115.101714810002, 36.0237012690013], [-115.101973811002, 36.0237042680014], [-115.102789811002, 36.0237142680013], [-115.104037810002, 36.0237302680013], [-115.105284811002, 36.0237462680013], [-115.105979811002, 36.0237542670013], [-115.106063812002, 36.0237562680013], [-115.106841812002, 36.0237662680013], [-115.107077811002, 36.0237692670013], [-115.107314811002, 36.0237722690013], [-115.108499812002, 36.0237822680013], [-115.112056812002, 36.0238122670013], [-115.113242812002, 36.0238232670013], [-115.114294813002, 36.0238142680013], [-115.114343813002, 36.0238142680013], [-115.115154813002, 36.0238222670013], [-115.116829812002, 36.0238392670013], [-115.117451814002, 36.0238442670013], [-115.118504813002, 36.0238552670013], [-115.118648814002, 36.0238572680013], [-115.118792813002, 36.0238592670013], [-115.119049813002, 36.0238632670013], [-115.119196813002, 36.0238632670013], [-115.119669813002, 36.0238652670013], [-115.120289814002, 36.0238742670013], [-115.120617814002, 36.0238842670013], [-115.121153814002, 36.0239002670013], [-115.121273814002, 36.0239092670014], [-115.121465815002, 36.0239242670013], [-115.121744814002, 36.0239532670013], [-115.121951814002, 36.0239752680013], [-115.121963814002, 36.0239772670013], [-115.122177814002, 36.0240062670013], [-115.122475814002, 36.0240472670014], [-115.122683814002, 36.0240822670013], [-115.122820814002, 36.0241092670013], [-115.123033814002, 36.0241512670013], [-115.123214814002, 36.0241862670013], [-115.123302814002, 36.0242042680013], [-115.123597814002, 36.0242732680013], [-115.123756814002, 36.0243132670013], [-115.123891814002, 36.0243482670013], [-115.123936815002, 36.0243612670013], [-115.124141815002, 36.0244192670013], [-115.124273814002, 36.0244572670013], [-115.124650814002, 36.0245762660013], [-115.124753814002, 36.0246112670013], [-115.124956814002, 36.0246822670013], [-115.125054815002, 36.0247162670013], [-115.125218814002, 36.0247782670013], [-115.125452815002, 36.0248672670013], [-115.125877815002, 36.0250402670013], [-115.125996814002, 36.0250952670013], [-115.126251816002, 36.0252122670013], [-115.126478814002, 36.0253312670013], [-115.126822814002, 36.0255122670013], [-115.127153815002, 36.0257002670013], [-115.127377815002, 36.0258282670013], [-115.127696815002, 36.0260472670013], [-115.127740815002, 36.0260742670013], [-115.127780815002, 36.0261052670013], [-115.127899815002, 36.0261862670014], [-115.128241816002, 36.0264212670013], [-115.128446815002, 36.0265722670013], [-115.128595815002, 36.0266922670013], [-115.128882815002, 36.0269412660013], [-115.129135816002, 36.0271742670013], [-115.129360816002, 36.0273962670013], [-115.129465815002, 36.0274992670013], [-115.129676815002, 36.0277212670013], [-115.129795816002, 36.0278572670013], [-115.129866815002, 36.0278572670013], [-115.130079816002, 36.0278572660013], [-115.130150817002, 36.0278572670013], [-115.130475816002, 36.0278702670013], [-115.130572816002, 36.0278742660013], [-115.131450815002, 36.0279002670013], [-115.131720816002, 36.0279082660013], [-115.131776816002, 36.0279102670013], [-115.132209817002, 36.0279152670013], [-115.133509816002, 36.0279312670013], [-115.133943816002, 36.0279372670013], [-115.134387817002, 36.0279462670013], [-115.135719816002, 36.0279752670013], [-115.136163817002, 36.0279852660013], [-115.136599817002, 36.0279892660013], [-115.137908817002, 36.0280032660013], [-115.138345818002, 36.0280082660013], [-115.139186817002, 36.0280212670013], [-115.141710818002, 36.0280612660014], [-115.142552819002, 36.0280752650013], [-115.142595819002, 36.0280752660013], [-115.142724818002, 36.0280772660013], [-115.142767819002, 36.0280782660013], [-115.143208818002, 36.0280802660013], [-115.144531819002, 36.0280892660013], [-115.144973818002, 36.0280922660013], [-115.144975818002, 36.0280322660013], [-115.144983819002, 36.0278552660013], [-115.144986818002, 36.0277962660013], [-115.144987818002, 36.0277522660013], [-115.144992819002, 36.0276232660013], [-115.144995818002, 36.0275802660013], [-115.145023819002, 36.0269482660013], [-115.145107819002, 36.0250532660013], [-115.145136818002, 36.0244222660013], [-115.145141818002, 36.0243282660013], [-115.145158818002, 36.0240462650013], [-115.145165819002, 36.0239532660013], [-115.145176819002, 36.0236682650013], [-115.145190818002, 36.0233172650013], [-115.145218818002, 36.0228162650014], [-115.145234818002, 36.0225332650013], [-115.145250818002, 36.0221372660013], [-115.145290817002, 36.0211622650013], [-115.145299818002, 36.0209492650013], [-115.145316818002, 36.0205542650013], [-115.145976818002, 36.0205492650013], [-115.147957818002, 36.0205362650013], [-115.148618819002, 36.0205322640013], [-115.149175819002, 36.0205282650013], [-115.149332819002, 36.0205282640013], [-115.149457819002, 36.0205272650013], [-115.150846819002, 36.0205322650013], [-115.151404819002, 36.0205352640013], [-115.151761820002, 36.0205312650013], [-115.152041819002, 36.0205272650013], [-115.152328819002, 36.0205232640013], [-115.152428820002, 36.0205212640013], [-115.153952820002, 36.0205052640013], [-115.154590820002, 36.0204992650013], [-115.154587820002, 36.0207012640013], [-115.154581820002, 36.0213082650014], [-115.154579821002, 36.0215112650013], [-115.154575820002, 36.0218112650013], [-115.154572820002, 36.0223032650013], [-115.154571820002, 36.0227122650013], [-115.154571820002, 36.0230132650013], [-115.154569820002, 36.0232382650013], [-115.154566820002, 36.0236782650013], [-115.154563821002, 36.0239132650013], [-115.154562819002, 36.0241392650013], [-115.154680821002, 36.0241442640013], [-115.155034821002, 36.0241602650013], [-115.155152821002, 36.0241662640013], [-115.155334820002, 36.0241742650013], [-115.155565820002, 36.0241852650013], [-115.155620820002, 36.0241842650013], [-115.155675821002, 36.0241902650014], [-115.155879820002, 36.0241992650013], [-115.156062820002, 36.0242072650013], [-115.156714820002, 36.0242422650013], [-115.158669821002, 36.0243472650013], [-115.159322821002, 36.0243832650013], [-115.159386821002, 36.0243842640013], [-115.159579821002, 36.0243902640013], [-115.159644821002, 36.0243922650014], [-115.160400821002, 36.0244302650013], [-115.162669821002, 36.0245472650013], [-115.163426822002, 36.0245862650013], [-115.163923822002, 36.0245962640013], [-115.165416822002, 36.0246292650013], [-115.165914821002, 36.0246402640013], [-115.166307822002, 36.0246402640013], [-115.167488823002, 36.0246412640013], [-115.167882822002, 36.0246422640014], [-115.168164822002, 36.0246472640013], [-115.168270823002, 36.0246502640013], [-115.168454823002, 36.0246542640013], [-115.169026823002, 36.0246652640013], [-115.169102822002, 36.0246672640013], [-115.169649823002, 36.0246782650013], [-115.170009823002, 36.0246862640013], [-115.170474823002, 36.0246862640013], [-115.170692823002, 36.0246872640013], [-115.171870824002, 36.0246952640013], [-115.172335823002, 36.0246982640013], [-115.172341824002, 36.0254302650013], [-115.172342823002, 36.0255792640013], [-115.172351824002, 36.0265212640013], [-115.172349824002, 36.0271902640013], [-115.172347824002, 36.0276282640013], [-115.172347824002, 36.0277752650013], [-115.172345824002, 36.0283612640013], [-115.172459823002, 36.0283632640013], [-115.172574824002, 36.0283662640013], [-115.173500824002, 36.0283852650013], [-115.173846824002, 36.0283892640013], [-115.176915824002, 36.0284292640013], [-115.177920825002, 36.0284422640013], [-115.177979825002, 36.0284432640013], [-115.178546825002, 36.0284512640013], [-115.178934825002, 36.0284572640013], [-115.178965824002, 36.0284572640013], [-115.179526826002, 36.0284642630013], [-115.179853825002, 36.0284692640013], [-115.180010825002, 36.0284352640013], [-115.180480826002, 36.0283332640013], [-115.180638825002, 36.0283002640013], [-115.180638825002, 36.0283282640013], [-115.180638826002, 36.0284142640013], [-115.180638826002, 36.0284432630013], [-115.180639825002, 36.0287792640013], [-115.180644825002, 36.0297882640013], [-115.180646825002, 36.0301252640013], [-115.180647825002, 36.0304852640013], [-115.180653826002, 36.0314502640013], [-115.180652826002, 36.0315682640013], [-115.180652825002, 36.0319302650013], [-115.180651826002, 36.0323302650013], [-115.180651826002, 36.0326642650013], [-115.180651826002, 36.0327302640013], [-115.180649826002, 36.0335662640013], [-115.180648826002, 36.0344022640013], [-115.180648826002, 36.0347102640013], [-115.180647826002, 36.0348662640013], [-115.180617825002, 36.0358222650013], [-115.180573826002, 36.0371412640013], [-115.180522826002, 36.0399292650013], [-115.180623826002, 36.0428462660013], [-115.180623826002, 36.0433422660013], [-115.180618826002, 36.0435682650013], [-115.180657827002, 36.0447722660013], [-115.180647827002, 36.0457382650013], [-115.180642828002, 36.0483652660013], [-115.180603827002, 36.0496172670013], [-115.180601827002, 36.0496772660013], [-115.180596827002, 36.0497522670013], [-115.180594827002, 36.0497902660013], [-115.180592828002, 36.0498172660013], [-115.180592827002, 36.0498932670013], [-115.180593827002, 36.0506952660013], [-115.180599828002, 36.0531032670013], [-115.180601828002, 36.0539062670013], [-115.180603828002, 36.0543212670013], [-115.180604828002, 36.0545362670013], [-115.180606827002, 36.0547362670013], [-115.180612828002, 36.0557452680013], [-115.180617828002, 36.0564282660013], [-115.180620828002, 36.0566832670013], [-115.180617829002, 36.0570592670013], [-115.180611828002, 36.0578802670013], [-115.180593828002, 36.0603432680013], [-115.180588828002, 36.0611652680013], [-115.180587829002, 36.0611782680013], [-115.180586829002, 36.0612202680013], [-115.180586828002, 36.0612342680013], [-115.180588828002, 36.0612942680013], [-115.180590828002, 36.0613542670013], [-115.180590828002, 36.0616042670013], [-115.180590828002, 36.0622202680013], [-115.180590829002, 36.0627152680013], [-115.180590828002, 36.0630862680013], [-115.180590828002, 36.0631272680013], [-115.180589829002, 36.0631822680013], [-115.180589829002, 36.0634732680013], [-115.180589828002, 36.0635702670013], [-115.180589829002, 36.0636252680013], [-115.180591829002, 36.0637932670013], [-115.180592828002, 36.0638492680013], [-115.180592829002, 36.0641792680013], [-115.180592829002, 36.0649302680013], [-115.180585828002, 36.0651722680013], [-115.180577829002, 36.0655032680013], [-115.180574828002, 36.0659582680013], [-115.180567829002, 36.0673262680013], [-115.180565829002, 36.0679072680013], [-115.180566829002, 36.0684262690013], [-115.180567829002, 36.0689032690013], [-115.180567829002, 36.0689762680013], [-115.180571829002, 36.0701882690013], [-115.180571829002, 36.0703602690013], [-115.180573830002, 36.0709542690013], [-115.180573830002, 36.0710052690013], [-115.180565830002, 36.0711322690013], [-115.180562830002, 36.0721362690013], [-115.180555830002, 36.0755312700013], [-115.180553829002, 36.0766632690013], [-115.180551830002, 36.0768202690013], [-115.180548829002, 36.0769912690013], [-115.180548830002, 36.0773832690013], [-115.180548829002, 36.0776402690013], [-115.180547830002, 36.0785812690013], [-115.180547829002, 36.0803562700013], [-115.180567829002, 36.0806062700013], [-115.180567830002, 36.0806952700013], [-115.180563830002, 36.0824912700013], [-115.180555831002, 36.0860012700013], [-115.180551831002, 36.0868742700013], [-115.180514831002, 36.0903432720013], [-115.180504831002, 36.0934202720013], [-115.180504832002, 36.0934682720013], [-115.180502831002, 36.0935242710013], [-115.180492831002, 36.0938472710013], [-115.180475832002, 36.0944662710013], [-115.180473832002, 36.0949872720013], [-115.180472831002, 36.0953672710013], [-115.180480832002, 36.0963112720013], [-115.180498832002, 36.0981112720013], [-115.180496832002, 36.0989682720013], [-115.180495832002, 36.0991452720013], [-115.180495831002, 36.0995292730013], [-115.180494832002, 36.1000902720013], [-115.180493832002, 36.1002122720013], [-115.180493832002, 36.1005802720013], [-115.180493832002, 36.1007032720013], [-115.180342832002, 36.1007052730013], [-115.180009833002, 36.1007112720013], [-115.179409832002, 36.1007202730013], [-115.177622832002, 36.1007952720013], [-115.177521832002, 36.1008032720013], [-115.177232832002, 36.1008062730013], [-115.176016831002, 36.1008182720013], [-115.175211831002, 36.1008552730013], [-115.174697831002, 36.1008682720013], [-115.174083830002, 36.1008732730013], [-115.172957831002, 36.1008432730013], [-115.172599831002, 36.1008602730013], [-115.170419831002, 36.1008732730013], [-115.169881831002, 36.1008682730013], [-115.169231830002, 36.1008722730013], [-115.167284830002, 36.1008842730013], [-115.166635829002, 36.1008892730013], [-115.166076830002, 36.1008872730013], [-115.165851830002, 36.1008872730013], [-115.165390829002, 36.1008852740013], [-115.164402829002, 36.1008722730013], [-115.163845829002, 36.1008652740013], [-115.163629829002, 36.1008592730013], [-115.162981829002, 36.1008412730013], [-115.162911829002, 36.1008392740014], [-115.162765828002, 36.1008362730013], [-115.162649829002, 36.1008392730013], [-115.161440829002, 36.1008402740013], [-115.160759828002, 36.1008612740013], [-115.159793829002, 36.1008732730013], [-115.159122828002, 36.1008722740013], [-115.157127827002, 36.1008992740013], [-115.156580827002, 36.1009052740013], [-115.156224828002, 36.1009092740013], [-115.156148828002, 36.1009112740013], [-115.155053827002, 36.1009432730013], [-115.154279827002, 36.1009662740013], [-115.152291828002, 36.1009892740013], [-115.149784827002, 36.1010242740013], [-115.149621826002, 36.1010252730013], [-115.148296826002, 36.1010572750013], [-115.147821826002, 36.1010782740013], [-115.147592827002, 36.1010892740013], [-115.147114826002, 36.1010802740013], [-115.146875826002, 36.1010682750013], [-115.146398826002, 36.1010262740013], [-115.146263825002, 36.1010152740013], [-115.145926826002, 36.1009762750013], [-115.145460826002, 36.1009512740013], [-115.144732825002, 36.1009402750013], [-115.144062825002, 36.1009352740013], [-115.143597825002, 36.1009332750013], [-115.143384826002, 36.1009342750013], [-115.142745825002, 36.1009362750013], [-115.142533825002, 36.1009382740013], [-115.142310825002, 36.1009382750013], [-115.141641825002, 36.1009402750013], [-115.141419825002, 36.1009422750013], [-115.140948824002, 36.1009432750013], [-115.139535825002, 36.1009482740013], [-115.139065825002, 36.1009512750013], [-115.138742824002, 36.1009522740013], [-115.137773824002, 36.1009572740013], [-115.137451824002, 36.1009592750013], [-115.137343824002, 36.1009592750013], [-115.137020824002, 36.1009602750013], [-115.136913824002, 36.1009612750013], [-115.136919823002, 36.1010652760013], [-115.136940824002, 36.1013772750013], [-115.136947824002, 36.1014822750013], [-115.137007825002, 36.1023862750013], [-115.137052825002, 36.1029952750013], [-115.137065825002, 36.1032272760013], [-115.137075824002, 36.1033072760013], [-115.137168824002, 36.1044292750013], [-115.137184824002, 36.1047342760013], [-115.137235825002, 36.1056512750013], [-115.137252824002, 36.1059572750013], [-115.137291826002, 36.1063162760013], [-115.137359825002, 36.1069272750013], [-115.137386825002, 36.1073972760013], [-115.137388825002, 36.1074322760013], [-115.137388825002, 36.1077592750013], [-115.136975825002, 36.1077482760013], [-115.135737825002, 36.1077152760013], [-115.135325825002, 36.1077052760013], [-115.135282825002, 36.1077042760013], [-115.135154825002, 36.1077042760013], [-115.135112825002, 36.1077042760013], [-115.134653824002, 36.1076942760013], [-115.133276824002, 36.1076662770013], [-115.132818824002, 36.1076572760013], [-115.132608825002, 36.1076532760013], [-115.131978824002, 36.1076422760013], [-115.131768824002, 36.1076392760013], [-115.131521824002, 36.1076302760013], [-115.130780823002, 36.1076032760013], [-115.130534824002, 36.1075942760013], [-115.130076824002, 36.1075812760013], [-115.128705823002, 36.1075422760013], [-115.128249823002, 36.1075292760013], [-115.128254823002, 36.1076292770013], [-115.128256823002, 36.1076482760013], [-115.128261824002, 36.1079302770013], [-115.128263823002, 36.1080312770013], [-115.128265824002, 36.1081062770013], [-115.128271823002, 36.1083322760013], [-115.128273823002, 36.1084082760013], [-115.128288823002, 36.1085682760013], [-115.128288823002, 36.1085842770013], [-115.128306824002, 36.1091152770013], [-115.128313823002, 36.1092932770013], [-115.128359823002, 36.1100662770013], [-115.128373824002, 36.1104472770013], [-115.128381824002, 36.1108282760013], [-115.128391824002, 36.1110582770013], [-115.128413824002, 36.1113702770013], [-115.128451823002, 36.1123962760013], [-115.128495824002, 36.1131792770013], [-115.128524824002, 36.1138882770013], [-115.128564824002, 36.1145132780013], [-115.128566824002, 36.1145612770013], [-115.128570824002, 36.1146962770013], [-115.128501823002, 36.1146992770013], [-115.127671823002, 36.1146952770013], [-115.126208823002, 36.1147092770013], [-115.123869824002, 36.1147212780013], [-115.123401823002, 36.1147262780013], [-115.122688822002, 36.1147342770013], [-115.121998823002, 36.1147422770013], [-115.121531822002, 36.1147482780013], [-115.121060823002, 36.1147532770013], [-115.120699822002, 36.1147572780013], [-115.119931823002, 36.1147672780013], [-115.119655822002, 36.1147612780013], [-115.119186823002, 36.1147552780013], [-115.119158823002, 36.1154292780013], [-115.119069822002, 36.1176922790013], [-115.119040823002, 36.1184472780014], [-115.119023823002, 36.1186482780013], [-115.119013823002, 36.1187802780013], [-115.118998823002, 36.1192552790013], [-115.118993823002, 36.1194582780013], [-115.118987823002, 36.1195952780014], [-115.118972823002, 36.1200092780013], [-115.118967822002, 36.1201472780013], [-115.118963823002, 36.1202952780013], [-115.118962823002, 36.1203492780013], [-115.118945823002, 36.1206212780013], [-115.118940824002, 36.1207412790013], [-115.118936823002, 36.1208902790013], [-115.118926823002, 36.1211652780013], [-115.118911823002, 36.1216212790013], [-115.118891822002, 36.1219932790013], [-115.118877822002, 36.1222692790013], [-115.118868824002, 36.1224422790013], [-115.118842823002, 36.1229662790013], [-115.118833823002, 36.1231382790013], [-115.118813823002, 36.1234972790013], [-115.118801823002, 36.1237152780013], [-115.118769824002, 36.1245762780013], [-115.118756823002, 36.1249362800013], [-115.118754824002, 36.1249712790013], [-115.118749823002, 36.1250792790013], [-115.118748824002, 36.1251152790013], [-115.118740823002, 36.1253022790013], [-115.118719823002, 36.1258652780013], [-115.118713824002, 36.1260532790013], [-115.118686824002, 36.1268082790013], [-115.118618824002, 36.1287192800013], [-115.118599824002, 36.1290762800013], [-115.118560823002, 36.1298322790013], [-115.118249824002, 36.1298252790013], [-115.117688823002, 36.1298142800013], [-115.117317824002, 36.1298102800013], [-115.117007823002, 36.1298072800013], [-115.116707823002, 36.1298062800013], [-115.116553823002, 36.1298062790013], [-115.115191823002, 36.1298032800013], [-115.114738823002, 36.1298032790013], [-115.114623822002, 36.1298022800013], [-115.114280823002, 36.1297992800013], [-115.114166822002, 36.1297992800013], [-115.113282823002, 36.1297952800013], [-115.111056823002, 36.1297872790013], [-115.110631822002, 36.1297792790013], [-115.109748822002, 36.1297642790013], [-115.109207822002, 36.1297612800013], [-115.107587822002, 36.1297542800013], [-115.107109821002, 36.1297522810013], [-115.107047821002, 36.1297522800013], [-115.105486820002, 36.1297412800013], [-115.105359821002, 36.1297352800013], [-115.105111821002, 36.1297292810013], [-115.101005821002, 36.1296952810013], [-115.100925821002, 36.1296952810013], [-115.100028821002, 36.1296972810013], [-115.099665820002, 36.1296912810013], [-115.099225821002, 36.1296782800013], [-115.099032820002, 36.1296762800013], [-115.098454819002, 36.1296702800013], [-115.098262820002, 36.1296692810014], [-115.097943820002, 36.1296652800013], [-115.096988819002, 36.1296542810013], [-115.096670820002, 36.1296512810013], [-115.096469820002, 36.1296472810013], [-115.095869820002, 36.1296352810013], [-115.095669819002, 36.1296322800013], [-115.095560819002, 36.1296312810013], [-115.095235819002, 36.1296292810013], [-115.095127819002, 36.1296292800013], [-115.095020819002, 36.1296292800013], [-115.094855819002, 36.1296302810013], [-115.094699819002, 36.1296252810013], [-115.094593819002, 36.1296222810013], [-115.094523819002, 36.1296212800013], [-115.094315819002, 36.1296182810013], [-115.094246818002, 36.1296172810013], [-115.094169819002, 36.1296182820013], [-115.094043820002, 36.1296202810013], [-115.093938819002, 36.1296182820013], [-115.093862818002, 36.1296182810013], [-115.093461819002, 36.1296112810013], [-115.092875819002, 36.1296022810013], [-115.092258819002, 36.1296022810013], [-115.091857819002, 36.1296022810014], [-115.091287818002, 36.1296002810014], [-115.089917819002, 36.1295982810013], [-115.089580818002, 36.1296022820013], [-115.089012818002, 36.1296102810013], [-115.088961818002, 36.1296102820013], [-115.088809818002, 36.1296112810013], [-115.088759819002, 36.1296122820013], [-115.088490818002, 36.1296092810013], [-115.088240819002, 36.1296082820013], [-115.086683818002, 36.1296062810013], [-115.086490817002, 36.1296062810014], [-115.086165817002, 36.1295982810013], [-115.085709818002, 36.1296042810013], [-115.085695818002, 36.1296042820014], [-115.085313817002, 36.1296292810013], [-115.085188818002, 36.1296412810013], [-115.084944817002, 36.1296822820013], [-115.084825817002, 36.1297102810013], [-115.084607818002, 36.1297792820014], [-115.084329818002, 36.1299012810013], [-115.084299818002, 36.1299152820013], [-115.084191818002, 36.1299762820013], [-115.084070818002, 36.1300562820013], [-115.088552819002, 36.1340392820013], [-115.088970819002, 36.1344102820013], [-115.089487818002, 36.1348662820014], [-115.090174820002, 36.1354732820013], [-115.090200819002, 36.1356462820013], [-115.090215819002, 36.1357202810013], [-115.090237819002, 36.1358662820013], [-115.090346819002, 36.1365982820013], [-115.090354820002, 36.1366512820013], [-115.090645819002, 36.1384782820013], [-115.090659820002, 36.1385672820013], [-115.090779820002, 36.1394432830013], [-115.090907820002, 36.1403762830014], [-115.090911820002, 36.1404072820013], [-115.090933820002, 36.1404982830013], [-115.090929819002, 36.1405332830013], [-115.090977819002, 36.1408822830013], [-115.090990819002, 36.1409722830013], [-115.091024820002, 36.1412822830013], [-115.091049820002, 36.1415732830013], [-115.091079819002, 36.1419352830013], [-115.091085820002, 36.1422882820013], [-115.090633820002, 36.1425472830013], [-115.090318819002, 36.1427922830013], [-115.090050820002, 36.1429442830013], [-115.089583820002, 36.1430722830013], [-115.089000819002, 36.1430492830013], [-115.082947818002, 36.1430132830013], [-115.082784817002, 36.1430122840013], [-115.082736818002, 36.1430182840013], [-115.082127818002, 36.1429852830013], [-115.081849818002, 36.1429472840013], [-115.080366818002, 36.1426062840013], [-115.079502817002, 36.1424012840013], [-115.079072817002, 36.1422992840013], [-115.078686818002, 36.1422772840013], [-115.076287818002, 36.1422872840013], [-115.074419816002, 36.1422952840013], [-115.074190817002, 36.1422972840013], [-115.071013816002, 36.1423112840013], [-115.070895817002, 36.1423122840013], [-115.068980816002, 36.1423212850013], [-115.065535815002, 36.1423372840013], [-115.065469815002, 36.1423372840013], [-115.065394815002, 36.1423372840013], [-115.064755815002, 36.1423402840013], [-115.063906815002, 36.1423442840013], [-115.063642816002, 36.1423712840013], [-115.063371815002, 36.1423662840013], [-115.063039814002, 36.1423222850013], [-115.062985814002, 36.1423442840013], [-115.062623815002, 36.1423392850013], [-115.062551815002, 36.1423392850013], [-115.061962815002, 36.1422732840013], [-115.061914814002, 36.1422652840013], [-115.061271814002, 36.1421632840013], [-115.061109814002, 36.1421572850013], [-115.061021815002, 36.1421302840013], [-115.060934814002, 36.1421262850013], [-115.060607814002, 36.1421132840013], [-115.060133814002, 36.1421302850013], [-115.059368814002, 36.1422232850013], [-115.059144814002, 36.1422892850013], [-115.058318813002, 36.1424482850013], [-115.057994814002, 36.1424982850013], [-115.057966813002, 36.1425032860013], [-115.057681814002, 36.1425312850014], [-115.057146813002, 36.1425422840013], [-115.057006813002, 36.1425252850013], [-115.056869813002, 36.1425092850014], [-115.056523813002, 36.1424432850013], [-115.056164813002, 36.1423272850014], [-115.055988814002, 36.1422622850013], [-115.055663813002, 36.1421302850013], [-115.055500814002, 36.1420142850014], [-115.055358813002, 36.1419672850013], [-115.055331813002, 36.1419592850013], [-115.054952813002, 36.1417622850013], [-115.054606812002, 36.1416022850013], [-115.054566814002, 36.1415642850013], [-115.054396812002, 36.1414872850013], [-115.054288812002, 36.1414432850013], [-115.054200813002, 36.1413822850013], [-115.053902812002, 36.1412672850013], [-115.053452812002, 36.1411042850013], [-115.052811812002, 36.1408712850013], [-115.052449812002, 36.1407202840013], [-115.051863813002, 36.1404762850013], [-115.050934812002, 36.1401692850013], [-115.050565812002, 36.1402222850013], [-115.049748812002, 36.1399462840014], [-115.049353811002, 36.1399032850013], [-115.049330812002, 36.1398882840013], [-115.048890812002, 36.1399922860013], [-115.048836811002, 36.1400302850013], [-115.048612812002, 36.1400412860013], [-115.048565812002, 36.1400402850013], [-115.048179812002, 36.1400362850013], [-115.047751812002, 36.1400142850013], [-115.047481812002, 36.1400012860013], [-115.047393811002, 36.1399932850013], [-115.047386812002, 36.1403792860013], [-115.047382812002, 36.1405942850013], [-115.047355812002, 36.1406122850013], [-115.047351811002, 36.1409662860013], [-115.047351812002, 36.1409972860013], [-115.047347812002, 36.1413812850013], [-115.047331812002, 36.1418842860013], [-115.047326811002, 36.1420312860013], [-115.047316811002, 36.1423862850013], [-115.047312812002, 36.1428232860013], [-115.047301811002, 36.1441362860013], [-115.047298812002, 36.1445742860013], [-115.048497812002, 36.1445542860013], [-115.048904812002, 36.1445482860013], [-115.049245813002, 36.1445552860013], [-115.049472812002, 36.1445682860013], [-115.049808813002, 36.1446092860013], [-115.050048812002, 36.1446622850013], [-115.050354812002, 36.1447582860013], [-115.050433813002, 36.1447832860013], [-115.050719812002, 36.1448962860013], [-115.051131813002, 36.1450932850013], [-115.051595813002, 36.1453462860013], [-115.051758813002, 36.1454282850013], [-115.051906813002, 36.1454942860013], [-115.052095812002, 36.1455782850013], [-115.053002813002, 36.1458982860013], [-115.053033813002, 36.1459072860013], [-115.053041814002, 36.1459922850013], [-115.053034813002, 36.1466242860013], [-115.053028813002, 36.1467942860013], [-115.053061814002, 36.1474972860013], [-115.053061814002, 36.1475682860014], [-115.053027814002, 36.1476512860013], [-115.053102813002, 36.1482112860013], [-115.053149813002, 36.1483762860013], [-115.053183814002, 36.1487772860013], [-115.053245814002, 36.1489382860013], [-115.053251814002, 36.1489532860013], [-115.053319813002, 36.1490132860014], [-115.053501814002, 36.1493542860013], [-115.053698813002, 36.1496892860013], [-115.053793814002, 36.1498152860013], [-115.054016813002, 36.1501622860013], [-115.054294815002, 36.1505462860013], [-115.054646814002, 36.1509142860013], [-115.054680815002, 36.1509802860013], [-115.054761815002, 36.1510852860013], [-115.054944814002, 36.1513592860013], [-115.055059814002, 36.1514972860013], [-115.055168814002, 36.1516122860013], [-115.055384814002, 36.1518872860013], [-115.055710814002, 36.1521842870013], [-115.055798814002, 36.1523212860013], [-115.055892815002, 36.1524422860013], [-115.056041815002, 36.1525962860013], [-115.056279814002, 36.1527382860013], [-115.056346814002, 36.1527552860013], [-115.056848814002, 36.1531612860013], [-115.057051815002, 36.1533152860014], [-115.057362815002, 36.1535302860013], [-115.057451815002, 36.1535952860013], [-115.057938814002, 36.1539472860013], [-115.058365814002, 36.1541832860013], [-115.058568815002, 36.1542662860013], [-115.058765814002, 36.1543542860013], [-115.059056815002, 36.1544752860013], [-115.059844815002, 36.1547092860013], [-115.059923815002, 36.1547332860013], [-115.060000815002, 36.1547592860013], [-115.060160816002, 36.1548152860013], [-115.060275816002, 36.1548322860013], [-115.060790815002, 36.1549582860013], [-115.061000815002, 36.1550242860013], [-115.061285815002, 36.1551062870013], [-115.061603816002, 36.1552222860013], [-115.061922815002, 36.1553592860013], [-115.062044816002, 36.1553982860013], [-115.062335815002, 36.1555512860013], [-115.062423816002, 36.1556062860014], [-115.062497816002, 36.1556832860013], [-115.062673816002, 36.1557662860013], [-115.062701816002, 36.1557932860013], [-115.062766816002, 36.1558422860013], [-115.062817816002, 36.1558802860013], [-115.062878816002, 36.1559262860013], [-115.062822816002, 36.1560532860013], [-115.062719816002, 36.1563302860013], [-115.062658816002, 36.1565232860013], [-115.062632816002, 36.1566022870013], [-115.062539816002, 36.1569642860013], [-115.062462816002, 36.1573032860013], [-115.062433816002, 36.1574612860013], [-115.062415816002, 36.1576182860013], [-115.062380815002, 36.1582582870013], [-115.062377816002, 36.1584002870013], [-115.062365816002, 36.1589402860013], [-115.062363816002, 36.1590372870013], [-115.062361815002, 36.1591122870013], [-115.062236816002, 36.1591132870013], [-115.062011815002, 36.1591092870013], [-115.061803816002, 36.1591062870013], [-115.060963817002, 36.1591022860013], [-115.060614816002, 36.1591012860013], [-115.060055815002, 36.1591242860013], [-115.058919816002, 36.1591732870013], [-115.058549816002, 36.1591862860014], [-115.058381815002, 36.1591922870013], [-115.057823815002, 36.1592132870013], [-115.057670815002, 36.1592162870013], [-115.057451815002, 36.1592212860013], [-115.057213816002, 36.1592352870013], [-115.057061815002, 36.1592442860013], [-115.056964815002, 36.1592472880013], [-115.056672815002, 36.1592572870013], [-115.056576815002, 36.1592612870013], [-115.056466815002, 36.1592642870013], [-115.056166815002, 36.1592752870013], [-115.056138815002, 36.1592752860013], [-115.056029815002, 36.1592772870013], [-115.054671815002, 36.1593372880013], [-115.053851814002, 36.1593672870013], [-115.053362814002, 36.1593902870013], [-115.051903814002, 36.1593922870013], [-115.051497815002, 36.1593852870013], [-115.051396814002, 36.1593882870013], [-115.048894813002, 36.1594042870013], [-115.047406814002, 36.1594222870013], [-115.047256813002, 36.1594202880013], [-115.046806813002, 36.1594172880013], [-115.046657813002, 36.1594172870013], [-115.046470813002, 36.1594142870013], [-115.045911813002, 36.1594072880013], [-115.045725813002, 36.1594052870013], [-115.045537814002, 36.1594062870013], [-115.044976813002, 36.1594082880013], [-115.044789813002, 36.1594102870013], [-115.044655813002, 36.1594112880013], [-115.044620813002, 36.1594112880013], [-115.044492813002, 36.1594102880013], [-115.044346814002, 36.1594102880014], [-115.044128812002, 36.1594202870013], [-115.043718813002, 36.1594262880013], [-115.043604812002, 36.1594272880013], [-115.043308813002, 36.1594322870013], [-115.043165812002, 36.1594342880013], [-115.042738813002, 36.1594392880013], [-115.042596813002, 36.1594422880013], [-115.042425812002, 36.1594412880013], [-115.041913813002, 36.1594402880013], [-115.041743813002, 36.1594402880013], [-115.041599813002, 36.1594392880013], [-115.041169812002, 36.1594392880013], [-115.041026812002, 36.1594392880013], [-115.040789811002, 36.1594402880013], [-115.040080812002, 36.1594452880013], [-115.039844812002, 36.1594472880013], [-115.039631813002, 36.1594482880013], [-115.038993812002, 36.1594532880013], [-115.038781812002, 36.1594552880013], [-115.038638812002, 36.1594562880013], [-115.038582812002, 36.1594552890013], [-115.038526812002, 36.1594582880014], [-115.038364812002, 36.1594592880013], [-115.037113811002, 36.1594722880013], [-115.036696811002, 36.1594772880013], [-115.036604811002, 36.1594732880013], [-115.036443811002, 36.1594732880013], [-115.036019811002, 36.1594732880013], [-115.035686811002, 36.1594732890013], [-115.035434812002, 36.1594732890013], [-115.035357812002, 36.1594732890013], [-115.035104811002, 36.1594712880014], [-115.034324811002, 36.1594482890013], [-115.034224812002, 36.1594532880013], [-115.033920811002, 36.1594502880014], [-115.033078811002, 36.1594042890013], [-115.032487811002, 36.1593932880013], [-115.031897811002, 36.1593822890014], [-115.031856811002, 36.1593812890013], [-115.031610811002, 36.1593692880013], [-115.031076811002, 36.1593462890013], [-115.030873810002, 36.1593392880013], [-115.030628811002, 36.1593322890014], [-115.030370811002, 36.1593292890013], [-115.029596811002, 36.1593202890013], [-115.029339810002, 36.1593172880013], [-115.029067810002, 36.1593072890013], [-115.028251809002, 36.1592772880013], [-115.027979810002, 36.1592682880013], [-115.027940809002, 36.1592672890013], [-115.027825810002, 36.1592642890013], [-115.027787810002, 36.1592632890013], [-115.027409810002, 36.1592522880013], [-115.026361810002, 36.1592242890013], [-115.026275810002, 36.1592232890013], [-115.025898810002, 36.1592222890013], [-115.025886809002, 36.1594132890013], [-115.025872809002, 36.1596652890013], [-115.025875810002, 36.1599872890013], [-115.025877810002, 36.1601792890013], [-115.025871810002, 36.1604782890013], [-115.025864810002, 36.1609502880013], [-115.025876810002, 36.1612922900013], [-115.025878810002, 36.1613782890013], [-115.025882809002, 36.1614822890013], [-115.025868810002, 36.1616782900013], [-115.025870810002, 36.1619142890013], [-115.025875810002, 36.1622912890013], [-115.025866809002, 36.1626232890013], [-115.025861810002, 36.1628602900013], [-115.025861809002, 36.1632322890013], [-115.025862810002, 36.1643242900013], [-115.025863811002, 36.1643482890013], [-115.025864810002, 36.1643692890013], [-115.025862811002, 36.1644142890013], [-115.025862810002, 36.1646372890013], [-115.025868810002, 36.1647202890013], [-115.025864809002, 36.1650882890013], [-115.025853810002, 36.1661952900013], [-115.025853810002, 36.1662072890013], [-115.025854809002, 36.1665652900013], [-115.025571810002, 36.1665562890013], [-115.025345810002, 36.1665502900013], [-115.024722810002, 36.1665412900013], [-115.024439809002, 36.1665372900013], [-115.024185810002, 36.1665352900013], [-115.023427810002, 36.1665302890013], [-115.023174809002, 36.1665292900013], [-115.022902809002, 36.1665292900013], [-115.022089810002, 36.1665292890013], [-115.021818810002, 36.1665302900013], [-115.021727810002, 36.1665302900013], [-115.021455809002, 36.1665302900013], [-115.021365809002, 36.1665302900013], [-115.021242809002, 36.1665262900013], [-115.020877809002, 36.1665152900014], [-115.020755809002, 36.1665122900013], [-115.020470809002, 36.1665102900013], [-115.019618810002, 36.1665062900013], [-115.019437808002, 36.1665062900013], [-115.019335809002, 36.1665012900013], [-115.019306809002, 36.1664992900013], [-115.019220809002, 36.1664932900013], [-115.019192809002, 36.1664922900013], [-115.018887808002, 36.1664942900014], [-115.017975808002, 36.1664992900013], [-115.017671809002, 36.1665022900013], [-115.017507809002, 36.1664972910013], [-115.017017809002, 36.1664842900013], [-115.016854809002, 36.1664802910013], [-115.016834808002, 36.1665682900013], [-115.016834808002, 36.1666442900014], [-115.016836809002, 36.1670612900013], [-115.016832808002, 36.1671462910013], [-115.016827808002, 36.1673132900013], [-115.016824808002, 36.1674992900013], [-115.016820809002, 36.1677542900013], [-115.016815809002, 36.1680602910013], [-115.016813808002, 36.1681952910013], [-115.016812809002, 36.1682472910013], [-115.016811809002, 36.1684432900013], [-115.016811808002, 36.1686482900013], [-115.016811809002, 36.1690342910013], [-115.016811809002, 36.1690492910014], [-115.016811809002, 36.1691402910013], [-115.016811809002, 36.1692322900013], [-115.016803809002, 36.1694192910013], [-115.016781808002, 36.1699832910013], [-115.016775808002, 36.1701712900013], [-115.016766808002, 36.1704362910013], [-115.016769809002, 36.1711132910013], [-115.016763809002, 36.1716742910013], [-115.016740809002, 36.1721332910014], [-115.016747809002, 36.1726952910013], [-115.016743809002, 36.1727862910013], [-115.016742809002, 36.1728082910013], [-115.016741809002, 36.1728262910013], [-115.016731809002, 36.1738312910013], [-115.016576809002, 36.1738842910013], [-115.016501809002, 36.1738642910013], [-115.008135807002, 36.1736772910013], [-115.002343806002, 36.1735492920013], [-115.000839806002, 36.1735082920013], [-114.998766806002, 36.1734822930013], [-114.998350806002, 36.1734772930014], [-114.998281806002, 36.1748392930013], [-114.996964806002, 36.1768262920013], [-114.995504806002, 36.1788562930013], [-114.994013805002, 36.1810002930013], [-114.993654807002, 36.1840302940013], [-114.993333806002, 36.1856002940013], [-114.991839807002, 36.1878582950013], [-114.990625806002, 36.1897272950013], [-114.990532807002, 36.1964032950013], [-114.990469807002, 36.2009752960013], [-114.990474808002, 36.2012852960013], [-114.990474807002, 36.2013212960013], [-114.990481807002, 36.2016372960013], [-114.990487808002, 36.2019902960013], [-114.990163807002, 36.2020942960013], [-114.990078808002, 36.2021212960013], [-114.989840807002, 36.2021982960013], [-114.989139807002, 36.2024112970013], [-114.988847808002, 36.2024992970013], [-114.988437807002, 36.2026252970013], [-114.988057806002, 36.2027402960013], [-114.987918807002, 36.2027832960013], [-114.987584806002, 36.2028582970013], [-114.987418807002, 36.2028792970013], [-114.986970806002, 36.2028832970013], [-114.986883806002, 36.2028752970013], [-114.986611806002, 36.2028542960013], [-114.986489807002, 36.2028322970013], [-114.986436806002, 36.2028232970013], [-114.986118806002, 36.2027252960013], [-114.986064807002, 36.2027092960013], [-114.985815806002, 36.2026022960013], [-114.985287807002, 36.2022682960013], [-114.985121806002, 36.2021492960014], [-114.984807806002, 36.2019262960014], [-114.984243806002, 36.2015252960013], [-114.983840806002, 36.2012712960013], [-114.983574806002, 36.2011402970013], [-114.983230805002, 36.2010062960014], [-114.982980805002, 36.2009552970013], [-114.982844806002, 36.2009372960013], [-114.982522805002, 36.2008962960013], [-114.982231805002, 36.2008802970013], [-114.981853806002, 36.2008912970013], [-114.980697805002, 36.2010162970013], [-114.979161805002, 36.2013292970013], [-114.976274804002, 36.2019532970013], [-114.975005804002, 36.2022282980014], [-114.974273804002, 36.2024132970013], [-114.974111804002, 36.2024722980013], [-114.973807804002, 36.2025842970013], [-114.973250803002, 36.2028162970013], [-114.970489804002, 36.2038902980013], [-114.968542803002, 36.2046482980013], [-114.967729803002, 36.2049832980013], [-114.966629804002, 36.2053952980013], [-114.966245803002, 36.2055082980013], [-114.965593803002, 36.2056602970013], [-114.965022802002, 36.2057702990013], [-114.962834803002, 36.2061442980013], [-114.962370803002, 36.2062172980013], [-114.959689802002, 36.2066392980013], [-114.959222802002, 36.2066802980013], [-114.958993802002, 36.2067012980013], [-114.956584801002, 36.2066752990013], [-114.956525801002, 36.2066742980013], [-114.955335801002, 36.2066472990013], [-114.954125801002, 36.2066192990013], [-114.950495800002, 36.2065382990013], [-114.949725801002, 36.2065092990013], [-114.949288800002, 36.2064723000013], [-114.949141800002, 36.2064603000013], [-114.948349800002, 36.2063412990013], [-114.947743799002, 36.2062053000014], [-114.947707799002, 36.2061972990013], [-114.947182800002, 36.2060482990013], [-114.946637799002, 36.2058673000013], [-114.946252799002, 36.2057172990014], [-114.944859798002, 36.2050882990014], [-114.943471798002, 36.2044213000013], [-114.943409799002, 36.2043922990013], [-114.941985798002, 36.2037342990014], [-114.941796798002, 36.2036472990013], [-114.941232798002, 36.2033862990013], [-114.941119797002, 36.2033343000013], [-114.941046798002, 36.2032963000013], [-114.940850798002, 36.2031982990013], [-114.939106797002, 36.2023843000013], [-114.937654798002, 36.2016872990013], [-114.937120797002, 36.2014442990013], [-114.936765798002, 36.2012593000013]]]}, "properties": {"OBJECTID": 7, "DISTRICT": "G", "TRUSTEE": "Linda P. Cavazos", "LABEL_1": "District G", "LABEL_2": "G - Linda P. Cavazos", "Shape__Area": 3196032296.455078, "Shape__Length": 320853.114083672, "district_id": "G"}}]}
