{"type": "FeatureCollection", "crs": {"type": "name", "properties": {"name": "EPSG:4326"}}, "features": [{"type": "Feature", "id": 1, "geometry": {"type": "Polygon", "coordinates": [[[-115.373424688601, 36.3975633851434], [-115.373374079252, 36.3956317627969], [-115.368850117941, 36.3956039080952], [-115.368821182254, 36.3956037830894], [-115.36657018277, 36.3956040322016], [-115.366578257783, 36.3937378319366], [-115.364297517718, 36.3937348551808], [-115.364304767153, 36.3918710057436], [-115.362023211404, 36.3918676287893], [-115.359741653856, 36.3918642095669], [-115.359750085001, 36.3890673710636], [-115.357467307073, 36.3890633762751], [-115.357472115748, 36.3871984611414], [-115.355188523034, 36.3871940688525], [-115.352904932119, 36.3871896315975], [-115.35290811392, 36.3853240068987], [-115.350623789159, 36.3853191730427], [-115.350626125597, 36.3834531931117], [-115.348337528157, 36.383454386512], [-115.348341245055, 36.3815894848681], [-115.341479587815, 36.3815960364292], [-115.341483516953, 36.380665203038], [-115.341483517852, 36.3806648774834], [-115.341314565817, 36.3806650798309], [-115.338747655182, 36.3806681231367], [-115.337949669644, 36.3806690575323], [-115.337025912118, 36.3806701331214], [-115.336799924179, 36.3806703957235], [-115.332337406348, 36.380675482289], [-115.314072928325, 36.3809007174954], [-115.309656775042, 36.3806938455459], [-115.305240646041, 36.3804868099197], [-115.30082453053, 36.3802796115162], [-115.296408450991, 36.3800722503354], [-115.296323735754, 36.380068269936], [-115.278602620017, 36.3793802004372], [-115.27834716759, 36.3793702647272], [-115.260397292203, 36.3793586167081], [-115.260396662678, 36.3792897223441], [-115.260429763125, 36.3649820257012], [-115.26042983687, 36.3649372421613], [-115.260463701741, 36.3504688969234], [-115.260463802465, 36.3504446359125], [-115.260720724384, 36.3358279241207], [-115.256244686146, 36.3357851775452], [-115.251768821476, 36.3357423275477], [-115.242815387922, 36.3356577319201], [-115.233859256402, 36.3355735032159], [-115.224905420851, 36.3354892412368], [-115.215948301875, 36.3354041186065], [-115.206992354716, 36.3353185445165], [-115.207025156588, 36.3280258143412], [-115.20704168253, 36.324380235261], [-115.207058345169, 36.3207333656536], [-115.207074956546, 36.317087232591], [-115.207092053558, 36.3134413963047], [-115.207125738564, 36.3061495789413], [-115.207010795314, 36.3024287760684], [-115.206895529207, 36.2987076458425], [-115.206766849713, 36.2949808013242], [-115.206686148149, 36.2924849506213], [-115.206666190395, 36.2912658305549], [-115.206635431782, 36.289391746833], [-115.206613561169, 36.2875424745069], [-115.206568945802, 36.2838154375337], [-115.206525232456, 36.2801652979914], [-115.206503400514, 36.2783318132639], [-115.206490595966, 36.2765099747568], [-115.206672548601, 36.2727805608755], [-115.206829699733, 36.269510648399], [-115.206851788881, 36.2690510111965], [-115.206859695721, 36.2688882150204], [-115.207207214444, 36.2617327816438], [-115.207214190485, 36.2615891392287], [-115.207218708679, 36.2614777905689], [-115.207226371802, 36.2611989998353], [-115.207279555909, 36.2592640041318], [-115.20732788008, 36.2578002774621], [-115.207366299118, 36.2566567634002], [-115.207391829971, 36.2558967202588], [-115.207435006423, 36.2542009685012], [-115.207464431341, 36.2532107420834], [-115.207501470818, 36.2524681206086], [-115.20750739825, 36.2512584038536], [-115.207527585332, 36.2504748290514], [-115.207539624556, 36.2488545412054], [-115.207540541865, 36.24873099594], [-115.20755183645, 36.2467433845009], [-115.211577786488, 36.2466269708593], [-115.212838678265, 36.2466200352877], [-115.215098048638, 36.2465418860006], [-115.216655449591, 36.2464999335264], [-115.217707207624, 36.2465017798346], [-115.220957773884, 36.246481451559], [-115.223192157494, 36.2464315355882], [-115.225591171897, 36.2463905211069], [-115.225692562364, 36.2463957119938], [-115.225699601358, 36.246396385586], [-115.227652840708, 36.2465705932596], [-115.227773603471, 36.2465813212723], [-115.229733723535, 36.2467554273224], [-115.230751296537, 36.2468465340416], [-115.230768309012, 36.2468480215203], [-115.23122300444, 36.2468877886419], [-115.231804333405, 36.2469386282164], [-115.232290475427, 36.2469828379888], [-115.233742091826, 36.2471148395795], [-115.233775008812, 36.2471178316239], [-115.233876803973, 36.2471248823087], [-115.235902875819, 36.2473056379461], [-115.236065222334, 36.2473201206284], [-115.237975650358, 36.2474905232704], [-115.238018923037, 36.2474943831606], [-115.238647003259, 36.2475503983335], [-115.238909982112, 36.2475738508538], [-115.239422687409, 36.2476195723867], [-115.239428908919, 36.2476201272684], [-115.239956103194, 36.2476671393283], [-115.240077948741, 36.2478049856129], [-115.240150128328, 36.2478766175132], [-115.240448850736, 36.2482030066647], [-115.240817169879, 36.2486106342746], [-115.241148213921, 36.2489632116842], [-115.241505358987, 36.249358443039], [-115.241860364566, 36.249759162057], [-115.242261503568, 36.2502273149399], [-115.242633731164, 36.2506665402299], [-115.242845429775, 36.2509089695746], [-115.243066171968, 36.2510107710316], [-115.243502244235, 36.251475585631], [-115.243613802437, 36.2515997109592], [-115.244017930785, 36.2520493638883], [-115.244622501829, 36.2527683781594], [-115.24494934334, 36.2531696052944], [-115.245121517646, 36.2533731929198], [-115.245413382724, 36.2537088927525], [-115.245477481902, 36.2537813772101], [-115.245563435506, 36.2538695647299], [-115.245618204219, 36.2539206794971], [-115.245678429118, 36.2539671834401], [-115.245798711643, 36.2540517484907], [-115.245904438641, 36.2541134518756], [-115.246027822928, 36.2541769916761], [-115.246180645622, 36.2542418085139], [-115.246278017019, 36.2542789082463], [-115.246351881936, 36.2543036953605], [-115.246794891573, 36.2544345233359], [-115.247141518169, 36.2545311411006], [-115.247205445577, 36.2547905226658], [-115.247282159546, 36.2550272943755], [-115.247346330671, 36.2552011971788], [-115.247515257525, 36.2555983566801], [-115.247781587253, 36.2561103712979], [-115.248020209767, 36.2564925831675], [-115.248242599519, 36.2568156097539], [-115.248348039633, 36.256945630138], [-115.248515722725, 36.2571509408645], [-115.248765184768, 36.2574531463469], [-115.250822821918, 36.2596718628675], [-115.251160261039, 36.260075219597], [-115.252173043353, 36.261180610498], [-115.252280545613, 36.2612933405165], [-115.253793221482, 36.262982599169], [-115.253841720121, 36.2630367581412], [-115.253843954037, 36.2630367536445], [-115.253843760683, 36.2630390370232], [-115.253863725633, 36.2630613321161], [-115.254332351559, 36.263585234872], [-115.254437394173, 36.2637004137444], [-115.255385885752, 36.2647355028425], [-115.256155931154, 36.2655560676597], [-115.257025648417, 36.2664828154309], [-115.258076320068, 36.2676023472718], [-115.258326328, 36.2678799994638], [-115.258348303833, 36.2679040815095], [-115.260143893828, 36.2698715751144], [-115.260955871019, 36.2707648231394], [-115.261915240798, 36.2718206883754], [-115.26215289834, 36.2720822480986], [-115.262857432627, 36.2728459559774], [-115.262858563074, 36.2728471817533], [-115.26306742972, 36.2730735869778], [-115.264701620186, 36.2748711159106], [-115.265008685605, 36.2752088608016], [-115.265389115018, 36.2756268171252], [-115.266771441351, 36.2771454554997], [-115.267112952603, 36.2775290064598], [-115.26748740782, 36.2779333146721], [-115.267492213797, 36.2779384758813], [-115.267651212136, 36.2781092139704], [-115.267829971278, 36.2783011032146], [-115.268549486472, 36.2790867545514], [-115.270058110895, 36.2807411222063], [-115.270111384935, 36.2807995412671], [-115.270797706151, 36.2815463886562], [-115.271983059373, 36.2828570758946], [-115.273752888287, 36.2847903466984], [-115.273841863613, 36.2848875355326], [-115.274324662855, 36.2854148988798], [-115.275343808772, 36.2865361088557], [-115.275579232398, 36.2867938527554], [-115.279985210751, 36.2916171749939], [-115.280091628428, 36.2917347100901], [-115.280091675193, 36.2917347631501], [-115.281587416828, 36.2933867350111], [-115.281766363929, 36.2935812457792], [-115.280932184275, 36.2935834257358], [-115.279232573527, 36.2935812781548], [-115.278693938976, 36.2935810335392], [-115.278678181955, 36.2954230968997], [-115.279225412225, 36.2954265898665], [-115.279279732176, 36.2954268317841], [-115.282624684084, 36.2954416768932], [-115.282718074182, 36.2954433667194], [-115.283227058984, 36.2954462643349], [-115.283229208363, 36.2952240571459], [-115.283229647233, 36.2951786926438], [-115.283231238133, 36.2950142749901], [-115.283229674212, 36.2951787214221], [-115.283343380895, 36.2953034421015], [-115.284448171048, 36.2965152165053], [-115.285373405261, 36.2975200632017], [-115.285522751176, 36.297684884651], [-115.285979588789, 36.298189052684], [-115.286072424905, 36.2982901400792], [-115.286078159881, 36.2982963840722], [-115.28648836225, 36.298742740986], [-115.286583942197, 36.298846745782], [-115.286862619616, 36.299156051412], [-115.286911620977, 36.2991561674245], [-115.288206258914, 36.2991592278174], [-115.289131681084, 36.2991614068747], [-115.29042646651, 36.2991662731063], [-115.293942503646, 36.2991794166981], [-115.296890134175, 36.2991903551521], [-115.296893410405, 36.2973513575804], [-115.296896674044, 36.2955186786454], [-115.298989530445, 36.2955469794108], [-115.299149842693, 36.2955491449783], [-115.29994456729, 36.2955598810849], [-115.300271353942, 36.2955642940582], [-115.301392866989, 36.2955794323462], [-115.302472600233, 36.2955959492949], [-115.302974022635, 36.2955923933756], [-115.30471113961, 36.295628295211], [-115.304825414663, 36.2956265046608], [-115.305741758178, 36.2956390546999], [-115.305869144448, 36.2956298294543], [-115.305869098582, 36.2956428210607], [-115.305873132042, 36.297392261445], [-115.306009783127, 36.2973924368128], [-115.306010668959, 36.2974001628885], [-115.30601354679, 36.2974080553388], [-115.3060183087, 36.2974153308542], [-115.306024755041, 36.2974216908597], [-115.306032630404, 36.2974268826458], [-115.306059817809, 36.297433696809], [-115.306216666768, 36.2974358515846], [-115.306433867431, 36.2974388355352], [-115.306622001107, 36.2974414147907], [-115.306807762371, 36.2974439643688], [-115.306993587486, 36.2974465085508], [-115.307180978322, 36.2974490806119], [-115.30734675575, 36.297451354098], [-115.307441249316, 36.2974526482224], [-115.307572988305, 36.2974544558597], [-115.307569588868, 36.2976173311762], [-115.30756819222, 36.2976842857026], [-115.307566895398, 36.2977464711241], [-115.307565103049, 36.2978323644733], [-115.307562761215, 36.2979432041169], [-115.307601494116, 36.2979438165552], [-115.307699072357, 36.2979451394579], [-115.307905330968, 36.2979481045227], [-115.308053746985, 36.2979503150563], [-115.308087830391, 36.297950822274], [-115.308221352735, 36.2979528115743], [-115.308230107636, 36.2979529410767], [-115.30823019397, 36.2979491396424], [-115.308104324857, 36.2976631723188], [-115.308066625277, 36.2975337122123], [-115.308065463353, 36.2975297237191], [-115.308073935866, 36.2975282803072], [-115.308137920831, 36.297529148153], [-115.308213983691, 36.297530178776], [-115.30825417799, 36.2975304449753], [-115.308271627536, 36.2975309602869], [-115.308366037465, 36.2975322400222], [-115.308555914926, 36.2975348147812], [-115.308672252125, 36.2975363912927], [-115.30896580523, 36.2975403609003], [-115.309049398113, 36.2975414931467], [-115.309142037277, 36.2975427486003], [-115.309375707225, 36.2975459160125], [-115.309662319363, 36.2975497929899], [-115.309785597529, 36.2975514594336], [-115.310015493922, 36.2975545773832], [-115.310195486934, 36.2975570109486], [-115.310310479647, 36.2975585685744], [-115.310394042853, 36.297540458027], [-115.310889468576, 36.2975472200294], [-115.311477553249, 36.2975552374855], [-115.311980209521, 36.2975620948161], [-115.312655308997, 36.2975713029746], [-115.312654055343, 36.2974020154919], [-115.312652083129, 36.2971355274839], [-115.312650001199, 36.2968536349886], [-115.312647356293, 36.296495648157], [-115.312645656574, 36.2962658695755], [-115.31264360612, 36.2959887353931], [-115.312641146474, 36.2957345384195], [-115.312639045658, 36.2954582945659], [-115.31263868413, 36.2954105522565], [-115.31263791431, 36.2953091051324], [-115.312636626481, 36.2951395118803], [-115.312636374671, 36.2951063170043], [-115.312634926763, 36.2949157722464], [-115.312632665867, 36.2946177117393], [-115.312631578587, 36.294474269873], [-115.312629594682, 36.2942122964616], [-115.312628825762, 36.2941107953782], [-115.31262782032, 36.2939780518469], [-115.312601686921, 36.2938886394504], [-115.312604237398, 36.2935744487032], [-115.312609030784, 36.2929841364101], [-115.312616532929, 36.2920600605247], [-115.312617161555, 36.29185412387], [-115.312618166098, 36.2915250493429], [-115.312620132915, 36.2908812031063], [-115.312620898238, 36.2906308030704], [-115.312622146497, 36.2902223912516], [-115.312653592192, 36.2902227725642], [-115.313146337036, 36.2902287512572], [-115.313745282821, 36.2902360150813], [-115.313745566107, 36.2901536030077], [-115.313748379187, 36.2893164915641], [-115.313751191367, 36.2884793549396], [-115.313751463861, 36.2883969419666], [-115.313751473754, 36.2883941468736], [-115.313778866204, 36.2883972396422], [-115.314215493353, 36.2884020222368], [-115.314924446908, 36.2884097842854], [-115.314919048278, 36.289233321362], [-115.314917345861, 36.2894929061739], [-115.314912381603, 36.2902501686117], [-115.314912380704, 36.2902503107046], [-115.314900411627, 36.2920759524446], [-115.314900316299, 36.2920905232604], [-115.314906657418, 36.2939266816723], [-115.31490678782, 36.2939643587695], [-115.31490859186, 36.2944865231359], [-115.31491027719, 36.2949746931289], [-115.314913000337, 36.2957628337891], [-115.314395738175, 36.2957558685398], [-115.314254372843, 36.2957539664737], [-115.314176690304, 36.2957529196628], [-115.314077665954, 36.2957515868675], [-115.313868474653, 36.2957487692916], [-115.313768461048, 36.2957474230064], [-115.313768867541, 36.2959169596013], [-115.313769549228, 36.2962029763876], [-115.313769948526, 36.2963700551352], [-115.313770242605, 36.2964916560664], [-115.313770746225, 36.2967045130042], [-115.313771436904, 36.2969901610684], [-115.31377255746, 36.2974582734818], [-115.3137738309, 36.2976489594332], [-115.313776336411, 36.2978637840876], [-115.313777787017, 36.2979816402418], [-115.313781733243, 36.2983024365095], [-115.313783672181, 36.2984599221889], [-115.313786199276, 36.2986652769823], [-115.313787369294, 36.298760406369], [-115.313789887396, 36.2989650920666], [-115.313792238223, 36.2991562015987], [-115.313793962224, 36.2992963339599], [-115.313794685279, 36.299355024616], [-115.313795097168, 36.2993884407252], [-115.313795473085, 36.2994189304406], [-115.314605921428, 36.2994305577753], [-115.314925683476, 36.2994351434185], [-115.316084004875, 36.2994123141283], [-115.317301426122, 36.2993869388574], [-115.317408384292, 36.2993842579784], [-115.319560630121, 36.2993401084605], [-115.324195966173, 36.2992408952524], [-115.324234683786, 36.2992401011511], [-115.324246185215, 36.2992398646293], [-115.326518931206, 36.2991932015063], [-115.328839969891, 36.2991439024704], [-115.328947562982, 36.2991428160894], [-115.330208908017, 36.2991160046012], [-115.331582918319, 36.29908678293], [-115.331718888618, 36.2990833106476], [-115.333481445614, 36.2990463799878], [-115.333540254981, 36.3026608910886], [-115.333599067945, 36.3062754012901], [-115.333595901432, 36.3063966739686], [-115.333551212321, 36.3081081485735], [-115.333550705103, 36.3081275676344], [-115.333549630413, 36.3081687628794], [-115.333503324321, 36.3099420685729], [-115.333407569006, 36.3136087340571], [-115.33347142357, 36.3209053951692], [-115.334598220134, 36.3209235084144], [-115.335725016698, 36.320941602774], [-115.336851824055, 36.320959695335], [-115.337978622418, 36.3209777672115], [-115.339105420781, 36.3209958381887], [-115.340232230835, 36.3210138893808], [-115.341359030097, 36.3210319387742], [-115.3423500722, 36.3210478028151], [-115.34248582936, 36.3210499692819], [-115.343611696924, 36.3210673558751], [-115.344737564489, 36.3210847226831], [-115.345300498721, 36.3210933975435], [-115.345863432953, 36.3211020786992], [-115.346989301417, 36.3211194248229], [-115.346986380419, 36.3212567548966], [-115.346949343639, 36.3230028210246], [-115.346928085465, 36.324004824964], [-115.346909384962, 36.3248862073339], [-115.346907642975, 36.3249686158103], [-115.346889409221, 36.325827909032], [-115.346871186258, 36.3266872022538], [-115.346869434379, 36.3267696026364], [-115.346849457738, 36.3277113043345], [-115.346831807644, 36.3285431268651], [-115.346829470306, 36.3286529970395], [-115.347961339946, 36.328659169986], [-115.348991362264, 36.3286647808562], [-115.349093210485, 36.3286653321407], [-115.349095376952, 36.3285554619663], [-115.349111692453, 36.3277264030523], [-115.349130173521, 36.3267875180308], [-115.350260538595, 36.32679645999], [-115.35026209802, 36.3267140605068], [-115.350278266931, 36.3258589356427], [-115.349148643797, 36.3258486159222], [-115.349167123966, 36.3249097138135], [-115.350295994367, 36.3249214463689], [-115.350331447441, 36.3230464228554], [-115.350333456526, 36.3229403469208], [-115.350364297876, 36.3213087384088], [-115.350366900514, 36.3211713984426], [-115.351323066908, 36.3211861014587], [-115.351492771676, 36.3211887013987], [-115.351490282353, 36.321326041365], [-115.351483546431, 36.3216973453575], [-115.351478170284, 36.3219935208856], [-115.351474188985, 36.3222132531404], [-115.351472804029, 36.3222896784272], [-115.351467427882, 36.3225858449621], [-115.351462060728, 36.3228820204901], [-115.351458813276, 36.3230609352153], [-115.351424864768, 36.3249331681325], [-115.351390903669, 36.3268053920565], [-115.351373928066, 36.3277414954749], [-115.351358937267, 36.3285677530007], [-115.351356951564, 36.3286776249737], [-115.351321987722, 36.330548763416], [-115.350188946265, 36.3305450627058], [-115.350187352666, 36.330627462189], [-115.350154403305, 36.3323362406263], [-115.350152809707, 36.3324186401094], [-115.349018598232, 36.3324173594748], [-115.349016958768, 36.3324997598573], [-115.348982927522, 36.3342109763568], [-115.348981288958, 36.3342933767393], [-115.348979649493, 36.3343757762223], [-115.348962628025, 36.3352313849217], [-115.348946705528, 36.3360320540374], [-115.348943976985, 36.3361693841111], [-115.347807412884, 36.3361729715067], [-115.346670860474, 36.3361765400166], [-115.345534296373, 36.3361800968353], [-115.344397731372, 36.3361836437614], [-115.343261178962, 36.3361871879896], [-115.342124613962, 36.3361907124327], [-115.341557679545, 36.3361906845537], [-115.340990734337, 36.3361906449835], [-115.33985684392, 36.3361905757358], [-115.338722964296, 36.3361904867029], [-115.33758907298, 36.3361903949721], [-115.336455193355, 36.3361902843554], [-115.335321302938, 36.336190162947], [-115.334187412521, 36.3361900397399], [-115.333053532896, 36.3361898967476], [-115.331915686362, 36.336189869768], [-115.330777841626, 36.3361898319965], [-115.329639995991, 36.336189783433], [-115.328502151255, 36.3361897240778], [-115.32793321225, 36.3361895999714], [-115.327364261554, 36.3361894650731], [-115.326226384442, 36.3361891943771], [-115.325088506432, 36.3361889218825], [-115.323950617629, 36.3361886296029], [-115.322814207312, 36.3361960903786], [-115.321677785304, 36.3362035484563], [-115.321536142981, 36.3362044729594], [-115.320696595274, 36.3362099768103], [-115.320541362396, 36.3362109867489], [-115.319846866342, 36.3362155328219], [-115.319404940388, 36.3362184250416], [-115.318268529171, 36.3362258417505], [-115.317132106264, 36.3362332566608], [-115.314859260449, 36.3362480460118], [-115.314812483112, 36.3399744561575], [-115.314765700379, 36.3437008555114], [-115.31471891225, 36.3474272611605], [-115.314672118725, 36.3511536650109], [-115.314599540738, 36.3549046131587], [-115.314526953758, 36.3586555487159], [-115.314454359583, 36.362406492367], [-115.314381758214, 36.3661574324209], [-115.332474416264, 36.3653115930569], [-115.332558104475, 36.365311822384], [-115.350421972298, 36.3653583290249], [-115.350478736607, 36.3653588991951], [-115.354055103862, 36.3653947470712], [-115.355019650139, 36.3654043985954], [-115.355984208107, 36.3654140429251], [-115.368766689633, 36.3655411036403], [-115.368909404847, 36.3655419903719], [-115.368913229664, 36.3701733945877], [-115.369556048875, 36.370706379597], [-115.369570868803, 36.3707186661348], [-115.38156832492, 36.3806642083878], [-115.387013830526, 36.3851771386153], [-115.399650296326, 36.3956465638391], [-115.403458977352, 36.3988012767588], [-115.404153761189, 36.3993767223591], [-115.405241465124, 36.4002775732527], [-115.405343690161, 36.4003622354301], [-115.405409624856, 36.4004168422647], [-115.405409552911, 36.4005476117841], [-115.406334761043, 36.4012260270608], [-115.401706981994, 36.4012915165915], [-115.401680758662, 36.4012918862129], [-115.399346414508, 36.4013248517618], [-115.397483125348, 36.4013512018977], [-115.387055651699, 36.4014981295364], [-115.3825457351, 36.4014745007489], [-115.382504490392, 36.3995452679011], [-115.377990007035, 36.3995202496611], [-115.377944022901, 36.3975897955339], [-115.373424688601, 36.3975633851434]], [[-115.226941411319, 36.2657525371512], [-115.227058274622, 36.2657642589147], [-115.227058866376, 36.2657305784048], [-115.227072690754, 36.2649428019701], [-115.227074135065, 36.2648600418587], [-115.226810510499, 36.2648340208747], [-115.226595754193, 36.2648128220554], [-115.226569646874, 36.2657152503598], [-115.226820281633, 36.2657403882097], [-115.226941411319, 36.2657525371512]], [[-115.275150587632, 36.3090736921985], [-115.274931433641, 36.3090616349877], [-115.274616571999, 36.3090443113472], [-115.274611283086, 36.3100074007223], [-115.274785396331, 36.3100154550505], [-115.275152361095, 36.3100324288548], [-115.275152201915, 36.3099453466018], [-115.275150587632, 36.3090736921985]], [[-115.238633501737, 36.2649111017672], [-115.238133495766, 36.2648602244211], [-115.238130968671, 36.2649842876961], [-115.238131259152, 36.2650092717618], [-115.23812957742, 36.2651486765715], [-115.238129396657, 36.265163715934], [-115.238120127344, 36.2659328988854], [-115.238397130226, 36.2659654048808], [-115.238565431152, 36.2659727586372], [-115.23861883919, 36.2659696236005], [-115.238619713331, 36.2659213434965], [-115.238632762494, 36.2649652121761], [-115.238633501737, 36.2649111017672]], [[-115.327663921055, 36.3248388580282], [-115.326522925095, 36.3248580243796], [-115.32649507489, 36.3259322474765], [-115.326673859213, 36.3259201578903], [-115.327637434222, 36.3258549966121], [-115.327663035223, 36.3248728326165], [-115.327663921055, 36.3248388580282]], [[-115.246303567658, 36.269766357133], [-115.246999601553, 36.2697938332201], [-115.246996830741, 36.2683377139157], [-115.246996320826, 36.2680697186439], [-115.246583163284, 36.2680562629875], [-115.246289371859, 36.2680451968297], [-115.246290926787, 36.2684836837763], [-115.246291528433, 36.2686337302637], [-115.246293449385, 36.2686866041048], [-115.246292333327, 36.2688840898302], [-115.246292204724, 36.2689763269972], [-115.246293680511, 36.269264794436], [-115.246293108542, 36.2693030461999], [-115.246293102247, 36.2693034392037], [-115.246303567658, 36.269766357133]], [[-115.264769082829, 36.3104554510595], [-115.264764938753, 36.3095689911174], [-115.264768027924, 36.309493940894], [-115.264043786794, 36.3094513202236], [-115.263257645326, 36.3094050519029], [-115.263259132805, 36.3094877652495], [-115.263262364968, 36.3100783617283], [-115.263569044578, 36.3100964093232], [-115.263963850553, 36.3101196415096], [-115.263965201335, 36.3104081440219], [-115.264769082829, 36.3104554510595]], [[-115.324226213971, 36.3254700265218], [-115.324240933175, 36.3248963247069], [-115.324060560649, 36.3249012961591], [-115.323079589154, 36.3249283297799], [-115.323053669793, 36.326067501915], [-115.323312304921, 36.3260555274419], [-115.32420824012, 36.3260140417159], [-115.324226213971, 36.3254700265218]], [[-115.316107139935, 36.3260138420664], [-115.316107777554, 36.3258788151565], [-115.316079405742, 36.3258802387833], [-115.316053924351, 36.3257914505163], [-115.316029355772, 36.3257223133354], [-115.315978583647, 36.3256097029267], [-115.315973322613, 36.3256005918951], [-115.315915869424, 36.3255011034945], [-115.315841688845, 36.3253973451127], [-115.315756617476, 36.3252992128897], [-115.315661289339, 36.3252074478667], [-115.315571499227, 36.3251349355301], [-115.315326475339, 36.3251416714523], [-115.315441882639, 36.3252241257941], [-115.315480607446, 36.3252538106162], [-115.31551803723, 36.3252845737254], [-115.31555410454, 36.3253163701557], [-115.315588786895, 36.325349163934], [-115.315622029435, 36.3253829280809], [-115.315653798886, 36.3254175996438], [-115.315684050281, 36.3254531507436], [-115.315712751245, 36.3254895364143], [-115.315739867603, 36.3255267116897], [-115.315765355289, 36.3255646307044], [-115.315789203511, 36.3256032493917], [-115.315811356511, 36.3256425047991], [-115.315831815188, 36.3256823771413], [-115.315850533677, 36.3257227962713], [-115.315867502086, 36.3257637163238], [-115.315882686239, 36.3258051004263], [-115.315896087037, 36.325846878432], [-115.315907638829, 36.3258888848654], [-115.315300945384, 36.3259194132516], [-115.314948698926, 36.3259371352918], [-115.314947155689, 36.3268852257739], [-115.314946906577, 36.3270380907366], [-115.316000661104, 36.3269851584396], [-115.316102570479, 36.3269800242101], [-115.316107139935, 36.3260138420664]], [[-115.320736969438, 36.3261747415723], [-115.320756885824, 36.3249922967584], [-115.320581111531, 36.324997135111], [-115.319595528313, 36.3250242586639], [-115.319493640521, 36.3250270618507], [-115.31947852022, 36.3261184799852], [-115.319476932916, 36.3262330464192], [-115.320736969438, 36.3261747415723]], [[-115.271693400332, 36.3085550225975], [-115.271295629292, 36.3085363733563], [-115.269377092981, 36.308446406078], [-115.269379020228, 36.3096685316787], [-115.269379166817, 36.3097652114966], [-115.269847534638, 36.3097869004464], [-115.271692467735, 36.309872314457], [-115.27169333738, 36.3093710368452], [-115.271693400332, 36.3085550225975]], [[-115.242436436095, 36.2728358826711], [-115.242435908193, 36.2727524768466], [-115.242432222771, 36.2719406201648], [-115.242421694408, 36.2696211912662], [-115.242389717214, 36.269618774788], [-115.241487276319, 36.2695506889145], [-115.241300984455, 36.2695366343095], [-115.241300690377, 36.2696465071818], [-115.241300479036, 36.2700420874737], [-115.241300411587, 36.2701647603967], [-115.24082303166, 36.2701287398508], [-115.240345665222, 36.2700927175062], [-115.240207693932, 36.2700823060549], [-115.240207599503, 36.2700822556928], [-115.240204318776, 36.2727442390567], [-115.242436436095, 36.2728358826711]], [[-115.243165242184, 36.2659000286647], [-115.242406325893, 36.2658901613032], [-115.242403922905, 36.2656109011235], [-115.24240350472, 36.2655167492998], [-115.242402080194, 36.2651949817643], [-115.242400318422, 36.2647988187118], [-115.24239996319, 36.2647182142755], [-115.242304774448, 36.2647174984151], [-115.242238052846, 36.2647169974928], [-115.241304423463, 36.2647121681334], [-115.241306843538, 36.2644633859778], [-115.241308650276, 36.2643552281126], [-115.241308845429, 36.2643365617842], [-115.241310948044, 36.2641345740527], [-115.2413128636, 36.2640015328458], [-115.241316370057, 36.26381008337], [-115.241317701953, 36.2637478107142], [-115.241319724528, 36.263653252397], [-115.24132179117, 36.2634856016805], [-115.241325512565, 36.2632139479666], [-115.241325706818, 36.2632000417498], [-115.241326684381, 36.2631286436733], [-115.241327598992, 36.2630620084063], [-115.239796930386, 36.2628695193142], [-115.239228427552, 36.2627980214128], [-115.239222501919, 36.2634558269262], [-115.239221752784, 36.2635389548602], [-115.239213452941, 36.2639392619886], [-115.239207586663, 36.2643632617564], [-115.239198241808, 36.2649711396077], [-115.240176836394, 36.2650777875112], [-115.240280535421, 36.2650788514091], [-115.240265952014, 36.2658455927012], [-115.240316406679, 36.2658445566822], [-115.24035885378, 36.2658448948274], [-115.241182867498, 36.2658580249292], [-115.241303399135, 36.2658624855666], [-115.241303480973, 36.2658624891639], [-115.241426853569, 36.2658669605931], [-115.242406325893, 36.2658901613032], [-115.242413140956, 36.2663271580732], [-115.242407595736, 36.2664404600605], [-115.242566039194, 36.2664398835951], [-115.243336352593, 36.2664471123456], [-115.243573769116, 36.266449339067], [-115.243570641274, 36.2663389868561], [-115.243558341247, 36.2659051377132], [-115.243165242184, 36.2659000286647]], [[-115.317176336721, 36.3332875731643], [-115.317160062589, 36.3343714702684], [-115.319853483554, 36.3343497876139], [-115.320563525289, 36.3351246515827], [-115.320579458577, 36.3343439321281], [-115.320578443243, 36.3342615263497], [-115.320598600647, 36.3334104088646], [-115.320452778275, 36.3334106112121], [-115.319457192797, 36.333411968289], [-115.319448093457, 36.3339004287631], [-115.318847593644, 36.3342818627191], [-115.31880721858, 36.3342377105032], [-115.318292132778, 36.3336743913614], [-115.318879993519, 36.3333009901499], [-115.31890279583, 36.3324932919332], [-115.318331202925, 36.3324987589119], [-115.318158877532, 36.3325004046712], [-115.317566307042, 36.3328805885696], [-115.315885161173, 36.3310419282437], [-115.3164929392, 36.3306558825642], [-115.316544847169, 36.3306553141927], [-115.317215968944, 36.3306478965845], [-115.317242250731, 36.3288976764879], [-115.317243918075, 36.328786676765], [-115.316206015897, 36.3287994399435], [-115.316093958571, 36.3288008204028], [-115.315981901246, 36.328802191869], [-115.315964416627, 36.3301053400907], [-115.315118460351, 36.3291820097432], [-115.314942018761, 36.3289894262223], [-115.314921210248, 36.3308148278433], [-115.315256642083, 36.331182641567], [-115.316050991662, 36.3320536619482], [-115.316473116343, 36.3325165070325], [-115.317176336721, 36.3332875731643]], [[-115.249951643256, 36.2733027513222], [-115.24995312354, 36.2729546993013], [-115.250746243746, 36.2729899491282], [-115.250746082768, 36.2727130388769], [-115.249960915266, 36.2726769373921], [-115.24994471308, 36.2725321285562], [-115.249952298862, 36.2721928898913], [-115.249950914805, 36.2718744453507], [-115.249973779169, 36.2718753878402], [-115.250745493712, 36.2719071842704], [-115.250742642861, 36.271634593463], [-115.250741099624, 36.2713685038547], [-115.250742260649, 36.2710948419547], [-115.250740708419, 36.270830907122], [-115.250739157089, 36.2705669713899], [-115.251577501503, 36.2705962029537], [-115.251579631997, 36.2716713379632], [-115.251580412608, 36.2720655512855], [-115.251581804759, 36.2723388948254], [-115.251582859663, 36.2725369902912], [-115.252583529908, 36.2725926223529], [-115.252717072037, 36.2726005624673], [-115.253149774545, 36.2726255510296], [-115.253878023054, 36.2726640348187], [-115.253870524507, 36.270658323624], [-115.253769848102, 36.2706586212996], [-115.253700398856, 36.2706564206586], [-115.253395879418, 36.2706467664364], [-115.253397042242, 36.2706878762458], [-115.253061810057, 36.2706750546114], [-115.253058764053, 36.2701298792918], [-115.253064971174, 36.2700199461649], [-115.25157934871, 36.2699650056818], [-115.248785445594, 36.2698606006875], [-115.248392849253, 36.2698459255503], [-115.248394877224, 36.2702467488896], [-115.247737783974, 36.2702211119161], [-115.24773805467, 36.2702726331768], [-115.247738310976, 36.2703200913005], [-115.247739273251, 36.2704980257646], [-115.247111532074, 36.2704800303304], [-115.247090157887, 36.2704810519603], [-115.247003791494, 36.2704814008972], [-115.247009008461, 36.2713375087204], [-115.247009027347, 36.2713402111831], [-115.247094489921, 36.2713399216014], [-115.247149596779, 36.2713421006587], [-115.247357949912, 36.271350339348], [-115.247592547061, 36.2713596158549], [-115.247742239215, 36.2713655342933], [-115.247742327349, 36.2715283187782], [-115.247742390301, 36.2716424445445], [-115.247742654702, 36.2716962293988], [-115.247743238362, 36.271814370638], [-115.247743820223, 36.2719323356101], [-115.247744710552, 36.2721079102532], [-115.24774526993, 36.272217901836], [-115.247746737624, 36.2724991414236], [-115.247102953441, 36.2724756925005], [-115.247016606833, 36.2724725475714], [-115.247020405569, 36.2730400953254], [-115.247020076418, 36.2731220928116], [-115.249951643256, 36.2733027513222]], [[-115.254914506102, 36.2905823808735], [-115.253495807588, 36.2905738714883], [-115.251268774137, 36.290560477885], [-115.251238908551, 36.2942057368066], [-115.25137518372, 36.2942082782907], [-115.253303828411, 36.2942149890318], [-115.255720531579, 36.2942233545255], [-115.255736322775, 36.2924010420757], [-115.255751964684, 36.2905873999898], [-115.255250457745, 36.2905843935562], [-115.25525460272, 36.2912270877612], [-115.254915237251, 36.2912261560635], [-115.254914506102, 36.2905823808735]], [[-115.287601152773, 36.3360803467319], [-115.287604422708, 36.3323978396899], [-115.287604675418, 36.3321129218751], [-115.287468692528, 36.3321007873228], [-115.286481151486, 36.3320651265057], [-115.286286827777, 36.3320581090958], [-115.285342832808, 36.3320240166963], [-115.284796321995, 36.3320042756781], [-115.284233862605, 36.3319839518992], [-115.283913864036, 36.3319723893156], [-115.283211988145, 36.3319470248366], [-115.283008275514, 36.3319396629864], [-115.282974930451, 36.3319384533982], [-115.282971158694, 36.3322795752435], [-115.282970221601, 36.3323640845361], [-115.282969297997, 36.3324480992017], [-115.282959933356, 36.3332945411115], [-115.282955412464, 36.3337031211034], [-115.28295531264, 36.3337121952629], [-115.283274069245, 36.3337261797207], [-115.284088490793, 36.3337617533036], [-115.284084826056, 36.3341437097657], [-115.284082262089, 36.3343939578162], [-115.284078535298, 36.3347574988608], [-115.284074684401, 36.3351331798537], [-115.284064779268, 36.3360474828064], [-115.286293040294, 36.3360682031864], [-115.287601152773, 36.3360803467319]], [[-115.26366282768, 36.3155070886825], [-115.263647726264, 36.3136198973417], [-115.262465210403, 36.3135979107163], [-115.262470774509, 36.3144167416406], [-115.26239088953, 36.3144174278233], [-115.261355309402, 36.3144004126502], [-115.261363221638, 36.3154742211597], [-115.260195487934, 36.3154580108798], [-115.260205033338, 36.316402102976], [-115.260214935773, 36.3173813360811], [-115.26021123866, 36.3174593675571], [-115.260225632309, 36.319287720753], [-115.260395376648, 36.3192893062578], [-115.261371505293, 36.3192984370745], [-115.261482906113, 36.3192994793887], [-115.262415533652, 36.3193082028126], [-115.262544941598, 36.3193094061055], [-115.264721840543, 36.3193152373096], [-115.264836436654, 36.31931621847], [-115.264830490337, 36.318363430829], [-115.264825251786, 36.3175240692817], [-115.264824692408, 36.3174343277333], [-115.264824181593, 36.3173519057672], [-115.264813597472, 36.3163801685113], [-115.264804267905, 36.3155236362081], [-115.26366282768, 36.3155070886825]], [[-115.222399275608, 36.2683431638073], [-115.222402044621, 36.267926850545], [-115.222403895426, 36.2676486695517], [-115.222406404534, 36.2671035203125], [-115.222407482821, 36.2666000834284], [-115.222407567358, 36.2665605195537], [-115.222411441637, 36.2660088763099], [-115.221745330885, 36.2660110283875], [-115.221640746026, 36.2660113611367], [-115.221646220199, 36.2654564686424], [-115.222416665799, 36.2654539919095], [-115.222421880068, 36.2649012793718], [-115.223101745052, 36.2649000841728], [-115.223161853039, 36.2649002658359], [-115.223160178502, 36.2654516096054], [-115.223926016874, 36.2654513631912], [-115.223927297509, 36.2651718970667], [-115.223929882161, 36.2648993314403], [-115.22326069123, 36.2649005635115], [-115.22321929094, 36.2649004385057], [-115.223219138055, 36.2643520274254], [-115.223261541089, 36.2643518934265], [-115.223929729276, 36.2643498384756], [-115.224686640978, 36.2643474237959], [-115.224684551853, 36.2648969005728], [-115.224679694614, 36.2661753534111], [-115.224673572929, 36.2677861749933], [-115.224671472113, 36.2683389405909], [-115.225256551251, 36.268337692332], [-115.225423612912, 36.2683371023767], [-115.225424750554, 36.2682294022664], [-115.22542740895, 36.267739480394], [-115.225428949489, 36.2674554762905], [-115.225436656679, 36.2664982145223], [-115.225437046984, 36.2664127654381], [-115.225439092942, 36.2660333936276], [-115.225441381717, 36.2656090970835], [-115.225446641851, 36.264895208948], [-115.225446867581, 36.2646994238406], [-115.225449245389, 36.2646172258056], [-115.225465792914, 36.2626965446112], [-115.225479051619, 36.2611575770619], [-115.225479604702, 36.2610504453231], [-115.225479625387, 36.2610456753189], [-115.225479345697, 36.2610456762182], [-115.225221935446, 36.2610467257271], [-115.223942356657, 36.2610519354997], [-115.223942809915, 36.261099506938], [-115.223942885458, 36.2611075100049], [-115.223943131872, 36.2611329815032], [-115.223945698537, 36.2611557010761], [-115.223945539357, 36.2611903105857], [-115.223941030157, 36.2615916006731], [-115.22326918173, 36.2615960694044], [-115.223226447745, 36.2615959408013], [-115.223168932502, 36.261595328363], [-115.22316914744, 36.261525989734], [-115.223170359727, 36.2611351992314], [-115.223174866229, 36.2610552423069], [-115.223174856337, 36.2610549536245], [-115.22317142902, 36.2610549437319], [-115.223117976016, 36.2610553142526], [-115.222433556865, 36.2610547117069], [-115.222432530739, 36.2611349222402], [-115.222433072131, 36.2615978752431], [-115.222431819375, 36.2621603436263], [-115.222430637666, 36.2627076701242], [-115.221734735971, 36.2627131389015], [-115.221675957182, 36.2627145832127], [-115.221683611312, 36.2610543025153], [-115.220942199425, 36.2610544652927], [-115.220941972796, 36.2611347414764], [-115.220941722784, 36.2611888186104], [-115.220937143437, 36.2616020049299], [-115.220934545295, 36.2621644688165], [-115.220929335523, 36.2627139455934], [-115.220931171938, 36.2628945861176], [-115.220928187988, 36.2635405277745], [-115.220926955017, 36.2638075077116], [-115.220919112929, 36.2643461611478], [-115.220917458176, 36.2647041893482], [-115.220917879958, 36.2649021391237], [-115.220913970605, 36.2654591908902], [-115.220910075642, 36.2660129889096], [-115.22090656199, 36.266513404971], [-115.22090619147, 36.2665646330527], [-115.22090600531, 36.2666048291508], [-115.220904730071, 36.2668809569919], [-115.220903692254, 36.2671054655461], [-115.220899871934, 36.2676527830508], [-115.220897307967, 36.2680200149131], [-115.220895986862, 36.2682094013441], [-115.220895292586, 36.2683451045443], [-115.222399275608, 36.2683431638073]], [[-115.233705798786, 36.2689370050401], [-115.233768229722, 36.2672225060151], [-115.233829346749, 36.2655439996572], [-115.233244072458, 36.2654764587729], [-115.233244274806, 36.2653887919605], [-115.233257690892, 36.2647766081553], [-115.233716942285, 36.2648266212529], [-115.233850461931, 36.264841405208], [-115.233855333559, 36.2646722939925], [-115.233861661189, 36.2644585395313], [-115.233880500187, 36.2638221711576], [-115.233905638037, 36.2629758326698], [-115.233924395197, 36.2623201342681], [-115.233931470163, 36.2621289518909], [-115.233931544807, 36.2621269383089], [-115.232880928914, 36.2619917477223], [-115.232880797613, 36.2619962101583], [-115.232854780226, 36.2628775313743], [-115.232845385009, 36.2631868594873], [-115.232838656281, 36.2634972865718], [-115.232828322172, 36.2637179163501], [-115.23282659997, 36.2638044428221], [-115.232819846061, 36.2641202685369], [-115.23281045624, 36.264428524658], [-115.232803533259, 36.2646564245556], [-115.232801061022, 36.2647378518717], [-115.232784979346, 36.2653478728074], [-115.232781950429, 36.2654279070735], [-115.232257244578, 36.2653776898299], [-115.231741897972, 36.2653253348976], [-115.231752352591, 36.2648530010665], [-115.231775029896, 36.2638283908689], [-115.231780415036, 36.2635850388198], [-115.231799664125, 36.2627466602315], [-115.231805277694, 36.2625021588488], [-115.23074804279, 36.2623737689356], [-115.230758364309, 36.2618600060358], [-115.230758956962, 36.2617281078672], [-115.230758982143, 36.26172257254], [-115.229702502671, 36.2615946071068], [-115.229702442416, 36.2615945990128], [-115.229672486898, 36.2633425779989], [-115.229568318425, 36.2633401075612], [-115.228596496633, 36.2632204050989], [-115.228589134783, 36.263667111849], [-115.228581717175, 36.2641235618542], [-115.228574389499, 36.2645626981113], [-115.228566073468, 36.2649250331651], [-115.228565701148, 36.2650072383946], [-115.227518896582, 36.2649039332712], [-115.22750904271, 36.2656464144518], [-115.227506858257, 36.2658110182652], [-115.227608329663, 36.265819981808], [-115.228056934882, 36.2658645764903], [-115.228545580616, 36.2659125418316], [-115.228596321265, 36.2659170186568], [-115.228592552207, 36.2661744396999], [-115.228590524235, 36.2663128975235], [-115.228583517617, 36.266786824054], [-115.229607108883, 36.2668805334112], [-115.229597121912, 36.2674811096668], [-115.229577846742, 36.268640422119], [-115.230614059993, 36.2687148724947], [-115.231634241929, 36.2687881861272], [-115.23268915838, 36.2688648371439], [-115.233567819402, 36.2689247409853], [-115.233705798786, 36.2689370050401]], [[-115.287607832038, 36.328542475756], [-115.287608385121, 36.3277918431204], [-115.287609067707, 36.3268683463984], [-115.287609761983, 36.3259447147781], [-115.287610390609, 36.3251034853389], [-115.287610445468, 36.3250210732653], [-115.287613139837, 36.3214047419366], [-115.287613198293, 36.321326814782], [-115.287629824959, 36.318541153053], [-115.286526301949, 36.3185360206222], [-115.286526868522, 36.3176140185734], [-115.287635350393, 36.3176149448751], [-115.287640831761, 36.3167001472953], [-115.28764641835, 36.3157634665121], [-115.286530723916, 36.3157627650409], [-115.285507986107, 36.3157621139317], [-115.285406154073, 36.3157620500798], [-115.284267720281, 36.3157609016456], [-115.284270154746, 36.3156715647922], [-115.28426896944, 36.3152880327178], [-115.284267539518, 36.3148285142258], [-115.284272977718, 36.3139150953067], [-115.283719537629, 36.3139133434274], [-115.283718725541, 36.313994133124], [-115.283718613126, 36.3139941322247], [-115.283718446751, 36.314021541762], [-115.283716248808, 36.3143803451781], [-115.283713517567, 36.3148271274712], [-115.283236024325, 36.3148259295743], [-115.283169484386, 36.3148257623004], [-115.283139153851, 36.3148221002611], [-115.28313768346, 36.3157597451174], [-115.283128976223, 36.3176064435838], [-115.281997002262, 36.3176042807143], [-115.280967362156, 36.3176023651583], [-115.280763694491, 36.3176018498468], [-115.279730190898, 36.317599923499], [-115.278766202201, 36.317598147338], [-115.278572679788, 36.3175976626033], [-115.278548518601, 36.3213118779421], [-115.278554048533, 36.3221875037516], [-115.278706453942, 36.3221886063204], [-115.280700922712, 36.3221976292185], [-115.280802762839, 36.322198094168], [-115.280802326668, 36.3222361624702], [-115.28079261399, 36.3230804783827], [-115.280792515065, 36.3230891145723], [-115.280811452089, 36.3230806051871], [-115.280894453219, 36.3230812230214], [-115.281927139328, 36.3230887431522], [-115.281953935528, 36.3230889365065], [-115.282885087279, 36.3230957110995], [-115.282959813747, 36.32309625429], [-115.283061661069, 36.3230969197883], [-115.283061001866, 36.3231624461913], [-115.283053619331, 36.323902386787], [-115.283052791955, 36.3239853456485], [-115.282950946431, 36.3239846801502], [-115.2819176254, 36.3239744818382], [-115.281025345945, 36.3239656666835], [-115.28088430347, 36.3239642736336], [-115.280878040591, 36.3239642259696], [-115.280782466939, 36.3239635074112], [-115.280772323486, 36.3248460562019], [-115.278820933142, 36.3248202996184], [-115.278803158042, 36.3248200648954], [-115.278686907177, 36.3248185297526], [-115.278570652716, 36.3248169937106], [-115.278592784132, 36.3283216409323], [-115.279948638021, 36.3283548942643], [-115.285276345929, 36.3284854110742], [-115.286424585928, 36.328513522982], [-115.287607832038, 36.328542475756]], [[-115.262369888562, 36.3093527949968], [-115.260145420877, 36.3092218222306], [-115.260144659151, 36.3091394083583], [-115.260134675777, 36.3079023360253], [-115.260112210712, 36.3051189477826], [-115.257869143249, 36.3051235334256], [-115.257870311468, 36.3052603589797], [-115.257877916135, 36.306147631909], [-115.257878905389, 36.3062081104173], [-115.25788670431, 36.30717335187], [-115.256766669748, 36.307174812369], [-115.256766089685, 36.3070924074899], [-115.256762308936, 36.3065596805861], [-115.256759405025, 36.3061503766399], [-115.25675886723, 36.3061500151124], [-115.255838982185, 36.3061519621447], [-115.25574275023, 36.3061521680894], [-115.255640929887, 36.3061523812287], [-115.255539111343, 36.3061525979653], [-115.25546814584, 36.3061527472528], [-115.255315870833, 36.3061530701094], [-115.255028743384, 36.3061536762525], [-115.254518370029, 36.3061547518416], [-115.25400800207, 36.3061558247328], [-115.253497629614, 36.3061568958254], [-115.253463686502, 36.3061569668718], [-115.253395807473, 36.3061568040945], [-115.253393414377, 36.3058916237008], [-115.253387808003, 36.3052700006114], [-115.253387806205, 36.3052699115785], [-115.253387388919, 36.3051325518271], [-115.253386571435, 36.3051325527264], [-115.251279865476, 36.3051367426679], [-115.251144450958, 36.3051370061692], [-115.251175934424, 36.3014938498626], [-115.251212759863, 36.2978530488804], [-115.246396083615, 36.2978443038728], [-115.243341072235, 36.2978386570297], [-115.243325024732, 36.2987373189734], [-115.242226542423, 36.2987392462205], [-115.242233840422, 36.2978354851208], [-115.242249423874, 36.2959975208702], [-115.242265152117, 36.2941415315078], [-115.242278120341, 36.2923438370997], [-115.242291292711, 36.2905169857716], [-115.246726186067, 36.2905661175336], [-115.246780259603, 36.2905660536817], [-115.246783098763, 36.2904025875107], [-115.246821643706, 36.2881826775898], [-115.246841673407, 36.2870284499044], [-115.246843106926, 36.2869460054551], [-115.246872784554, 36.2852322726526], [-115.246874207281, 36.2851498282033], [-115.246975959275, 36.2851543140217], [-115.247850697454, 36.2851928859442], [-115.248713795707, 36.2852309407566], [-115.249987965974, 36.285286764374], [-115.251396658631, 36.2853484722555], [-115.251532246718, 36.2853542387085], [-115.252067078035, 36.2853777667718], [-115.252070407326, 36.2852504704341], [-115.252079449109, 36.2849047107851], [-115.252614547526, 36.2849293639004], [-115.252606932066, 36.2851901816828], [-115.252603174699, 36.285318819809], [-115.252600768113, 36.2854012417752], [-115.255812948611, 36.2855424830005], [-115.25591502526, 36.2855469715169], [-115.255941876319, 36.284712668656], [-115.255966783043, 36.2838668688622], [-115.260502976933, 36.28413008064], [-115.260627273132, 36.2808756643817], [-115.260632976633, 36.2807880659178], [-115.260662001352, 36.2800675263965], [-115.260001392652, 36.2800184431979], [-115.259504563987, 36.2799824811079], [-115.259519440572, 36.2796147537192], [-115.259536878426, 36.2791794467753], [-115.258394595536, 36.2790861942737], [-115.258315063092, 36.2807101738368], [-115.256039565176, 36.2805472706413], [-115.256094246654, 36.2788983861529], [-115.253837362007, 36.2787140781934], [-115.253782633764, 36.280315149326], [-115.253776999511, 36.2803843602513], [-115.251522579905, 36.2802245309387], [-115.251386543057, 36.2802133289832], [-115.251095478376, 36.2801924638124], [-115.251044586641, 36.2801888152629], [-115.251053560076, 36.2801070983652], [-115.251071979091, 36.2793409991891], [-115.251407070982, 36.2793663726613], [-115.251446443301, 36.279369192036], [-115.251533455407, 36.279375425237], [-115.251545174472, 36.2793762643045], [-115.251554616455, 36.2789698768596], [-115.251564360609, 36.2785610387622], [-115.251428859756, 36.2785505319828], [-115.250381148673, 36.2784693438864], [-115.250394993736, 36.2776047761408], [-115.250799495303, 36.2776371940026], [-115.250800041191, 36.2775348097849], [-115.250815488846, 36.2769055163778], [-115.250818206597, 36.2767710983089], [-115.250857340596, 36.2767744698672], [-115.251470538836, 36.2768272483801], [-115.251605987528, 36.2768389080904], [-115.25389263344, 36.277036165388], [-115.253887748323, 36.2752901118505], [-115.25277372483, 36.2752068139446], [-115.251598415237, 36.2751189205031], [-115.251118095426, 36.2750830051779], [-115.251118426376, 36.2750049647087], [-115.251121674728, 36.2742381559675], [-115.250964085626, 36.2742279837358], [-115.250775789174, 36.2742144822139], [-115.250779234476, 36.2749792818697], [-115.250779580715, 36.2750576847657], [-115.249404720554, 36.2749548490883], [-115.249297882893, 36.2749480610055], [-115.247024260064, 36.2747858763684], [-115.247025044273, 36.2750985949255], [-115.246917212861, 36.2750949571678], [-115.246111360953, 36.2751323168043], [-115.2460700434, 36.2749978016085], [-115.245799894252, 36.2750376865413], [-115.245588421371, 36.2750271572787], [-115.245561376059, 36.2749697058885], [-115.245403296827, 36.274633992566], [-115.245404392201, 36.2737935788119], [-115.244390152086, 36.2737308546965], [-115.244391255554, 36.2739828744114], [-115.244393328492, 36.2744560428134], [-115.244395377147, 36.2749244708889], [-115.244016036813, 36.2748918138075], [-115.243974000702, 36.2748881976335], [-115.243711045231, 36.2748655589997], [-115.24340606444, 36.2748393041919], [-115.243101073758, 36.2748130475854], [-115.242626123799, 36.2747721563113], [-115.242445286323, 36.2747660355254], [-115.242445521945, 36.2748166700546], [-115.242450550055, 36.2759132251165], [-115.242451177782, 36.2760505731767], [-115.240217215055, 36.2760316568368], [-115.239386867412, 36.2760246115479], [-115.237988185109, 36.2760127306044], [-115.238004681373, 36.2747766205459], [-115.238010581825, 36.2743341900721], [-115.238010998211, 36.2743027731557], [-115.23357574063, 36.2742185381563], [-115.233519120213, 36.2759697295207], [-115.224558166528, 36.2758888714756], [-115.224481713363, 36.2795064825394], [-115.224619346508, 36.2795151600979], [-115.2288407534, 36.279553714034], [-115.228942281463, 36.2795540144075], [-115.228907339205, 36.2813711134874], [-115.228872514757, 36.2831644183046], [-115.22739228193, 36.2831513691416], [-115.227334352101, 36.2859036624254], [-115.227692412677, 36.2859061967149], [-115.227680627961, 36.2867368878984], [-115.227683607415, 36.2868212470042], [-115.226576675975, 36.2868158043073], [-115.224368915895, 36.2868069531796], [-115.224324199804, 36.2886393946936], [-115.224493891982, 36.2886395430817], [-115.224560264647, 36.2886396033363], [-115.224725167035, 36.2886397544224], [-115.224960792109, 36.2886399675618], [-115.225290703905, 36.2886402652373], [-115.225496931041, 36.2886406024831], [-115.225773807118, 36.2886414307587], [-115.225980488411, 36.288642048593], [-115.225980083716, 36.2887307424312], [-115.225977232865, 36.2888938263903], [-115.225975901869, 36.2889699225252], [-115.225973223687, 36.2891230626805], [-115.225968808016, 36.2893755932104], [-115.225965520095, 36.2895636774231], [-115.225852167746, 36.2895642386], [-115.225716681282, 36.2895649112929], [-115.225639987098, 36.2895652908068], [-115.225528179784, 36.2895658447892], [-115.225404222629, 36.2895664599255], [-115.225304390687, 36.2895669536533], [-115.225186576801, 36.289567536414], [-115.225080486477, 36.2895680607188], [-115.224923050261, 36.289568840431], [-115.224901089716, 36.2903565071484], [-115.224897345838, 36.2904910484244], [-115.226503865963, 36.2904890941976], [-115.227638236617, 36.2904870662264], [-115.228745894709, 36.2904860302074], [-115.228692126043, 36.2941063698144], [-115.228649490983, 36.2976195066362], [-115.228648511622, 36.2978358376551], [-115.228624819882, 36.2995274974973], [-115.228612743785, 36.3004312792815], [-115.229731334935, 36.3004345923839], [-115.229721420809, 36.3013457791857], [-115.228600567864, 36.3013424588887], [-115.228576295162, 36.3031617550123], [-115.228559126205, 36.3050741723365], [-115.228699719019, 36.3088165994079], [-115.230958957192, 36.3088620799223], [-115.230890746313, 36.3069259690595], [-115.232027879685, 36.3069470527656], [-115.232026179966, 36.3070229618415], [-115.232043676277, 36.3075710779442], [-115.23204359264, 36.3075946194974], [-115.232054542785, 36.3079115396871], [-115.232085610764, 36.3088847455359], [-115.233210717503, 36.3089073688813], [-115.234337004152, 36.3089300039179], [-115.234360224647, 36.3099090904335], [-115.233235744736, 36.3098850191796], [-115.233310836328, 36.3128189746173], [-115.232199271581, 36.3127763386584], [-115.226607169288, 36.3126141639139], [-115.226693519493, 36.3145478681908], [-115.225580552703, 36.314507806991], [-115.224454222886, 36.3144775546967], [-115.224498318445, 36.3154360017714], [-115.224557626935, 36.3163972070668], [-115.226780339144, 36.3164921727769], [-115.227892905735, 36.3165409106358], [-115.227896556083, 36.3166175211829], [-115.227938523846, 36.3174970797277], [-115.227939031963, 36.3175086755862], [-115.22797662902, 36.3183667322402], [-115.227977799938, 36.3183933953403], [-115.227981077067, 36.3184761518542], [-115.229090078746, 36.3185267144376], [-115.229092455654, 36.3186093684289], [-115.229117560229, 36.3194826497058], [-115.229146256697, 36.320480469999], [-115.233529930064, 36.3207300624437], [-115.233523799386, 36.3197319660587], [-115.23349547254, 36.3187512086027], [-115.233467080044, 36.3177677918514], [-115.233438668662, 36.3167836718303], [-115.233413329364, 36.3159061133777], [-115.233381056293, 36.3147883541006], [-115.233310836328, 36.3128189746173], [-115.235572599798, 36.3128843031694], [-115.237803012002, 36.312948686534], [-115.240025923859, 36.3130128171891], [-115.242243272511, 36.3130767383021], [-115.24221040319, 36.3091158155438], [-115.242210157675, 36.309087938359], [-115.242177112986, 36.3051549242617], [-115.242183769767, 36.3042375986875], [-115.242190399569, 36.303329015423], [-115.242196955627, 36.3024398988835], [-115.242204386725, 36.3015745873986], [-115.242438756346, 36.3015752555948], [-115.24584495928, 36.3050029882986], [-115.245842510426, 36.3051474194192], [-115.246538804225, 36.3051460596442], [-115.246660210003, 36.3051458222232], [-115.251005476923, 36.3051364306031], [-115.251144450958, 36.3051370061692], [-115.251163189232, 36.3071747862887], [-115.251172695066, 36.3082012940558], [-115.251240450888, 36.3082017832869], [-115.251308415353, 36.3082022743168], [-115.252310439078, 36.3082033858789], [-115.25331245201, 36.3082044884477], [-115.253414274152, 36.3082046071582], [-115.253414894684, 36.308273308168], [-115.253417418181, 36.3085530198073], [-115.25341787054, 36.3086030616833], [-115.253421759209, 36.3090347866274], [-115.253423467022, 36.3092234230239], [-115.25678387198, 36.3092233214005], [-115.256783047302, 36.3091409084275], [-115.256773676366, 36.3081996357059], [-115.25728316299, 36.3081988730808], [-115.257794107414, 36.3081981113551], [-115.257895352191, 36.3081979539737], [-115.257899668937, 36.3087106107074], [-115.257901487366, 36.3089257312388], [-115.25790205214, 36.3089927738987], [-115.257903996474, 36.3092232674412], [-115.259975624378, 36.3092219310486], [-115.260145420877, 36.3092218222306], [-115.260163135722, 36.3114160511112], [-115.260333518579, 36.3114211439719], [-115.261321465216, 36.3114543172642], [-115.261321115379, 36.3114869104938], [-115.261320580283, 36.3115368084783], [-115.261325238771, 36.312250990692], [-115.261327390849, 36.3126077112781], [-115.262458745177, 36.3126453901739], [-115.262458106658, 36.3125513219872], [-115.262456281934, 36.3122818725117], [-115.262455381713, 36.3109607999023], [-115.262444428869, 36.3100302138246], [-115.262441752487, 36.3098025720324], [-115.26243650944, 36.3093567142422], [-115.262369888562, 36.3093527949968]]]}, "properties": {"FID": 1, "OBJECTID": 74, "LIVE_CLV_W": 1148266504.38903, "PERIMETER": 614268.75596744, "WARD": "6", "CNTY_IS": 0, "SHADE": 93, "ACRES": 26360.67716871, "SQ_MILES": 41.18855808, "Shape__Area": 1148266505.515625, "Shape__Length": 455249.74515039555, "district_id": "6"}}, {"type": "Feature", "id": 2, "geometry": {"type": "Polygon", "coordinates": [[[-115.370531515619, 36.2182076873362], [-115.351977419924, 36.2179640735844], [-115.34763248935, 36.2180787461385], [-115.347617224258, 36.2180563395298], [-115.347595725964, 36.2180247535409], [-115.347567474661, 36.2179832606203], [-115.347565814513, 36.2179807155389], [-115.347503212705, 36.217880737907], [-115.34750177379, 36.2178783340192], [-115.347471508006, 36.217826077113], [-115.347457150329, 36.2178012864015], [-115.347457133242, 36.2178012558246], [-115.347414973025, 36.2177232855025], [-115.347413737356, 36.2177209211849], [-115.347362185519, 36.2176170198109], [-115.347360770885, 36.2176140115787], [-115.347313846059, 36.2175089896494], [-115.347312826228, 36.2175065911576], [-115.347306611913, 36.2174917550418], [-115.347302663889, 36.2174814632003], [-115.347280055832, 36.2174255613419], [-115.347249884477, 36.2173438723232], [-115.347213492511, 36.2172332620067], [-115.347212434908, 36.2172297933216], [-115.347201191584, 36.2171919390581], [-115.347181716765, 36.217121134534], [-115.347180998207, 36.2171183808099], [-115.347160692414, 36.2170348436844], [-115.34714305581, 36.2169509099578], [-115.347142467653, 36.2169478738466], [-115.347123572897, 36.2168375531119], [-115.347123035102, 36.2168339387366], [-115.347108877075, 36.2167229561008], [-115.347108595587, 36.216720314792], [-115.347101005309, 36.2166354196902], [-115.347100998115, 36.2166353306573], [-115.347096114796, 36.2165502206175], [-115.34709600328, 36.2165476008924], [-115.34709382782, 36.2164357603034], [-115.347093835914, 36.2164323266918], [-115.347096481719, 36.2163205265724], [-115.347096591437, 36.2163180759198], [-115.347101837182, 36.2162328750484], [-115.347109801578, 36.2161478117734], [-115.347110025509, 36.2161457217489], [-115.347124769894, 36.2160338640729], [-115.347125206965, 36.2160310231145], [-115.347144847259, 36.2159191924181], [-115.347145139539, 36.2159177553015], [-115.347163196127, 36.2158335158054], [-115.347183947084, 36.2157496729103], [-115.347184327497, 36.215748216908], [-115.347215965646, 36.2156380130851], [-115.347216647333, 36.2156358133434], [-115.347252932279, 36.2155268092161], [-115.347253015017, 36.2155265708958], [-115.347253479067, 36.2155252758721], [-115.347284242176, 36.2154429753144], [-115.347317643896, 36.2153613528454], [-115.347317800378, 36.2153609994118], [-115.347366426721, 36.2152533181873], [-115.347366738786, 36.2152526778701], [-115.347419829364, 36.2151467260419], [-115.347419959765, 36.2151464859229], [-115.34746294646, 36.2150676891239], [-115.347508458451, 36.2149898303177], [-115.347526132827, 36.2149631330435], [-115.347526396328, 36.2149627805092], [-115.347544752391, 36.214939266835], [-115.347545512318, 36.2149383666136], [-115.347565617561, 36.2149161983251], [-115.347566497098, 36.2149152891106], [-115.34758844955, 36.2148943196185], [-115.347589795835, 36.2148931235201], [-115.347605158953, 36.2148803711335], [-115.347613024424, 36.2148738420555], [-115.34761436891, 36.2148727871507], [-115.347639475284, 36.2148546631135], [-115.347641362061, 36.2148533977674], [-115.347667396535, 36.2148371002533], [-115.347669086361, 36.2148361074018], [-115.347704760668, 36.2148171937598], [-115.347706754465, 36.2148162413777], [-115.34773550669, 36.2148034916891], [-115.347738014, 36.2148024700592], [-115.347768144886, 36.2147912528154], [-115.347769884175, 36.2147906727526], [-115.347809685471, 36.2147788133929], [-115.347811634302, 36.2147783079739], [-115.347843779669, 36.214770991989], [-115.347845698822, 36.2147706142737], [-115.34787861221, 36.2147650960336], [-115.347880314627, 36.2147648595119], [-115.347914553616, 36.2147611210302], [-115.347914636354, 36.2147611129364], [-115.347915202926, 36.2147610760641], [-115.347950049857, 36.2147592621316], [-115.347985535306, 36.2147594123183], [-115.348010842229, 36.2147597027994], [-115.348013461055, 36.214759676719], [-115.348036499887, 36.2147589626573], [-115.348041140388, 36.2147587162431], [-115.348062219598, 36.2147571658118], [-115.348067541786, 36.2147566603929], [-115.348097606122, 36.2147529371996], [-115.348103870799, 36.2147519794216], [-115.348122486766, 36.2147487220771], [-115.348130429578, 36.2147471482636], [-115.348147968156, 36.2147432892727], [-115.348155924459, 36.2147413584282], [-115.348173703156, 36.2147366261957], [-115.348180748445, 36.214734585634], [-115.348199420169, 36.2147287211549], [-115.348204907832, 36.2147268595582], [-115.348224284625, 36.2147198061754], [-115.348228374742, 36.2147182152747], [-115.348248955727, 36.2147096474336], [-115.348250917148, 36.2147087858831], [-115.348271424389, 36.2146991253656], [-115.348271721165, 36.2146989796755], [-115.348274597197, 36.2146975371629], [-115.348293432598, 36.2146875528895], [-115.348295264517, 36.2146865231658], [-115.348297345548, 36.2146853549465], [-115.348314449754, 36.2146752186877], [-115.348314734839, 36.2146750460179], [-115.348318203524, 36.2146728678599], [-115.348319112739, 36.2146722976897], [-115.348334878754, 36.214661882641], [-115.348340165868, 36.21465819632], [-115.348354228567, 36.2146478685056], [-115.348354526243, 36.2146476445744], [-115.348359959047, 36.2146434312506], [-115.348373011807, 36.2146327841769], [-115.348378835817, 36.2146277758525], [-115.348390340844, 36.2146173599045], [-115.34839648771, 36.2146115026201], [-115.348407384795, 36.2146005236965], [-115.348413234885, 36.2145943021866], [-115.348422403473, 36.2145840130431], [-115.348423090555, 36.2145832324315], [-115.34842869513, 36.2145765738511], [-115.348443002445, 36.2145581863126], [-115.348451118826, 36.2145467001713], [-115.34845590322, 36.2145395037963], [-115.348463249781, 36.2145277325701], [-115.34846732461, 36.2145207880052], [-115.348474445441, 36.2145077208559], [-115.348478064313, 36.2145005784402], [-115.348484215676, 36.2144874636268], [-115.348487188835, 36.2144805955044], [-115.348492611747, 36.2144669285072], [-115.348492751142, 36.2144665642818], [-115.348494997648, 36.2144603445706], [-115.348495265646, 36.2144595459725], [-115.348499833303, 36.2144455264412], [-115.348501529424, 36.2144397186194], [-115.34850555389, 36.2144241225765], [-115.348506008048, 36.214422110793], [-115.348506705023, 36.2144190234205], [-115.348506844417, 36.2144183264459], [-115.348509752825, 36.214403129702], [-115.348509887723, 36.21440238956], [-115.348510373357, 36.2143993192745], [-115.348510584698, 36.2143979909758], [-115.348512815916, 36.2143801978891], [-115.348513105498, 36.2143770313762], [-115.348513153162, 36.2143763640792], [-115.348514226053, 36.2143585530061], [-115.348514265623, 36.2143571626542], [-115.348514302495, 36.2143558955095], [-115.348514223355, 36.2143364719519], [-115.348514173892, 36.2143350420299], [-115.348511975949, 36.2143072448848], [-115.348508860698, 36.2142728952792], [-115.348508849906, 36.2142726866365], [-115.348507951483, 36.2142489400379], [-115.348507952382, 36.21424860549], [-115.348509197044, 36.2142015997253], [-115.348509277084, 36.2142004503918], [-115.348514505742, 36.2141541110247], [-115.348514540816, 36.2141538583152], [-115.348514731472, 36.2141526631162], [-115.348523958516, 36.2141066439078], [-115.348524293963, 36.2141052562539], [-115.348533718858, 36.214071458832], [-115.348534324102, 36.2140695585646], [-115.34854121201, 36.2140490594178], [-115.348541732717, 36.2140475737379], [-115.348559932297, 36.2140027803053], [-115.348560368468, 36.2140018162322], [-115.348582516072, 36.2139579185244], [-115.348582708527, 36.2139575893726], [-115.348608649472, 36.2139149246354], [-115.348648547894, 36.2138507094439], [-115.34864876643, 36.2138503209368], [-115.348683937116, 36.2137854852133], [-115.348684527071, 36.2137843151953], [-115.348715332449, 36.2137183580171], [-115.348715906216, 36.2137170441076], [-115.348733694806, 36.2136732812982], [-115.348734708342, 36.2136706300968], [-115.348750260318, 36.2136273169484], [-115.348750929414, 36.2136253321447], [-115.348771532882, 36.213556999857], [-115.348771834155, 36.2135559017847], [-115.348788134367, 36.2134862088228], [-115.348788381681, 36.2134849650604], [-115.34880012233, 36.2134148683028], [-115.348800286007, 36.2134136587147], [-115.348805591107, 36.2133666403595], [-115.348805634275, 36.2133661079608], [-115.348808830465, 36.2133208118073], [-115.348809205483, 36.2132992451653], [-115.348809201885, 36.213299135448], [-115.348807566918, 36.213270799609], [-115.348807543536, 36.2132705208192], [-115.348807539039, 36.2132704722558], [-115.348804674698, 36.2132490782837], [-115.348804654913, 36.2132489685663], [-115.348798704998, 36.2132207325521], [-115.348798675321, 36.2132206210361], [-115.348792633675, 36.2131997315836], [-115.348792597702, 36.2131996254636], [-115.348782445256, 36.2131721862487], [-115.348782402088, 36.2131720891219], [-115.348769909606, 36.213145283929], [-115.348769861042, 36.2131451939968], [-115.348755089678, 36.2131191568249], [-115.348755023128, 36.2131190525036], [-115.348742517156, 36.2131001442576], [-115.348742467693, 36.2131000759091], [-115.348723878706, 36.213075674604], [-115.348723788774, 36.213075568484], [-115.348708541668, 36.2130580469925], [-115.348708483212, 36.2130579849394], [-115.348686361688, 36.2130356008136], [-115.348686246575, 36.2130354946937], [-115.348668489461, 36.2130196189615], [-115.348668462482, 36.2130195964785], [-115.3486681729, 36.2130193590575], [-115.348643098003, 36.2129995317043], [-115.348642992782, 36.212999455262], [-115.348616042798, 36.2129809265298], [-115.348615971752, 36.2129808815637], [-115.348592589379, 36.2129667747981], [-115.348569136858, 36.2129526257644], [-115.348569024443, 36.2129525502213], [-115.348542078956, 36.2129340196906], [-115.348541959346, 36.2129339279597], [-115.348522872135, 36.2129190882466], [-115.348522776807, 36.212919005509], [-115.34849881527, 36.2128979496819], [-115.348498716345, 36.2128978534545], [-115.348476635291, 36.2128755026037], [-115.348476555251, 36.2128754135708], [-115.348461298253, 36.2128578749923], [-115.348461217313, 36.2128577724695], [-115.348442659803, 36.2128334053387], [-115.348442549187, 36.2128332425614], [-115.348430087281, 36.2128143945699], [-115.348430055805, 36.2128143397113], [-115.348415269152, 36.2127882656672], [-115.348415216092, 36.2127881568493], [-115.348402733502, 36.2127613642469], [-115.348402693931, 36.2127612635228], [-115.34839486983, 36.2127407580808], [-115.34839482936, 36.2127406285784], [-115.34838647286, 36.2127128188428], [-115.348386457571, 36.212712752293], [-115.348380504059, 36.2126844731113], [-115.348380479778, 36.2126843085353], [-115.348377635222, 36.2126630296763], [-115.348377612739, 36.2126627517858], [-115.348375973275, 36.2126343062296], [-115.348375974174, 36.2126341497475], [-115.348376349191, 36.2126127386882], [-115.34838870048, 36.212365102269], [-115.348314339138, 36.2123447218327], [-115.348133648251, 36.2122952006643], [-115.347881487343, 36.212226090463], [-115.347796728039, 36.2122048493756], [-115.347796566161, 36.2122048134027], [-115.34771071418, 36.2121872298581], [-115.347710468665, 36.2121871875899], [-115.347623679591, 36.2121732822725], [-115.347623474546, 36.2121732552928], [-115.347613283428, 36.2121718721355], [-115.347565206571, 36.2121660445286], [-115.347565004224, 36.2121660238443], [-115.347477004662, 36.2121582950705], [-115.347476921025, 36.212158290574], [-115.34738842234, 36.212154300282], [-115.347299703321, 36.2121540673576], [-115.347240817512, 36.2121559937054], [-115.347240600775, 36.2121560017994], [-115.34715244653, 36.2121620155658], [-115.347152193821, 36.2121620353509], [-115.347093858397, 36.2121681003788], [-115.347093524749, 36.2121681381503], [-115.34706073097, 36.2121722885216], [-115.347038927806, 36.2121753444179], [-115.347006318389, 36.2121803590376], [-115.34700610435, 36.2121803923126], [-115.346919710079, 36.2121963130107], [-115.346919593167, 36.2121963363931], [-115.346834357222, 36.2122158984462], [-115.346834230418, 36.2122159299225], [-115.346778161285, 36.2122309665871], [-115.346778076749, 36.2122309899695], [-115.346757227766, 36.2122370361116], [-115.346736478608, 36.2122433025876], [-115.346726143599, 36.2122465176639], [-115.346705550923, 36.2122531123925], [-115.346695294155, 36.2122564902461], [-115.346695145767, 36.2122565379102], [-115.346626022975, 36.2122809958726], [-115.346575539532, 36.2122982907349], [-115.346570143599, 36.2122999562793], [-115.346569846823, 36.2123000444128], [-115.346522318552, 36.2123132788361], [-115.346511167858, 36.212316020869], [-115.346467888884, 36.2123253972006], [-115.346441260858, 36.2123301977817], [-115.346435291158, 36.2123311762441], [-115.346405317653, 36.212335537956], [-115.346370061531, 36.2123395336438], [-115.346311941945, 36.2123434816676], [-115.346253624507, 36.2123441885348], [-115.346210208836, 36.2123429411751], [-115.346151394074, 36.212337905871], [-115.346107646553, 36.2123319541577], [-115.346064343297, 36.2123241534382], [-115.346007502546, 36.212310919015], [-115.345951937934, 36.2122945036897], [-115.345911266094, 36.2122801523085], [-115.345858586507, 36.2122583707285], [-115.345820375212, 36.212240109095], [-115.345015552128, 36.2118320749915], [-115.344678300965, 36.2116610895889], [-115.344616154214, 36.2116276168223], [-115.344577961806, 36.2116049772892], [-115.344540767645, 36.2115812702607], [-115.344504616697, 36.2115565254146], [-115.344469553929, 36.2115307751264], [-115.344439397862, 36.2115066040478], [-115.34441909207, 36.2114903281175], [-115.344371311989, 36.2114477955806], [-115.34434101293, 36.2114183409849], [-115.3443120017, 36.2113880464225], [-115.344284311574, 36.2113569496648], [-115.344257977626, 36.2113250893827], [-115.34423303313, 36.2112925033476], [-115.344209506865, 36.2112592311299], [-115.344187426711, 36.2112253158969], [-115.344166820544, 36.2111907936215], [-115.344147714448, 36.2111557119678], [-115.344130130903, 36.211120110506], [-115.344114089696, 36.2110840342022], [-115.344099613309, 36.2110475262236], [-115.344080868739, 36.2109920506439], [-115.344073389078, 36.2109654037317], [-115.344070373651, 36.2109546586319], [-115.344061494644, 36.2109169923266], [-115.34405424431, 36.2108790975936], [-115.344048630742, 36.2108410211975], [-115.344044658436, 36.2108028099031], [-115.344042336387, 36.2107645086764], [-115.344041946081, 36.2107069934343], [-115.34404375192, 36.2106686733219], [-115.344047205316, 36.2106304296519], [-115.344055468287, 36.2105733029169], [-115.344067410385, 36.2105166060578], [-115.344077398256, 36.2104791223149], [-115.344088995013, 36.2104419452409], [-115.34410218447, 36.2104051180031], [-115.344116954036, 36.2103686855677], [-115.344142024437, 36.210314877331], [-115.344160654793, 36.2102796275041], [-115.344180792412, 36.2102449262636], [-115.344202410315, 36.2102108149784], [-115.34422548512, 36.2101773359166], [-115.344249988049, 36.210144530447], [-115.344275888524, 36.2101124372405], [-115.344277457841, 36.2101106332005], [-115.344303155069, 36.2100810967665], [-115.344331754409, 36.2100505458973], [-115.344361652371, 36.2100208233036], [-115.344392812081, 36.2099919649585], [-115.344441834126, 36.2099503713139], [-115.344475978686, 36.2099238215284], [-115.3445112447, 36.2098982556013], [-115.344547592599, 36.2098737014115], [-115.344584974719, 36.2098501913346], [-115.344623346992, 36.2098277514509], [-115.344662660855, 36.209806411438], [-115.344723294946, 36.2097765179733], [-115.34501873303, 36.2096393174019], [-115.34501671765, 36.209629077721], [-115.344995980183, 36.2095236924657], [-115.344799082614, 36.2085230977641], [-115.344834815377, 36.2084867138921], [-115.344873217327, 36.2084502571749], [-115.344933704829, 36.2083976639224], [-115.344997507231, 36.208347707482], [-115.345064446469, 36.2083005254502], [-115.345134342678, 36.2082562473293], [-115.345207001604, 36.208214995427], [-115.345282225397, 36.2081768794607], [-115.345359805413, 36.2081420082484], [-115.34543953391, 36.2081104753195], [-115.345521186955, 36.2080823670089], [-115.345604544217, 36.2080577597591], [-115.345648419441, 36.2080468788617], [-115.345943539165, 36.2079963297681], [-115.345950380308, 36.2079955491566], [-115.346038755786, 36.2079892646941], [-115.34749599025, 36.2079136451999], [-115.347626074486, 36.2079068939892], [-115.348010286448, 36.2078869524222], [-115.347995989026, 36.2076982683617], [-115.347995590626, 36.2076930190189], [-115.34799558613, 36.2076929623616], [-115.347989584954, 36.2076137689616], [-115.347982341814, 36.2075181908132], [-115.347982117883, 36.2075152401375], [-115.347975056406, 36.2074220496891], [-115.3477665342, 36.2073897046724], [-115.347627698662, 36.2073651999453], [-115.347493553087, 36.2073415216952], [-115.347493465853, 36.2073415055073], [-115.347394266135, 36.2073223346593], [-115.347173306305, 36.2072764044837], [-115.346953283569, 36.2072261710522], [-115.346904159002, 36.2072133431226], [-115.346855632484, 36.207198412578], [-115.346528465419, 36.2072008092712], [-115.346495833518, 36.2072010484909], [-115.346457273287, 36.2071911982165], [-115.345595398111, 36.2069231525827], [-115.345073679809, 36.2067527733231], [-115.344585124006, 36.2065932228003], [-115.344311959432, 36.206504011852], [-115.343888277124, 36.2063656430613], [-115.343722047337, 36.2063113536873], [-115.343350962779, 36.206191944404], [-115.343073795322, 36.2061089918378], [-115.342737081054, 36.2060152626955], [-115.342433513998, 36.2059385595182], [-115.342113081056, 36.2058634481409], [-115.342105440416, 36.2058611224941], [-115.341762295096, 36.2057806889289], [-115.341749684802, 36.2057777328574], [-115.341182543542, 36.2056447923746], [-115.340795902511, 36.205554991471], [-115.340626455848, 36.2055150255993], [-115.340465202909, 36.205476990572], [-115.340466205653, 36.2054742827133], [-115.340485479923, 36.2053806075303], [-115.340653531737, 36.2045644403979], [-115.340782671685, 36.2037144758437], [-115.340879397368, 36.2029257587181], [-115.34092758844, 36.2025327954534], [-115.341081102713, 36.20128098593], [-115.341282625495, 36.199921005951], [-115.341483705811, 36.1982960524222], [-115.341550088368, 36.1977595843387], [-115.341740509919, 36.1963913494825], [-115.342432792741, 36.1916402958643], [-115.341654746971, 36.1915767578624], [-115.341525548567, 36.1915000259067], [-115.341464247179, 36.1914636186524], [-115.340787807713, 36.1913996525732], [-115.340335615099, 36.1913599843771], [-115.339822960164, 36.1913242731979], [-115.339291433855, 36.1912982432207], [-115.338809675129, 36.1913062031201], [-115.338434530132, 36.1913233208159], [-115.337982050633, 36.1913760498661], [-115.337574786349, 36.1914235160837], [-115.337242707187, 36.191489331169], [-115.337017731885, 36.1915375663069], [-115.336034451831, 36.1917966456999], [-115.335507933846, 36.1919286868607], [-115.333667958711, 36.1923900984256], [-115.332798001329, 36.1926214634111], [-115.331434650691, 36.192976052604], [-115.330824591984, 36.1931273869207], [-115.330131617582, 36.1932915500663], [-115.330048773834, 36.1933091372082], [-115.329934190313, 36.1933334638696], [-115.329531508075, 36.1934298900786], [-115.329197075387, 36.1934997674017], [-115.328839129924, 36.1935619618164], [-115.328509476234, 36.1936089540912], [-115.328311691034, 36.193635242174], [-115.328151579334, 36.1936558852122], [-115.327965598636, 36.1936707501063], [-115.32774430156, 36.1936893561801], [-115.327468230377, 36.1937039620695], [-115.327150467522, 36.1937207721972], [-115.326762097095, 36.1937294794332], [-115.326383173147, 36.1937286664461], [-115.326008987727, 36.1937183242426], [-115.325726614993, 36.1937005473437], [-115.325100723722, 36.1936515046145], [-115.324300479086, 36.1935798781102], [-115.323668645993, 36.1935208834833], [-115.323644768993, 36.1937330425472], [-115.323599842461, 36.1940341931248], [-115.323496805335, 36.1947998894047], [-115.323469223128, 36.1949662621846], [-115.323403323507, 36.1952977235124], [-115.323323185819, 36.1956271244935], [-115.323277798834, 36.1957909180177], [-115.323176500997, 36.1961164609073], [-115.32306123579, 36.1964389362092], [-115.322932147103, 36.1967579482221], [-115.322746446993, 36.197160764459], [-115.322599863795, 36.1974465159453], [-115.322054451054, 36.1984561353437], [-115.321058946515, 36.2003098017572], [-115.320921327759, 36.2005781927307], [-115.320795349828, 36.2008503230853], [-115.320681168303, 36.2011258510785], [-115.32062854987, 36.201264786442], [-115.320526002875, 36.201566044039], [-115.320448232202, 36.2018273285697], [-115.320376352988, 36.2021120791105], [-115.320345015212, 36.2022551801338], [-115.320291632355, 36.2025425935672], [-115.320269586374, 36.2026868232396], [-115.320244413451, 36.2028851426365], [-115.320169591656, 36.203553610512], [-115.320151548557, 36.2037147492376], [-115.319993404574, 36.2051276183462], [-115.318519591108, 36.2049771761571], [-115.314185907456, 36.2045343841558], [-115.312986348543, 36.2044117912724], [-115.3117472995, 36.2042963965628], [-115.311269730716, 36.2042477783136], [-115.310088428041, 36.2042116759294], [-115.308622777721, 36.2043832431934], [-115.308205430239, 36.2044866085714], [-115.30787293469, 36.2045865088616], [-115.307440503778, 36.2047414278759], [-115.307125508138, 36.2048734708353], [-115.305507938942, 36.2055956723037], [-115.305021922826, 36.2057924844369], [-115.304584309121, 36.2059375468816], [-115.304187046197, 36.2060433170468], [-115.303845081687, 36.206119380806], [-115.303498677224, 36.2061808143944], [-115.303031549569, 36.2062396750223], [-115.302560501768, 36.2062719543885], [-115.302206015997, 36.2062786120696], [-115.301733622811, 36.2062640457504], [-115.301380776504, 36.2062355903016], [-115.299800822352, 36.2060741503031], [-115.299801551702, 36.206069453144], [-115.299803755041, 36.2060552654394], [-115.29931119276, 36.2060088865022], [-115.299006036601, 36.2059803815906], [-115.297335729363, 36.205815589819], [-115.297335047676, 36.2058155223698], [-115.296889469576, 36.2057676514573], [-115.296246251965, 36.2057041854012], [-115.295569237832, 36.2056279480727], [-115.295051324561, 36.205555100289], [-115.294882663906, 36.2055270783133], [-115.294762911082, 36.2055097546727], [-115.294405186852, 36.2054499542533], [-115.294103537151, 36.2053945236396], [-115.293813910486, 36.2053369382504], [-115.293509612281, 36.2052728453668], [-115.293301417429, 36.205226143573], [-115.293086551405, 36.2051761889313], [-115.292542071262, 36.2050415541257], [-115.292237818922, 36.2049601411988], [-115.291942929425, 36.2048733206485], [-115.29145990895, 36.2047268228859], [-115.291328477529, 36.2046850466789], [-115.291197059599, 36.2046432722705], [-115.290884862648, 36.2045369544182], [-115.290630038847, 36.2044490816611], [-115.290324531954, 36.2043373534874], [-115.290091076045, 36.2042494969181], [-115.289698886197, 36.2040944025359], [-115.289551487313, 36.2040342145087], [-115.28940408843, 36.2039740255821], [-115.289091995801, 36.2038426139468], [-115.289081747127, 36.2038380876589], [-115.288783952819, 36.2037066922114], [-115.28859996322, 36.2036197970173], [-115.288403987456, 36.2035284798568], [-115.28826400708, 36.2034621620504], [-115.288212572155, 36.2034371662935], [-115.288132030671, 36.2033980259994], [-115.287892099643, 36.203273048114], [-115.287832287532, 36.203240909042], [-115.287817728408, 36.2032330849402], [-115.287641862384, 36.2031367828376], [-115.287270210354, 36.2029354264301], [-115.28723816751, 36.2029180659173], [-115.286810492213, 36.2026749377994], [-115.286699898084, 36.2026092639077], [-115.286589304855, 36.2025435891167], [-115.286104350837, 36.2022353545793], [-115.285972454467, 36.2021479863418], [-115.285840577883, 36.2020606315942], [-115.285835823167, 36.2020403204058], [-115.285812119736, 36.2020643988543], [-115.285132916653, 36.2016225169669], [-115.284452145153, 36.2011796062551], [-115.283857226532, 36.2007925434424], [-115.283004362563, 36.2002376464515], [-115.282395157313, 36.1998412720583], [-115.28169565833, 36.1993936992611], [-115.281108649247, 36.1990180965092], [-115.280023597413, 36.1983884874401], [-115.27938871472, 36.1981007214724], [-115.278721477117, 36.1977982830656], [-115.27783304676, 36.1992236779317], [-115.276634025642, 36.2005172861451], [-115.276040988403, 36.201143202598], [-115.275612130498, 36.2016785258446], [-115.275368447498, 36.2020496868449], [-115.275116043773, 36.2025821691331], [-115.274864813662, 36.2035171870699], [-115.273763002063, 36.2033522612991], [-115.273231248226, 36.203269515577], [-115.27266152771, 36.2031906468322], [-115.272210792896, 36.2031345174453], [-115.271771241152, 36.2030896178928], [-115.271648641973, 36.2030764113486], [-115.271265752015, 36.2030441751498], [-115.270788325323, 36.2030157439827], [-115.270535313656, 36.2030044646856], [-115.270418542084, 36.2029990381764], [-115.270122322489, 36.2029883758142], [-115.269828963638, 36.2029831876253], [-115.269717786749, 36.2029806893087], [-115.269633234289, 36.202980260332], [-115.26887967436, 36.2029851508453], [-115.26789694469, 36.2030306394537], [-115.266952413725, 36.2031119336701], [-115.266189812012, 36.2032046924439], [-115.266119817778, 36.2029921907383], [-115.265970038389, 36.2027587788958], [-115.264812562352, 36.2013862920451], [-115.26462073606, 36.2011588247213], [-115.26432875497, 36.2007371865732], [-115.264119796594, 36.2002383506207], [-115.264035001316, 36.1997642685075], [-115.264053929348, 36.199280196725], [-115.264113256724, 36.1990019599738], [-115.264237165315, 36.1985584584074], [-115.264304332081, 36.1983180426449], [-115.264689485633, 36.1969395591146], [-115.264697678457, 36.196941123935], [-115.265052433125, 36.1970021977945], [-115.265168654312, 36.1970200403439], [-115.265284910572, 36.1970378882892], [-115.265518130859, 36.19707028097], [-115.265752004054, 36.1970993659443], [-115.265986473499, 36.1971251396148], [-115.266221467249, 36.1971475902903], [-115.266456896271, 36.197166712575], [-115.266692710203, 36.1971824992742], [-115.266928829004, 36.1971949467907], [-115.267165171738, 36.1972040497285], [-115.267401682644, 36.1972098053895], [-115.267638276288, 36.1972122146733], [-115.267874890616, 36.1972112748817], [-115.268111446488, 36.1972069842163], [-115.26834787016, 36.1971993489721], [-115.268584093283, 36.1971883673506], [-115.26882004661, 36.197174045647], [-115.269055655496, 36.1971563838613], [-115.269290846198, 36.1971353909868], [-115.269525553963, 36.1971110733187], [-115.269599533094, 36.1971023418009], [-115.269628283521, 36.1970989486589], [-115.269759692458, 36.1970834389509], [-115.269973329108, 36.19705572904], [-115.269786344766, 36.1961269398078], [-115.269564429857, 36.1950836956573], [-115.269564729331, 36.1950802440593], [-115.269689157731, 36.1936453127823], [-115.269688771922, 36.1936452120582], [-115.268062453222, 36.1932220342708], [-115.266161333181, 36.1923472915955], [-115.265526464877, 36.1920054197157], [-115.264691541484, 36.1915558081553], [-115.263816606353, 36.1911978483034], [-115.262677079886, 36.1910076794621], [-115.262289669934, 36.1910039517723], [-115.26114074645, 36.1910372410771], [-115.260138569841, 36.1910662720921], [-115.260138361199, 36.1910615110812], [-115.260037213549, 36.1887697741071], [-115.259828354997, 36.1840376449227], [-115.259830656362, 36.1834781281144], [-115.259851195978, 36.1784824004437], [-115.259851305695, 36.1784555529827], [-115.259858209791, 36.1784637035384], [-115.259935063155, 36.1784636945452], [-115.260309722518, 36.1784592114247], [-115.260670672616, 36.1784409551872], [-115.26134033569, 36.1783864418821], [-115.263345330125, 36.1781624306529], [-115.265040499122, 36.1779856374286], [-115.265551908496, 36.1779444592707], [-115.265734091357, 36.1779297886301], [-115.266353662194, 36.1779012135714], [-115.266998396061, 36.1778823143187], [-115.268780004296, 36.1778526690668], [-115.274718789842, 36.1777504107541], [-115.275933323366, 36.1777408959269], [-115.276324703824, 36.1777307767553], [-115.277151111537, 36.1777261317569], [-115.277474670522, 36.1777152553561], [-115.277762990472, 36.1776988220443], [-115.277977190097, 36.1776812447949], [-115.278234505021, 36.1776609632841], [-115.278228370745, 36.1775416853018], [-115.278217461069, 36.1770775793681], [-115.2781914203, 36.1763594572245], [-115.278188067627, 36.1762747518796], [-115.278167928209, 36.1760071397191], [-115.278142161734, 36.1758253615525], [-115.278076493238, 36.17546606261], [-115.278040549134, 36.1751783784807], [-115.278020426803, 36.174906473856], [-115.278005659036, 36.174597438922], [-115.277966617667, 36.1736944089711], [-115.277958115477, 36.1707811883025], [-115.277955906742, 36.1700239933139], [-115.277950209537, 36.1681735221916], [-115.27794562929, 36.1665324357246], [-115.277945126569, 36.1663523590754], [-115.277943298247, 36.1656215861686], [-115.277942000525, 36.1651023571893], [-115.277942665124, 36.1643672810265], [-115.277941521186, 36.1638123426668], [-115.277946592463, 36.1635107046566], [-115.277960521163, 36.1633318888569], [-115.27798896672, 36.1632008045748], [-115.278024847871, 36.1630482759585], [-115.278064974721, 36.1629386827753], [-115.278086675362, 36.1628882002316], [-115.278138252381, 36.1627890913448], [-115.278244483898, 36.162559926101], [-115.278389451914, 36.1623361352058], [-115.278528286553, 36.1621767150846], [-115.278696482259, 36.1620292928189], [-115.279477072211, 36.161367818971], [-115.279642486314, 36.1612445650859], [-115.279738328863, 36.161150138969], [-115.279827943607, 36.1610517738216], [-115.279911083232, 36.1609497385409], [-115.279987522908, 36.1608443137155], [-115.280057048596, 36.1607357880275], [-115.280119472338, 36.1606244582534], [-115.280174623262, 36.1605106319614], [-115.280222349384, 36.1603946203168], [-115.280262518503, 36.1602767407803], [-115.280295022699, 36.1601573189064], [-115.280319772042, 36.1600366784513], [-115.280336698182, 36.1599151548618], [-115.280345753456, 36.1597930781893], [-115.280346916279, 36.1596707856795], [-115.280340181257, 36.1595486100816], [-115.280280216261, 36.1590595947258], [-115.280273159281, 36.1589376592468], [-115.280269440584, 36.1589356969262], [-115.279376128708, 36.1590616101065], [-115.277944626545, 36.1590647883106], [-115.277875671927, 36.1590651183618], [-115.276914394686, 36.1590697049043], [-115.276817553889, 36.1590701662565], [-115.275668022463, 36.1590711492155], [-115.274546446464, 36.1590765028796], [-115.273455527453, 36.1590765001816], [-115.273220933901, 36.1590776009518], [-115.272323293587, 36.1590818115777], [-115.271285714266, 36.1590788573047], [-115.271222804891, 36.1590806973176], [-115.27119577127, 36.1590807440824], [-115.271163478414, 36.1590808043369], [-115.270162487111, 36.1590826470479], [-115.270157716208, 36.1590826560411], [-115.270131820229, 36.1590826569404], [-115.270100887148, 36.1590826524438], [-115.269037714921, 36.1590837694017], [-115.268992201131, 36.1590838044753], [-115.268946686443, 36.1590838404482], [-115.268377501922, 36.1590850923044], [-115.267911153979, 36.1590861148336], [-115.267860460094, 36.1590858216546], [-115.26780972664, 36.159085526677], [-115.266788242486, 36.1590866454337], [-115.266769244307, 36.1590866670174], [-115.266113685301, 36.1590884009103], [-115.265917607014, 36.1590889153225], [-115.265637322507, 36.1590896518672], [-115.264538782641, 36.1590900340791], [-115.264524947471, 36.1590900376764], [-115.264480647766, 36.1590902867886], [-115.264436348961, 36.1590905206123], [-115.263407186395, 36.159093549529], [-115.262290513499, 36.1590950244171], [-115.262290444251, 36.1590942258192], [-115.262114076406, 36.1570937468802], [-115.261951315303, 36.155198704458], [-115.261950282881, 36.1551866868174], [-115.261949713611, 36.1551801010821], [-115.261948910516, 36.1551707975955], [-115.261838791229, 36.1538958305294], [-115.261784803128, 36.1532707252651], [-115.261687702428, 36.1521749616065], [-115.261676500472, 36.1520485520004], [-115.261615157716, 36.1513414645382], [-115.261531689838, 36.1503985136817], [-115.261530340855, 36.1503832683744], [-115.261446159815, 36.1494322272168], [-115.261365438466, 36.1485201455896], [-115.2612753228, 36.1475018935988], [-115.261107234114, 36.1455849257051], [-115.260938953872, 36.1436652670398], [-115.260940727335, 36.1436652193757], [-115.262050986266, 36.143688563078], [-115.262625876985, 36.1437050116783], [-115.26317706787, 36.1437179960899], [-115.264283697137, 36.1437432652408], [-115.26540132961, 36.1437685442842], [-115.266537591539, 36.1437952055856], [-115.267668765104, 36.1438218426052], [-115.268805015341, 36.1438519159345], [-115.269954819262, 36.1438829245586], [-115.271086187979, 36.1439115301943], [-115.271650176217, 36.1439262844718], [-115.272202318584, 36.14393826524], [-115.273335390618, 36.1439636459068], [-115.274453139103, 36.1439918333577], [-115.27558774538, 36.144017466734], [-115.276705406631, 36.1440457863852], [-115.277836613471, 36.1440713900839], [-115.278972533658, 36.1440996791581], [-115.27897283583, 36.1440996863528], [-115.278973332256, 36.1432693243212], [-115.278971696389, 36.1422458571619], [-115.278970538961, 36.1420880819007], [-115.278967556809, 36.1404609646032], [-115.278967893156, 36.1403594428353], [-115.278965226666, 36.1386390334659], [-115.2789649164, 36.1377239499016], [-115.278964635811, 36.1368214856244], [-115.278962549384, 36.1352211843115], [-115.278959956639, 36.1331937077247], [-115.27895580357, 36.1311100864626], [-115.278954209072, 36.1295635187427], [-115.28344308783, 36.129615228861], [-115.28779760248, 36.129665050403], [-115.287933974775, 36.1296666215187], [-115.288068487273, 36.1296691261306], [-115.292490704684, 36.1297515444995], [-115.297048158548, 36.1298364216149], [-115.297332858727, 36.1298364620844], [-115.299338035724, 36.1298376725719], [-115.303923764272, 36.1298353073549], [-115.305027499522, 36.1298426629099], [-115.306213436403, 36.1298349844983], [-115.306427225039, 36.129840021601], [-115.307315069037, 36.1298338144803], [-115.307976248807, 36.1298377786919], [-115.30845616842, 36.1298347623657], [-115.309581261668, 36.1298378164634], [-115.310701037225, 36.1298365304329], [-115.311919433337, 36.1298398111597], [-115.312556657866, 36.1298350528467], [-115.31305256023, 36.129836380246], [-115.314212321444, 36.1298351697586], [-115.31517746577, 36.1298334223758], [-115.315227906945, 36.1325575165175], [-115.31524482589, 36.1334697087614], [-115.315290303707, 36.1357824898713], [-115.315313501719, 36.1369559009954], [-115.315316576501, 36.1371104728713], [-115.315348023994, 36.138557466755], [-115.315383937521, 36.1402336168892], [-115.315394250047, 36.1407561967424], [-115.315407167009, 36.1413004403643], [-115.315437228647, 36.1427665907069], [-115.31547330675, 36.1444016409243], [-115.315564362208, 36.1479421899814], [-115.31566070478, 36.1516884616545], [-115.315755377311, 36.1553692743738], [-115.315765479396, 36.1557618401381], [-115.31584384452, 36.1588146706618], [-115.315846424675, 36.1589516535972], [-115.318505496034, 36.1589474051999], [-115.318505480745, 36.1589529890905], [-115.320373026396, 36.1589538830166], [-115.323103278196, 36.1589551375708], [-115.323106613781, 36.1589551393695], [-115.323201473372, 36.1589551816376], [-115.324601983997, 36.1589558003712], [-115.326506852411, 36.158956615157], [-115.330662130355, 36.1589582869967], [-115.331372552503, 36.1589585576926], [-115.332152013807, 36.1589610730963], [-115.332155375472, 36.1589610838882], [-115.333585231875, 36.1589657082022], [-115.333855473653, 36.1589665805446], [-115.333949718107, 36.1589668584351], [-115.336427027487, 36.1589677532605], [-115.336435849837, 36.1589677577571], [-115.337090388113, 36.1589679852856], [-115.337104667549, 36.1589679816883], [-115.337856064608, 36.1589682469883], [-115.337856078098, 36.1591640428876], [-115.357007424355, 36.1591486752724], [-115.357180515071, 36.1591462354117], [-115.357273596701, 36.1591430401205], [-115.357366603688, 36.1591385291211], [-115.357459491964, 36.1591327015143], [-115.357552241745, 36.1591255581993], [-115.35764482605, 36.15911710727], [-115.357737203511, 36.1591073397332], [-115.357829374128, 36.1590962654816], [-115.357921280345, 36.1590838917095], [-115.358012902376, 36.1590702202157], [-115.358077730905, 36.1590595902292], [-115.358477517326, 36.1589692830073], [-115.358566816408, 36.1589477478416], [-115.358655630755, 36.1589249491284], [-115.358743936086, 36.1589008967603], [-115.358831711716, 36.1588755907372], [-115.358918935163, 36.1588490490457], [-115.359005573151, 36.1588212806788], [-115.359091591506, 36.1587922937307], [-115.359176981235, 36.1587620792079], [-115.359261706365, 36.1587306739827], [-115.35934573452, 36.1586980690619], [-115.359429054909, 36.1586642725394], [-115.359511633357, 36.1586293122942], [-115.359593449181, 36.1585931793331], [-115.359674467305, 36.1585558997363], [-115.359754677838, 36.1585174735039], [-115.359834046606, 36.1584779195217], [-115.359912551126, 36.1584372467828], [-115.359990169813, 36.1583954723745], [-115.360066868493, 36.1583526052898], [-115.360142637275, 36.1583086545221], [-115.360217452775, 36.1582636380577], [-115.360291282619, 36.1582175756819], [-115.360364114215, 36.1581704646965], [-115.360435915187, 36.1581223428731], [-115.360506674745, 36.1580732003192], [-115.360576357815, 36.1580230649138], [-115.360644955403, 36.157971953744], [-115.360712444126, 36.1579198847962], [-115.360778800603, 36.1578668589697], [-115.360844005948, 36.1578129014455], [-115.360962296475, 36.1577099947218], [-115.361516609806, 36.1572117658117], [-115.363077245621, 36.1573752850427], [-115.363120652298, 36.1571028390261], [-115.361792615339, 36.1569636896239], [-115.363478455668, 36.155448348164], [-115.370306607766, 36.1554917485466], [-115.379321426345, 36.1554167037192], [-115.386706125689, 36.1588609839486], [-115.394230770336, 36.1626354268847], [-115.40568372023, 36.1666735924137], [-115.406587068541, 36.1744591861438], [-115.406216890499, 36.1816829625999], [-115.405790078551, 36.1889086204378], [-115.406149591533, 36.1961322700895], [-115.397317636602, 36.1960631976597], [-115.397684631043, 36.2032776814212], [-115.397733091012, 36.2105139512591], [-115.388816324616, 36.2104368712659], [-115.370664867092, 36.2107399302049], [-115.370531515619, 36.2182076873362]]]}, "properties": {"FID": 2, "OBJECTID": 75, "LIVE_CLV_W": 823907422.739527, "PERIMETER": 159606.4409037, "WARD": "2", "CNTY_IS": 0, "SHADE": 105, "ACRES": 18966.27502605, "SQ_MILES": 29.63480473, "Shape__Area": 826167555.9316406, "Shape__Length": 175071.5825155977, "district_id": "2"}}, {"type": "Feature", "id": 3, "geometry": {"type": "Polygon", "coordinates": [[[-115.130042617475, 36.1700488137031], [-115.130039916811, 36.1700599482094], [-115.130020903344, 36.1700509253113], [-115.129786852983, 36.169939851844], [-115.128448092508, 36.1693029231927], [-115.128185340283, 36.1691804912879], [-115.12756829834, 36.16889349514], [-115.127298064656, 36.1687743358682], [-115.127099400819, 36.1686911099081], [-115.127092858251, 36.1686883687745], [-115.12702425167, 36.1686596273412], [-115.126747446639, 36.1685538850551], [-115.126464979477, 36.1684525611381], [-115.12617754446, 36.1683556654829], [-115.126022847579, 36.1683089376087], [-115.126012058412, 36.1683056784656], [-115.125886420424, 36.168267726176], [-115.125592413162, 36.1681842484057], [-115.125296107232, 36.168109747668], [-115.125133749925, 36.1680743503523], [-115.125133674382, 36.1682807672449], [-115.125131639216, 36.1684960730366], [-115.125131323554, 36.1691998563896], [-115.125125971688, 36.169646245679], [-115.125141156741, 36.1700998088604], [-115.125124986931, 36.171015689224], [-115.12512720376, 36.171471722843], [-115.125129223637, 36.1719250072346], [-115.125131259702, 36.1723755450967], [-115.125132815529, 36.1726937890884], [-115.125135933479, 36.1733549166973], [-115.125138581083, 36.1738823771713], [-115.125147178602, 36.1740060312546], [-115.125155972173, 36.1741324327668], [-115.125169105872, 36.1742409944276], [-115.125185818873, 36.174316605828], [-115.125214211369, 36.1743867655381], [-115.125263015778, 36.1744789811214], [-115.125335994862, 36.1746385936975], [-115.125353994793, 36.1747114621655], [-115.125361750547, 36.1747980273084], [-115.125361282, 36.1749147781958], [-115.125357873569, 36.1756097895615], [-115.125351225781, 36.1770794805349], [-115.125349082696, 36.1775203875572], [-115.125349204105, 36.1775212014436], [-115.12535694457, 36.1785486040362], [-115.125264323392, 36.1786492013009], [-115.125231410004, 36.1786892957756], [-115.125195825629, 36.1787387602869], [-115.125150718333, 36.1788072661437], [-115.125104550737, 36.1789060530732], [-115.125081162068, 36.1789799305806], [-115.1250667936, 36.1790759350077], [-115.125068680377, 36.1791560664007], [-115.125082223268, 36.1811963987961], [-115.125082227765, 36.1811973763592], [-115.125082568608, 36.1813186508364], [-115.125077576471, 36.1814848293627], [-115.125073650031, 36.183178427244], [-115.125072522281, 36.183553404967], [-115.125068525694, 36.1848025039338], [-115.120595539755, 36.184813264322], [-115.120593259074, 36.1885028607197], [-115.1195215262, 36.1885068429178], [-115.118343022215, 36.1885104545952], [-115.117777115723, 36.1885139511592], [-115.11714980712, 36.1885183326563], [-115.11611900509, 36.1885214694916], [-115.116015203541, 36.1885195863112], [-115.115981821606, 36.188518401904], [-115.115009865815, 36.1884998039241], [-115.113431025923, 36.1884690201305], [-115.111664740338, 36.1884345482172], [-115.110540594075, 36.1884089696995], [-115.109069983995, 36.1883785294469], [-115.108226195085, 36.1883651700179], [-115.107219229586, 36.1883486683577], [-115.102815368237, 36.1882538582303], [-115.10239945967, 36.188244932459], [-115.100690416831, 36.1882096007938], [-115.098312415088, 36.1881558698988], [-115.09669478294, 36.1881905216765], [-115.096009004015, 36.188203792972], [-115.093698791368, 36.1882526963062], [-115.091789480302, 36.1882951991654], [-115.091741458304, 36.1882936865058], [-115.091387232437, 36.1882994232811], [-115.089206374677, 36.1883470234976], [-115.089108182199, 36.1883497457455], [-115.086800444487, 36.1883927495271], [-115.084496366117, 36.1884334708293], [-115.084392274086, 36.1884352002256], [-115.083893830238, 36.1884444776318], [-115.083343317442, 36.188455698473], [-115.082192945151, 36.1884768451316], [-115.081607080005, 36.1884873788907], [-115.079887482723, 36.188519490983], [-115.07978526488, 36.18851861954], [-115.078635718166, 36.1885148594745], [-115.077522208186, 36.1885090777331], [-115.075350539698, 36.1885020450347], [-115.073082833508, 36.1884913188206], [-115.070813187481, 36.1884813525337], [-115.069740797202, 36.1885246153201], [-115.067586529697, 36.1886127003172], [-115.06660154183, 36.1886452341915], [-115.065424305889, 36.1886909880999], [-115.064348523368, 36.188731753469], [-115.063282065917, 36.188774722177], [-115.062361325617, 36.1888094369073], [-115.062191994967, 36.1888153967145], [-115.062188937272, 36.1869374908738], [-115.062188294257, 36.1851213423774], [-115.062183967618, 36.1832554253989], [-115.062183991001, 36.181439233735], [-115.062176453783, 36.1777430480046], [-115.062171318654, 36.1758998389078], [-115.062169050563, 36.1740501241153], [-115.062145540486, 36.1721614345039], [-115.062127805856, 36.1702803774388], [-115.062120695816, 36.1694605788439], [-115.062107852598, 36.16834155512], [-115.062090356287, 36.1666058033165], [-115.062089380523, 36.1665231781035], [-115.062091781713, 36.1664408829417], [-115.062140546551, 36.1646995247646], [-115.06219867603, 36.1627721526141], [-115.062237216477, 36.1613858836529], [-115.06224672321, 36.1609973621399], [-115.062300034121, 36.1591523094329], [-115.06230625743, 36.1590196936053], [-115.06247581381, 36.1590186108215], [-115.065472929534, 36.1589994975301], [-115.069980391884, 36.158977807681], [-115.071255713283, 36.1589775360858], [-115.074465016849, 36.1589710016118], [-115.078951078931, 36.158958662014], [-115.080206242926, 36.158949178663], [-115.081916245341, 36.1589330807984], [-115.081997638482, 36.1589324926417], [-115.082089657114, 36.1589319674377], [-115.083461256334, 36.1589220371236], [-115.084683285707, 36.1589129099042], [-115.085800451432, 36.1589072729536], [-115.086914969552, 36.1588967571809], [-115.087372514032, 36.1588943272127], [-115.08914669027, 36.1588762454437], [-115.090503688996, 36.1588743038074], [-115.09231754602, 36.1588537525], [-115.093587864491, 36.1588555475468], [-115.095808219576, 36.1588375683004], [-115.09647785657, 36.1588338037383], [-115.096797321841, 36.158832398098], [-115.096914708549, 36.1588328747387], [-115.097430271892, 36.1588284788525], [-115.097929794027, 36.1588315869095], [-115.098023835234, 36.1588330941733], [-115.100715381112, 36.1588310122427], [-115.100992506301, 36.1588307946068], [-115.101044483518, 36.1588314547092], [-115.103220568577, 36.1588337281953], [-115.105456036769, 36.1588360277618], [-115.105567325174, 36.1588358317096], [-115.106081479279, 36.1588346832753], [-115.106090733303, 36.1582998573538], [-115.106088901384, 36.1580813050095], [-115.106089681995, 36.1578735688115], [-115.106087555998, 36.1577329049509], [-115.106087265517, 36.1574580811268], [-115.105459106155, 36.1574566215272], [-115.105460674573, 36.157044393885], [-115.105562032664, 36.1570446367019], [-115.106642302802, 36.1570449757463], [-115.106643076219, 36.1566565765411], [-115.106642525834, 36.1562811140835], [-115.106642711994, 36.1555269848838], [-115.107706984092, 36.1555229523237], [-115.107709566945, 36.1569576488777], [-115.107719015223, 36.158696388229], [-115.107718900109, 36.1587245163247], [-115.107719624963, 36.1588327101627], [-115.109899794742, 36.1588342210238], [-115.110387492591, 36.1588355798994], [-115.111523375905, 36.158838745513], [-115.111523530589, 36.1588629453699], [-115.111523870532, 36.1589138883666], [-115.111523492817, 36.1590140116886], [-115.111518847819, 36.1593181066466], [-115.111515165994, 36.159476206563], [-115.111513716287, 36.159742217031], [-115.111513386236, 36.1598140036147], [-115.1115102503, 36.1598903587543], [-115.11150884376, 36.1601528807522], [-115.111505325612, 36.1603096739536], [-115.111504414599, 36.160478419145], [-115.111500850586, 36.1606429627039], [-115.111499935076, 36.1608105819441], [-115.111499082519, 36.1609713420551], [-115.11149560484, 36.1611176797384], [-115.111494615586, 36.1613087056336], [-115.111491451771, 36.1613934136764], [-115.111490099191, 36.1616432111666], [-115.111489836589, 36.1616907897994], [-115.11148959647, 36.1617382236414], [-115.111486011772, 36.16190799406], [-115.111484996438, 36.1620941258445], [-115.111484349825, 36.1622167798818], [-115.111480984562, 36.1623406668896], [-115.111480290285, 36.1624712970141], [-115.111476765842, 36.162631001321], [-115.112030149274, 36.1626405898926], [-115.112166201411, 36.1626430810147], [-115.11267855957, 36.1626508826334], [-115.112708498001, 36.1626516038897], [-115.112779989607, 36.1626533269908], [-115.11330319359, 36.1626634389679], [-115.113527429649, 36.1626662214703], [-115.113904761798, 36.1626725410062], [-115.113908723311, 36.1624779492992], [-115.113908656761, 36.1623623405509], [-115.113908271851, 36.1617054865203], [-115.113909713465, 36.1613928605934], [-115.116019206423, 36.1614080339549], [-115.116045799376, 36.1607644799981], [-115.116129558634, 36.1589474132938], [-115.116132108212, 36.1588304798441], [-115.11583599114, 36.1584897438079], [-115.114417425726, 36.1572259661067], [-115.113620610205, 36.156926786843], [-115.108536935134, 36.1523918816813], [-115.10458835557, 36.148878997569], [-115.09955094792, 36.144408652039], [-115.100474921283, 36.1444031328996], [-115.104876871573, 36.1483296682809], [-115.105209027177, 36.1481089521677], [-115.105229772738, 36.1480927670689], [-115.105251204482, 36.1480771692273], [-115.105273287335, 36.1480621964145], [-115.105296000612, 36.1480478486306], [-115.105319320932, 36.1480341609491], [-115.10534321412, 36.1480211333699], [-115.105367647801, 36.1480087838796], [-115.10539260039, 36.1479971394578], [-115.105418036815, 36.1479862090976], [-115.105443936391, 36.1479759927991], [-115.105470241561, 36.1479665175421], [-115.105496943331, 36.1479578004134], [-115.10552400663, 36.1479498324201], [-115.105551398181, 36.1479426324479], [-115.105579074817, 36.1479362175837], [-115.105607013155, 36.1479305878276], [-115.105635179922, 36.1479257431798], [-115.10566353015, 36.1479217007272], [-115.105692043155, 36.1479184622685], [-115.105765893683, 36.1479136913651], [-115.105549243405, 36.1477226636713], [-115.105432310855, 36.1476208091543], [-115.105294122828, 36.1474984213164], [-115.105157285582, 36.1473749479968], [-115.105118764022, 36.1473392107373], [-115.105053654005, 36.1472807278246], [-115.104987227381, 36.1472233205012], [-115.104543099886, 36.1468245880856], [-115.104428728605, 36.1467222569279], [-115.104310970477, 36.1466178762153], [-115.104269795917, 36.1465799652944], [-115.104128962983, 36.1464543300047], [-115.104046582386, 36.1463817610108], [-115.103868562486, 36.1462225468344], [-115.103812767647, 36.1461694805384], [-115.103586916405, 36.1459669478177], [-115.103371714036, 36.1457698281164], [-115.103278710646, 36.1456864285871], [-115.10265807861, 36.1451409430014], [-115.102642569801, 36.1451273119772], [-115.102598456256, 36.1450885395058], [-115.102134601233, 36.1446808390508], [-115.102131701819, 36.1446782921707], [-115.102015113709, 36.1445758171216], [-115.101839304343, 36.1444212893123], [-115.101953430109, 36.1444197208947], [-115.102014396949, 36.1444188836259], [-115.102602544574, 36.1444039234037], [-115.102842635681, 36.1444111512549], [-115.102893215352, 36.1444317772061], [-115.10292250717, 36.1444426383184], [-115.102959815545, 36.1444491871815], [-115.1030224875, 36.1444492942009], [-115.103062498338, 36.1444482824636], [-115.103091850411, 36.1444440106839], [-115.103138470366, 36.1444288130406], [-115.103170640015, 36.1444160354729], [-115.103259301478, 36.1443983557009], [-115.104192130465, 36.1443818396515], [-115.104594469162, 36.144374706229], [-115.104984351349, 36.1443678012344], [-115.105343027061, 36.1443614457255], [-115.105444381555, 36.1443595877261], [-115.105545743244, 36.1443566487417], [-115.106567280458, 36.1443364931359], [-115.10768218169, 36.1443144822289], [-115.10992858294, 36.1442781828931], [-115.110047914882, 36.1442802765149], [-115.111021222354, 36.1442880673417], [-115.112111183586, 36.1442999941507], [-115.113187131583, 36.1443140379638], [-115.114371745562, 36.1443262174823], [-115.114473349168, 36.1443273632186], [-115.117210488875, 36.1443582639241], [-115.118539113991, 36.1443732331395], [-115.11864409635, 36.144374415748], [-115.118776190571, 36.1443756945839], [-115.123277227264, 36.1444066429535], [-115.125498666033, 36.1444260431287], [-115.126856229534, 36.1444124696611], [-115.127710377734, 36.1444059792539], [-115.128067787201, 36.1443989834277], [-115.132300172117, 36.1443344390844], [-115.136705303309, 36.1442676779123], [-115.136874708603, 36.1442617837556], [-115.13702285842, 36.1442598304282], [-115.137313547185, 36.1442551269739], [-115.141699619044, 36.1441494899083], [-115.141774962447, 36.1441470095782], [-115.146661928807, 36.1439652008347], [-115.147519821785, 36.1439415477656], [-115.147881018297, 36.1439284950053], [-115.14793889057, 36.1439264886179], [-115.148365285232, 36.1439109132593], [-115.14848036338, 36.1439069058803], [-115.149099016009, 36.143879948702], [-115.149693037106, 36.1438604972655], [-115.150267770443, 36.1438382867089], [-115.150307674262, 36.1438384036207], [-115.151486748417, 36.1437971634097], [-115.151685755795, 36.1437890218472], [-115.15251838232, 36.1437581481213], [-115.153581239785, 36.1437256897901], [-115.15399785432, 36.1437119427533], [-115.15460086504, 36.1436920389577], [-115.154632817952, 36.1436888733442], [-115.154785900551, 36.1436827696454], [-115.154902388836, 36.1436765706185], [-115.156342712448, 36.1436134409089], [-115.157197831917, 36.1436474640605], [-115.157393960565, 36.1436578692166], [-115.158089309176, 36.1436838731136], [-115.158505419192, 36.1436994367809], [-115.159120546478, 36.1437198594853], [-115.160643266875, 36.1437867924278], [-115.162678054051, 36.1438635288801], [-115.163047613359, 36.1438757947335], [-115.163706939626, 36.143897692326], [-115.164725152946, 36.1439348379237], [-115.164816062713, 36.1439389945903], [-115.16494845461, 36.1439450632154], [-115.16616366892, 36.1440006853847], [-115.166307599119, 36.1440074878566], [-115.166309024544, 36.1440075544064], [-115.166310686491, 36.1440076335468], [-115.166310796208, 36.144007561601], [-115.16631111277, 36.1440070741684], [-115.166364487533, 36.1439270012314], [-115.166390010293, 36.1438875317855], [-115.167641088668, 36.1419772638409], [-115.168602642001, 36.1405112663832], [-115.168784182746, 36.1402351070658], [-115.169272336551, 36.13948970129], [-115.169515749754, 36.1391186401145], [-115.169755210437, 36.1387531070715], [-115.170244871506, 36.1380047829957], [-115.170487015765, 36.1376349314083], [-115.170714359882, 36.1372855609812], [-115.170892337514, 36.1369930528884], [-115.171290216472, 36.1363836767666], [-115.171497797088, 36.1360646009019], [-115.171784366058, 36.135623426781], [-115.171928988734, 36.1353995909197], [-115.172281161449, 36.13485893919], [-115.173183626625, 36.1334687069166], [-115.173233102828, 36.133393887819], [-115.173232817743, 36.1334658281868], [-115.173219928659, 36.13525535765], [-115.174220821936, 36.1352692440816], [-115.174379536089, 36.1352707504461], [-115.173209509114, 36.1370654977758], [-115.173358864922, 36.1370678297179], [-115.175629224112, 36.1371025111733], [-115.175734617461, 36.1371038610556], [-115.176694431505, 36.1371187682179], [-115.176857186312, 36.1371213492722], [-115.177253380841, 36.1371277398546], [-115.177875039004, 36.1371351907377], [-115.177998512324, 36.1369916616372], [-115.178331379292, 36.1365988305729], [-115.178532794155, 36.1363430022291], [-115.178599960022, 36.1362523154933], [-115.178715465349, 36.1361022690058], [-115.178875350419, 36.1358820277347], [-115.179199385146, 36.1353874437768], [-115.179285466453, 36.1352524573363], [-115.179339280985, 36.1351628066195], [-115.17941596078, 36.1350386138423], [-115.179527688055, 36.1348420211436], [-115.179753902623, 36.13443262097], [-115.179900866234, 36.1341311718175], [-115.180082967257, 36.1337389441982], [-115.180203006965, 36.1334828658429], [-115.180286814787, 36.1332656193142], [-115.180420706752, 36.1329078483199], [-115.180469456303, 36.1327651663806], [-115.180508789951, 36.1326386749362], [-115.180630766799, 36.1322613958481], [-115.180668850389, 36.1321165042746], [-115.180706993335, 36.1319618793386], [-115.180783373656, 36.1316320709646], [-115.180898362771, 36.1313282431053], [-115.180977341234, 36.1308680977858], [-115.18100926177, 36.1306610765487], [-115.181036729763, 36.1304536272344], [-115.18105972273, 36.1302458190906], [-115.181078238872, 36.1300377177678], [-115.181094440158, 36.1297932487607], [-115.183041397744, 36.1298933981631], [-115.183142752238, 36.129898586352], [-115.185510677978, 36.1300196503879], [-115.186683642139, 36.1300794571025], [-115.187867944053, 36.1301408843956], [-115.188709510738, 36.1301812621569], [-115.189058929728, 36.1301990777266], [-115.19025049007, 36.1302604429663], [-115.19025647326, 36.1303906468122], [-115.190268032246, 36.1306995504452], [-115.190285450315, 36.1311480306584], [-115.190320372789, 36.1320298509981], [-115.190335444527, 36.1324209922363], [-115.190348436134, 36.1327033487818], [-115.190356543522, 36.1329067088788], [-115.190367562915, 36.1331792978876], [-115.190384087957, 36.13364441376], [-115.190391816731, 36.1337991016486], [-115.190559660802, 36.1337936760386], [-115.192597910367, 36.1337584235137], [-115.194837762755, 36.1337208786169], [-115.199190431096, 36.1336530076815], [-115.199292914239, 36.133651425774], [-115.199480229531, 36.1372993943529], [-115.201634517721, 36.1372905782989], [-115.20236805964, 36.1372864692964], [-115.203401670253, 36.1372808026682], [-115.204185898862, 36.1372728148898], [-115.205412210807, 36.1372722743973], [-115.205408740323, 36.1371618178649], [-115.205414222591, 36.1371261075851], [-115.205414534655, 36.1370471003447], [-115.205412026446, 36.1370070391449], [-115.205409467875, 36.1369799740479], [-115.205405590897, 36.1369496597004], [-115.205401693236, 36.1369236719911], [-115.205388615295, 36.1368586923761], [-115.205380744428, 36.1368272844529], [-115.20536494334, 36.1367742028685], [-115.205345161852, 36.1367189530185], [-115.205326675388, 36.1366745238115], [-115.205314777357, 36.1366485199146], [-115.205301541135, 36.1366214296366], [-115.205289638608, 36.1365986615003], [-115.205267120483, 36.1365585544351], [-115.205253879765, 36.136536881673], [-115.205240622859, 36.1365162818023], [-115.205227371348, 36.1364945991477], [-115.205215452633, 36.1364729218891], [-115.205203551005, 36.1364501627461], [-115.205192971381, 36.1364273982072], [-115.205181063458, 36.1364035571797], [-115.205170489229, 36.1363797206489], [-115.2051612424, 36.1363569695998], [-115.205150683459, 36.1363298793217], [-115.205142775721, 36.1363060427909], [-115.205133554972, 36.1362778841184], [-115.205124339619, 36.1362486336688], [-115.205117765575, 36.1362248007353], [-115.205111206819, 36.1361977230478], [-115.205103354838, 36.1361598166236], [-115.20509945268, 36.136134919792], [-115.205095555018, 36.1361089320828], [-115.20509165196, 36.1360840253588], [-115.205089087993, 36.1360580421462], [-115.205087863117, 36.1360331444154], [-115.205085345015, 36.135995246085], [-115.205085518584, 36.1359497853556], [-115.205084841395, 36.1354518784028], [-115.20507550823, 36.1351184763379], [-115.207011807951, 36.1351114256531], [-115.20789862942, 36.1351049883059], [-115.208101689144, 36.135103542196], [-115.208102547996, 36.1354224975515], [-115.208112111387, 36.1372597810153], [-115.208121395988, 36.1390812993638], [-115.208129676046, 36.140896405546], [-115.207928398779, 36.1408958560603], [-115.20679998973, 36.1408924575222], [-115.206545228881, 36.1408927740836], [-115.206177073415, 36.1408949054768], [-115.205944985375, 36.1408963731704], [-115.205719564009, 36.1408978525552], [-115.205490132566, 36.1408993283426], [-115.20526737769, 36.1409008158213], [-115.205037950743, 36.140901208825], [-115.204727159433, 36.1409045983698], [-115.204395016419, 36.1409069366072], [-115.20427097203, 36.1409077792719], [-115.204278832105, 36.1412280611274], [-115.204290456741, 36.1415994784345], [-115.204302112854, 36.1419622343709], [-115.20431245236, 36.1423239039264], [-115.20432554559, 36.1426650149797], [-115.204325421483, 36.1426931619612], [-115.204331998225, 36.1430006779402], [-115.204333124177, 36.143046162052], [-115.204342182148, 36.1433970019714], [-115.204363228982, 36.1445103194969], [-115.204324070702, 36.1445100550963], [-115.204322244178, 36.1445100757807], [-115.204218477703, 36.1445094057858], [-115.203971423145, 36.1445078112878], [-115.203577837549, 36.1445052689044], [-115.202093856349, 36.1444956740375], [-115.199945494691, 36.1444814548565], [-115.199846955075, 36.1444814134878], [-115.197964129943, 36.1444696890262], [-115.196358367947, 36.1444588503969], [-115.195041879182, 36.1444499471087], [-115.19414159576, 36.1444438506046], [-115.194048197568, 36.1444433667693], [-115.193965539081, 36.144442938692], [-115.190807627272, 36.1444219907835], [-115.19075349438, 36.1444223864853], [-115.190706320443, 36.1444227309256], [-115.190699360589, 36.144422782187], [-115.186683808513, 36.1443892725482], [-115.18550002281, 36.1443793683145], [-115.18197948187, 36.1443498435717], [-115.179233936199, 36.1443292275132], [-115.177573633918, 36.1443167296347], [-115.175309821793, 36.1442996524083], [-115.174610858806, 36.1442943697907], [-115.173147481074, 36.1442832973376], [-115.171566865021, 36.1442063288603], [-115.171325820632, 36.144194588211], [-115.171034183083, 36.1441803843186], [-115.170959873901, 36.1442271805413], [-115.170322217698, 36.1449503289958], [-115.170102150896, 36.1451998872663], [-115.169068455747, 36.1463766357744], [-115.168193944197, 36.1473632756959], [-115.16734378539, 36.1483319867331], [-115.165953353467, 36.1499103652724], [-115.165032257935, 36.1509548172123], [-115.164636094882, 36.1514064243683], [-115.164342042653, 36.1517398219365], [-115.163874382599, 36.1522700478258], [-115.162651059101, 36.153659123571], [-115.161473021865, 36.154996989221], [-115.161437329571, 36.1550375297595], [-115.161183941988, 36.1553348393327], [-115.161000033327, 36.1555769017539], [-115.160819849659, 36.1558473027122], [-115.160786174544, 36.1559072820967], [-115.160626365916, 36.1561499596542], [-115.160501200972, 36.156468630824], [-115.160414980269, 36.1566815722981], [-115.160344094806, 36.156884401795], [-115.160279163755, 36.157127125218], [-115.160213023115, 36.1575572862411], [-115.160182843666, 36.1579035746915], [-115.160170746885, 36.1588972176338], [-115.160063642126, 36.1588985882006], [-115.159795801537, 36.1589020928586], [-115.159263355222, 36.1589317992645], [-115.159146045855, 36.1589355026726], [-115.158895318466, 36.1589414813656], [-115.158429229527, 36.1589164766154], [-115.15839282677, 36.1589149774455], [-115.157938982101, 36.1588968812873], [-115.157331570997, 36.1588892325534], [-115.156708303947, 36.1588787671427], [-115.156409361205, 36.1588749522186], [-115.156337163631, 36.1588746950124], [-115.156113696492, 36.159204935061], [-115.154920098286, 36.1610096666641], [-115.154805964426, 36.1611685885608], [-115.154712416947, 36.1612781394759], [-115.154603528832, 36.1614041201054], [-115.154289953221, 36.1617546272755], [-115.154041418379, 36.162055922644], [-115.153912590496, 36.1622285358196], [-115.151951741982, 36.1652350971234], [-115.151228780586, 36.1663276340144], [-115.151134608977, 36.1664697430855], [-115.150467738298, 36.167485146024], [-115.149400070359, 36.1670293732083], [-115.148640232263, 36.16819415174], [-115.147877380539, 36.1693630410728], [-115.147117708817, 36.1705278097119], [-115.146360161295, 36.1716884540602], [-115.145775613656, 36.1714377059866], [-115.145209449958, 36.1711938907868], [-115.144072051286, 36.1707048457534], [-115.143449055831, 36.170440211248], [-115.142936830772, 36.1702103193521], [-115.142356309398, 36.1699609400466], [-115.141798191935, 36.1697212482383], [-115.140669292756, 36.1692363310931], [-115.140227499901, 36.1699075122232], [-115.139885831268, 36.1704342829172], [-115.137949221282, 36.1696133628677], [-115.13618728212, 36.1688144159538], [-115.133632541111, 36.1677255563906], [-115.131903214064, 36.1669692544289], [-115.13190307377, 36.166969193275], [-115.13181776498, 36.1670995455089], [-115.13114328064, 36.1681279796239], [-115.130847950475, 36.1685842290802], [-115.130348804256, 36.1693392099379], [-115.130229629696, 36.1695319535381], [-115.130148721289, 36.1697036260229], [-115.130087640235, 36.1698632089213], [-115.130042617475, 36.1700488137031]], [[-115.110583221041, 36.1518897820891], [-115.110583319067, 36.151785994929], [-115.110451303987, 36.151786558804], [-115.109955081464, 36.151779569273], [-115.109948138698, 36.1516939727], [-115.109939494414, 36.1516289912862], [-115.109787668169, 36.1514713500241], [-115.109572607892, 36.1512803807863], [-115.109386521073, 36.1511209615644], [-115.109242972188, 36.1509918063281], [-115.109095440205, 36.1508593991433], [-115.108957191923, 36.150737834185], [-115.108818954433, 36.1506162701261], [-115.108680724138, 36.1504936331759], [-115.108587668588, 36.1504133111268], [-115.108542486649, 36.150372069117], [-115.108405572961, 36.1502505086554], [-115.108351078542, 36.1502038311432], [-115.108266017065, 36.1501267754317], [-115.108127770582, 36.1500052104734], [-115.10801637246, 36.1499076727022], [-115.107851313589, 36.149759916788], [-115.10784933598, 36.1497581532175], [-115.107707762905, 36.1496318497314], [-115.107673207355, 36.1496014562435], [-115.107570843822, 36.1495135340237], [-115.107436602919, 36.1493930644397], [-115.107295716926, 36.1492693249208], [-115.107222622728, 36.1492020412425], [-115.107157486631, 36.1491456051869], [-115.106883689833, 36.1489024734717], [-115.106690969615, 36.1487299115575], [-115.106580661471, 36.1486311408158], [-115.106514201571, 36.1485714456171], [-115.106443754078, 36.1485095785555], [-115.10635072281, 36.1484260099537], [-115.106013130804, 36.1481264448808], [-115.105922080742, 36.1481214140733], [-115.105893315027, 36.1481224437971], [-115.105864600573, 36.1481241138381], [-115.105835959864, 36.1481264421829], [-115.105807403691, 36.1481294198381], [-115.105778966229, 36.148133046804], [-115.105750658268, 36.1481373140871], [-115.105722513086, 36.1481422216875], [-115.105694542371, 36.1481477705045], [-115.105666778501, 36.1481539506456], [-115.105639243958, 36.1481607540169], [-115.105611950433, 36.1481681797191], [-115.10558492041, 36.1481762196581], [-115.105558174572, 36.1481848738342], [-115.105531747994, 36.1481941323546], [-115.105505651467, 36.1482039880249], [-115.105479894883, 36.1482144300532], [-115.105454524109, 36.1482254503456], [-115.105429528352, 36.1482370498013], [-115.10540495078, 36.1482492005415], [-115.105380792292, 36.1482619106599], [-115.105357096955, 36.1482751648683], [-115.105333854876, 36.1482889514753], [-115.105310506677, 36.1483036401022], [-115.105191676557, 36.1483990716611], [-115.105058316091, 36.1485061719236], [-115.109656642342, 36.1525700391773], [-115.109662758632, 36.1525754441028], [-115.109661466306, 36.1525578911351], [-115.109724575331, 36.1525128575836], [-115.109975309915, 36.1523339356639], [-115.11027915666, 36.1521126511792], [-115.110583221041, 36.1518897820891]]]}, "properties": {"FID": 3, "OBJECTID": 76, "LIVE_CLV_W": 358726780.347202, "PERIMETER": 122795.074116, "WARD": "3", "CNTY_IS": 0, "SHADE": 57, "ACRES": 8235.26664965, "SQ_MILES": 12.86760414, "Shape__Area": 358726780.1796875, "Shape__Length": 150972.20724574965, "district_id": "3"}}, {"type": "Feature", "id": 4, "geometry": {"type": "Polygon", "coordinates": [[[-115.242283377778, 36.2182088519582], [-115.242283465012, 36.2176986521724], [-115.242283538756, 36.2172679659452], [-115.242283701534, 36.2162993781152], [-115.242283851721, 36.2153993878728], [-115.242284002807, 36.214502007463], [-115.242282636736, 36.2135591339482], [-115.242290040855, 36.2130337904784], [-115.242289665838, 36.2130176773252], [-115.242284960585, 36.2128154719577], [-115.242284715969, 36.2107905998076], [-115.24228471507, 36.2107902724544], [-115.242279723832, 36.2070847067951], [-115.242279723832, 36.2070842688252], [-115.242279615914, 36.2070248569129], [-115.242273190258, 36.2034831261466], [-115.242274312612, 36.2033716246021], [-115.242466138903, 36.2033784783354], [-115.244434031807, 36.2033893808166], [-115.244434012922, 36.2033879428007], [-115.244432346478, 36.2032662636285], [-115.244428977617, 36.2020535674195], [-115.244428690734, 36.2019395540685], [-115.244424478309, 36.2002958038096], [-115.244414967079, 36.1965790056179], [-115.244408455088, 36.1959716430782], [-115.244406493667, 36.1956166365998], [-115.244384374841, 36.1895155306186], [-115.244384523229, 36.1887508568678], [-115.244383691356, 36.188636857906], [-115.244383372996, 36.188593730018], [-115.242309529164, 36.1886184316966], [-115.242309474305, 36.188618393925], [-115.239306287258, 36.1885925950735], [-115.238505112723, 36.1885839085219], [-115.237753177869, 36.1885757552682], [-115.233149058185, 36.1885531013459], [-115.232373342558, 36.1885477575742], [-115.232150933921, 36.1885463267529], [-115.232058066329, 36.188545729603], [-115.23144084632, 36.1885417563983], [-115.231299547538, 36.1885408462844], [-115.23050528969, 36.1885356077334], [-115.229752285542, 36.1885300238428], [-115.22860499073, 36.1885215540278], [-115.226039826579, 36.1885036898947], [-115.224045029557, 36.1884857951846], [-115.224042108559, 36.1882693535491], [-115.22402561769, 36.1878299304083], [-115.224014074892, 36.1874149220623], [-115.223936243065, 36.1846166581335], [-115.224700179372, 36.1846034596832], [-115.224943561998, 36.1845973218103], [-115.225082144827, 36.1845826259887], [-115.225043693414, 36.1831196592462], [-115.225012833178, 36.1819437911743], [-115.224994813462, 36.1812500838256], [-115.224982542213, 36.1807830344108], [-115.224720590385, 36.1807767526463], [-115.223821657745, 36.180752082444], [-115.22324552956, 36.1807668358221], [-115.219890437796, 36.1808500977551], [-115.21816544638, 36.1808929234709], [-115.217533189707, 36.1809088477664], [-115.216606408661, 36.1809318982898], [-115.21502194351, 36.1809711977639], [-115.214548198643, 36.1809656201685], [-115.212748875562, 36.1809600641569], [-115.210997206658, 36.1809560073152], [-115.210122747269, 36.1809546547348], [-115.209302918997, 36.1809534658311], [-115.208493685637, 36.1809523137995], [-115.207686570181, 36.1809497840067], [-115.206090743895, 36.1809530035795], [-115.206083290314, 36.1802538382453], [-115.206082145477, 36.1800079626986], [-115.2060704408, 36.1790917522839], [-115.206051915666, 36.1776109861594], [-115.206048528819, 36.1773458786107], [-115.206032987634, 36.1761261002406], [-115.206014300622, 36.1746329684381], [-115.206003493469, 36.1738403815297], [-115.206001511363, 36.17363935967], [-115.203235234521, 36.1736279679577], [-115.202925131192, 36.1736300840625], [-115.202577393934, 36.1736427051481], [-115.202204569188, 36.1736660884205], [-115.201784289915, 36.1737073996781], [-115.201438999712, 36.1737494339905], [-115.201027951981, 36.1738215955915], [-115.200945798012, 36.1738360153212], [-115.200617265776, 36.1739062577689], [-115.200336834679, 36.1739718219433], [-115.200105572217, 36.174030170857], [-115.199531578122, 36.1742069604841], [-115.199071543419, 36.174371205468], [-115.198852222155, 36.1744559252021], [-115.198246184316, 36.1747190749267], [-115.197630905944, 36.1749909336859], [-115.197007898798, 36.1752603768662], [-115.196519675745, 36.1754485411186], [-115.196414223939, 36.1754845499733], [-115.196003962215, 36.1756246355698], [-115.195928043247, 36.1756455708877], [-115.195512926982, 36.1757600159133], [-115.195058448291, 36.1758714293243], [-115.194696463973, 36.1759461530938], [-115.194388362535, 36.1760023760102], [-115.193941936373, 36.1760697918887], [-115.193469025178, 36.1761199245962], [-115.193412411056, 36.1761237593054], [-115.192889624359, 36.1761591979899], [-115.192536296915, 36.1761778823047], [-115.190803180125, 36.1762695070335], [-115.190196286132, 36.1762953382606], [-115.189803986567, 36.1763041084491], [-115.189472456891, 36.1762937707422], [-115.18935773937, 36.1762901392798], [-115.188898834216, 36.176257696237], [-115.188516015304, 36.1762181296643], [-115.18813784139, 36.1761633816361], [-115.187801376235, 36.176106922198], [-115.187535168815, 36.1760528207823], [-115.187299180415, 36.1759999550352], [-115.185403811539, 36.1755268999478], [-115.185064271601, 36.1754462766257], [-115.184764568932, 36.1753909305483], [-115.184353861144, 36.1753233986573], [-115.184022476258, 36.1752747777101], [-115.183729070642, 36.1752428850524], [-115.183439571681, 36.1752184666602], [-115.183193305829, 36.1752031422125], [-115.182846371665, 36.1751845694137], [-115.182448870421, 36.1751834911265], [-115.182094990793, 36.1751884796659], [-115.178995589777, 36.1752633680113], [-115.178709608963, 36.1752710005575], [-115.178414497333, 36.1752771321353], [-115.17793757696, 36.1752870273757], [-115.177445340232, 36.1753004380661], [-115.177066639316, 36.175317972148], [-115.176255020055, 36.1753725735867], [-115.175174368604, 36.175458681874], [-115.174336141102, 36.1755158203002], [-115.174289204585, 36.1754476939572], [-115.174243556797, 36.1753819508177], [-115.173550319794, 36.1752717982562], [-115.173076790763, 36.1753163308853], [-115.172529095543, 36.1753780468607], [-115.170998475501, 36.1755505098495], [-115.170112261973, 36.1756496412193], [-115.16906094281, 36.1757665234076], [-115.168423118434, 36.1758395510557], [-115.168418532791, 36.1758400753605], [-115.167933311675, 36.1758777209813], [-115.167518109975, 36.1758818677553], [-115.167398810409, 36.175883059357], [-115.16730857873, 36.1758851583747], [-115.167282004663, 36.1758857771083], [-115.166885738188, 36.1758932306894], [-115.166304314795, 36.1758843229045], [-115.166154429286, 36.1758752667315], [-115.165420223667, 36.175832464398], [-115.165024693737, 36.1758083724597], [-115.164572401297, 36.1757450979592], [-115.163746972047, 36.1756314830079], [-115.163657731421, 36.1756143392317], [-115.163353417029, 36.1755589400943], [-115.163231038184, 36.1755364399561], [-115.162860435663, 36.1754683028212], [-115.162154391414, 36.1753472792548], [-115.161201417614, 36.1751817950051], [-115.161048376384, 36.1751591608679], [-115.1609057538, 36.1751366877093], [-115.160800665321, 36.1751193433843], [-115.160785306699, 36.1751168081955], [-115.160484919646, 36.175069783545], [-115.16033467171, 36.1750462626762], [-115.159923323605, 36.1749818667211], [-115.158960189263, 36.1748340946191], [-115.158892896592, 36.1748224205196], [-115.158528260173, 36.1747591622069], [-115.158234841967, 36.1747082578811], [-115.158218973429, 36.1747055050563], [-115.158090539449, 36.1746872686039], [-115.15804097871, 36.1746802305095], [-115.157957192473, 36.1746676732758], [-115.157714060757, 36.1746346348818], [-115.157461151613, 36.1746036991027], [-115.157200760109, 36.174565886208], [-115.156654117995, 36.1744966213233], [-115.156417291427, 36.1744646000625], [-115.15640980547, 36.1744635829293], [-115.156399043283, 36.174461216813], [-115.15637543608, 36.174458644752], [-115.156093213533, 36.1744124492764], [-115.155813642188, 36.1743684877168], [-115.1555442098, 36.1743246889346], [-115.155505623488, 36.1743186859599], [-115.15549614913, 36.1743172398501], [-115.155145527746, 36.174259289336], [-115.155256296343, 36.1741441698189], [-115.155263150976, 36.1741370363964], [-115.15574271086, 36.1736334951909], [-115.156198369461, 36.1731250158082], [-115.156345600172, 36.1729531634591], [-115.156403728751, 36.1728807473499], [-115.156435613315, 36.1728402274958], [-115.156439098188, 36.1728357938382], [-115.156764636581, 36.1724483461156], [-115.156874795438, 36.172311063706], [-115.157033854931, 36.1721430892335], [-115.157097549415, 36.172075486296], [-115.157192181476, 36.1719750473119], [-115.157257887744, 36.1719016275593], [-115.157502133719, 36.1716287040028], [-115.157572537145, 36.1715462667481], [-115.157652691021, 36.171452711175], [-115.157681846142, 36.1714173309464], [-115.157685745603, 36.1714131697832], [-115.157687763682, 36.1714096795144], [-115.157894900931, 36.1711121145337], [-115.158125846833, 36.1707662955294], [-115.158247755332, 36.170572747036], [-115.15845400585, 36.1701928311356], [-115.158557977371, 36.1699916240156], [-115.158755410936, 36.1695825871679], [-115.15893906239, 36.1691782007147], [-115.159110971396, 36.1687761929683], [-115.159117378167, 36.168759660731], [-115.159211063242, 36.1685178797976], [-115.159358516085, 36.1681373352711], [-115.159396921633, 36.1680388028498], [-115.15950986569, 36.1677490448838], [-115.159587193896, 36.1675301570924], [-115.159658904037, 36.1673068383412], [-115.159786269623, 36.1668536348887], [-115.159901202081, 36.1664028209347], [-115.159940989887, 36.1662312860463], [-115.159611834421, 36.1662312815497], [-115.155356833353, 36.1666562813636], [-115.153121507254, 36.1669205912136], [-115.152911480483, 36.1669189220719], [-115.152664612984, 36.166890097901], [-115.152302833711, 36.1667872820088], [-115.151679523493, 36.1665228210727], [-115.151370730477, 36.1663974088146], [-115.151228780586, 36.1663276340144], [-115.151951741982, 36.1652350971234], [-115.153912590496, 36.1622285358196], [-115.154041418379, 36.162055922644], [-115.154289953221, 36.1617546272755], [-115.154603528832, 36.1614041201054], [-115.154712416947, 36.1612781394759], [-115.154805964426, 36.1611685885608], [-115.154920098286, 36.1610096666641], [-115.156113696492, 36.159204935061], [-115.156337163631, 36.1588746950124], [-115.156409361205, 36.1588749522186], [-115.156708303947, 36.1588787671427], [-115.157331570997, 36.1588892325534], [-115.157938982101, 36.1588968812873], [-115.15839282677, 36.1589149774455], [-115.158429229527, 36.1589164766154], [-115.158895318466, 36.1589414813656], [-115.159146045855, 36.1589355026726], [-115.159263355222, 36.1589317992645], [-115.159795801537, 36.1589020928586], [-115.160063642126, 36.1588985882006], [-115.160170746885, 36.1588972176338], [-115.160182843666, 36.1579035746915], [-115.160213023115, 36.1575572862411], [-115.160279163755, 36.157127125218], [-115.160344094806, 36.156884401795], [-115.160414980269, 36.1566815722981], [-115.160501200972, 36.156468630824], [-115.160626365916, 36.1561499596542], [-115.160786174544, 36.1559072820967], [-115.160819849659, 36.1558473027122], [-115.161000033327, 36.1555769017539], [-115.161183941988, 36.1553348393327], [-115.161437329571, 36.1550375297595], [-115.161473021865, 36.154996989221], [-115.162651059101, 36.153659123571], [-115.163874382599, 36.1522700478258], [-115.164342042653, 36.1517398219365], [-115.164636094882, 36.1514064243683], [-115.165032257935, 36.1509548172123], [-115.165953353467, 36.1499103652724], [-115.16734378539, 36.1483319867331], [-115.168193944197, 36.1473632756959], [-115.169068455747, 36.1463766357744], [-115.170102150896, 36.1451998872663], [-115.170322217698, 36.1449503289958], [-115.170959873901, 36.1442271805413], [-115.171034183083, 36.1441803843186], [-115.171325820632, 36.144194588211], [-115.171566865021, 36.1442063288603], [-115.173147481074, 36.1442832973376], [-115.174610858806, 36.1442943697907], [-115.175309821793, 36.1442996524083], [-115.177573633918, 36.1443167296347], [-115.179233936199, 36.1443292275132], [-115.18197948187, 36.1443498435717], [-115.18550002281, 36.1443793683145], [-115.186683808513, 36.1443892725482], [-115.190699360589, 36.144422782187], [-115.190706320443, 36.1444227309256], [-115.19075349438, 36.1444223864853], [-115.190807627272, 36.1444219907835], [-115.193965539081, 36.144442938692], [-115.194048197568, 36.1444433667693], [-115.19414159576, 36.1444438506046], [-115.195041879182, 36.1444499471087], [-115.196358367947, 36.1444588503969], [-115.197964129943, 36.1444696890262], [-115.199846955075, 36.1444814134878], [-115.199945494691, 36.1444814548565], [-115.202093856349, 36.1444956740375], [-115.203577837549, 36.1445052689044], [-115.203971423145, 36.1445078112878], [-115.204218477703, 36.1445094057858], [-115.204322244178, 36.1445100757807], [-115.204324070702, 36.1445100550963], [-115.204363228982, 36.1445103194969], [-115.207772984238, 36.1445315219135], [-115.208145413282, 36.1445338430637], [-115.208506039624, 36.1445269956256], [-115.208938636911, 36.1445189116198], [-115.209719147723, 36.1445060090464], [-115.210676441867, 36.1444893257231], [-115.212413704531, 36.1444590365566], [-115.212514449285, 36.144456482482], [-115.213395697656, 36.1444403162689], [-115.21348204876, 36.1444384195987], [-115.214573264547, 36.1444220465416], [-115.214676561576, 36.1444202191191], [-115.215628181897, 36.1444044782854], [-115.216721519185, 36.144385703139], [-115.217773589282, 36.1443684325584], [-115.218201934574, 36.1443613566926], [-115.21885969692, 36.1443507788667], [-115.21992203008, 36.1443343131793], [-115.221005476624, 36.1443130091393], [-115.222046605569, 36.1442943338178], [-115.223125804614, 36.1442757367371], [-115.224205023445, 36.1442550847057], [-115.225285286389, 36.1442365164034], [-115.2263515316, 36.1442120656356], [-115.226822308705, 36.144203454627], [-115.227281310986, 36.1441938876391], [-115.227420083572, 36.1441909918221], [-115.2284894908, 36.1441671714791], [-115.229572432824, 36.144143300774], [-115.230640865186, 36.1441212242164], [-115.231608074355, 36.1440993823819], [-115.232495821227, 36.144079273541], [-115.232796366561, 36.1440736365904], [-115.233872521402, 36.1440488054094], [-115.235003911703, 36.1440672343167], [-115.235559408542, 36.1440733011432], [-115.236119981154, 36.1440800649443], [-115.237242832393, 36.1440922111879], [-115.238364842765, 36.1441036586582], [-115.239487649038, 36.1441161619327], [-115.24061297611, 36.1441291121701], [-115.241757775303, 36.1441414050032], [-115.242754390505, 36.1441541124237], [-115.242919550099, 36.1441598635881], [-115.243089725213, 36.1441540557664], [-115.243138049384, 36.1441524091077], [-115.244039286086, 36.1441295042745], [-115.245166570083, 36.1440985055429], [-115.246300615183, 36.1440661281506], [-115.247410978436, 36.1440364397312], [-115.248540790427, 36.1440060840149], [-115.249677383307, 36.1439750430151], [-115.250794512159, 36.1439426116635], [-115.251929479064, 36.1439118782319], [-115.253054548931, 36.1438826565607], [-115.253607233589, 36.1438678744042], [-115.254171766816, 36.1438496712266], [-115.254274177114, 36.1438471135547], [-115.255297428436, 36.1438194746903], [-115.256428889784, 36.1437895083804], [-115.257560368219, 36.1437574682339], [-115.258674050869, 36.1437294966203], [-115.259251226765, 36.1437114301397], [-115.259817385066, 36.1436947180381], [-115.26093857166, 36.1436652769323], [-115.260938953872, 36.1436652670398], [-115.261107234114, 36.1455849257051], [-115.2612753228, 36.1475018935988], [-115.261365438466, 36.1485201455896], [-115.261446159815, 36.1494322272168], [-115.261530340855, 36.1503832683744], [-115.261531689838, 36.1503985136817], [-115.261615157716, 36.1513414645382], [-115.261676500472, 36.1520485520004], [-115.261687702428, 36.1521749616065], [-115.261784803128, 36.1532707252651], [-115.261838791229, 36.1538958305294], [-115.261948910516, 36.1551707975955], [-115.261949713611, 36.1551801010821], [-115.261950282881, 36.1551866868174], [-115.261951315303, 36.155198704458], [-115.262114076406, 36.1570937468802], [-115.262290444251, 36.1590942258192], [-115.262290513499, 36.1590950244171], [-115.263407186395, 36.159093549529], [-115.264436348961, 36.1590905206123], [-115.264480647766, 36.1590902867886], [-115.264524947471, 36.1590900376764], [-115.264538782641, 36.1590900340791], [-115.265637322507, 36.1590896518672], [-115.265917607014, 36.1590889153225], [-115.266113685301, 36.1590884009103], [-115.266769244307, 36.1590866670174], [-115.266788242486, 36.1590866454337], [-115.26780972664, 36.159085526677], [-115.267860460094, 36.1590858216546], [-115.267911153979, 36.1590861148336], [-115.268377501922, 36.1590850923044], [-115.268946686443, 36.1590838404482], [-115.268992201131, 36.1590838044753], [-115.269037714921, 36.1590837694017], [-115.270100887148, 36.1590826524438], [-115.270131820229, 36.1590826569404], [-115.270157716208, 36.1590826560411], [-115.270162487111, 36.1590826470479], [-115.271163478414, 36.1590808043369], [-115.27119577127, 36.1590807440824], [-115.271222804891, 36.1590806973176], [-115.271285714266, 36.1590788573047], [-115.272323293587, 36.1590818115777], [-115.273220933901, 36.1590776009518], [-115.273455527453, 36.1590765001816], [-115.274546446464, 36.1590765028796], [-115.275668022463, 36.1590711492155], [-115.276817553889, 36.1590701662565], [-115.276914394686, 36.1590697049043], [-115.277875671927, 36.1590651183618], [-115.277944626545, 36.1590647883106], [-115.279376128708, 36.1590616101065], [-115.280269440584, 36.1589356969262], [-115.280273159281, 36.1589376592468], [-115.280280216261, 36.1590595947258], [-115.280340181257, 36.1595486100816], [-115.280346916279, 36.1596707856795], [-115.280345753456, 36.1597930781893], [-115.280336698182, 36.1599151548618], [-115.280319772042, 36.1600366784513], [-115.280295022699, 36.1601573189064], [-115.280262518503, 36.1602767407803], [-115.280222349384, 36.1603946203168], [-115.280174623262, 36.1605106319614], [-115.280119472338, 36.1606244582534], [-115.280057048596, 36.1607357880275], [-115.279987522908, 36.1608443137155], [-115.279911083232, 36.1609497385409], [-115.279827943607, 36.1610517738216], [-115.279738328863, 36.161150138969], [-115.279642486314, 36.1612445650859], [-115.279477072211, 36.161367818971], [-115.278696482259, 36.1620292928189], [-115.278528286553, 36.1621767150846], [-115.278389451914, 36.1623361352058], [-115.278244483898, 36.162559926101], [-115.278138252381, 36.1627890913448], [-115.278086675362, 36.1628882002316], [-115.278064974721, 36.1629386827753], [-115.278024847871, 36.1630482759585], [-115.27798896672, 36.1632008045748], [-115.277960521163, 36.1633318888569], [-115.277946592463, 36.1635107046566], [-115.277941521186, 36.1638123426668], [-115.277942665124, 36.1643672810265], [-115.277942000525, 36.1651023571893], [-115.277943298247, 36.1656215861686], [-115.277945126569, 36.1663523590754], [-115.27794562929, 36.1665324357246], [-115.277950209537, 36.1681735221916], [-115.277955906742, 36.1700239933139], [-115.277958115477, 36.1707811883025], [-115.277966617667, 36.1736944089711], [-115.278005659036, 36.174597438922], [-115.278020426803, 36.174906473856], [-115.278040549134, 36.1751783784807], [-115.278076493238, 36.17546606261], [-115.278142161734, 36.1758253615525], [-115.278167928209, 36.1760071397191], [-115.278188067627, 36.1762747518796], [-115.2781914203, 36.1763594572245], [-115.278217461069, 36.1770775793681], [-115.278228370745, 36.1775416853018], [-115.278234505021, 36.1776609632841], [-115.277977190097, 36.1776812447949], [-115.277762990472, 36.1776988220443], [-115.277474670522, 36.1777152553561], [-115.277151111537, 36.1777261317569], [-115.276324703824, 36.1777307767553], [-115.275933323366, 36.1777408959269], [-115.274718789842, 36.1777504107541], [-115.268780004296, 36.1778526690668], [-115.266998396061, 36.1778823143187], [-115.266353662194, 36.1779012135714], [-115.265734091357, 36.1779297886301], [-115.265551908496, 36.1779444592707], [-115.265040499122, 36.1779856374286], [-115.263345330125, 36.1781624306529], [-115.26134033569, 36.1783864418821], [-115.260670672616, 36.1784409551872], [-115.260309722518, 36.1784592114247], [-115.259935063155, 36.1784636945452], [-115.259858209791, 36.1784637035384], [-115.259851305695, 36.1784555529827], [-115.259851195978, 36.1784824004437], [-115.259830656362, 36.1834781281144], [-115.259828354997, 36.1840376449227], [-115.260037213549, 36.1887697741071], [-115.260138361199, 36.1910615110812], [-115.260138569841, 36.1910662720921], [-115.26114074645, 36.1910372410771], [-115.262289669934, 36.1910039517723], [-115.262677079886, 36.1910076794621], [-115.263816606353, 36.1911978483034], [-115.264691541484, 36.1915558081553], [-115.265526464877, 36.1920054197157], [-115.266161333181, 36.1923472915955], [-115.268062453222, 36.1932220342708], [-115.269688771922, 36.1936452120582], [-115.269689157731, 36.1936453127823], [-115.269564729331, 36.1950802440593], [-115.269564429857, 36.1950836956573], [-115.269786344766, 36.1961269398078], [-115.269973056613, 36.197054374661], [-115.269973329108, 36.19705572904], [-115.269759692458, 36.1970834389509], [-115.269628283521, 36.1970989486589], [-115.269599533094, 36.1971023418009], [-115.269525553963, 36.1971110733187], [-115.269290846198, 36.1971353909868], [-115.269055655496, 36.1971563838613], [-115.26882004661, 36.197174045647], [-115.268584093283, 36.1971883673506], [-115.26834787016, 36.1971993489721], [-115.268111446488, 36.1972069842163], [-115.267874890616, 36.1972112748817], [-115.267638276288, 36.1972122146733], [-115.267401682644, 36.1972098053895], [-115.267165171738, 36.1972040497285], [-115.266928829004, 36.1971949467907], [-115.266692710203, 36.1971824992742], [-115.266456896271, 36.197166712575], [-115.266221467249, 36.1971475902903], [-115.265986473499, 36.1971251396148], [-115.265752004054, 36.1970993659443], [-115.265518130859, 36.19707028097], [-115.265284910572, 36.1970378882892], [-115.265168654312, 36.1970200403439], [-115.265052433125, 36.1970021977945], [-115.264697678457, 36.196941123935], [-115.264689485633, 36.1969395591146], [-115.264304332081, 36.1983180426449], [-115.264237165315, 36.1985584584074], [-115.264113256724, 36.1990019599738], [-115.264053929348, 36.199280196725], [-115.264035001316, 36.1997642685075], [-115.264119796594, 36.2002383506207], [-115.26432875497, 36.2007371865732], [-115.26462073606, 36.2011588247213], [-115.264812562352, 36.2013862920451], [-115.265970038389, 36.2027587788958], [-115.266119817778, 36.2029921907383], [-115.266189812012, 36.2032046924439], [-115.266197322251, 36.2032335570843], [-115.266198040809, 36.2034231107892], [-115.266176184585, 36.2035892551413], [-115.266151848032, 36.2036880870369], [-115.266079856402, 36.2038362413507], [-115.26602766065, 36.2039089020755], [-115.265979478572, 36.2039843201216], [-115.265919657468, 36.2040465460126], [-115.26586225644, 36.2041062573992], [-115.265835239907, 36.2041336570439], [-115.265253260732, 36.2045592917792], [-115.264899687773, 36.2042438042095], [-115.264609838975, 36.2039916693814], [-115.264497883273, 36.203911704363], [-115.264280654731, 36.2037751423103], [-115.264054391599, 36.2036728956889], [-115.263865898195, 36.2036078351348], [-115.263632454876, 36.2035522678242], [-115.263399998114, 36.2035145610495], [-115.262954324685, 36.2035010064676], [-115.260851297851, 36.2035022268476], [-115.260675942643, 36.2035051541408], [-115.260675927354, 36.203509924145], [-115.260668280419, 36.2066604480225], [-115.260626249704, 36.2104718360078], [-115.260504338507, 36.2135880606418], [-115.260486143423, 36.2147453208412], [-115.260458009032, 36.2170920243787], [-115.260444130694, 36.2182445262652], [-115.259209864246, 36.2182347758156], [-115.25586134113, 36.218216044736], [-115.253112479659, 36.2182173631421], [-115.251665322099, 36.2182154772638], [-115.251346633842, 36.2182173406591], [-115.249325654857, 36.2182144655265], [-115.249081752423, 36.2182206519628], [-115.248211465889, 36.2182203363008], [-115.24670979862, 36.2182197805197], [-115.246709384932, 36.2181709662184], [-115.245489997767, 36.2182136075733], [-115.244631916832, 36.2182092584518], [-115.242283377778, 36.2182088519582]], [[-115.222411666467, 36.155659680751], [-115.222406414427, 36.1555785034465], [-115.223420275028, 36.1555816088055], [-115.223522989297, 36.1555817014357], [-115.223623047868, 36.1555817949652], [-115.224139312681, 36.1555833534903], [-115.22464889913, 36.1555848985255], [-115.22463340471, 36.1553169068511], [-115.224623186613, 36.1550469546546], [-115.224614278828, 36.154811473472], [-115.224611222932, 36.1546162072735], [-115.224604728927, 36.1544462767756], [-115.224576166459, 36.1536875592347], [-115.224570910821, 36.1536042181614], [-115.224506831427, 36.151906207307], [-115.224491637381, 36.1517968164712], [-115.223400934208, 36.1517933540814], [-115.222831635474, 36.151792425981], [-115.222826901443, 36.1512605471378], [-115.223275547131, 36.1512575523954], [-115.223377121059, 36.1512578042056], [-115.223363264305, 36.1508439946559], [-115.223347739309, 36.150423303494], [-115.223332233198, 36.1499984925377], [-115.223329120645, 36.1499160058203], [-115.224429549986, 36.1499132700827], [-115.224426449124, 36.1498280332385], [-115.224410952905, 36.1493949763983], [-115.22439712403, 36.1489715423041], [-115.224051764579, 36.1489720477231], [-115.224040885481, 36.1486819588067], [-115.224029974906, 36.1483987470059], [-115.224020766747, 36.1481127922729], [-115.224018698306, 36.1480301544694], [-115.224347786323, 36.1480270131374], [-115.225444461895, 36.148017858039], [-115.22540456617, 36.1470642646054], [-115.225395202429, 36.146833450005], [-115.22522507408, 36.146836664182], [-115.224304278922, 36.1468543034847], [-115.224316614023, 36.1472199975062], [-115.223334708132, 36.1472271534117], [-115.223234822231, 36.1472282766649], [-115.223222396299, 36.1468955706753], [-115.223196097424, 36.1461531812257], [-115.223092834569, 36.1461543224653], [-115.22211111214, 36.1461679040269], [-115.221627021472, 36.1461740140209], [-115.221642366604, 36.1466147771516], [-115.221214167002, 36.1466165650038], [-115.221163437145, 36.1466167727472], [-115.221062699586, 36.1466171981265], [-115.221053235121, 36.1461813551867], [-115.219976727746, 36.1461961472357], [-115.21963116325, 36.1462004028276], [-115.218890069723, 36.1462095282485], [-115.218888728834, 36.1461270019608], [-115.218328422421, 36.1461344978101], [-115.218328852297, 36.1460177900903], [-115.218230988971, 36.1459352575074], [-115.218107601986, 36.1458883740505], [-115.217987443568, 36.1458854386633], [-115.217987624332, 36.145834633263], [-115.21798623308, 36.1457536286284], [-115.21779159281, 36.1457546844325], [-115.217792971471, 36.1458384463885], [-115.217798344021, 36.1462229020666], [-115.217799714587, 36.1463107748237], [-115.217806631273, 36.1467336756199], [-115.217811879717, 36.1471497127904], [-115.217815817848, 36.1474600139697], [-115.217820159775, 36.1476618560111], [-115.217410556354, 36.1476639487336], [-115.216885846007, 36.1476686081211], [-115.216746519439, 36.1476722108052], [-115.216742362772, 36.147173347873], [-115.21674256422, 36.1471156284847], [-115.216737312179, 36.1466896052424], [-115.216608882696, 36.1466993880676], [-115.216104354934, 36.1467026103385], [-115.216099149658, 36.1462459337042], [-115.215640174357, 36.1462515553663], [-115.21516258129, 36.1462557390125], [-115.214690072991, 36.146258566481], [-115.214585065451, 36.1462596582579], [-115.214588500861, 36.1466250456107], [-115.214487268675, 36.1466266446053], [-115.213860703811, 36.1466319865782], [-115.21386136841, 36.1469096423674], [-115.214591134076, 36.1469052671657], [-115.214593736714, 36.1471826414671], [-115.21449211692, 36.1471837341433], [-115.213862098659, 36.1471874978061], [-115.213862834305, 36.1474667301068], [-115.214596327661, 36.1474575714111], [-115.214599075989, 36.1477489157812], [-115.214598804394, 36.1477489157812], [-115.214599075089, 36.1477491145313], [-115.214601887269, 36.148135995681], [-115.214510540431, 36.1481050437141], [-115.213920472754, 36.1481101545613], [-115.213868249123, 36.1481106078196], [-115.213867892092, 36.1481103560095], [-115.213867892991, 36.1481106159134], [-115.213518491987, 36.1481136376356], [-115.212449818606, 36.1481203106052], [-115.212453427586, 36.1490295233951], [-115.21246378148, 36.1499483922058], [-115.212467277145, 36.1504050661422], [-115.212567124375, 36.1504067154988], [-115.212997300687, 36.1504092812646], [-115.213069679025, 36.1504098478375], [-115.213546024731, 36.150413554843], [-115.213538875121, 36.1500325183873], [-115.213534093426, 36.1499458489231], [-115.213723783828, 36.1499449972651], [-115.214618023805, 36.1499433371166], [-115.21462632095, 36.1508297583879], [-115.214628455941, 36.1508690821438], [-115.214730082929, 36.1508652312467], [-115.215698835335, 36.1508692728], [-115.216174741273, 36.150870579515], [-115.216179732511, 36.1511539442004], [-115.21618182973, 36.151273577415], [-115.21625348861, 36.1512730504123], [-115.216272004751, 36.1512729137153], [-115.21631643126, 36.1512725872614], [-115.216650474542, 36.1512701402061], [-115.216654149172, 36.1512701114278], [-115.216785267628, 36.1512691140796], [-115.216785262232, 36.1512691536498], [-115.216782150578, 36.1512888631918], [-115.216790304731, 36.1517805090646], [-115.21679023908, 36.1517805360442], [-115.216794080085, 36.1517805423395], [-115.216797299658, 36.152096412121], [-115.216800239542, 36.1524484949034], [-115.216803407853, 36.152725400658], [-115.216937754876, 36.1527309404818], [-115.217900350523, 36.1527375954649], [-115.217898479034, 36.1530165049091], [-115.217900864036, 36.1531635224799], [-115.217904050334, 36.1535905313792], [-115.217913222519, 36.1536737753258], [-115.217921064608, 36.1537559346899], [-115.217924566568, 36.1540121389504], [-115.218055572609, 36.1540124150422], [-115.218239330183, 36.1540128008514], [-115.218412072861, 36.1540131632782], [-115.218544405402, 36.1540134708463], [-115.218691430168, 36.1540138530582], [-115.218805376969, 36.1540141498344], [-115.218931185828, 36.1540144762883], [-115.218932213753, 36.1540692405043], [-115.218932606757, 36.1540901002792], [-115.218933558239, 36.1541408157473], [-115.218934624835, 36.1541976043373], [-115.218936030476, 36.15427244322], [-115.218937543135, 36.1543530710387], [-115.218938557571, 36.1544014869404], [-115.218938453249, 36.1544014887391], [-115.218858758927, 36.1544013889143], [-115.218726430882, 36.154401223439], [-115.2184764904, 36.1544009113742], [-115.218436035297, 36.1544008601129], [-115.21842500781, 36.1544008466231], [-115.218333133969, 36.1544007315098], [-115.218108898809, 36.1544004509214], [-115.217929155808, 36.1544002323861], [-115.217931414006, 36.1546153529175], [-115.217935078743, 36.1547861593551], [-115.218947042674, 36.1547884948944], [-115.219048377383, 36.1547885146795], [-115.21905681842, 36.1552533580573], [-115.219062878052, 36.1555701010806], [-115.219072650085, 36.1560403547799], [-115.219074081806, 36.1561104623293], [-115.218972525864, 36.1561073587689], [-115.218463196621, 36.1561072688367], [-115.218457404088, 36.1556543216909], [-115.218459700957, 36.1555688321372], [-115.217945577429, 36.1555677421589], [-115.217446504055, 36.155566407565], [-115.217445414976, 36.1556573811845], [-115.217448690307, 36.1560335837842], [-115.217940691412, 36.15602934438], [-115.21794936897, 36.1563698717734], [-115.217955402522, 36.1566985038342], [-115.217590079021, 36.1566973607959], [-115.216972750194, 36.1566972492799], [-115.216842119171, 36.1566917031609], [-115.216840190125, 36.1573187293772], [-115.216841044481, 36.157371538467], [-115.217594109782, 36.1573730025633], [-115.217971455421, 36.157373082603], [-115.217972261213, 36.1575179328077], [-115.217974827878, 36.1579781248918], [-115.218999336452, 36.1579780016847], [-115.219110988184, 36.1579830100092], [-115.219099963395, 36.1574639995652], [-115.219654923338, 36.1574645328632], [-115.220216567942, 36.1574639842768], [-115.221335838081, 36.1574617944275], [-115.221314169815, 36.1565180081009], [-115.221416901171, 36.1565148577758], [-115.222436105544, 36.1565158065606], [-115.222427078149, 36.1562181624395], [-115.222427149196, 36.1561564770411], [-115.222411666467, 36.155659680751]], [[-115.213033288857, 36.151771708299], [-115.213033747512, 36.1516626753935], [-115.213031978545, 36.1514805303036], [-115.21303174652, 36.1514566865781], [-115.213029950574, 36.1512718156431], [-115.213553213912, 36.1512732626522], [-115.213552317288, 36.1511752410458], [-115.213549527591, 36.1508702260814], [-115.213067526947, 36.15086762794], [-115.213026196804, 36.1508674013109], [-115.212570613745, 36.1508647662972], [-115.212524189842, 36.1508640027728], [-115.212470765616, 36.150863137625], [-115.212474149764, 36.1517707217427], [-115.213033288857, 36.151771708299]], [[-115.215714764127, 36.1516686010264], [-115.215700702328, 36.1517787140177], [-115.215913974752, 36.1517790692499], [-115.216191347255, 36.1517795306021], [-115.216190100795, 36.151737446827], [-115.216189567497, 36.1517076387978], [-115.216188887609, 36.1516696325488], [-115.216188362405, 36.1516402274159], [-115.216181809945, 36.1512736160858], [-115.216098346564, 36.1512746125346], [-115.216044241551, 36.1512752582479], [-115.215768693772, 36.151278539874], [-115.215712669606, 36.151279207171], [-115.215714764127, 36.1516686010264]]]}, "properties": {"FID": 4, "OBJECTID": 77, "LIVE_CLV_W": 487972623.522998, "PERIMETER": 181083.82684135, "WARD": "1", "CNTY_IS": 0, "SHADE": 83, "ACRES": 11202.35534986, "SQ_MILES": 17.50368024, "Shape__Area": 487972647.3027344, "Shape__Length": 161583.3070976385, "district_id": "1"}}, {"type": "Feature", "id": 5, "geometry": {"type": "Polygon", "coordinates": [[[-115.230768309012, 36.2468480215203], [-115.230751296537, 36.2468465340416], [-115.229733723535, 36.2467554273224], [-115.227773603471, 36.2465813212723], [-115.227652840708, 36.2465705932596], [-115.225699601358, 36.246396385586], [-115.225692562364, 36.2463957119938], [-115.225591171897, 36.2463905211069], [-115.223192157494, 36.2464315355882], [-115.220957773884, 36.246481451559], [-115.217707207624, 36.2465017798346], [-115.216655449591, 36.2464999335264], [-115.215098048638, 36.2465418860006], [-115.212838678265, 36.2466200352877], [-115.211577786488, 36.2466269708593], [-115.20755183645, 36.2467433845009], [-115.207551861631, 36.2467386657581], [-115.207551881416, 36.2467386144968], [-115.207564609521, 36.2455121604592], [-115.20757292825, 36.2447550913757], [-115.207578802622, 36.2442043537492], [-115.207593947205, 36.2427627989653], [-115.20759597068, 36.2426020757265], [-115.207606853376, 36.2417376734561], [-115.207608248224, 36.2413997603919], [-115.207612752029, 36.2408631061487], [-115.207635563333, 36.2387684277221], [-115.207635658661, 36.2387596440436], [-115.207635722513, 36.2387537615782], [-115.207635737801, 36.238752387414], [-115.20763592576, 36.2387523892127], [-115.207636630828, 36.2387476291011], [-115.207635760284, 36.2387476174099], [-115.207635778271, 36.2387460292072], [-115.207635934753, 36.2387316157728], [-115.207642583441, 36.238120905057], [-115.207653923892, 36.2370790746409], [-115.207609375974, 36.2370793678199], [-115.207605988228, 36.2369470982313], [-115.207599588652, 36.2366973097344], [-115.207591723182, 36.2363347435549], [-115.20758550347, 36.2360603819823], [-115.20758469498, 36.2360002002503], [-115.207583453016, 36.2359077796216], [-115.207580921425, 36.2358742250168], [-115.207577473424, 36.2357367681386], [-115.207570009051, 36.2354391420041], [-115.207569178977, 36.2353685407269], [-115.207567947805, 36.2352908644831], [-115.207557366382, 36.2349541466179], [-115.207549750922, 36.2346788263681], [-115.20754873289, 36.2346008983141], [-115.207533596401, 36.2342210039975], [-115.207526891955, 36.2339017293826], [-115.207519756734, 36.2336863453498], [-115.20748306979, 36.2325375243885], [-115.207467039375, 36.2320236697578], [-115.207481284636, 36.2302001989813], [-115.207493131405, 36.228393889068], [-115.207494452509, 36.2280271059674], [-115.207493743843, 36.2274801760706], [-115.207499846643, 36.2265302221933], [-115.207511237456, 36.2246748983292], [-115.207510910103, 36.2245920950505], [-115.207506082542, 36.2233831319273], [-115.207505696733, 36.222812760302], [-115.207503931364, 36.2224651129759], [-115.207501074217, 36.2219025447679], [-115.207500072373, 36.2215794768128], [-115.207497851047, 36.2209766342656], [-115.207491653819, 36.2192097695166], [-115.207492028836, 36.2191383336685], [-115.207484627416, 36.21741402304], [-115.207483954723, 36.2172779439232], [-115.21181868069, 36.2171423351519], [-115.211696379187, 36.2170076904538], [-115.211458965361, 36.2167427312933], [-115.208718839905, 36.2136942867632], [-115.208659146505, 36.2136291974308], [-115.208608749396, 36.2135738720378], [-115.208047750505, 36.2129501544274], [-115.207501549959, 36.2123407729097], [-115.205576740876, 36.2102651304327], [-115.205256032742, 36.2099333003828], [-115.202048627644, 36.2064060900703], [-115.19892581008, 36.2029844430789], [-115.198875425563, 36.202929221108], [-115.198825495203, 36.2028745144486], [-115.198746210971, 36.2027914764468], [-115.198625646059, 36.2026545079006], [-115.198418633815, 36.2024326478497], [-115.196851453634, 36.2006801236901], [-115.196627317399, 36.2004374218509], [-115.19618442917, 36.1999506188273], [-115.195493545693, 36.1991953996493], [-115.193749819601, 36.1972889178506], [-115.193688832975, 36.1972205181137], [-115.193578756856, 36.1971043355979], [-115.19221894595, 36.1956176474378], [-115.188382989386, 36.195653378402], [-115.187859196347, 36.1956571555546], [-115.187859589351, 36.1955746535487], [-115.186771974449, 36.1955710553612], [-115.186772208273, 36.195524729484], [-115.186771003181, 36.1949698199025], [-115.18677312738, 36.1945485459799], [-115.185561405137, 36.1945485486779], [-115.185504686694, 36.1945485486779], [-115.185423947359, 36.1945485477785], [-115.185427306327, 36.1938847581763], [-115.1854313227, 36.1933547409299], [-115.185232492488, 36.1933540799282], [-115.185038993457, 36.193354517898], [-115.184645319728, 36.1933542885708], [-115.184265000032, 36.1933541033105], [-115.183872659997, 36.1933538757821], [-115.18382195712, 36.1933537067095], [-115.183821945429, 36.1933558012305], [-115.183819514561, 36.1937798828366], [-115.183769077883, 36.1937797146634], [-115.1833928528, 36.1937784574112], [-115.183359695696, 36.1937783467945], [-115.18335742131, 36.194168832427], [-115.183361100437, 36.1944117339157], [-115.183360562642, 36.1945546946447], [-115.183356671276, 36.1955929664435], [-115.183351392255, 36.1955929889266], [-115.183351922855, 36.1956767400908], [-115.183200391587, 36.1956772554023], [-115.182733772947, 36.1956788723834], [-115.182325617435, 36.195680284319], [-115.182023956942, 36.1956819813396], [-115.181674538851, 36.1956842746109], [-115.181384234997, 36.195685325019], [-115.180891179886, 36.1956852809523], [-115.180438835286, 36.1956871155692], [-115.180400024144, 36.1956872729506], [-115.180347627843, 36.1956874797947], [-115.179952713049, 36.1956890814872], [-115.17995236771, 36.1956209200707], [-115.17994955463, 36.1939687413656], [-115.179949374766, 36.1938631780445], [-115.179308799364, 36.1938664254964], [-115.179308761592, 36.1941335951906], [-115.179307389227, 36.1944007693813], [-115.179307339764, 36.1946701100388], [-115.179307306489, 36.1949362068418], [-115.179081792493, 36.1949343641309], [-115.178856148994, 36.1949336015058], [-115.178855273954, 36.1956247880548], [-115.17885492142, 36.195693294811], [-115.17546907554, 36.1957074924081], [-115.1747898158, 36.1957121428025], [-115.171690184557, 36.1957263439969], [-115.171316383147, 36.1957300240227], [-115.16982557879, 36.1957316607888], [-115.169725750445, 36.1957312264163], [-115.169161552666, 36.1957298972183], [-115.168709438292, 36.1957288360182], [-115.165312799648, 36.1957207987771], [-115.165307036793, 36.1979449067334], [-115.165307161798, 36.1993457078394], [-115.165307635741, 36.2021659934671], [-115.165307747257, 36.2028372546369], [-115.165307431595, 36.2028923776823], [-115.165297510274, 36.2029743418937], [-115.163151636141, 36.2029904865231], [-115.161472488567, 36.2030029295429], [-115.160799179641, 36.2030079180823], [-115.160785467677, 36.2030080143097], [-115.160368016773, 36.2030134794898], [-115.160206979671, 36.2030156864261], [-115.158322500685, 36.2030407433369], [-115.157882129659, 36.2030462624763], [-115.157560568967, 36.2030500675079], [-115.156908136004, 36.203058559806], [-115.15629613656, 36.2030711593079], [-115.156257443229, 36.2030721206832], [-115.154039794203, 36.2030962818692], [-115.151791358686, 36.2031250493828], [-115.151795397542, 36.202079318607], [-115.151816471355, 36.2011755377222], [-115.151830873998, 36.2002673987228], [-115.151829940502, 36.2001721919943], [-115.151832417234, 36.1994067996853], [-115.151832705917, 36.1993359421014], [-115.151843221689, 36.1984023720732], [-115.151847843306, 36.1976007460789], [-115.151846970064, 36.1974903983645], [-115.151861940179, 36.1966082263899], [-115.151866088751, 36.196247446264], [-115.151869954037, 36.1957941843554], [-115.151873143933, 36.1956871047774], [-115.14742337669, 36.1957182195215], [-115.146956177987, 36.1957183373327], [-115.144139688398, 36.1957373094306], [-115.14410910965, 36.1957374838991], [-115.144017629712, 36.1957372761557], [-115.143783600035, 36.1957367509516], [-115.143570963431, 36.195736268915], [-115.143406309256, 36.1957358965956], [-115.14297799544, 36.1957349325225], [-115.142977734637, 36.1957349316231], [-115.142976266943, 36.1957349280258], [-115.142976313708, 36.1957302164776], [-115.142976316406, 36.195729837863], [-115.142976317305, 36.1957297659173], [-115.14297856651, 36.1955581968546], [-115.142978594389, 36.1955556886454], [-115.142978718495, 36.1955335257529], [-115.142982992074, 36.1951852300157], [-115.142985779073, 36.1950648998265], [-115.142987556133, 36.1949877200085], [-115.142990123697, 36.1947912945839], [-115.142991021221, 36.1946470109521], [-115.142991336883, 36.1945964753484], [-115.142993917038, 36.1944038351702], [-115.142995141914, 36.1943061669973], [-115.142996424348, 36.194206327861], [-115.142998868705, 36.1940180116233], [-115.143001417384, 36.193818872944], [-115.143003831164, 36.1936280511949], [-115.14300385005, 36.1936267804528], [-115.143005681969, 36.1934384813022], [-115.143008113736, 36.1932485615732], [-115.14300928915, 36.1931517045888], [-115.143010476255, 36.1930548476045], [-115.143012821687, 36.1928643873829], [-115.143015233668, 36.192673926262], [-115.14301520489, 36.1926710421362], [-115.143016090722, 36.1925843861618], [-115.143017070983, 36.1924748028712], [-115.143020639493, 36.1921928923894], [-115.143021968691, 36.1920765587875], [-115.143022361695, 36.1920440959596], [-115.143024533558, 36.1918628277086], [-115.143027760325, 36.1916379819086], [-115.143031953864, 36.1912344138385], [-115.143032093259, 36.1912194707033], [-115.143033032151, 36.1910517264573], [-115.143037271555, 36.1908883286347], [-115.143036064665, 36.1908655937734], [-115.14303808724, 36.1907525076234], [-115.143038234729, 36.1907162586497], [-115.143041234867, 36.1905458173369], [-115.143042653098, 36.1904633009419], [-115.143044137879, 36.1903807845468], [-115.143044272777, 36.1903805777028], [-115.143044969752, 36.1902201611329], [-115.143045640646, 36.1900701317325], [-115.14304684214, 36.189824209421], [-115.143047524726, 36.1896842803066], [-115.143047463572, 36.1896833063409], [-115.143048903386, 36.1896505683204], [-115.143050365684, 36.1896178383938], [-115.143050430435, 36.1896142429043], [-115.14305433709, 36.1890989817339], [-115.143056649247, 36.1887943264983], [-115.143057320141, 36.188705827813], [-115.143058320188, 36.1885741571729], [-115.143058347167, 36.1885573218642], [-115.143059434448, 36.1884204909142], [-115.142964524495, 36.1884204117739], [-115.142909949137, 36.1884203659085], [-115.142164621602, 36.1884221186871], [-115.141539184488, 36.1884242195034], [-115.141341607931, 36.188424598118], [-115.140998521966, 36.1884249893231], [-115.139897160028, 36.1884286297787], [-115.139748981433, 36.1884291801639], [-115.138514790527, 36.1884323331869], [-115.137912718699, 36.1884334114741], [-115.13650165453, 36.188436443988], [-115.135567803913, 36.1884438876766], [-115.135415269901, 36.1884438400125], [-115.135238075579, 36.1884437896505], [-115.134941730079, 36.1884406249362], [-115.134769491921, 36.1884410790938], [-115.134575107957, 36.1884410530135], [-115.13444099296, 36.1884415872108], [-115.133879954498, 36.1884435018674], [-115.132675438523, 36.1884525013831], [-115.130743853049, 36.188466907623], [-115.130577020715, 36.1884647627399], [-115.129625353629, 36.1884655487474], [-115.129523910103, 36.1884652276894], [-115.127523761215, 36.1884729771475], [-115.125109211023, 36.1884511227224], [-115.125051597755, 36.1884505957197], [-115.125108017623, 36.1848024122029], [-115.125068525694, 36.1848025039338], [-115.125072522281, 36.183553404967], [-115.125073650031, 36.183178427244], [-115.125077576471, 36.1814848293627], [-115.125082568608, 36.1813186508364], [-115.125082223268, 36.1811963987961], [-115.125068680377, 36.1791560664007], [-115.1250667936, 36.1790759350077], [-115.125081162068, 36.1789799305806], [-115.125104550737, 36.1789060530732], [-115.125150718333, 36.1788072661437], [-115.125195825629, 36.1787387602869], [-115.125231410004, 36.1786892957756], [-115.125264323392, 36.1786492013009], [-115.12535694457, 36.1785486040362], [-115.125349204105, 36.1775212014436], [-115.125349082696, 36.1775203875572], [-115.125351225781, 36.1770794805349], [-115.125357873569, 36.1756097895615], [-115.125361282, 36.1749147781958], [-115.125361750547, 36.1747980273084], [-115.125353994793, 36.1747114621655], [-115.125335994862, 36.1746385936975], [-115.125263015778, 36.1744789811214], [-115.125214211369, 36.1743867655381], [-115.125185818873, 36.174316605828], [-115.125169105872, 36.1742409944276], [-115.125155972173, 36.1741324327668], [-115.125147178602, 36.1740060312546], [-115.125138581083, 36.1738823771713], [-115.125135933479, 36.1733549166973], [-115.125132815529, 36.1726937890884], [-115.125131259702, 36.1723755450967], [-115.125129223637, 36.1719250072346], [-115.12512720376, 36.171471722843], [-115.125124986931, 36.171015689224], [-115.125141156741, 36.1700998088604], [-115.125125971688, 36.169646245679], [-115.125131323554, 36.1691998563896], [-115.125131639216, 36.1684960730366], [-115.125133674382, 36.1682807672449], [-115.125133749925, 36.1680743503523], [-115.125296107232, 36.168109747668], [-115.125592413162, 36.1681842484057], [-115.125886420424, 36.168267726176], [-115.126012058412, 36.1683056784656], [-115.126022847579, 36.1683089376087], [-115.12617754446, 36.1683556654829], [-115.126464979477, 36.1684525611381], [-115.126747446639, 36.1685538850551], [-115.12702425167, 36.1686596273412], [-115.127092858251, 36.1686883687745], [-115.127099400819, 36.1686911099081], [-115.127298064656, 36.1687743358682], [-115.12756829834, 36.16889349514], [-115.128185340283, 36.1691804912879], [-115.128448092508, 36.1693029231927], [-115.129786852983, 36.169939851844], [-115.130020903344, 36.1700509253113], [-115.130039916811, 36.1700599482094], [-115.130042617475, 36.1700488137031], [-115.130087640235, 36.1698632089213], [-115.130148721289, 36.1697036260229], [-115.130229629696, 36.1695319535381], [-115.130348804256, 36.1693392099379], [-115.130847950475, 36.1685842290802], [-115.13114328064, 36.1681279796239], [-115.13181776498, 36.1670995455089], [-115.13190307377, 36.166969193275], [-115.131903214064, 36.1669692544289], [-115.133632541111, 36.1677255563906], [-115.13618728212, 36.1688144159538], [-115.137949221282, 36.1696133628677], [-115.139885831268, 36.1704342829172], [-115.140227499901, 36.1699075122232], [-115.140669292756, 36.1692363310931], [-115.141798191935, 36.1697212482383], [-115.142356309398, 36.1699609400466], [-115.142936830772, 36.1702103193521], [-115.143449055831, 36.170440211248], [-115.144072051286, 36.1707048457534], [-115.145209449958, 36.1711938907868], [-115.145775613656, 36.1714377059866], [-115.146360161295, 36.1716884540602], [-115.147117708817, 36.1705278097119], [-115.147877380539, 36.1693630410728], [-115.148640232263, 36.16819415174], [-115.149400070359, 36.1670293732083], [-115.150467738298, 36.167485146024], [-115.151134608977, 36.1664697430855], [-115.151228780586, 36.1663276340144], [-115.151370730477, 36.1663974088146], [-115.151679523493, 36.1665228210727], [-115.152302833711, 36.1667872820088], [-115.152664612984, 36.166890097901], [-115.152911480483, 36.1669189220719], [-115.153121507254, 36.1669205912136], [-115.155356833353, 36.1666562813636], [-115.159611834421, 36.1662312815497], [-115.159751033286, 36.1662312833483], [-115.159940989887, 36.1662312860463], [-115.159901202081, 36.1664028209347], [-115.159786269623, 36.1668536348887], [-115.159658904037, 36.1673068383412], [-115.159587193896, 36.1675301570924], [-115.15950986569, 36.1677490448838], [-115.159396921633, 36.1680388028498], [-115.159358516085, 36.1681373352711], [-115.159211063242, 36.1685178797976], [-115.159117378167, 36.168759660731], [-115.159110971396, 36.1687761929683], [-115.15893906239, 36.1691782007147], [-115.158755410936, 36.1695825871679], [-115.158557977371, 36.1699916240156], [-115.15845400585, 36.1701928311356], [-115.158247755332, 36.170572747036], [-115.158125846833, 36.1707662955294], [-115.157894900931, 36.1711121145337], [-115.157687763682, 36.1714096795144], [-115.157685745603, 36.1714131697832], [-115.157681846142, 36.1714173309464], [-115.157652691021, 36.171452711175], [-115.157572537145, 36.1715462667481], [-115.157502133719, 36.1716287040028], [-115.157257887744, 36.1719016275593], [-115.157192181476, 36.1719750473119], [-115.157097549415, 36.172075486296], [-115.157033854931, 36.1721430892335], [-115.156874795438, 36.172311063706], [-115.156764636581, 36.1724483461156], [-115.156439098188, 36.1728357938382], [-115.156435613315, 36.1728402274958], [-115.156403728751, 36.1728807473499], [-115.156345600172, 36.1729531634591], [-115.156198369461, 36.1731250158082], [-115.15574271086, 36.1736334951909], [-115.155263150976, 36.1741370363964], [-115.155256296343, 36.1741441698189], [-115.155145527746, 36.174259289336], [-115.15549614913, 36.1743172398501], [-115.155505623488, 36.1743186859599], [-115.1555442098, 36.1743246889346], [-115.155813642188, 36.1743684877168], [-115.156093213533, 36.1744124492764], [-115.15637543608, 36.174458644752], [-115.156399043283, 36.174461216813], [-115.15640980547, 36.1744635829293], [-115.156417291427, 36.1744646000625], [-115.156654117995, 36.1744966213233], [-115.157200760109, 36.174565886208], [-115.157461151613, 36.1746036991027], [-115.157714060757, 36.1746346348818], [-115.157957192473, 36.1746676732758], [-115.15804097871, 36.1746802305095], [-115.158090539449, 36.1746872686039], [-115.158218973429, 36.1747055050563], [-115.158234841967, 36.1747082578811], [-115.158528260173, 36.1747591622069], [-115.158892896592, 36.1748224205196], [-115.158960189263, 36.1748340946191], [-115.159923323605, 36.1749818667211], [-115.16033467171, 36.1750462626762], [-115.160484919646, 36.175069783545], [-115.160785306699, 36.1751168081955], [-115.160800665321, 36.1751193433843], [-115.1609057538, 36.1751366877093], [-115.161048376384, 36.1751591608679], [-115.161201417614, 36.1751817950051], [-115.162154391414, 36.1753472792548], [-115.162860435663, 36.1754683028212], [-115.163231038184, 36.1755364399561], [-115.163353417029, 36.1755589400943], [-115.163657731421, 36.1756143392317], [-115.163746972047, 36.1756314830079], [-115.164572401297, 36.1757450979592], [-115.165024693737, 36.1758083724597], [-115.165420223667, 36.175832464398], [-115.166154429286, 36.1758752667315], [-115.166304314795, 36.1758843229045], [-115.166885738188, 36.1758932306894], [-115.167282004663, 36.1758857771083], [-115.16730857873, 36.1758851583747], [-115.167398810409, 36.175883059357], [-115.167518109975, 36.1758818677553], [-115.167933311675, 36.1758777209813], [-115.168418532791, 36.1758400753605], [-115.168423118434, 36.1758395510557], [-115.16906094281, 36.1757665234076], [-115.170112261973, 36.1756496412193], [-115.170998475501, 36.1755505098495], [-115.172529095543, 36.1753780468607], [-115.173076790763, 36.1753163308853], [-115.173550319794, 36.1752717982562], [-115.174243556797, 36.1753819508177], [-115.174289204585, 36.1754476939572], [-115.174336141102, 36.1755158203002], [-115.175174368604, 36.175458681874], [-115.176255020055, 36.1753725735867], [-115.177066639316, 36.175317972148], [-115.177445340232, 36.1753004380661], [-115.17793757696, 36.1752870273757], [-115.178414497333, 36.1752771321353], [-115.178709608963, 36.1752710005575], [-115.178995589777, 36.1752633680113], [-115.182094990793, 36.1751884796659], [-115.182448870421, 36.1751834911265], [-115.182846371665, 36.1751845694137], [-115.183193305829, 36.1752031422125], [-115.183439571681, 36.1752184666602], [-115.183729070642, 36.1752428850524], [-115.184022476258, 36.1752747777101], [-115.184353861144, 36.1753233986573], [-115.184764568932, 36.1753909305483], [-115.185064271601, 36.1754462766257], [-115.185403811539, 36.1755268999478], [-115.187299180415, 36.1759999550352], [-115.187535168815, 36.1760528207823], [-115.187801376235, 36.176106922198], [-115.18813784139, 36.1761633816361], [-115.188516015304, 36.1762181296643], [-115.188898834216, 36.176257696237], [-115.18935773937, 36.1762901392798], [-115.189472456891, 36.1762937707422], [-115.189803986567, 36.1763041084491], [-115.190196286132, 36.1762953382606], [-115.190803180125, 36.1762695070335], [-115.192536296915, 36.1761778823047], [-115.192889624359, 36.1761591979899], [-115.193412411056, 36.1761237593054], [-115.193469025178, 36.1761199245962], [-115.193941936373, 36.1760697918887], [-115.194388362535, 36.1760023760102], [-115.194696463973, 36.1759461530938], [-115.195058448291, 36.1758714293243], [-115.195512926982, 36.1757600159133], [-115.195928043247, 36.1756455708877], [-115.196003962215, 36.1756246355698], [-115.196414223939, 36.1754845499733], [-115.196519675745, 36.1754485411186], [-115.197007898798, 36.1752603768662], [-115.197630905944, 36.1749909336859], [-115.198246184316, 36.1747190749267], [-115.198852222155, 36.1744559252021], [-115.199071543419, 36.174371205468], [-115.199531578122, 36.1742069604841], [-115.200105572217, 36.174030170857], [-115.200336834679, 36.1739718219433], [-115.200617265776, 36.1739062577689], [-115.200945798012, 36.1738360153212], [-115.201027951981, 36.1738215955915], [-115.201438999712, 36.1737494339905], [-115.201784289915, 36.1737073996781], [-115.202204569188, 36.1736660884205], [-115.202577393934, 36.1736427051481], [-115.202925131192, 36.1736300840625], [-115.203235234521, 36.1736279679577], [-115.206001511363, 36.17363935967], [-115.206003493469, 36.1738403815297], [-115.206014300622, 36.1746329684381], [-115.206032987634, 36.1761261002406], [-115.206048528819, 36.1773458786107], [-115.206051915666, 36.1776109861594], [-115.2060704408, 36.1790917522839], [-115.206082145477, 36.1800079626986], [-115.206083290314, 36.1802538382453], [-115.206090743895, 36.1809530035795], [-115.207686570181, 36.1809497840067], [-115.208493685637, 36.1809523137995], [-115.209302918997, 36.1809534658311], [-115.210122747269, 36.1809546547348], [-115.210997206658, 36.1809560073152], [-115.212748875562, 36.1809600641569], [-115.214548198643, 36.1809656201685], [-115.21502194351, 36.1809711977639], [-115.216606408661, 36.1809318982898], [-115.217533189707, 36.1809088477664], [-115.21816544638, 36.1808929234709], [-115.219890437796, 36.1808500977551], [-115.22324552956, 36.1807668358221], [-115.223821657745, 36.180752082444], [-115.224720590385, 36.1807767526463], [-115.224982542213, 36.1807830344108], [-115.224994813462, 36.1812500838256], [-115.225012833178, 36.1819437911743], [-115.225043693414, 36.1831196592462], [-115.225082144827, 36.1845826259887], [-115.224943561998, 36.1845973218103], [-115.224700179372, 36.1846034596832], [-115.223936243065, 36.1846166581335], [-115.224014074892, 36.1874149220623], [-115.22402561769, 36.1878299304083], [-115.224042108559, 36.1882693535491], [-115.224045029557, 36.1884857951846], [-115.226039826579, 36.1885036898947], [-115.22860499073, 36.1885215540278], [-115.229752285542, 36.1885300238428], [-115.23050528969, 36.1885356077334], [-115.231299547538, 36.1885408462844], [-115.23144084632, 36.1885417563983], [-115.232058066329, 36.188545729603], [-115.232150933921, 36.1885463267529], [-115.232373342558, 36.1885477575742], [-115.233149058185, 36.1885531013459], [-115.237753177869, 36.1885757552682], [-115.238505112723, 36.1885839085219], [-115.239306287258, 36.1885925950735], [-115.242309474305, 36.188618393925], [-115.242309529164, 36.1886184316966], [-115.244383372996, 36.188593730018], [-115.244383691356, 36.188636857906], [-115.244384523229, 36.1887508568678], [-115.244384374841, 36.1895155306186], [-115.244406493667, 36.1956166365998], [-115.244408455088, 36.1959716430782], [-115.244414967079, 36.1965790056179], [-115.244424478309, 36.2002958038096], [-115.244428690734, 36.2019395540685], [-115.244428977617, 36.2020535674195], [-115.244432346478, 36.2032662636285], [-115.244434012922, 36.2033879428007], [-115.244434031807, 36.2033893808166], [-115.242466138903, 36.2033784783354], [-115.242274312612, 36.2033716246021], [-115.242273190258, 36.2034831261466], [-115.242279615914, 36.2070248569129], [-115.242279723832, 36.2070842688252], [-115.242279723832, 36.2070847067951], [-115.24228471507, 36.2107902724544], [-115.242284715969, 36.2107905998076], [-115.242284960585, 36.2128154719577], [-115.242289665838, 36.2130176773252], [-115.242290040855, 36.2130337904784], [-115.242282636736, 36.2135591339482], [-115.242284002807, 36.214502007463], [-115.242283851721, 36.2153993878728], [-115.242283701534, 36.2162993781152], [-115.242283538756, 36.2172679659452], [-115.242283465012, 36.2176986521724], [-115.242283376879, 36.2182088519582], [-115.244631916832, 36.2182092584518], [-115.245489997767, 36.2182136075733], [-115.246709384932, 36.2181709662184], [-115.24670979862, 36.2182197805197], [-115.247004638655, 36.2182198911363], [-115.247004018123, 36.2183770332748], [-115.24700207289, 36.2185888425023], [-115.246995261424, 36.2188005779856], [-115.246992709148, 36.2192264690276], [-115.247007843839, 36.2220552316649], [-115.24701118572, 36.2226800086768], [-115.24701153106, 36.2227445853956], [-115.247011549945, 36.2227473975756], [-115.247017680624, 36.2236528691858], [-115.247020545864, 36.2240540486567], [-115.247022013557, 36.2242852229859], [-115.247023778926, 36.2245634048786], [-115.247026501174, 36.2254693846057], [-115.247027030875, 36.2256432127654], [-115.247027049761, 36.2256495979519], [-115.247029231516, 36.2263661624697], [-115.247030090369, 36.2266480594617], [-115.247032990682, 36.2270132120914], [-115.24704140384, 36.2280724875566], [-115.247043254645, 36.2285502730779], [-115.247054703914, 36.2307161301466], [-115.247048860119, 36.2310090096594], [-115.247055834361, 36.2319736440697], [-115.247060835491, 36.2327151440899], [-115.24706022755, 36.233062177179], [-115.24706022665, 36.2330623003862], [-115.247060529722, 36.2330652870347], [-115.247060176288, 36.2330912054961], [-115.247059946062, 36.2332221863561], [-115.247057637502, 36.2334813143125], [-115.247034183183, 36.2350922779875], [-115.247017115849, 36.23624637707], [-115.247016456646, 36.2362909213902], [-115.247011099385, 36.2367807704175], [-115.246993094958, 36.2384269695303], [-115.246969849281, 36.239810324688], [-115.246966953464, 36.2400333853338], [-115.246962918206, 36.2404830499541], [-115.246962744637, 36.2405020679174], [-115.2469581509, 36.2409256728828], [-115.246935184014, 36.2427011522377], [-115.246912738734, 36.2440484607691], [-115.246905606211, 36.2446873796202], [-115.246898149932, 36.2453553195936], [-115.246895595857, 36.2455941615426], [-115.246892254876, 36.2458059482872], [-115.246888864432, 36.2460573285841], [-115.246874229764, 36.2471420530646], [-115.246870755683, 36.2478515165356], [-115.246711893142, 36.2478518843583], [-115.246638343887, 36.2478522171075], [-115.246594818498, 36.2478524239515], [-115.244762951651, 36.2478610970133], [-115.24473427317, 36.247861232811], [-115.244708450936, 36.2478613542194], [-115.244465211303, 36.2478606653387], [-115.244072863174, 36.2478603541733], [-115.244038112471, 36.2478603262943], [-115.243855368433, 36.2478601806042], [-115.243365264897, 36.2478597884998], [-115.243342333084, 36.2478598640428], [-115.242842628387, 36.2478615053055], [-115.24216100253, 36.2478637383222], [-115.241760725979, 36.2478280469281], [-115.240355045151, 36.2477027129112], [-115.239428908919, 36.2476201272684], [-115.239422687409, 36.2476195723867], [-115.238909982112, 36.2475738508538], [-115.238647003259, 36.2475503983335], [-115.238018923037, 36.2474943831606], [-115.237975650358, 36.2474905232704], [-115.236065222334, 36.2473201206284], [-115.235902875819, 36.2473056379461], [-115.233876803973, 36.2471248823087], [-115.233775008812, 36.2471178316239], [-115.233742091826, 36.2471148395795], [-115.232290475427, 36.2469828379888], [-115.231804333405, 36.2469386282164], [-115.23122300444, 36.2468877886419], [-115.230768309012, 36.2468480215203]], [[-115.225743472985, 36.2121473539186], [-115.225738662511, 36.2121111616021], [-115.2257353611, 36.2121109025974], [-115.225740181466, 36.2121471578663], [-115.225743472985, 36.2121473539186]], [[-115.185890165801, 36.1920766316326], [-115.185888407626, 36.1916500013478], [-115.185702984507, 36.1916518512533], [-115.185617324982, 36.1916527056092], [-115.18561793742, 36.192076808799], [-115.185848471432, 36.1920766595115], [-115.185890165801, 36.1920766316326]], [[-115.171263771008, 36.1893900275291], [-115.170854100139, 36.1893907793623], [-115.170852729572, 36.1896522482539], [-115.170851712439, 36.1898461573755], [-115.171261373416, 36.1898475684118], [-115.171262514655, 36.1896298137662], [-115.171263771008, 36.1893900275291]], [[-115.20642388066, 36.1930274146847], [-115.206963180708, 36.1930334455384], [-115.206967248342, 36.1927527158665], [-115.206732055842, 36.1927507796261], [-115.206242110587, 36.192746747066], [-115.206056988741, 36.1927441003613], [-115.206048451477, 36.1930240584149], [-115.20623538186, 36.1930253057745], [-115.20642388066, 36.1930274146847]], [[-115.215718711252, 36.1882369437813], [-115.215459832408, 36.1882300972425], [-115.215453530858, 36.1886799345327], [-115.215350637624, 36.1886769263004], [-115.215097108847, 36.1886695140881], [-115.215092906315, 36.1888733957919], [-115.215193084495, 36.1888737042593], [-115.21537457308, 36.1888762997028], [-115.215649103725, 36.1888802252436], [-115.21584050194, 36.1888820868401], [-115.215867185724, 36.1888823458449], [-115.215869099482, 36.1888826624062], [-115.215869120166, 36.1888823611334], [-115.215869542847, 36.1888346925683], [-115.215872161673, 36.1886906121833], [-115.215713507774, 36.1886866003077], [-115.215717806534, 36.1883424279619], [-115.215718711252, 36.1882369437813]], [[-115.234114042431, 36.2150430827734], [-115.234391700918, 36.2150566571403], [-115.234440801204, 36.2145366844218], [-115.234320694047, 36.2145288540247], [-115.234141147098, 36.2145171475496], [-115.233811166055, 36.214495632169], [-115.23385018584, 36.2150301828979], [-115.234114042431, 36.2150430827734]], [[-115.170786324531, 36.1898459316457], [-115.170787378537, 36.1893905500352], [-115.170552534974, 36.189389739746], [-115.169941388087, 36.1893876308359], [-115.169838844689, 36.1893891695758], [-115.169838491256, 36.1895297111286], [-115.169837704349, 36.1898428748501], [-115.170591750811, 36.1898453057176], [-115.170786324531, 36.1898459316457]], [[-115.225558925806, 36.2134175311954], [-115.225784060288, 36.2134322737817], [-115.225771383445, 36.2133510650009], [-115.225655646993, 36.2125691764277], [-115.225369564556, 36.212551274523], [-115.225279020812, 36.2125456087941], [-115.225118756228, 36.2125355031123], [-115.225237147479, 36.2133217354111], [-115.22524885845, 36.213397541065], [-115.225510627716, 36.2134143682798], [-115.225558925806, 36.2134175311954]], [[-115.215630850186, 36.1895160531246], [-115.215629282667, 36.1896049475116], [-115.215628912147, 36.1896461175756], [-115.215621808402, 36.1898432705518], [-115.215169823531, 36.189833508411], [-115.215067265744, 36.1898331927489], [-115.215056591691, 36.1902177680369], [-115.215159707057, 36.1902180854976], [-115.215611731498, 36.190224584898], [-115.215611307918, 36.190272253463], [-115.216060602017, 36.1902852495659], [-115.21616327132, 36.1902879079619], [-115.216175490409, 36.1902855931069], [-115.216176219759, 36.1902555242743], [-115.21617941505, 36.1901236261058], [-115.21619046502, 36.1896690664755], [-115.216195840268, 36.1894478953054], [-115.216202649935, 36.1891676845423], [-115.216094613478, 36.1891662213453], [-115.215684662919, 36.1891593388337], [-115.215642609721, 36.1891586328659], [-115.215639010634, 36.1892626304674], [-115.215635268555, 36.1893828689256], [-115.215631976137, 36.1894521949642], [-115.215630850186, 36.1895160531246]], [[-115.211116297581, 36.1883202147075], [-115.211106773761, 36.1886784119805], [-115.211094860442, 36.1891264164523], [-115.211446766058, 36.1891261043875], [-115.211786670221, 36.1891268526235], [-115.212127911676, 36.1891265234716], [-115.212140359192, 36.1886866299853], [-115.212150663624, 36.1883224980861], [-115.212153886795, 36.1882142718724], [-115.21180048021, 36.1882132025785], [-115.21146440626, 36.1882121773514], [-115.211116313769, 36.1882112033856], [-115.211116297581, 36.1883202147075]], [[-115.187894500133, 36.1905865692161], [-115.187888566406, 36.1917668259795], [-115.187443714058, 36.191765355588], [-115.187434142574, 36.1920741773827], [-115.187879536314, 36.1920722249545], [-115.188377672594, 36.1920678920209], [-115.188952933833, 36.1920628863944], [-115.18923371027, 36.1920566280123], [-115.189189366498, 36.1920079656964], [-115.188575544128, 36.1913274073353], [-115.188348163139, 36.1910800946719], [-115.18798905935, 36.1906895110134], [-115.187894500133, 36.1905865692161]], [[-115.216213014621, 36.1881442308729], [-115.216213583892, 36.1882534967028], [-115.217331172298, 36.1882865620765], [-115.217899311806, 36.1883017723102], [-115.217896585961, 36.1881945641292], [-115.217892423898, 36.187903331275], [-115.217891655877, 36.1878495266357], [-115.217891127076, 36.1878125024463], [-115.217829470456, 36.1878132524809], [-115.217788893045, 36.1878137462087], [-115.217325886982, 36.187818874143], [-115.217325987706, 36.1877972616356], [-115.217258788564, 36.1877970619861], [-115.216856352741, 36.1877958793776], [-115.216763706382, 36.1877967274383], [-115.216763265714, 36.1877301758083], [-115.216761099248, 36.1874032146879], [-115.216851447838, 36.1874023873116], [-115.216915323086, 36.1874018432218], [-115.217323774475, 36.1873983700401], [-115.217323904876, 36.1873702689241], [-115.217321984824, 36.1872040310425], [-115.217321019851, 36.187120546977], [-115.217321175434, 36.1870870382375], [-115.217311905222, 36.1867735219818], [-115.217775813305, 36.1867716316068], [-115.217876271175, 36.18677302016], [-115.217983017105, 36.1867733277282], [-115.218427307377, 36.1867724652784], [-115.218427866755, 36.1866470710068], [-115.218424613008, 36.1864784292374], [-115.218424913381, 36.1864135737288], [-115.218423889953, 36.1863397555766], [-115.218422889007, 36.1862676389417], [-115.218419676629, 36.1860925085637], [-115.218418496718, 36.1860568315589], [-115.2184144093, 36.185777923014], [-115.218413435334, 36.1856979301167], [-115.218411270666, 36.1855844239833], [-115.218969791025, 36.1855721464387], [-115.218966407776, 36.1853734637157], [-115.2184081743, 36.1853844264514], [-115.218407074429, 36.1853314545843], [-115.218407694062, 36.1851930902902], [-115.218971737158, 36.1851975212499], [-115.219524421817, 36.1851866196681], [-115.21951717418, 36.1850179662074], [-115.219517292891, 36.1849898632929], [-115.218966484218, 36.1849970308896], [-115.218401907824, 36.1849952574265], [-115.218402756784, 36.1848050058476], [-115.218776331565, 36.18480285377], [-115.218946234184, 36.1848825948572], [-115.219140569584, 36.1848028357835], [-115.219515487052, 36.1847985235343], [-115.219511962609, 36.1846904205278], [-115.219510987744, 36.1846104015501], [-115.219308204112, 36.1846087485962], [-115.219048041936, 36.1846090741507], [-115.218954651838, 36.1846087989582], [-115.218907950943, 36.1846075848735], [-115.218667805877, 36.1846068807043], [-115.218423663324, 36.1846050910534], [-115.21818886023, 36.1846033202883], [-115.217950045261, 36.1846037007015], [-115.217709899295, 36.1846029938344], [-115.217480432778, 36.184601247351], [-115.217016141584, 36.1845998821801], [-115.216921417791, 36.1845996096856], [-115.216303257092, 36.1845987067662], [-115.216190304042, 36.184598541291], [-115.21619126092, 36.1846817789423], [-115.216193704378, 36.185027702268], [-115.216196807039, 36.1852276899073], [-115.216196118159, 36.185380105209], [-115.216238640803, 36.1853800341626], [-115.216663081238, 36.1853793192015], [-115.216747675967, 36.1853789270971], [-115.21674987301, 36.1857102112586], [-115.216749970137, 36.1857248414296], [-115.216665527394, 36.185725233534], [-115.21627024208, 36.1857286275754], [-115.216195878939, 36.1857292651947], [-115.216198367363, 36.1860654551579], [-115.21620212563, 36.1864157087193], [-115.216204504337, 36.1867778369289], [-115.216276582301, 36.1867772145981], [-115.216671491698, 36.1867738061676], [-115.216756920098, 36.1867733672984], [-115.216758738527, 36.1870475283221], [-115.216759070377, 36.1870976709221], [-115.216674026887, 36.1870981079926], [-115.21625661915, 36.187098818457], [-115.216207053015, 36.1870989029933], [-115.216208132202, 36.187451302337], [-115.216211885073, 36.1878026377828], [-115.216213014621, 36.1881442308729]], [[-115.242211539033, 36.2466361529374], [-115.243321147755, 36.2466380046415], [-115.243321142359, 36.2466391674649], [-115.244451071262, 36.2466402556446], [-115.244460361259, 36.2460012270762], [-115.24561413029, 36.2460038584926], [-115.245616895705, 36.2456819003008], [-115.245619472263, 36.2453827246344], [-115.245619563994, 36.2453720919498], [-115.245622391462, 36.2450276291231], [-115.244583253616, 36.2450244212414], [-115.244481516011, 36.2450238627624], [-115.244484249051, 36.2446999755248], [-115.244585986656, 36.2447005340038], [-115.245590973647, 36.2447037005166], [-115.245626433016, 36.2447038183279], [-115.245630371147, 36.2442126652836], [-115.245605715334, 36.24421252409], [-115.245614573656, 36.2439173054406], [-115.24561818983, 36.2436974122071], [-115.245626703712, 36.2432728053969], [-115.245391466245, 36.243271230684], [-115.245391052557, 36.2430545867011], [-115.245393452848, 36.2428097786497], [-115.244493890683, 36.2428115871863], [-115.244490533513, 36.2432802095154], [-115.244488769943, 36.2436939300321], [-115.244486557611, 36.2442063493448], [-115.242284904827, 36.2441991376813], [-115.242202147413, 36.2441988651868], [-115.2421965932, 36.2446806850668], [-115.243350963878, 36.2446914787301], [-115.243384875514, 36.2446918456535], [-115.243379434615, 36.2450233042834], [-115.243373996415, 36.2453515181594], [-115.243369971049, 36.245664486728], [-115.24336974532, 36.2456824389947], [-115.243365902517, 36.2459872794906], [-115.243360473309, 36.2463134105368], [-115.243326560774, 36.2463130445127], [-115.242212945573, 36.2463124158866], [-115.242177763195, 36.2463123961015], [-115.242174031009, 36.2466360908842], [-115.242211539033, 36.2466361529374]], [[-115.216108043953, 36.1905096555974], [-115.216057264633, 36.1905094991154], [-115.215602637554, 36.1904954049403], [-115.21559910142, 36.1905928950474], [-115.215181780017, 36.1905833118716], [-115.215151104142, 36.1905831634835], [-115.215049356645, 36.1905828505194], [-115.215044690063, 36.1907791995018], [-115.215022505586, 36.1915704922857], [-115.215017423517, 36.1919147707514], [-115.215001724053, 36.1925435065789], [-115.215141541651, 36.1925452170894], [-115.215231040382, 36.1925466200318], [-115.215738915421, 36.1925545790319], [-115.215737334413, 36.1926111688716], [-115.21573107693, 36.1928351549197], [-115.215136417314, 36.1928203844545], [-115.215052911665, 36.1928191964501], [-115.214995523227, 36.1928183798656], [-115.214993878367, 36.1928944283365], [-115.21498765326, 36.1932121237418], [-115.214983803262, 36.1934469736003], [-115.214975993549, 36.1939234398162], [-115.214970484303, 36.194138128673], [-115.215063192714, 36.1941461560216], [-115.215095195089, 36.1941463089063], [-115.215704684526, 36.1941449014673], [-115.215698159045, 36.1944276429227], [-115.215691648853, 36.1947093852312], [-115.215686627038, 36.1949772698864], [-115.215841604509, 36.1949784030322], [-115.216436202071, 36.1949814895054], [-115.216448565051, 36.194426529562], [-115.21655041777, 36.1944289595302], [-115.2171945383, 36.1944412604571], [-115.217200556563, 36.1942113424808], [-115.217205599961, 36.1939402130717], [-115.217211575956, 36.1936978745586], [-115.217212023818, 36.1936636625493], [-115.217215600422, 36.1934089052981], [-115.217215975439, 36.193366654249], [-115.217216276712, 36.1933504736467], [-115.217218539406, 36.1932290714658], [-115.217219310125, 36.1931423966056], [-115.217870086537, 36.1931488915095], [-115.217971741405, 36.1931504545312], [-115.217978185047, 36.1928740658867], [-115.217984679052, 36.1925938928952], [-115.217883037674, 36.1925919413663], [-115.217229687402, 36.1925779757943], [-115.217233877344, 36.1923533188519], [-115.217234799149, 36.1923038912129], [-115.21660142192, 36.1922948593216], [-115.216498088918, 36.1922933799368], [-115.216504644976, 36.1919461238158], [-115.216135479571, 36.1919382439561], [-115.216135332981, 36.1919377448324], [-115.216136082117, 36.191906939455], [-115.216142927756, 36.1916256504048], [-115.216122123739, 36.1916255865529], [-115.216028614931, 36.1916252996692], [-115.215569921117, 36.1916187723897], [-115.215577289263, 36.1913912825829], [-115.216035956097, 36.1914010636095], [-115.216129281443, 36.1914047661184], [-115.216148377648, 36.1914014089492], [-115.216164051032, 36.1907567173499], [-115.216170040517, 36.1905098453544], [-115.216156020086, 36.1905098021869], [-115.216108043953, 36.1905096555974]], [[-115.223260970919, 36.215150007668], [-115.223251942625, 36.215091504071], [-115.223251767257, 36.2150903691265], [-115.223200562558, 36.214747699548], [-115.223195310517, 36.2147119191211], [-115.223150663674, 36.2144115392624], [-115.223129655511, 36.2142727316026], [-115.223100770187, 36.2140764617606], [-115.223050882994, 36.2137403023743], [-115.223002307013, 36.213411726971], [-115.222508404741, 36.2134153134672], [-115.222440322465, 36.2134162973256], [-115.221873010333, 36.2134208487944], [-115.221321700738, 36.2134232562796], [-115.220765070754, 36.2134267447498], [-115.220814961543, 36.2137553156566], [-115.220834677381, 36.2138789337671], [-115.220860910605, 36.2140654531594], [-115.220864835246, 36.2140947296894], [-115.220887124044, 36.2142562991901], [-115.220917337667, 36.2144504115586], [-115.220946231086, 36.2146412647839], [-115.220961937745, 36.2147637983119], [-115.220973789911, 36.2148299524417], [-115.221001349635, 36.2150208020697], [-115.221007906592, 36.2150652645516], [-115.221023669909, 36.2151682746974], [-115.221079096026, 36.2155291744331], [-115.221278479321, 36.2168274159538], [-115.221289837758, 36.2169088909339], [-115.221290139031, 36.216911108662], [-115.222909831526, 36.2168858224241], [-115.222909766774, 36.2168853898502], [-115.222896581814, 36.2168040092989], [-115.222887246851, 36.2167463888361], [-115.222834779504, 36.2163711961751], [-115.223450878058, 36.2163656869282], [-115.223260970919, 36.215150007668]], [[-115.196922809442, 36.195485321192], [-115.196922336399, 36.1954593532678], [-115.196925291571, 36.1952222685941], [-115.196925984049, 36.1951221200911], [-115.196928400527, 36.1949651416293], [-115.196930761248, 36.1947177624162], [-115.196932413302, 36.194671216205], [-115.196935183214, 36.1944628208039], [-115.196937489975, 36.1942219301992], [-115.19694101262, 36.1940005404938], [-115.196942614312, 36.1938646754157], [-115.196943975886, 36.193763997212], [-115.196950747781, 36.1931665353086], [-115.196952962811, 36.1930370185449], [-115.196954167003, 36.1928621714533], [-115.196955412564, 36.1927761117295], [-115.196959171731, 36.1925200756423], [-115.196959258965, 36.1924096406937], [-115.196962215936, 36.1922716091487], [-115.196964509207, 36.1920334317987], [-115.19696435902, 36.1919576513259], [-115.196967692807, 36.1917633258182], [-115.196970263069, 36.1916815963299], [-115.196970815253, 36.1915034936926], [-115.196973269503, 36.1912415058921], [-115.196977206735, 36.1909583777282], [-115.196977517001, 36.1909110607981], [-115.196977944179, 36.1908760744726], [-115.196981859827, 36.1905587783662], [-115.196982817605, 36.1905154742111], [-115.196985516471, 36.1903124216822], [-115.196986662207, 36.1902398715741], [-115.196987824131, 36.1900644399233], [-115.196989161423, 36.1899642653399], [-115.196989619178, 36.1899235053668], [-115.196990821571, 36.1898164500704], [-115.196993010521, 36.1896875907111], [-115.19699287922, 36.1896079881195], [-115.196993815414, 36.1895668477332], [-115.196994105895, 36.1895235228936], [-115.196996803862, 36.1893183164884], [-115.196997225644, 36.1892549664448], [-115.197000435324, 36.1890746649651], [-115.197002326598, 36.1889951226281], [-115.197004110853, 36.1887451461728], [-115.197007561552, 36.1884590151727], [-115.197008534618, 36.1883492861919], [-115.193427511573, 36.1884069246412], [-115.193429455008, 36.188491342203], [-115.193430095325, 36.1885191690257], [-115.193430881332, 36.188555506133], [-115.193441565278, 36.1890493634387], [-115.193102706127, 36.189055577754], [-115.193091243368, 36.1885242924634], [-115.193088473456, 36.1884123754321], [-115.192749977632, 36.1884178181291], [-115.192752390513, 36.1885298026096], [-115.192763846976, 36.18906179117], [-115.192400973229, 36.189067979405], [-115.192368915096, 36.1890685324881], [-115.192283649473, 36.1890700109735], [-115.192279458632, 36.1889088101947], [-115.192194741596, 36.1889098039456], [-115.19187056028, 36.1889138544921], [-115.191723817003, 36.1889158986511], [-115.191726007751, 36.1890544257225], [-115.191729064547, 36.18933147357], [-115.19152228163, 36.189333464669], [-115.191529893492, 36.1890575059005], [-115.191538337227, 36.1885499986848], [-115.19153846583, 36.188521906562], [-115.191538496407, 36.1884420962271], [-115.190135064784, 36.1884707342383], [-115.189507034025, 36.1884843337863], [-115.189503640882, 36.1886402015853], [-115.189494075693, 36.1890914822874], [-115.189827493047, 36.1890864595737], [-115.190171789499, 36.1890801553262], [-115.190160558765, 36.1896320773598], [-115.190162128082, 36.1897007423967], [-115.189804011748, 36.1897061545167], [-115.189464374683, 36.1897116889446], [-115.189438017353, 36.1898727898986], [-115.189441917713, 36.189899850499], [-115.189455185411, 36.1899215070732], [-115.189499032756, 36.1899734932834], [-115.189650525354, 36.1901424426209], [-115.189831263904, 36.1903417269904], [-115.190010675055, 36.1905420959423], [-115.190409367001, 36.1909839832255], [-115.190750909729, 36.1913641329497], [-115.190766087587, 36.1913885081744], [-115.190803470606, 36.1913950210647], [-115.190831668849, 36.1913992146034], [-115.190859952527, 36.1913954131691], [-115.190884981559, 36.1913840943018], [-115.192083949617, 36.1906569096899], [-115.192208620833, 36.1908008120092], [-115.192228228752, 36.1908221106532], [-115.192311523061, 36.1909090409208], [-115.192346531869, 36.1909455776775], [-115.19242686561, 36.1909432619233], [-115.19242763453, 36.1910257324529], [-115.192424460822, 36.1915635935863], [-115.192422368999, 36.19178761201], [-115.192420255592, 36.1920159561727], [-115.192419497464, 36.192237806331], [-115.19241739395, 36.1924618238554], [-115.192416625929, 36.1926858467757], [-115.192414671702, 36.1929133347839], [-115.192414390214, 36.1930303851454], [-115.1924124189, 36.1932883089097], [-115.192408578795, 36.1933696202131], [-115.192400271757, 36.1938150643151], [-115.192879778581, 36.1938105281347], [-115.192965218672, 36.1938128708686], [-115.192964693468, 36.1940307019566], [-115.192964125996, 36.1942637100035], [-115.193531572127, 36.1942583257624], [-115.193532678293, 36.1938064011458], [-115.193999993007, 36.1938008199532], [-115.194101459917, 36.1937999422149], [-115.194100369039, 36.1942518632342], [-115.194098695401, 36.1945607389883], [-115.194098459778, 36.194603838098], [-115.194097942668, 36.1946994540179], [-115.194199422168, 36.1946985672864], [-115.194668071476, 36.19469407877], [-115.194665643307, 36.1951492490399], [-115.194663459753, 36.1954808272797], [-115.194671297345, 36.1955891326337], [-115.196921287789, 36.1955686847483], [-115.196922809442, 36.195485321192]], [[-115.225824349017, 36.2100057938336], [-115.224727981913, 36.2099529334824], [-115.224597669249, 36.2090858368432], [-115.22446820015, 36.2082243933424], [-115.224302047704, 36.2082291678431], [-115.223979343074, 36.2082262792207], [-115.223071390235, 36.2082208814898], [-115.223071719387, 36.2081515014919], [-115.223076678248, 36.2076615220629], [-115.223077519114, 36.2074804822398], [-115.223673503432, 36.2074808140896], [-115.224181486389, 36.2074809247062], [-115.224355600533, 36.2074807349493], [-115.224339914558, 36.2073772112906], [-115.224279168951, 36.2069782981113], [-115.22444644465, 36.2069825312202], [-115.224907049523, 36.2069944751163], [-115.22539306474, 36.2070093678893], [-115.225355852593, 36.2066286057268], [-115.225349494386, 36.2065474796837], [-115.224206812197, 36.2065090147805], [-115.224106125899, 36.2065082800344], [-115.224036697338, 36.2065081883035], [-115.223659395767, 36.206505126112], [-115.223522068391, 36.2065037222703], [-115.223091441519, 36.2065005341736], [-115.223044777497, 36.206500420859], [-115.222812805469, 36.2064977031078], [-115.222572814186, 36.2064971329376], [-115.222329760712, 36.2064953369915], [-115.222111521332, 36.2064927856148], [-115.221958206708, 36.2064902495267], [-115.221884891277, 36.2064889922745], [-115.221652906659, 36.2064862727246], [-115.221427590513, 36.2064846539449], [-115.221270279302, 36.2064831862514], [-115.221191614703, 36.2064819209052], [-115.220964979253, 36.2064792076506], [-115.220908973972, 36.2064790736516], [-115.220724995165, 36.2064775519987], [-115.220547680333, 36.2064749601526], [-115.220546160479, 36.2065409002437], [-115.220535959469, 36.2069833505025], [-115.220534687828, 36.2070564716801], [-115.220480618788, 36.2070558979126], [-115.220043761413, 36.2070512619075], [-115.220044872075, 36.2069784986601], [-115.220052629627, 36.2064697359908], [-115.219964477181, 36.2064685488857], [-115.219734722881, 36.2064672115938], [-115.219605152158, 36.2064670605077], [-115.219228475616, 36.2064633921731], [-115.218855797459, 36.2064586437527], [-115.218489809359, 36.2064549772167], [-115.218010275556, 36.2064511892723], [-115.217860132841, 36.2064496874045], [-115.217521394199, 36.206446298759], [-115.217492001657, 36.2064462717793], [-115.217163412763, 36.2064426439142], [-115.216800099247, 36.2064378999904], [-115.216438103238, 36.2064342307565], [-115.216080066944, 36.2064306181798], [-115.215718903707, 36.2064273014801], [-115.215363095033, 36.2064228912048], [-115.21526424605, 36.2064215683021], [-115.215529153949, 36.2081770305468], [-115.215778156439, 36.2099283235346], [-115.2159109926, 36.2099281904349], [-115.21622625534, 36.2099306626712], [-115.216608820643, 36.209931502638], [-115.216987227481, 36.2099324361343], [-115.21737209325, 36.2099340639072], [-115.21774763125, 36.2099345810174], [-115.218164510186, 36.2099373320435], [-115.218554049732, 36.2099384121293], [-115.218755487078, 36.2099397737029], [-115.218940247397, 36.2099427432643], [-115.219327781454, 36.2099443548494], [-115.219715324505, 36.2099465150209], [-115.220148220366, 36.209946568081], [-115.220257608504, 36.2099472605589], [-115.220274852105, 36.2099470887884], [-115.220353669588, 36.2099463081769], [-115.220703182108, 36.2099473316054], [-115.221082057493, 36.2099478478162], [-115.221464931264, 36.2099472848406], [-115.221839805565, 36.209947255163], [-115.222221336648, 36.2099483172623], [-115.222608876101, 36.2099488370705], [-115.222999093735, 36.2099499036664], [-115.223384636694, 36.2099493424895], [-115.223775514431, 36.2099493281003], [-115.224169058657, 36.209950014283], [-115.224597009147, 36.2099516582437], [-115.224627134637, 36.2099521807498], [-115.224727981913, 36.2099529334824], [-115.224857634474, 36.2108201497314], [-115.225020147364, 36.2108258694196], [-115.22505278466, 36.2108275133804], [-115.225402121813, 36.2108451185087], [-115.225474236649, 36.2108496070251], [-115.225546759777, 36.2108531179783], [-115.225943035245, 36.2108723050142], [-115.226004070434, 36.2113054751688], [-115.225859130297, 36.2112984046989], [-115.225631907589, 36.2112873142594], [-115.225401586716, 36.211279008121], [-115.225401362785, 36.2112761824512], [-115.22508918562, 36.2112612267255], [-115.225005944371, 36.2112582967343], [-115.224922701324, 36.2112553667431], [-115.224961248065, 36.2115131861859], [-115.224989931942, 36.21168862683], [-115.224990203537, 36.2116904110849], [-115.224993125435, 36.2116887383459], [-115.225069264737, 36.2116914192249], [-115.225099527823, 36.2116924840222], [-115.225154220093, 36.2116944094707], [-115.225608316573, 36.2117203189389], [-115.225681766902, 36.2117248101532], [-115.226063751243, 36.2117429764585], [-115.226483125798, 36.2117666430175], [-115.226548187251, 36.2121954991243], [-115.225943734918, 36.2121593301902], [-115.225877787632, 36.2121553830658], [-115.225937967565, 36.2125859910519], [-115.226184530194, 36.2126006607932], [-115.226245693986, 36.2130035300901], [-115.226300277438, 36.2133836393448], [-115.226314636014, 36.2134670343775], [-115.226701010845, 36.21349222169], [-115.227380403685, 36.2135365079048], [-115.228420813172, 36.2136015972372], [-115.228957438637, 36.2136368146885], [-115.228899512405, 36.2131566162862], [-115.228359936264, 36.2131251130348], [-115.228343124338, 36.2129886714913], [-115.228310774825, 36.2127266153423], [-115.22881828294, 36.2127580421512], [-115.228853006663, 36.2127602814632], [-115.229287065348, 36.2127872170577], [-115.229395251092, 36.212793944886], [-115.229495944584, 36.2136721517497], [-115.230573660648, 36.2137422089371], [-115.23163800739, 36.2138100627855], [-115.231558751038, 36.2129280814671], [-115.23145205547, 36.2129212969816], [-115.230966557363, 36.2128918288961], [-115.230483728444, 36.2128623671059], [-115.230445243755, 36.212461720933], [-115.230404105168, 36.2120578228116], [-115.230395097558, 36.2119733638809], [-115.231455552934, 36.2120308881163], [-115.231369561558, 36.2111462187243], [-115.231268061374, 36.2111395025873], [-115.230728478938, 36.2111123448601], [-115.230262346832, 36.2110896729514], [-115.229789546253, 36.211065907467], [-115.229621271407, 36.2110568746763], [-115.229299385161, 36.2110399341469], [-115.229185863739, 36.2110353530005], [-115.229079005394, 36.2110307826458], [-115.228094675831, 36.2109820708672], [-115.228044500855, 36.2105747823017], [-115.228022311882, 36.2104024766942], [-115.227997590419, 36.2102105047123], [-115.227995105592, 36.2101844855269], [-115.227992018219, 36.2101097329791], [-115.226911848805, 36.210059942014], [-115.226793221032, 36.209188204873], [-115.226896007247, 36.2091928103012], [-115.227399276857, 36.2092169211253], [-115.227899874582, 36.209244275804], [-115.228444539086, 36.2092684963453], [-115.228914433956, 36.2092903390792], [-115.229015900865, 36.2092938662203], [-115.228918069016, 36.208407780396], [-115.228866599916, 36.2079387416809], [-115.228823026863, 36.2075418285938], [-115.228203375088, 36.2075170720565], [-115.227697331069, 36.2074989138451], [-115.227737171036, 36.2078937423037], [-115.227774346311, 36.2082779740506], [-115.227782021126, 36.2083613834724], [-115.226680537779, 36.2083180712233], [-115.226569106381, 36.2074548173872], [-115.226466294986, 36.2074513927689], [-115.225954917987, 36.2074321382839], [-115.225447540274, 36.2074139575894], [-115.225504764136, 36.2078012506285], [-115.22503331164, 36.2077721701509], [-115.225085891403, 36.20817030092], [-115.225097110445, 36.2082538029719], [-115.225570996506, 36.2082739936512], [-115.225586694173, 36.2083562204645], [-115.225691767363, 36.2091361943812], [-115.225798222812, 36.2098937131257], [-115.225800781383, 36.2099229581793], [-115.225824349017, 36.2100057938336]], [[-115.224894531859, 36.2279508560485], [-115.224891178287, 36.2279495682193], [-115.224773789781, 36.2278232116732], [-115.224303487518, 36.2272992144885], [-115.224378797646, 36.2272540649245], [-115.22467392996, 36.2272610697439], [-115.225441817888, 36.2272786451947], [-115.225500226157, 36.227279676717], [-115.225509925345, 36.2272798493868], [-115.225610699776, 36.2272822505767], [-115.225610814889, 36.2272822164025], [-115.225620475407, 36.2270160674389], [-115.225720507897, 36.2270245507438], [-115.22578858208, 36.2270303144987], [-115.226210394696, 36.227061686449], [-115.226653555419, 36.2270953372813], [-115.227116717964, 36.2271334172747], [-115.227563852792, 36.2271714208257], [-115.227666635409, 36.227179522818], [-115.227766738047, 36.2271876068239], [-115.22796429302, 36.2272037685404], [-115.228249925796, 36.2272279504109], [-115.228394074529, 36.2272395093971], [-115.228703736291, 36.2272659782436], [-115.228817192062, 36.2272752196769], [-115.229176240993, 36.2273051868862], [-115.229244304383, 36.2273109488425], [-115.229675433077, 36.2273466896993], [-115.229779483738, 36.2273623819697], [-115.229801425398, 36.2264293542326], [-115.229850248692, 36.2245999227495], [-115.229963723349, 36.2246095409988], [-115.231340917252, 36.2247232018156], [-115.231341517999, 36.2246712542763], [-115.231342095364, 36.2246074563703], [-115.231343514494, 36.2245002859607], [-115.231347559644, 36.2241947466915], [-115.231805552886, 36.2242315856205], [-115.231903623955, 36.224239646244], [-115.231905584477, 36.2242719516905], [-115.231901071679, 36.2246044130645], [-115.231900325242, 36.2246593535476], [-115.231898866542, 36.2247656588094], [-115.231898831468, 36.2247692345139], [-115.232599056204, 36.224826456577], [-115.232922795053, 36.2248525234265], [-115.233255228548, 36.2248791748353], [-115.233958948948, 36.2249362278259], [-115.233964484276, 36.224466826684], [-115.233967068028, 36.2241160892874], [-115.233977470486, 36.2230726095146], [-115.233987477242, 36.2221430873349], [-115.233990231866, 36.2217436354617], [-115.233996099043, 36.2212222310225], [-115.236064660258, 36.2213985143313], [-115.236736022152, 36.221455162627], [-115.237754223781, 36.2215410676674], [-115.239370335175, 36.2216733741282], [-115.240211659043, 36.2217430347146], [-115.240216295048, 36.220808746128], [-115.240287070794, 36.2208164838949], [-115.240317794333, 36.2208187079183], [-115.240709131623, 36.2208509414191], [-115.240786601922, 36.2208565172158], [-115.240818660055, 36.2208587538297], [-115.240818796752, 36.2208197196557], [-115.241210192499, 36.2208335107592], [-115.241212652144, 36.2206288709269], [-115.241321755197, 36.2206269931425], [-115.24132582373, 36.2204333457236], [-115.242250416726, 36.2204511891724], [-115.24225046439, 36.2204559600758], [-115.2422901137, 36.2204567298955], [-115.242289176606, 36.220206132908], [-115.24228903901, 36.2200481544001], [-115.242119439463, 36.2200343048406], [-115.241229839088, 36.2199616899813], [-115.241232086494, 36.2198874221681], [-115.241232997507, 36.2196196067608], [-115.24123332576, 36.2195161217729], [-115.241233788011, 36.2193665456309], [-115.24123394809, 36.2193398681417], [-115.240224604784, 36.2192549244765], [-115.240228123831, 36.2186197791808], [-115.239656093856, 36.2185755514218], [-115.239187297958, 36.2185358544474], [-115.239188789034, 36.2188836303765], [-115.238728021383, 36.2188439352008], [-115.238733367853, 36.2184517471517], [-115.238734703346, 36.2180584736209], [-115.238734816661, 36.2180198180615], [-115.238735089155, 36.2179196758537], [-115.238736268166, 36.2179197738798], [-115.238736863518, 36.217915052439], [-115.23873510984, 36.2179149067488], [-115.238157574215, 36.2178670511248], [-115.238169262703, 36.2179863893617], [-115.238158922299, 36.2183933181984], [-115.237596824436, 36.2183499376009], [-115.237547403092, 36.2183455228289], [-115.237548725995, 36.2187398944319], [-115.237118663897, 36.2187067454213], [-115.237125997869, 36.2185139091908], [-115.237125591375, 36.2182452160452], [-115.237129078946, 36.2177819545748], [-115.237382427859, 36.217802921369], [-115.237377907866, 36.2176701040933], [-115.237364738194, 36.2173594728627], [-115.238043380999, 36.2173398469577], [-115.238142663455, 36.2173369790196], [-115.238118019333, 36.2167436441052], [-115.238013409294, 36.2142259084002], [-115.237199148724, 36.2141693347483], [-115.235996831591, 36.2140888724048], [-115.234781959022, 36.2140111188194], [-115.234774053082, 36.2140959968341], [-115.234727698427, 36.214556771679], [-115.234845125604, 36.2145646038747], [-115.234794700617, 36.2150828957603], [-115.234635476548, 36.2150725265772], [-115.234640613476, 36.2151505391673], [-115.234653797537, 36.2154502562257], [-115.234654794885, 36.2155162511754], [-115.234666840405, 36.2157770114013], [-115.234667858437, 36.2158408434814], [-115.234678553175, 36.2161026801958], [-115.23468092019, 36.216163272918], [-115.234690343287, 36.2164285846128], [-115.234694047594, 36.2164935786171], [-115.234703537241, 36.2167513836707], [-115.234705911451, 36.2168152921933], [-115.234715395701, 36.2170741791314], [-115.234719096411, 36.2171402541208], [-115.234729707512, 36.2174435495814], [-115.234727730802, 36.2175832259864], [-115.235061042935, 36.2176108117909], [-115.235390130053, 36.217638047759], [-115.235387608354, 36.2174591186447], [-115.235379261746, 36.2172425142319], [-115.235377772468, 36.2172038469813], [-115.235461265527, 36.2172020789141], [-115.236036846925, 36.2171897447123], [-115.236037985467, 36.2172341541342], [-115.236052500525, 36.217561292421], [-115.236054352229, 36.2176045992741], [-115.236058145569, 36.2176933353804], [-115.23611484063, 36.2176980271436], [-115.236107671234, 36.2178352268156], [-115.236103368878, 36.2181932460228], [-115.23610359101, 36.2181955878574], [-115.236103172825, 36.2182404892085], [-115.236102626937, 36.218254950307], [-115.236002044061, 36.2182467637784], [-115.235601399687, 36.2182141282807], [-115.235549013279, 36.2182098609976], [-115.235541273713, 36.2182092296735], [-115.235060469167, 36.2181694913303], [-115.235059468222, 36.2180741497036], [-115.234952589193, 36.2180739923222], [-115.234952358067, 36.2181411644845], [-115.234163034798, 36.2180760346825], [-115.234027112164, 36.2180660594024], [-115.234027081587, 36.2180987695439], [-115.234026685885, 36.2181387713885], [-115.234024244226, 36.2183854032651], [-115.233886656946, 36.2183740043581], [-115.233471384199, 36.2183375602315], [-115.23299167233, 36.2182973740259], [-115.232991043704, 36.2183635353502], [-115.232630401174, 36.2183333271227], [-115.232524362112, 36.2183244427201], [-115.232518751242, 36.2187815663176], [-115.232081980201, 36.2187484298974], [-115.231986661058, 36.2187448281126], [-115.231954272874, 36.2187440672862], [-115.23195011261, 36.2192049545464], [-115.231946754541, 36.2195770301571], [-115.231946752743, 36.2195772307059], [-115.232048382429, 36.2195859199555], [-115.232978764361, 36.2196615142688], [-115.232977820972, 36.2197613579016], [-115.232974672445, 36.2200942797285], [-115.232044393936, 36.2200195064963], [-115.232039935097, 36.2200191710492], [-115.231990392345, 36.2200154460573], [-115.231942828101, 36.2200118685542], [-115.231942132026, 36.220088983621], [-115.231941773196, 36.220128796608], [-115.231840095846, 36.2201205705092], [-115.231372098546, 36.2200826164209], [-115.231231516523, 36.2200713371238], [-115.230909992704, 36.2200452891601], [-115.23091062133, 36.2199721158218], [-115.230913179902, 36.2196744770967], [-115.230914013573, 36.2195773701009], [-115.230914534281, 36.2195169518471], [-115.230917941812, 36.2191204731326], [-115.23087322752, 36.2191168128919], [-115.230873848951, 36.2191137731834], [-115.230802259319, 36.2191079995359], [-115.229991864935, 36.2190426440041], [-115.229886375358, 36.2190327514616], [-115.229901063985, 36.2171840466078], [-115.228384646936, 36.2170581091457], [-115.228384012914, 36.2171408287875], [-115.228383617212, 36.2171924534703], [-115.228383601025, 36.2171960309734], [-115.228382873473, 36.2177561907969], [-115.22838249306, 36.2180464721683], [-115.228381476826, 36.2188248416944], [-115.22838147143, 36.2188284191975], [-115.228381368907, 36.2189076791474], [-115.228381358115, 36.2189112557512], [-115.228363847416, 36.2189098042453], [-115.228325309667, 36.2189066107528], [-115.22793766949, 36.2188744662849], [-115.227923436819, 36.2188732863744], [-115.227836655839, 36.2188660891], [-115.227812411016, 36.2188640800146], [-115.227715524354, 36.2188560517667], [-115.227711080804, 36.2188556848433], [-115.227572402646, 36.2188442184872], [-115.227570428635, 36.2188440548106], [-115.227339084333, 36.2188249262306], [-115.227244676203, 36.2188170922363], [-115.227084957507, 36.2188038272361], [-115.227073766343, 36.2188029000351], [-115.226990573658, 36.218796002235], [-115.22695372034, 36.2187929436407], [-115.226865824201, 36.2187856483403], [-115.226789312579, 36.218779297328], [-115.226789202862, 36.2187949005655], [-115.226788685751, 36.2188684057536], [-115.226788265768, 36.2189283923328], [-115.226787674014, 36.2190128701491], [-115.226783404932, 36.2190124609576], [-115.225918123125, 36.2189468886893], [-115.225755721751, 36.2189341731748], [-115.225754045415, 36.2191557310534], [-115.226786225206, 36.2192416118123], [-115.226785897853, 36.2192891634654], [-115.226784653191, 36.2194654962369], [-115.226783069485, 36.2196893797624], [-115.225750636085, 36.2196067518514], [-115.225747211467, 36.2200610623694], [-115.22574546948, 36.220546346438], [-115.225908344796, 36.2205609019653], [-115.226320914181, 36.2205944628655], [-115.226321962791, 36.2206746275334], [-115.226327106013, 36.2211068462053], [-115.22574113205, 36.2210496843967], [-115.225734629951, 36.2218045618324], [-115.225731769208, 36.2221365186867], [-115.225730831215, 36.222396500999], [-115.226754992651, 36.2224863792443], [-115.226749346707, 36.2229434947478], [-115.226749042736, 36.2234049620707], [-115.226413844725, 36.223376356435], [-115.225725639429, 36.2233194311481], [-115.225720408972, 36.2242510667347], [-115.223500465776, 36.2243089165246], [-115.223416277541, 36.2262013104434], [-115.223364048514, 36.22623589747], [-115.22383323202, 36.2267752586726], [-115.223740833875, 36.2268314465154], [-115.222987014941, 36.227278749516], [-115.22318774542, 36.2275023236746], [-115.223383152812, 36.2277204632301], [-115.223544003755, 36.2278984561501], [-115.223617115939, 36.2279798456946], [-115.223781958972, 36.2281632660232], [-115.224186091817, 36.228612571814], [-115.224775533566, 36.2280950182718], [-115.224843839774, 36.2280355946683], [-115.224892449029, 36.2279509019139], [-115.224894531859, 36.2279508560485]], [[-115.212969143813, 36.2064346138676], [-115.212981984333, 36.2060318407981], [-115.212995926523, 36.2054211615587], [-115.213015773661, 36.2047043910961], [-115.213030261739, 36.20424206582], [-115.213031843647, 36.2041966005939], [-115.212686297137, 36.2041901596494], [-115.212702138695, 36.2034411466929], [-115.212691835162, 36.2030178969597], [-115.212693557364, 36.2029637793562], [-115.212694112246, 36.2028814931877], [-115.212689740641, 36.2027426630448], [-115.2127041217, 36.2022515684564], [-115.213090832878, 36.2022592630559], [-115.213105265198, 36.2017638787013], [-115.213107009883, 36.2016814882114], [-115.213943100596, 36.2016970770598], [-115.214675194607, 36.2017101945712], [-115.214780939591, 36.2017074561355], [-115.214814632691, 36.2004882947004], [-115.214821913603, 36.1999195130764], [-115.214839669817, 36.1992823416081], [-115.214840268766, 36.1992608433146], [-115.214876231755, 36.1979624650969], [-115.214896658956, 36.196854175681], [-115.214927634305, 36.1956065686895], [-115.212682914787, 36.1955732587002], [-115.212684795269, 36.1954950770375], [-115.212694761556, 36.1951098245601], [-115.212705083075, 36.194654028362], [-115.212710130071, 36.194448919983], [-115.212727068801, 36.1937402694991], [-115.21273358439, 36.1935091167536], [-115.212738790565, 36.1932725357003], [-115.21275049704, 36.1928058918797], [-115.212663858153, 36.1928056148885], [-115.211612333045, 36.1927913678286], [-115.210610106074, 36.1927805175082], [-115.210508792049, 36.1927845374777], [-115.210519089287, 36.1923363396517], [-115.210530818245, 36.1918675158744], [-115.210542311581, 36.1914296323729], [-115.210643621108, 36.191428775319], [-115.211140825691, 36.1914288625533], [-115.211140088247, 36.1914718069796], [-115.211135549368, 36.1917356815577], [-115.211134216573, 36.1918132615741], [-115.211133231815, 36.191870552885], [-115.211830272052, 36.1918749802475], [-115.212284743548, 36.1918786162064], [-115.212776535111, 36.1918812934882], [-115.21277995973, 36.1917326184669], [-115.212784878122, 36.1915524644759], [-115.212786603021, 36.1914743376719], [-115.212788179533, 36.1914276736495], [-115.212295045282, 36.1914271646333], [-115.212005830507, 36.1914273130214], [-115.212013476543, 36.1909736805922], [-115.21230534252, 36.1909767940452], [-115.212319678612, 36.1905188385748], [-115.212808783001, 36.1905236697329], [-115.212810342426, 36.1904780965882], [-115.212813916331, 36.1903001108628], [-115.212818834724, 36.1901199676637], [-115.212820534442, 36.1900494284397], [-115.212332677413, 36.1900472421878], [-115.211772821561, 36.1900460011233], [-115.211222299772, 36.1900458680237], [-115.21067845365, 36.1900425000627], [-115.210577151317, 36.1900422743328], [-115.210600326846, 36.1891264002645], [-115.210601749573, 36.1890701377779], [-115.209913237608, 36.1890662967735], [-115.209912751974, 36.1891239873834], [-115.209882166031, 36.1891238201095], [-115.209430465346, 36.1891205978386], [-115.20906211113, 36.1891197263956], [-115.208460950315, 36.1891172955281], [-115.208359648881, 36.1891170769928], [-115.208349715869, 36.1895050975835], [-115.208337780966, 36.1900307827957], [-115.208324381967, 36.1905813936177], [-115.208315903159, 36.1909488233308], [-115.208305389185, 36.1914539104709], [-115.208296738606, 36.1918549487482], [-115.208195434474, 36.1918547212197], [-115.207420965308, 36.191849731781], [-115.207414507276, 36.1920773501908], [-115.20740403557, 36.1923071197791], [-115.208185148028, 36.192314293671], [-115.208286463851, 36.1923145122063], [-115.208276234063, 36.1927621596473], [-115.208255709735, 36.1936758690474], [-115.208234954282, 36.1946004566471], [-115.208232162786, 36.1947160716907], [-115.2082281653, 36.1948816018058], [-115.208227499801, 36.1949114916733], [-115.208217989471, 36.1953383162116], [-115.208216137767, 36.1954214153673], [-115.208216028049, 36.1954263184711], [-115.208214452437, 36.1955070047458], [-115.207800014261, 36.195500803021], [-115.207799337072, 36.1955003245816], [-115.207799378441, 36.1955007958264], [-115.207492035132, 36.1954961984921], [-115.207488891102, 36.195607326818], [-115.207488750807, 36.1956344099014], [-115.207475404868, 36.1961327458309], [-115.207123510943, 36.1961264038118], [-115.206770267136, 36.1961211382812], [-115.20676531367, 36.1962988119419], [-115.206773660278, 36.1967246175483], [-115.206773242993, 36.1968069576762], [-115.206763340558, 36.1971612060261], [-115.206763037486, 36.1972175440557], [-115.206759731579, 36.1973367114214], [-115.206754793401, 36.1975132942045], [-115.206752596357, 36.1976725551456], [-115.206746250741, 36.1978621385282], [-115.206756099217, 36.197939491016], [-115.206649545742, 36.1979376330166], [-115.206634730311, 36.1980243546416], [-115.206626271288, 36.198358029201], [-115.206622687489, 36.1985281188789], [-115.206619109087, 36.1986971176792], [-115.20661419609, 36.1988682928388], [-115.206610607795, 36.199039464401], [-115.206607672408, 36.1991228243601], [-115.20672213632, 36.1991242659734], [-115.206720368253, 36.1992055116264], [-115.206711851673, 36.1995511022029], [-115.206706906301, 36.1997266031016], [-115.207057488115, 36.1997340243071], [-115.207040335345, 36.2003440083706], [-115.206692954219, 36.2003386978739], [-115.20669117536, 36.2004199525201], [-115.206682575143, 36.2007807119616], [-115.206678985949, 36.2009518826246], [-115.206674036979, 36.2011284654077], [-115.206040840515, 36.2011181250028], [-115.206007518834, 36.2011169558841], [-115.20583694712, 36.2011141383081], [-115.205823830508, 36.2015507087995], [-115.206426620894, 36.2015600347691], [-115.206412682302, 36.2021386828552], [-115.206787393825, 36.2021463693608], [-115.206771740226, 36.2026376402162], [-115.206771497409, 36.2026929781997], [-115.206768750879, 36.2027741932757], [-115.206542620847, 36.2027705258404], [-115.206541624399, 36.2029087525382], [-115.206532994504, 36.2031825736182], [-115.20652765433, 36.2033687359797], [-115.206522159472, 36.2035754568432], [-115.206508184008, 36.2040365212697], [-115.206505568779, 36.2041135104315], [-115.206749016156, 36.204117530401], [-115.206751339105, 36.2040296711337], [-115.206768709511, 36.203372612957], [-115.206895363732, 36.2033745977608], [-115.207268143512, 36.2033804289649], [-115.207266024709, 36.2034886587759], [-115.207248263099, 36.2040771625323], [-115.207246783714, 36.2041261432083], [-115.207389277695, 36.2041297638788], [-115.207390188708, 36.2041882144158], [-115.207374485646, 36.204704477431], [-115.207024183521, 36.2047013846625], [-115.207008653129, 36.2051927553427], [-115.207027553281, 36.2052752285703], [-115.207009594719, 36.205802146753], [-115.207784768055, 36.2058096021327], [-115.20777267667, 36.2064200610383], [-115.208546179964, 36.2064339771477], [-115.209034958798, 36.2064439155556], [-115.210186014575, 36.2064664282843], [-115.210189896948, 36.2062601984507], [-115.210197675185, 36.2058467837034], [-115.210204814003, 36.2054673993023], [-115.210726893833, 36.2054774159513], [-115.211217001865, 36.2054873498626], [-115.211318334776, 36.2054898104078], [-115.211307591474, 36.2059997889604], [-115.211300080337, 36.206402579117], [-115.211295627793, 36.2064881064422], [-115.212629795431, 36.2065148145084], [-115.212968675266, 36.2065223166529], [-115.212969143813, 36.2064346138676]]]}, "properties": {"FID": 5, "OBJECTID": 78, "LIVE_CLV_W": 427004654.699019, "PERIMETER": 258827.09097204, "WARD": "5", "CNTY_IS": 0, "SHADE": 113, "ACRES": 9802.71723422, "SQ_MILES": 15.31674568, "Shape__Area": 427004655.76953125, "Shape__Length": 264408.8564287644, "district_id": "5"}}, {"type": "Feature", "id": 6, "geometry": {"type": "Polygon", "coordinates": [[[-115.346952529937, 36.2514964597951], [-115.342386998363, 36.2515028674646], [-115.337824880616, 36.2515090961692], [-115.337828287248, 36.2533419522706], [-115.333678152527, 36.2533467807306], [-115.333262056901, 36.2533472573713], [-115.333262727795, 36.2515975651768], [-115.333262749379, 36.2515199240066], [-115.332122331682, 36.2515200849853], [-115.330982799818, 36.2515202369707], [-115.329843267055, 36.2515203790635], [-115.328703735191, 36.2515205094653], [-115.328703601192, 36.2516029233375], [-115.328700878945, 36.2533576472389], [-115.327560659099, 36.2533590267989], [-115.326420439254, 36.2533603964664], [-115.325280220308, 36.2533617544427], [-115.324140000463, 36.2533631016272], [-115.32414504476, 36.2516033532135], [-115.32414528398, 36.2515209312473], [-115.323003322148, 36.251528970287], [-115.321861348624, 36.2515370057295], [-115.320719385893, 36.2515450222863], [-115.31957741237, 36.2515530280511], [-115.319577124587, 36.2516354500173], [-115.319570852715, 36.2533955554618], [-115.318428551838, 36.2534036394677], [-115.317286250063, 36.2534117207756], [-115.316143937495, 36.2534197831977], [-115.315171226273, 36.2534266468236], [-115.315001649209, 36.253427834828], [-115.315000802947, 36.2552270580836], [-115.314995653429, 36.255265936675], [-115.315025507323, 36.2552657316295], [-115.315071133528, 36.255265400679], [-115.315163475916, 36.2552647423753], [-115.315174292062, 36.2552646677315], [-115.315195291232, 36.2552645166454], [-115.315944847379, 36.2552591737731], [-115.31613648841, 36.2552578086023], [-115.317279095056, 36.2552496571472], [-115.317601892316, 36.2552473458896], [-115.317624691928, 36.2552471831123], [-115.318677593898, 36.2552396584848], [-115.31932868867, 36.2552350008959], [-115.319377530851, 36.2552346483616], [-115.320706914095, 36.2552251281385], [-115.321849520741, 36.2552169236234], [-115.322992126488, 36.2552087182091], [-115.324134732234, 36.2552005011036], [-115.32527556182, 36.2551978939689], [-115.326416390506, 36.2551952751431], [-115.327557219192, 36.2551926545187], [-115.328698047879, 36.2551900141092], [-115.329838865773, 36.255187371901], [-115.330979695359, 36.2551847099077], [-115.332120524045, 36.2551820461158], [-115.333261352731, 36.2551793625389], [-115.333555044332, 36.2551790747558], [-115.337831695678, 36.2551748065734], [-115.342402038625, 36.2551700734414], [-115.342394518494, 36.2533364709027], [-115.346959125565, 36.2533317494619], [-115.346955096603, 36.2522107076593], [-115.346952529937, 36.2514964597951], [-115.349273406745, 36.2514931350015], [-115.351517717071, 36.2514898767577], [-115.351517716172, 36.2514894774587], [-115.351518079498, 36.2514898767577], [-115.351512018967, 36.2496528810769], [-115.351516634287, 36.2496529593179], [-115.35600777574, 36.249728748784], [-115.356001651357, 36.2478917459086], [-115.360458721995, 36.2479667880381], [-115.360459222018, 36.2478793127814], [-115.360469148734, 36.246141662509], [-115.360525780842, 36.246142061808], [-115.362785890459, 36.2461579654191], [-115.365013200001, 36.2461735974349], [-115.367262396345, 36.2461893409666], [-115.369494324805, 36.2462049208217], [-115.369495317657, 36.2462049280163], [-115.369494429127, 36.2480180700792], [-115.369493464154, 36.2480180646832], [-115.364995852079, 36.2479928369013], [-115.364952713399, 36.251621877449], [-115.360475697598, 36.2515780561836], [-115.360453813495, 36.2552387951356], [-115.358226711696, 36.2552201494916], [-115.358215241742, 36.2588947766739], [-115.355998620642, 36.2588815233649], [-115.355997603509, 36.262561609432], [-115.352241279214, 36.2625482050369], [-115.351585270546, 36.2625494847722], [-115.351577093011, 36.2681257059379], [-115.351580972686, 36.2699083645806], [-115.351576679322, 36.2715595216559], [-115.351568256272, 36.2747988050221], [-115.351566074517, 36.2756377888542], [-115.351563751568, 36.277221092081], [-115.351563707501, 36.2772510547936], [-115.351551706948, 36.2808152641144], [-115.347011682845, 36.2807895138263], [-115.346999980867, 36.2843875646357], [-115.344730118103, 36.2843915468337], [-115.344718560016, 36.2880065147901], [-115.34244884564, 36.288027374565], [-115.342437435042, 36.291659261467], [-115.344707001929, 36.2916214800486], [-115.344731761164, 36.2928088504494], [-115.344783184399, 36.2952748490563], [-115.34251128557, 36.2953052173632], [-115.342582349998, 36.2988133143842], [-115.342698251026, 36.3045341789105], [-115.342731413526, 36.3061841111091], [-115.342731551122, 36.3061913776313], [-115.342731560116, 36.3061918003127], [-115.342719463335, 36.3069229050693], [-115.342700954388, 36.3080423433807], [-115.342519170825, 36.3080436572902], [-115.342422225707, 36.3080443587614], [-115.333551212321, 36.3081081485735], [-115.333595901432, 36.3063966739686], [-115.333599067945, 36.3062754012901], [-115.333540254981, 36.3026608910886], [-115.333481445614, 36.2990463799878], [-115.331718888618, 36.2990833106476], [-115.331582918319, 36.29908678293], [-115.330208908017, 36.2991160046012], [-115.328947562982, 36.2991428160894], [-115.328839969891, 36.2991439024704], [-115.326518931206, 36.2991932015063], [-115.324246185215, 36.2992398646293], [-115.324234683786, 36.2992401011511], [-115.324195966173, 36.2992408952524], [-115.319560630121, 36.2993401084605], [-115.317408384292, 36.2993842579784], [-115.317301426122, 36.2993869388574], [-115.316084004875, 36.2994123141283], [-115.314925683476, 36.2994351434185], [-115.314919337859, 36.2975989931003], [-115.314913000337, 36.2957628337891], [-115.31491027719, 36.2949746931289], [-115.31490859186, 36.2944865231359], [-115.31490678782, 36.2939643587695], [-115.314906657418, 36.2939266816723], [-115.314900316299, 36.2920905232604], [-115.314900411627, 36.2920759524446], [-115.314912380704, 36.2902503107046], [-115.314912381603, 36.2902501686117], [-115.314917345861, 36.2894929061739], [-115.314919048278, 36.289233321362], [-115.314924446908, 36.2884097842854], [-115.314215493353, 36.2884020222368], [-115.313778866204, 36.2883972396422], [-115.313751473754, 36.2883941468736], [-115.312627748374, 36.2883846239525], [-115.311504044578, 36.2883722960459], [-115.311392089775, 36.2883711754907], [-115.310383298652, 36.2883610725068], [-115.309259597555, 36.2883452246537], [-115.309260034625, 36.2879188623669], [-115.309261509513, 36.2865116769736], [-115.309220409596, 36.2865112668828], [-115.307014974264, 36.2864890122594], [-115.307012609946, 36.2855713152653], [-115.306834675482, 36.2855695939629], [-115.306029049303, 36.2855617932434], [-115.305885267493, 36.2855616241709], [-115.30588524591, 36.2855637123967], [-115.305888260437, 36.286469974511], [-115.30588710301, 36.2883066527311], [-115.305887092218, 36.2883234331812], [-115.308127088497, 36.2883292419023], [-115.30812679262, 36.2884043254006], [-115.30812094163, 36.2898887472692], [-115.308119848055, 36.2901659237197], [-115.307227165703, 36.2901586976671], [-115.307009253676, 36.2901569322979], [-115.307008058477, 36.2902406987506], [-115.307007243692, 36.2907970742268], [-115.30700687407, 36.2910470246018], [-115.307006515241, 36.2912815183287], [-115.30700606558, 36.2915852031959], [-115.307005677073, 36.2918476370601], [-115.307005357813, 36.291985540002], [-115.307005251693, 36.2921229222364], [-115.307004842502, 36.2926746482177], [-115.307004642852, 36.2929301339199], [-115.30700445939, 36.2931811203138], [-115.307004119447, 36.2936393123057], [-115.307004044803, 36.2937373438047], [-115.307004471082, 36.2937729137902], [-115.307003275883, 36.2938200337688], [-115.307000151638, 36.2938199888027], [-115.306718024419, 36.2938159085786], [-115.306485887816, 36.2938125514094], [-115.30601085422, 36.2938056796897], [-115.305875609674, 36.2938041247618], [-115.305875526936, 36.2938276168524], [-115.305869144448, 36.2956298294543], [-115.305741758178, 36.2956390546999], [-115.304825414663, 36.2956265046608], [-115.30471113961, 36.295628295211], [-115.302974022635, 36.2955923933756], [-115.302472600233, 36.2955959492949], [-115.301392866989, 36.2955794323462], [-115.300271353942, 36.2955642940582], [-115.29994456729, 36.2955598810849], [-115.299149842693, 36.2955491449783], [-115.298989530445, 36.2955469794108], [-115.296896674044, 36.2955186786454], [-115.296893410405, 36.2973513575804], [-115.296890134175, 36.2991903551521], [-115.293942503646, 36.2991794166981], [-115.29042646651, 36.2991662731063], [-115.289131681084, 36.2991614068747], [-115.288206258914, 36.2991592278174], [-115.286911620977, 36.2991561674245], [-115.286862619616, 36.299156051412], [-115.286583942197, 36.298846745782], [-115.28648836225, 36.298742740986], [-115.286078159881, 36.2982963840722], [-115.286072424905, 36.2982901400792], [-115.285979588789, 36.298189052684], [-115.285522751176, 36.297684884651], [-115.285373405261, 36.2975200632017], [-115.284448171048, 36.2965152165053], [-115.283343380895, 36.2953034421015], [-115.283229674212, 36.2951787214221], [-115.283231238133, 36.2950142749901], [-115.283238514548, 36.294262032568], [-115.28323859099, 36.2942421251752], [-115.28324112528, 36.2935805910727], [-115.282943323778, 36.2935798428368], [-115.282615799682, 36.2935790199571], [-115.281766363929, 36.2935812457792], [-115.281587416828, 36.2933867350111], [-115.280091675193, 36.2917347631501], [-115.280091628428, 36.2917347100901], [-115.279985210751, 36.2916171749939], [-115.275579232398, 36.2867938527554], [-115.275343808772, 36.2865361088557], [-115.274324662855, 36.2854148988798], [-115.273841863613, 36.2848875355326], [-115.273752888287, 36.2847903466984], [-115.271983059373, 36.2828570758946], [-115.270797706151, 36.2815463886562], [-115.270111384935, 36.2807995412671], [-115.270058110895, 36.2807411222063], [-115.268549486472, 36.2790867545514], [-115.267829971278, 36.2783011032146], [-115.267651212136, 36.2781092139704], [-115.267492213797, 36.2779384758813], [-115.26748740782, 36.2779333146721], [-115.267112952603, 36.2775290064598], [-115.266771441351, 36.2771454554997], [-115.265389115018, 36.2756268171252], [-115.265008685605, 36.2752088608016], [-115.264701620186, 36.2748711159106], [-115.26306742972, 36.2730735869778], [-115.262858563074, 36.2728471817533], [-115.262857432627, 36.2728459559774], [-115.26215289834, 36.2720822480986], [-115.261915240798, 36.2718206883754], [-115.260955871019, 36.2707648231394], [-115.260143893828, 36.2698715751144], [-115.258348303833, 36.2679040815095], [-115.258326328, 36.2678799994638], [-115.258076320068, 36.2676023472718], [-115.257025648417, 36.2664828154309], [-115.256155931154, 36.2655560676597], [-115.255385885752, 36.2647355028425], [-115.254437394173, 36.2637004137444], [-115.254332351559, 36.263585234872], [-115.253863725633, 36.2630613321161], [-115.253843760683, 36.2630390370232], [-115.253843954037, 36.2630367536445], [-115.253841720121, 36.2630367581412], [-115.253793221482, 36.262982599169], [-115.252280545613, 36.2612933405165], [-115.252173043353, 36.261180610498], [-115.251160261039, 36.260075219597], [-115.250822821918, 36.2596718628675], [-115.248765184768, 36.2574531463469], [-115.248515722725, 36.2571509408645], [-115.248348039633, 36.256945630138], [-115.248242599519, 36.2568156097539], [-115.248020209767, 36.2564925831675], [-115.247781587253, 36.2561103712979], [-115.247515257525, 36.2555983566801], [-115.247346330671, 36.2552011971788], [-115.247282159546, 36.2550272943755], [-115.247205445577, 36.2547905226658], [-115.247141518169, 36.2545311411006], [-115.246794891573, 36.2544345233359], [-115.246351881936, 36.2543036953605], [-115.246278017019, 36.2542789082463], [-115.246180645622, 36.2542418085139], [-115.246027822928, 36.2541769916761], [-115.245904438641, 36.2541134518756], [-115.245798711643, 36.2540517484907], [-115.245678429118, 36.2539671834401], [-115.245618204219, 36.2539206794971], [-115.245563435506, 36.2538695647299], [-115.245477481902, 36.2537813772101], [-115.245413382724, 36.2537088927525], [-115.245121517646, 36.2533731929198], [-115.24494934334, 36.2531696052944], [-115.244622501829, 36.2527683781594], [-115.244017930785, 36.2520493638883], [-115.243613802437, 36.2515997109592], [-115.243502244235, 36.251475585631], [-115.243066171968, 36.2510107710316], [-115.242845429775, 36.2509089695746], [-115.242633731164, 36.2506665402299], [-115.242261503568, 36.2502273149399], [-115.241860364566, 36.249759162057], [-115.241505358987, 36.249358443039], [-115.241148213921, 36.2489632116842], [-115.240817169879, 36.2486106342746], [-115.240448850736, 36.2482030066647], [-115.240150128328, 36.2478766175132], [-115.240077948741, 36.2478049856129], [-115.239956103194, 36.2476671393283], [-115.240355045151, 36.2477027129112], [-115.241760725979, 36.2478280469281], [-115.24216100253, 36.2478637383222], [-115.242842628387, 36.2478615053055], [-115.243342333084, 36.2478598640428], [-115.243365264897, 36.2478597884998], [-115.243855368433, 36.2478601806042], [-115.244038112471, 36.2478603262943], [-115.244072863174, 36.2478603541733], [-115.244465211303, 36.2478606653387], [-115.244708450936, 36.2478613542194], [-115.24473427317, 36.247861232811], [-115.244762951651, 36.2478610970133], [-115.246594818498, 36.2478524239515], [-115.246638343887, 36.2478522171075], [-115.246711893142, 36.2478518843583], [-115.246870755683, 36.2478515165356], [-115.246874229764, 36.2471420530646], [-115.246888864432, 36.2460573285841], [-115.246892254876, 36.2458059482872], [-115.246895595857, 36.2455941615426], [-115.246898149932, 36.2453553195936], [-115.246905606211, 36.2446873796202], [-115.246912738734, 36.2440484607691], [-115.246935184014, 36.2427011522377], [-115.2469581509, 36.2409256728828], [-115.246962744637, 36.2405020679174], [-115.246962918206, 36.2404830499541], [-115.246966953464, 36.2400333853338], [-115.246969849281, 36.239810324688], [-115.246993094958, 36.2384269695303], [-115.247011099385, 36.2367807704175], [-115.247016456646, 36.2362909213902], [-115.247017115849, 36.23624637707], [-115.247034183183, 36.2350922779875], [-115.247057637502, 36.2334813143125], [-115.247059946062, 36.2332221863561], [-115.247060176288, 36.2330912054961], [-115.247060529722, 36.2330652870347], [-115.24706022665, 36.2330623003862], [-115.24706022755, 36.233062177179], [-115.247060835491, 36.2327151440899], [-115.247055834361, 36.2319736440697], [-115.247048860119, 36.2310090096594], [-115.247054703914, 36.2307161301466], [-115.247043254645, 36.2285502730779], [-115.24704140384, 36.2280724875566], [-115.247032990682, 36.2270132120914], [-115.247030090369, 36.2266480594617], [-115.247029231516, 36.2263661624697], [-115.247027049761, 36.2256495979519], [-115.247027030875, 36.2256432127654], [-115.247026501174, 36.2254693846057], [-115.247023778926, 36.2245634048786], [-115.247022013557, 36.2242852229859], [-115.247020545864, 36.2240540486567], [-115.247017680624, 36.2236528691858], [-115.247011549945, 36.2227473975756], [-115.24701153106, 36.2227445853956], [-115.24701118572, 36.2226800086768], [-115.247007843839, 36.2220552316649], [-115.246992709148, 36.2192264690276], [-115.246995261424, 36.2188005779856], [-115.24700207289, 36.2185888425023], [-115.247004018123, 36.2183770332748], [-115.247004638655, 36.2182198911363], [-115.248211465889, 36.2182203363008], [-115.249081752423, 36.2182206519628], [-115.249325654857, 36.2182144655265], [-115.251346633842, 36.2182173406591], [-115.251665322099, 36.2182154772638], [-115.253112479659, 36.2182173631421], [-115.25586134113, 36.218216044736], [-115.259209864246, 36.2182347758156], [-115.260444130694, 36.2182445262652], [-115.260458009032, 36.2170920243787], [-115.260486143423, 36.2147453208412], [-115.260504338507, 36.2135880606418], [-115.260626249704, 36.2104718360078], [-115.260668280419, 36.2066604480225], [-115.260675927354, 36.203509924145], [-115.260675942643, 36.2035051541408], [-115.260851297851, 36.2035022268476], [-115.262954324685, 36.2035010064676], [-115.263399998114, 36.2035145610495], [-115.263632454876, 36.2035522678242], [-115.263865898195, 36.2036078351348], [-115.264054391599, 36.2036728956889], [-115.264280654731, 36.2037751423103], [-115.264497883273, 36.203911704363], [-115.264609838975, 36.2039916693814], [-115.264899687773, 36.2042438042095], [-115.265253260732, 36.2045592917792], [-115.265835239907, 36.2041336570439], [-115.26586225644, 36.2041062573992], [-115.265919657468, 36.2040465460126], [-115.265979478572, 36.2039843201216], [-115.26602766065, 36.2039089020755], [-115.266079856402, 36.2038362413507], [-115.266151848032, 36.2036880870369], [-115.266176184585, 36.2035892551413], [-115.266198040809, 36.2034231107892], [-115.266197322251, 36.2032335570843], [-115.266189812012, 36.2032046924439], [-115.266952413725, 36.2031119336701], [-115.26789694469, 36.2030306394537], [-115.26887967436, 36.2029851508453], [-115.269633234289, 36.202980260332], [-115.269717786749, 36.2029806893087], [-115.269828963638, 36.2029831876253], [-115.270122322489, 36.2029883758142], [-115.270418542084, 36.2029990381764], [-115.270535313656, 36.2030044646856], [-115.270788325323, 36.2030157439827], [-115.271265752015, 36.2030441751498], [-115.271648641973, 36.2030764113486], [-115.271771241152, 36.2030896178928], [-115.272210792896, 36.2031345174453], [-115.27266152771, 36.2031906468322], [-115.273231248226, 36.203269515577], [-115.273763002063, 36.2033522612991], [-115.274864813662, 36.2035171870699], [-115.275116043773, 36.2025821691331], [-115.275368447498, 36.2020496868449], [-115.275612130498, 36.2016785258446], [-115.276040988403, 36.201143202598], [-115.276634025642, 36.2005172861451], [-115.27783304676, 36.1992236779317], [-115.278721477117, 36.1977982830656], [-115.27938871472, 36.1981007214724], [-115.280023597413, 36.1983884874401], [-115.281108649247, 36.1990180965092], [-115.28169565833, 36.1993936992611], [-115.282395157313, 36.1998412720583], [-115.283004362563, 36.2002376464515], [-115.283857226532, 36.2007925434424], [-115.284452145153, 36.2011796062551], [-115.285132916653, 36.2016225169669], [-115.285812119736, 36.2020643988543], [-115.285835823167, 36.2020403204058], [-115.285840577883, 36.2020606315942], [-115.285972454467, 36.2021479863418], [-115.286104350837, 36.2022353545793], [-115.286589304855, 36.2025435891167], [-115.286699898084, 36.2026092639077], [-115.286810492213, 36.2026749377994], [-115.28723816751, 36.2029180659173], [-115.287270210354, 36.2029354264301], [-115.287641862384, 36.2031367828376], [-115.287817728408, 36.2032330849402], [-115.287832287532, 36.203240909042], [-115.287892099643, 36.203273048114], [-115.288132030671, 36.2033980259994], [-115.288212572155, 36.2034371662935], [-115.28826400708, 36.2034621620504], [-115.288403987456, 36.2035284798568], [-115.28859996322, 36.2036197970173], [-115.288783952819, 36.2037066922114], [-115.289081747127, 36.2038380876589], [-115.289091995801, 36.2038426139468], [-115.28940408843, 36.2039740255821], [-115.289551487313, 36.2040342145087], [-115.289698886197, 36.2040944025359], [-115.290091076045, 36.2042494969181], [-115.290324531954, 36.2043373534874], [-115.290630038847, 36.2044490816611], [-115.290884862648, 36.2045369544182], [-115.291197059599, 36.2046432722705], [-115.291328477529, 36.2046850466789], [-115.29145990895, 36.2047268228859], [-115.291942929425, 36.2048733206485], [-115.292237818922, 36.2049601411988], [-115.292542071262, 36.2050415541257], [-115.293086551405, 36.2051761889313], [-115.293301417429, 36.205226143573], [-115.293509612281, 36.2052728453668], [-115.293813910486, 36.2053369382504], [-115.294103537151, 36.2053945236396], [-115.294405186852, 36.2054499542533], [-115.294762911082, 36.2055097546727], [-115.294882663906, 36.2055270783133], [-115.295051324561, 36.205555100289], [-115.295569237832, 36.2056279480727], [-115.296246251965, 36.2057041854012], [-115.296889469576, 36.2057676514573], [-115.297335047676, 36.2058155223698], [-115.297335729363, 36.205815589819], [-115.299006036601, 36.2059803815906], [-115.29931119276, 36.2060088865022], [-115.299803755041, 36.2060552654394], [-115.299801551702, 36.206069453144], [-115.299800822352, 36.2060741503031], [-115.301380776504, 36.2062355903016], [-115.301733622811, 36.2062640457504], [-115.302206015997, 36.2062786120696], [-115.302560501768, 36.2062719543885], [-115.303031549569, 36.2062396750223], [-115.303498677224, 36.2061808143944], [-115.303845081687, 36.206119380806], [-115.304187046197, 36.2060433170468], [-115.304584309121, 36.2059375468816], [-115.305021922826, 36.2057924844369], [-115.305507938942, 36.2055956723037], [-115.307125508138, 36.2048734708353], [-115.307440503778, 36.2047414278759], [-115.30787293469, 36.2045865088616], [-115.308205430239, 36.2044866085714], [-115.308622777721, 36.2043832431934], [-115.310088428041, 36.2042116759294], [-115.311269730716, 36.2042477783136], [-115.3117472995, 36.2042963965628], [-115.312986348543, 36.2044117912724], [-115.314185907456, 36.2045343841558], [-115.318519591108, 36.2049771761571], [-115.319993404574, 36.2051276183462], [-115.320151548557, 36.2037147492376], [-115.320169591656, 36.203553610512], [-115.320244413451, 36.2028851426365], [-115.320269586374, 36.2026868232396], [-115.320291632355, 36.2025425935672], [-115.320345015212, 36.2022551801338], [-115.320376352988, 36.2021120791105], [-115.320448232202, 36.2018273285697], [-115.320526002875, 36.201566044039], [-115.32062854987, 36.201264786442], [-115.320681168303, 36.2011258510785], [-115.320795349828, 36.2008503230853], [-115.320921327759, 36.2005781927307], [-115.321058946515, 36.2003098017572], [-115.322054451054, 36.1984561353437], [-115.322599863795, 36.1974465159453], [-115.322746446993, 36.197160764459], [-115.322932147103, 36.1967579482221], [-115.32306123579, 36.1964389362092], [-115.323176500997, 36.1961164609073], [-115.323277798834, 36.1957909180177], [-115.323323185819, 36.1956271244935], [-115.323403323507, 36.1952977235124], [-115.323469223128, 36.1949662621846], [-115.323496805335, 36.1947998894047], [-115.323599842461, 36.1940341931248], [-115.323644768993, 36.1937330425472], [-115.323668645993, 36.1935208834833], [-115.324300479086, 36.1935798781102], [-115.325100723722, 36.1936515046145], [-115.325726614993, 36.1937005473437], [-115.326008987727, 36.1937183242426], [-115.326383173147, 36.1937286664461], [-115.326762097095, 36.1937294794332], [-115.327150467522, 36.1937207721972], [-115.327468230377, 36.1937039620695], [-115.32774430156, 36.1936893561801], [-115.327965598636, 36.1936707501063], [-115.328151579334, 36.1936558852122], [-115.328311691034, 36.193635242174], [-115.328509476234, 36.1936089540912], [-115.328839129924, 36.1935619618164], [-115.329197075387, 36.1934997674017], [-115.329531508075, 36.1934298900786], [-115.329934190313, 36.1933334638696], [-115.330048773834, 36.1933091372082], [-115.330131617582, 36.1932915500663], [-115.330824591984, 36.1931273869207], [-115.331434650691, 36.192976052604], [-115.332798001329, 36.1926214634111], [-115.333667958711, 36.1923900984256], [-115.335507933846, 36.1919286868607], [-115.336034451831, 36.1917966456999], [-115.337017731885, 36.1915375663069], [-115.337242707187, 36.191489331169], [-115.337574786349, 36.1914235160837], [-115.337982050633, 36.1913760498661], [-115.338434530132, 36.1913233208159], [-115.338809675129, 36.1913062031201], [-115.339291433855, 36.1912982432207], [-115.339822960164, 36.1913242731979], [-115.340335615099, 36.1913599843771], [-115.340787807713, 36.1913996525732], [-115.341464247179, 36.1914636186524], [-115.341525548567, 36.1915000259067], [-115.341654746971, 36.1915767578624], [-115.342432792741, 36.1916402958643], [-115.341740509919, 36.1963913494825], [-115.341550088368, 36.1977595843387], [-115.341483705811, 36.1982960524222], [-115.341282625495, 36.199921005951], [-115.341081102713, 36.20128098593], [-115.34092758844, 36.2025327954534], [-115.340879397368, 36.2029257587181], [-115.340782671685, 36.2037144758437], [-115.340653531737, 36.2045644403979], [-115.340485479923, 36.2053806075303], [-115.340466205653, 36.2054742827133], [-115.340465202909, 36.205476990572], [-115.340626455848, 36.2055150255993], [-115.340795902511, 36.205554991471], [-115.341182543542, 36.2056447923746], [-115.341749684802, 36.2057777328574], [-115.341762295096, 36.2057806889289], [-115.342105440416, 36.2058611224941], [-115.342113081056, 36.2058634481409], [-115.342433513998, 36.2059385595182], [-115.342737081054, 36.2060152626955], [-115.343073795322, 36.2061089918378], [-115.343350962779, 36.206191944404], [-115.343722047337, 36.2063113536873], [-115.343888277124, 36.2063656430613], [-115.344311959432, 36.206504011852], [-115.344585124006, 36.2065932228003], [-115.345073679809, 36.2067527733231], [-115.345595398111, 36.2069231525827], [-115.346457273287, 36.2071911982165], [-115.346495833518, 36.2072010484909], [-115.346528465419, 36.2072008092712], [-115.346855632484, 36.207198412578], [-115.346904159002, 36.2072133431226], [-115.346953283569, 36.2072261710522], [-115.347173306305, 36.2072764044837], [-115.347394266135, 36.2073223346593], [-115.347493465853, 36.2073415055073], [-115.347493553087, 36.2073415216952], [-115.347627698662, 36.2073651999453], [-115.3477665342, 36.2073897046724], [-115.347975056406, 36.2074220496891], [-115.347982117883, 36.2075152401375], [-115.347982341814, 36.2075181908132], [-115.347989584954, 36.2076137689616], [-115.34799558613, 36.2076929623616], [-115.347995590626, 36.2076930190189], [-115.347995989026, 36.2076982683617], [-115.348010286448, 36.2078869524222], [-115.347626074486, 36.2079068939892], [-115.34749599025, 36.2079136451999], [-115.346038755786, 36.2079892646941], [-115.345950380308, 36.2079955491566], [-115.345943539165, 36.2079963297681], [-115.345648419441, 36.2080468788617], [-115.345604544217, 36.2080577597591], [-115.345521186955, 36.2080823670089], [-115.34543953391, 36.2081104753195], [-115.345359805413, 36.2081420082484], [-115.345282225397, 36.2081768794607], [-115.345207001604, 36.208214995427], [-115.345134342678, 36.2082562473293], [-115.345064446469, 36.2083005254502], [-115.344997507231, 36.208347707482], [-115.344933704829, 36.2083976639224], [-115.344873217327, 36.2084502571749], [-115.344834815377, 36.2084867138921], [-115.344799082614, 36.2085230977641], [-115.344995980183, 36.2095236924657], [-115.34501671765, 36.209629077721], [-115.34501873303, 36.2096393174019], [-115.344723294946, 36.2097765179733], [-115.344662660855, 36.209806411438], [-115.344623346992, 36.2098277514509], [-115.344584974719, 36.2098501913346], [-115.344547592599, 36.2098737014115], [-115.3445112447, 36.2098982556013], [-115.344475978686, 36.2099238215284], [-115.344441834126, 36.2099503713139], [-115.344392812081, 36.2099919649585], [-115.344361652371, 36.2100208233036], [-115.344331754409, 36.2100505458973], [-115.344303155069, 36.2100810967665], [-115.344277457841, 36.2101106332005], [-115.344275888524, 36.2101124372405], [-115.344249988049, 36.210144530447], [-115.34422548512, 36.2101773359166], [-115.344202410315, 36.2102108149784], [-115.344180792412, 36.2102449262636], [-115.344160654793, 36.2102796275041], [-115.344142024437, 36.210314877331], [-115.344116954036, 36.2103686855677], [-115.34410218447, 36.2104051180031], [-115.344088995013, 36.2104419452409], [-115.344077398256, 36.2104791223149], [-115.344067410385, 36.2105166060578], [-115.344055468287, 36.2105733029169], [-115.344047205316, 36.2106304296519], [-115.34404375192, 36.2106686733219], [-115.344041946081, 36.2107069934343], [-115.344042336387, 36.2107645086764], [-115.344044658436, 36.2108028099031], [-115.344048630742, 36.2108410211975], [-115.34405424431, 36.2108790975936], [-115.344061494644, 36.2109169923266], [-115.344070373651, 36.2109546586319], [-115.344073389078, 36.2109654037317], [-115.344080868739, 36.2109920506439], [-115.344099613309, 36.2110475262236], [-115.344114089696, 36.2110840342022], [-115.344130130903, 36.211120110506], [-115.344147714448, 36.2111557119678], [-115.344166820544, 36.2111907936215], [-115.344187426711, 36.2112253158969], [-115.344209506865, 36.2112592311299], [-115.34423303313, 36.2112925033476], [-115.344257977626, 36.2113250893827], [-115.344284311574, 36.2113569496648], [-115.3443120017, 36.2113880464225], [-115.34434101293, 36.2114183409849], [-115.344371311989, 36.2114477955806], [-115.34441909207, 36.2114903281175], [-115.344439397862, 36.2115066040478], [-115.344469553929, 36.2115307751264], [-115.344504616697, 36.2115565254146], [-115.344540767645, 36.2115812702607], [-115.344577961806, 36.2116049772892], [-115.344616154214, 36.2116276168223], [-115.344678300965, 36.2116610895889], [-115.345015552128, 36.2118320749915], [-115.345820375212, 36.212240109095], [-115.345858586507, 36.2122583707285], [-115.345911266094, 36.2122801523085], [-115.345951937934, 36.2122945036897], [-115.346007502546, 36.212310919015], [-115.346064343297, 36.2123241534382], [-115.346107646553, 36.2123319541577], [-115.346151394074, 36.212337905871], [-115.346210208836, 36.2123429411751], [-115.346253624507, 36.2123441885348], [-115.346311941945, 36.2123434816676], [-115.346370061531, 36.2123395336438], [-115.346405317653, 36.212335537956], [-115.346435291158, 36.2123311762441], [-115.346441260858, 36.2123301977817], [-115.346467888884, 36.2123253972006], [-115.346511167858, 36.212316020869], [-115.346522318552, 36.2123132788361], [-115.346569846823, 36.2123000444128], [-115.346570143599, 36.2122999562793], [-115.346575539532, 36.2122982907349], [-115.346626022975, 36.2122809958726], [-115.346695145767, 36.2122565379102], [-115.346695294155, 36.2122564902461], [-115.346705550923, 36.2122531123925], [-115.346726143599, 36.2122465176639], [-115.346736478608, 36.2122433025876], [-115.346757227766, 36.2122370361116], [-115.346778076749, 36.2122309899695], [-115.346778161285, 36.2122309665871], [-115.346834230418, 36.2122159299225], [-115.346834357222, 36.2122158984462], [-115.346919593167, 36.2121963363931], [-115.346919710079, 36.2121963130107], [-115.34700610435, 36.2121803923126], [-115.347006318389, 36.2121803590376], [-115.347038927806, 36.2121753444179], [-115.34706073097, 36.2121722885216], [-115.347093524749, 36.2121681381503], [-115.347093858397, 36.2121681003788], [-115.347152193821, 36.2121620353509], [-115.34715244653, 36.2121620155658], [-115.347240600775, 36.2121560017994], [-115.347240817512, 36.2121559937054], [-115.347299703321, 36.2121540673576], [-115.34738842234, 36.212154300282], [-115.347476921025, 36.212158290574], [-115.347477004662, 36.2121582950705], [-115.347565004224, 36.2121660238443], [-115.347565206571, 36.2121660445286], [-115.347613283428, 36.2121718721355], [-115.347623474546, 36.2121732552928], [-115.347623679591, 36.2121732822725], [-115.347710468665, 36.2121871875899], [-115.34771071418, 36.2121872298581], [-115.347796566161, 36.2122048134027], [-115.347796728039, 36.2122048493756], [-115.347881487343, 36.212226090463], [-115.348133648251, 36.2122952006643], [-115.348314339138, 36.2123447218327], [-115.34838870048, 36.212365102269], [-115.348376349191, 36.2126127386882], [-115.348375974174, 36.2126341497475], [-115.348375973275, 36.2126343062296], [-115.348377612739, 36.2126627517858], [-115.348377635222, 36.2126630296763], [-115.348380479778, 36.2126843085353], [-115.348380504059, 36.2126844731113], [-115.348386457571, 36.212712752293], [-115.34838647286, 36.2127128188428], [-115.34839482936, 36.2127406285784], [-115.34839486983, 36.2127407580808], [-115.348402693931, 36.2127612635228], [-115.348402733502, 36.2127613642469], [-115.348415216092, 36.2127881568493], [-115.348415269152, 36.2127882656672], [-115.348430055805, 36.2128143397113], [-115.348430087281, 36.2128143945699], [-115.348442549187, 36.2128332425614], [-115.348442659803, 36.2128334053387], [-115.348461217313, 36.2128577724695], [-115.348461298253, 36.2128578749923], [-115.348476555251, 36.2128754135708], [-115.348476635291, 36.2128755026037], [-115.348498716345, 36.2128978534545], [-115.34849881527, 36.2128979496819], [-115.348522776807, 36.212919005509], [-115.348522872135, 36.2129190882466], [-115.348541959346, 36.2129339279597], [-115.348542078956, 36.2129340196906], [-115.348569024443, 36.2129525502213], [-115.348569136858, 36.2129526257644], [-115.348592589379, 36.2129667747981], [-115.348615971752, 36.2129808815637], [-115.348616042798, 36.2129809265298], [-115.348642992782, 36.212999455262], [-115.348643098003, 36.2129995317043], [-115.3486681729, 36.2130193590575], [-115.348668462482, 36.2130195964785], [-115.348668489461, 36.2130196189615], [-115.348686246575, 36.2130354946937], [-115.348686361688, 36.2130356008136], [-115.348708483212, 36.2130579849394], [-115.348708541668, 36.2130580469925], [-115.348723788774, 36.213075568484], [-115.348723878706, 36.213075674604], [-115.348742467693, 36.2131000759091], [-115.348742517156, 36.2131001442576], [-115.348755023128, 36.2131190525036], [-115.348755089678, 36.2131191568249], [-115.348769861042, 36.2131451939968], [-115.348769909606, 36.213145283929], [-115.348782402088, 36.2131720891219], [-115.348782445256, 36.2131721862487], [-115.348792597702, 36.2131996254636], [-115.348792633675, 36.2131997315836], [-115.348798675321, 36.2132206210361], [-115.348798704998, 36.2132207325521], [-115.348804654913, 36.2132489685663], [-115.348804674698, 36.2132490782837], [-115.348807539039, 36.2132704722558], [-115.348807543536, 36.2132705208192], [-115.348807566918, 36.213270799609], [-115.348809201885, 36.213299135448], [-115.348809205483, 36.2132992451653], [-115.348808830465, 36.2133208118073], [-115.348805634275, 36.2133661079608], [-115.348805591107, 36.2133666403595], [-115.348800286007, 36.2134136587147], [-115.34880012233, 36.2134148683028], [-115.348788381681, 36.2134849650604], [-115.348788134367, 36.2134862088228], [-115.348771834155, 36.2135559017847], [-115.348771532882, 36.213556999857], [-115.348750929414, 36.2136253321447], [-115.348750260318, 36.2136273169484], [-115.348734708342, 36.2136706300968], [-115.348733694806, 36.2136732812982], [-115.348715906216, 36.2137170441076], [-115.348715332449, 36.2137183580171], [-115.348684527071, 36.2137843151953], [-115.348683937116, 36.2137854852133], [-115.34864876643, 36.2138503209368], [-115.348648547894, 36.2138507094439], [-115.348608649472, 36.2139149246354], [-115.348582708527, 36.2139575893726], [-115.348582516072, 36.2139579185244], [-115.348560368468, 36.2140018162322], [-115.348559932297, 36.2140027803053], [-115.348541732717, 36.2140475737379], [-115.34854121201, 36.2140490594178], [-115.348534324102, 36.2140695585646], [-115.348533718858, 36.214071458832], [-115.348524293963, 36.2141052562539], [-115.348523958516, 36.2141066439078], [-115.348514731472, 36.2141526631162], [-115.348514540816, 36.2141538583152], [-115.348514505742, 36.2141541110247], [-115.348509277084, 36.2142004503918], [-115.348509197044, 36.2142015997253], [-115.348507952382, 36.21424860549], [-115.348507951483, 36.2142489400379], [-115.348508849906, 36.2142726866365], [-115.348508860698, 36.2142728952792], [-115.348511975949, 36.2143072448848], [-115.348514173892, 36.2143350420299], [-115.348514223355, 36.2143364719519], [-115.348514302495, 36.2143558955095], [-115.348514265623, 36.2143571626542], [-115.348514226053, 36.2143585530061], [-115.348513153162, 36.2143763640792], [-115.348513105498, 36.2143770313762], [-115.348512815916, 36.2143801978891], [-115.348510584698, 36.2143979909758], [-115.348510373357, 36.2143993192745], [-115.348509887723, 36.21440238956], [-115.348509752825, 36.214403129702], [-115.348506844417, 36.2144183264459], [-115.348506705023, 36.2144190234205], [-115.348506008048, 36.214422110793], [-115.34850555389, 36.2144241225765], [-115.348501529424, 36.2144397186194], [-115.348499833303, 36.2144455264412], [-115.348495265646, 36.2144595459725], [-115.348494997648, 36.2144603445706], [-115.348492751142, 36.2144665642818], [-115.348492611747, 36.2144669285072], [-115.348487188835, 36.2144805955044], [-115.348484215676, 36.2144874636268], [-115.348478064313, 36.2145005784402], [-115.348474445441, 36.2145077208559], [-115.34846732461, 36.2145207880052], [-115.348463249781, 36.2145277325701], [-115.34845590322, 36.2145395037963], [-115.348451118826, 36.2145467001713], [-115.348443002445, 36.2145581863126], [-115.34842869513, 36.2145765738511], [-115.348423090555, 36.2145832324315], [-115.348422403473, 36.2145840130431], [-115.348413234885, 36.2145943021866], [-115.348407384795, 36.2146005236965], [-115.34839648771, 36.2146115026201], [-115.348390340844, 36.2146173599045], [-115.348378835817, 36.2146277758525], [-115.348373011807, 36.2146327841769], [-115.348359959047, 36.2146434312506], [-115.348354526243, 36.2146476445744], [-115.348354228567, 36.2146478685056], [-115.348340165868, 36.21465819632], [-115.348334878754, 36.214661882641], [-115.348319112739, 36.2146722976897], [-115.348318203524, 36.2146728678599], [-115.348314734839, 36.2146750460179], [-115.348314449754, 36.2146752186877], [-115.348297345548, 36.2146853549465], [-115.348295264517, 36.2146865231658], [-115.348293432598, 36.2146875528895], [-115.348274597197, 36.2146975371629], [-115.348271721165, 36.2146989796755], [-115.348271424389, 36.2146991253656], [-115.348250917148, 36.2147087858831], [-115.348248955727, 36.2147096474336], [-115.348228374742, 36.2147182152747], [-115.348224284625, 36.2147198061754], [-115.348204907832, 36.2147268595582], [-115.348199420169, 36.2147287211549], [-115.348180748445, 36.214734585634], [-115.348173703156, 36.2147366261957], [-115.348155924459, 36.2147413584282], [-115.348147968156, 36.2147432892727], [-115.348130429578, 36.2147471482636], [-115.348122486766, 36.2147487220771], [-115.348103870799, 36.2147519794216], [-115.348097606122, 36.2147529371996], [-115.348067541786, 36.2147566603929], [-115.348062219598, 36.2147571658118], [-115.348041140388, 36.2147587162431], [-115.348036499887, 36.2147589626573], [-115.348013461055, 36.214759676719], [-115.348010842229, 36.2147597027994], [-115.347985535306, 36.2147594123183], [-115.347950049857, 36.2147592621316], [-115.347915202926, 36.2147610760641], [-115.347914636354, 36.2147611129364], [-115.347914553616, 36.2147611210302], [-115.347880314627, 36.2147648595119], [-115.34787861221, 36.2147650960336], [-115.347845698822, 36.2147706142737], [-115.347843779669, 36.214770991989], [-115.347811634302, 36.2147783079739], [-115.347809685471, 36.2147788133929], [-115.347769884175, 36.2147906727526], [-115.347768144886, 36.2147912528154], [-115.347738014, 36.2148024700592], [-115.34773550669, 36.2148034916891], [-115.347706754465, 36.2148162413777], [-115.347704760668, 36.2148171937598], [-115.347669086361, 36.2148361074018], [-115.347667396535, 36.2148371002533], [-115.347641362061, 36.2148533977674], [-115.347639475284, 36.2148546631135], [-115.34761436891, 36.2148727871507], [-115.347613024424, 36.2148738420555], [-115.347605158953, 36.2148803711335], [-115.347589795835, 36.2148931235201], [-115.34758844955, 36.2148943196185], [-115.347566497098, 36.2149152891106], [-115.347565617561, 36.2149161983251], [-115.347545512318, 36.2149383666136], [-115.347544752391, 36.214939266835], [-115.347526396328, 36.2149627805092], [-115.347526132827, 36.2149631330435], [-115.347508458451, 36.2149898303177], [-115.34746294646, 36.2150676891239], [-115.347419959765, 36.2151464859229], [-115.347419829364, 36.2151467260419], [-115.347366738786, 36.2152526778701], [-115.347366426721, 36.2152533181873], [-115.347317800378, 36.2153609994118], [-115.347317643896, 36.2153613528454], [-115.347284242176, 36.2154429753144], [-115.347253479067, 36.2155252758721], [-115.347253015017, 36.2155265708958], [-115.347252932279, 36.2155268092161], [-115.347216647333, 36.2156358133434], [-115.347215965646, 36.2156380130851], [-115.347184327497, 36.215748216908], [-115.347183947084, 36.2157496729103], [-115.347163196127, 36.2158335158054], [-115.347145139539, 36.2159177553015], [-115.347144847259, 36.2159191924181], [-115.347125206965, 36.2160310231145], [-115.347124769894, 36.2160338640729], [-115.347110025509, 36.2161457217489], [-115.347109801578, 36.2161478117734], [-115.347101837182, 36.2162328750484], [-115.347096591437, 36.2163180759198], [-115.347096481719, 36.2163205265724], [-115.347093835914, 36.2164323266918], [-115.34709382782, 36.2164357603034], [-115.34709600328, 36.2165476008924], [-115.347096114796, 36.2165502206175], [-115.347100998115, 36.2166353306573], [-115.347101005309, 36.2166354196902], [-115.347108595587, 36.216720314792], [-115.347108877075, 36.2167229561008], [-115.347123035102, 36.2168339387366], [-115.347123572897, 36.2168375531119], [-115.347142467653, 36.2169478738466], [-115.34714305581, 36.2169509099578], [-115.347160692414, 36.2170348436844], [-115.347180998207, 36.2171183808099], [-115.347181716765, 36.217121134534], [-115.347201191584, 36.2171919390581], [-115.347212434908, 36.2172297933216], [-115.347213492511, 36.2172332620067], [-115.347249884477, 36.2173438723232], [-115.347280055832, 36.2174255613419], [-115.347302663889, 36.2174814632003], [-115.347306611913, 36.2174917550418], [-115.347312826228, 36.2175065911576], [-115.347313846059, 36.2175089896494], [-115.347360770885, 36.2176140115787], [-115.347362185519, 36.2176170198109], [-115.347413737356, 36.2177209211849], [-115.347414973025, 36.2177232855025], [-115.347457133242, 36.2178012558246], [-115.347457150329, 36.2178012864015], [-115.347471508006, 36.217826077113], [-115.34750177379, 36.2178783340192], [-115.347503212705, 36.217880737907], [-115.347565814513, 36.2179807155389], [-115.347567474661, 36.2179832606203], [-115.347595725964, 36.2180247535409], [-115.347617224258, 36.2180563395298], [-115.34763248935, 36.2180787461385], [-115.347595561388, 36.2180797201043], [-115.347595560489, 36.2180798909755], [-115.347578263828, 36.2180801724633], [-115.347370625656, 36.2180856421399], [-115.344156399201, 36.2181702629486], [-115.334176724978, 36.218432443204], [-115.334163826002, 36.2184327813491], [-115.3341611757, 36.2184328505968], [-115.334160795287, 36.2184328568921], [-115.33416079079, 36.2184349999766], [-115.334160771904, 36.2184350368488], [-115.334160797985, 36.2184353282291], [-115.334160847447, 36.2184376286949], [-115.334160729636, 36.2184376322922], [-115.33417933571, 36.219304702851], [-115.334197953475, 36.2201717743092], [-115.334235179112, 36.221905915427], [-115.334271048572, 36.2236402067314], [-115.334306918931, 36.2253744872441], [-115.334344256984, 36.2271094836171], [-115.334381607627, 36.2288444790907], [-115.334419512253, 36.2305842526624], [-115.334457417778, 36.232324034328], [-115.334382237153, 36.2332958273418], [-115.334355464335, 36.2336418118215], [-115.334307055628, 36.2342676194564], [-115.334293344564, 36.2344448353622], [-115.334292977641, 36.2344450224211], [-115.334156752834, 36.2362057636864], [-115.334156699774, 36.2362064363792], [-115.336372037542, 36.2362388785227], [-115.336233336901, 36.238179391567], [-115.336094562516, 36.2401208174231], [-115.338330690811, 36.2401436224315], [-115.338205113977, 36.2420484135048], [-115.340451847977, 36.2420716178122], [-115.342690215583, 36.2420946944159], [-115.344945476954, 36.2421179023206], [-115.347192374631, 36.2421409816223], [-115.349439326266, 36.2421640195552], [-115.351686334559, 36.2421870152199], [-115.351625237317, 36.2440944601925], [-115.353858966221, 36.2441317730642], [-115.356087015006, 36.2441689501383], [-115.35609270052, 36.244169044567], [-115.35831721407, 36.2442061200177], [-115.358315889369, 36.2443133362927], [-115.358309660664, 36.246050997357], [-115.35604422886, 36.2460349705387], [-115.355993084415, 36.246034608112], [-115.351564098706, 36.2460031498268], [-115.351506075347, 36.2478145004401], [-115.35150603128, 36.2478158862954], [-115.35077604528, 36.2478160931395], [-115.350747713039, 36.247816097636], [-115.346939310803, 36.2478171057761], [-115.346939334185, 36.2478244505393], [-115.346939666035, 36.2479167209812], [-115.34694129111, 36.2483690224138], [-115.346943236343, 36.2489104826339], [-115.346945919021, 36.2496568165102], [-115.346952529937, 36.2514964597951]], [[-115.305891638291, 36.2809837296167], [-115.305890550111, 36.2828009420112], [-115.307004736382, 36.2828121745436], [-115.307005695059, 36.2827297633692], [-115.307007540468, 36.2825699943111], [-115.307010437184, 36.2823194036189], [-115.30701517841, 36.2819090348754], [-115.307016025571, 36.2814919508941], [-115.307016871833, 36.2810748678122], [-115.307016630815, 36.2809885877544], [-115.305891638291, 36.2809837296167], [-115.305892736363, 36.2791478419007], [-115.304771680171, 36.2791421986548], [-115.303644683957, 36.2791324032391], [-115.303220503426, 36.279129864453], [-115.302519235476, 36.279125664619], [-115.302064333205, 36.2791226312058], [-115.301955711289, 36.2791219063522], [-115.301392187102, 36.2791181462868], [-115.301390300324, 36.2772904531932], [-115.302517726414, 36.277296925614], [-115.302519072699, 36.2772461957566], [-115.302521381259, 36.2771591836507], [-115.302531698281, 36.2767710263631], [-115.302542004512, 36.2763828690755], [-115.302634391866, 36.2763833394209], [-115.303053698971, 36.2763854753108], [-115.303565381739, 36.2763880887406], [-115.303636613441, 36.2763892092958], [-115.303635643073, 36.2764295384937], [-115.303614610628, 36.2773032136737], [-115.303648281245, 36.277303407028], [-115.305900642303, 36.2773162781251], [-115.307028637664, 36.277322368334], [-115.307029447054, 36.277272142097], [-115.307030853593, 36.2771849006639], [-115.307037652468, 36.2767682573505], [-115.307043564611, 36.2764060580944], [-115.308069615523, 36.2764133947637], [-115.30816970467, 36.2764145180169], [-115.308171063546, 36.2763194686698], [-115.308166579526, 36.2762777590127], [-115.308176617759, 36.275930933667], [-115.308182851859, 36.2754949324465], [-115.308182993053, 36.2754850435013], [-115.308189524829, 36.2754850444006], [-115.308819302971, 36.275493509719], [-115.309273501073, 36.2754996134177], [-115.309307864169, 36.2755000765686], [-115.309309617847, 36.2755000828639], [-115.310432871082, 36.2755052036036], [-115.310534650056, 36.2755056685531], [-115.310996081406, 36.2755077693694], [-115.311444171314, 36.2755098081324], [-115.311559293529, 36.2755103333365], [-115.311540606516, 36.2773466257475], [-115.3126685713, 36.2773526637957], [-115.31268564313, 36.2755154468817], [-115.312693665982, 36.274596843371], [-115.31265412459, 36.2745966931841], [-115.312591849237, 36.2745964602597], [-115.312079893974, 36.2745945474017], [-115.311567938712, 36.2745926318458], [-115.311567945007, 36.2745920050184], [-115.311575818571, 36.2737564476033], [-115.311578319586, 36.2736777919978], [-115.311578469773, 36.2736730579666], [-115.311641213673, 36.2736734087022], [-115.312701697827, 36.2736793307378], [-115.312702682585, 36.2735971174144], [-115.312706711548, 36.2732619580742], [-115.312710695544, 36.2729298528317], [-115.31271468044, 36.2725976045971], [-115.312718677028, 36.2722652304573], [-115.312722770741, 36.2719239692171], [-115.312722419107, 36.2718452776387], [-115.313843931255, 36.2718468010903], [-115.313843492385, 36.2719292131639], [-115.313837692658, 36.2730236233429], [-115.313836523539, 36.2732444356834], [-115.313835906604, 36.2733607872718], [-115.313835252797, 36.2734841211965], [-115.313835057644, 36.2735209124614], [-115.313834622372, 36.2736032067239], [-115.313834194295, 36.2736824459894], [-115.313822240506, 36.2736824010233], [-115.313821646054, 36.2737646952857], [-115.313818616238, 36.2741830814853], [-115.313815586422, 36.2746014586917], [-115.313812594378, 36.2750152304698], [-115.313812567398, 36.2750198448912], [-115.3138103101, 36.2753315166375], [-115.313809537582, 36.2754382220976], [-115.31380894313, 36.2755205343465], [-115.31503723898, 36.2755260903581], [-115.315050466208, 36.2736869560895], [-115.316090370277, 36.2736749843144], [-115.316191555698, 36.2736738196923], [-115.316191095245, 36.2737567182992], [-115.31618184212, 36.2754302963724], [-115.31618202918, 36.2754597311829], [-115.316181384366, 36.2755124917094], [-115.317325540543, 36.2754988732757], [-115.31733265508, 36.273660671604], [-115.31847374367, 36.2736475127238], [-115.319614843952, 36.2736343430518], [-115.31961488712, 36.2735519291795], [-115.319615803529, 36.2718794950439], [-115.319615846696, 36.271797082071], [-115.320753890182, 36.2717843728518], [-115.320753981014, 36.2718667858248], [-115.320754910913, 36.2727027722164], [-115.320755839912, 36.2735387487156], [-115.320755931643, 36.2736211625879], [-115.320756022475, 36.2737035755609], [-115.320756961367, 36.2745401294247], [-115.320757881373, 36.2753755465455], [-115.320757983896, 36.2754579604178], [-115.320758075627, 36.2755403742901], [-115.320758379598, 36.2758150758064], [-115.320758378698, 36.2758221148001], [-115.320759677319, 36.2769827924232], [-115.320759840996, 36.2771297389476], [-115.320760025357, 36.2772947492545], [-115.321907224841, 36.2772806164086], [-115.3230543236, 36.277266481764], [-115.323053533096, 36.2771290959323], [-115.323053472842, 36.2768019315652], [-115.323053463848, 36.2767307655137], [-115.323053030375, 36.2764860132202], [-115.323052727304, 36.2763191134377], [-115.323052464702, 36.2761700939759], [-115.323051994356, 36.2759060907948], [-115.323051231731, 36.2758541747317], [-115.323046292654, 36.2755145700427], [-115.323045906845, 36.2753482107526], [-115.323045894255, 36.2753446863095], [-115.3230430479, 36.2747048069826], [-115.323042202538, 36.274513598525], [-115.323040884132, 36.2742167314183], [-115.323040349035, 36.2740962915119], [-115.323038494633, 36.2736789764049], [-115.323038132206, 36.2735978269794], [-115.323038117817, 36.2735947782777], [-115.32282531304, 36.2735972406215], [-115.321897030126, 36.2736079803253], [-115.321896804396, 36.2735255655537], [-115.321894481447, 36.2726898120865], [-115.321892159398, 36.2718540658138], [-115.321891932769, 36.2717716519415], [-115.321886835411, 36.2699353325509], [-115.321871602695, 36.2680980706707], [-115.321871519058, 36.2680897249621], [-115.321852945359, 36.2662608492601], [-115.321856358286, 36.2662608177838], [-115.322995136519, 36.2662504135271], [-115.322995709387, 36.2663327653461], [-115.322998308427, 36.2667065145953], [-115.32300089218, 36.2670782007996], [-115.323003469637, 36.2674485973762], [-115.323007668571, 36.2680511584355], [-115.323007914086, 36.2680877509502], [-115.323907712773, 36.2680789627752], [-115.324010087997, 36.268077968125], [-115.324145764218, 36.2680766398264], [-115.324145304664, 36.2679966604189], [-115.32414505825, 36.267953834703], [-115.324140138958, 36.2670982134131], [-115.324135206177, 36.2662399741968], [-115.324135172003, 36.2662342140391], [-115.324124673317, 36.2644512217478], [-115.324124464674, 36.2644156949297], [-115.324124399024, 36.2644045694166], [-115.323988718307, 36.2644056989651], [-115.323832680536, 36.2644069975861], [-115.323046517485, 36.2644135374561], [-115.322982757351, 36.2644140680561], [-115.322230760443, 36.2644203246396], [-115.322110911392, 36.2644213210884], [-115.32184112557, 36.2644235639976], [-115.320699482997, 36.2644330410533], [-115.320698701486, 36.2643506262816], [-115.320697391174, 36.2642125326835], [-115.320696751756, 36.2641451725629], [-115.32069076317, 36.2635139294256], [-115.320686021945, 36.2630144387666], [-115.320682032552, 36.262594862764], [-115.320682492105, 36.2624574994153], [-115.320683815908, 36.2620655703711], [-115.32068513881, 36.2616736404275], [-115.3206348775, 36.2616740163441], [-115.320164177737, 36.2616775183041], [-115.319643212167, 36.2616813889862], [-115.31954145028, 36.2616811524645], [-115.319541447582, 36.2616821462154], [-115.319540062626, 36.2620740941454], [-115.319538666878, 36.2624660411761], [-115.319538182144, 36.2626034045248], [-115.318394331735, 36.2626119435876], [-115.318401178274, 36.260769329842], [-115.318401167482, 36.2607692399098], [-115.318401478647, 36.2606868539165], [-115.318403039871, 36.2602674361945], [-115.318404589402, 36.2598480184726], [-115.318406477079, 36.2593419789505], [-115.318408012222, 36.2589267160964], [-115.317264784145, 36.258935056409], [-115.316121555168, 36.2589433958223], [-115.316121218821, 36.259025807896], [-115.316119987649, 36.2593317464642], [-115.3161195227, 36.2594452975637], [-115.316117827478, 36.2598647881307], [-115.316116120565, 36.2602842867917], [-115.316114424443, 36.2607037764594], [-115.316114088097, 36.2607861885331], [-115.316117822981, 36.2608690071003], [-115.316114178928, 36.2614258754051], [-115.316111896449, 36.2617724669271], [-115.316109552816, 36.2621305149126], [-115.316107176807, 36.2624915909155], [-115.316106620127, 36.2626289812438], [-115.314962768819, 36.2626374789378], [-115.314962791302, 36.2626322916482], [-115.314194668651, 36.2626396067338], [-115.313769889171, 36.2626407803491], [-115.313677428073, 36.2626410411525], [-115.312683427201, 36.2626437795881], [-115.312611020984, 36.2626439855328], [-115.311623731752, 36.2626466951901], [-115.31159697782, 36.2626467689345], [-115.311597294382, 36.2625102707337], [-115.311597422985, 36.2624828000425], [-115.311599544486, 36.2620471063901], [-115.311600275634, 36.26189775328], [-115.311601676778, 36.261611421731], [-115.311603798279, 36.261175728978], [-115.311605578037, 36.2608095502219], [-115.312542992667, 36.2608085124043], [-115.312644754554, 36.2608083999889], [-115.31264718722, 36.2608084098815], [-115.312646467762, 36.2607370900459], [-115.312646734861, 36.2607259978079], [-115.312666985795, 36.2598844742903], [-115.312674275699, 36.2593162484474], [-115.312678504312, 36.2589865695758], [-115.312680382096, 36.2588649605508], [-115.312695342318, 36.2578957072224], [-115.312705653046, 36.2572276638269], [-115.312706711548, 36.2571590608433], [-115.312706924687, 36.2571452193777], [-115.31268898591, 36.2571454882749], [-115.31265878128, 36.2571459397346], [-115.312638195798, 36.2571453641685], [-115.312637354033, 36.2571462598933], [-115.312578898999, 36.2571471340343], [-115.311623373822, 36.257161419765], [-115.311611032425, 36.2571615987301], [-115.31157555507, 36.2571621023504], [-115.311546939542, 36.2571625106427], [-115.310533195852, 36.2571783099324], [-115.310517773379, 36.2571785509506], [-115.309440587915, 36.2571953323], [-115.308368685968, 36.2572120219186], [-115.307441325759, 36.2572264542388], [-115.307270191069, 36.257229116232], [-115.306368605429, 36.2572430970926], [-115.305820586453, 36.2572498015384], [-115.305097137625, 36.2572575896673], [-115.30509973037, 36.2573356724047], [-115.305096579146, 36.2578063164097], [-115.305093560122, 36.2581468249173], [-115.305213049445, 36.2581464606919], [-115.30563616338, 36.2581451656682], [-115.306069174355, 36.2581455703631], [-115.306175665777, 36.2581456710872], [-115.306173121594, 36.2589643482274], [-115.306172866187, 36.2590467728916], [-115.305304510497, 36.2590520680998], [-115.305084620861, 36.2590534080897], [-115.303983356949, 36.2590653798647], [-115.303995895296, 36.257273899772], [-115.303995912384, 36.2572718313312], [-115.303996472661, 36.257191484101], [-115.303998925112, 36.2568396270485], [-115.304009107237, 36.2563682447], [-115.304009707085, 36.2561997135472], [-115.304011645123, 36.2556552432961], [-115.304012288139, 36.2554746423422], [-115.304012434728, 36.2554335316335], [-115.302907317221, 36.2554594662827], [-115.302908059162, 36.2552036820056], [-115.302909183314, 36.2548189151621], [-115.30291067529, 36.2543081164277], [-115.302912401988, 36.2537127229651], [-115.302912610631, 36.2536419903868], [-115.302911260748, 36.2536005172514], [-115.302992222215, 36.2535995801578], [-115.303926637606, 36.2535834004549], [-115.30510455973, 36.2535651756936], [-115.305105346637, 36.2536665481739], [-115.305105180262, 36.253680304204], [-115.305102673851, 36.2541017840714], [-115.305100166542, 36.2545232729319], [-115.305096375, 36.2551592321142], [-115.30509514113, 36.2553662326668], [-115.305094427068, 36.2554081275843], [-115.306174847393, 36.2553903740678], [-115.306184234517, 36.255390201398], [-115.306190188928, 36.2535780935555], [-115.306196170319, 36.251761442338], [-115.306196265647, 36.2517313492237], [-115.306197849353, 36.2512374307641], [-115.306198024721, 36.2511822150885], [-115.306187874973, 36.2508076492549], [-115.306202180488, 36.2498827972546], [-115.307294609461, 36.2498643296764], [-115.308386818999, 36.2498458576015], [-115.308383008571, 36.2506997171196], [-115.308382695607, 36.2507698678364], [-115.30828093462, 36.2507715648571], [-115.307785932477, 36.2507798233315], [-115.307541500342, 36.2507838999583], [-115.307354051051, 36.2507870260018], [-115.30729086918, 36.2507880800072], [-115.307290165911, 36.2509581139271], [-115.30729012634, 36.2509678122161], [-115.307289128992, 36.2512091353945], [-115.307288253952, 36.2514206766242], [-115.307287558776, 36.251589079174], [-115.30728704976, 36.2517126280366], [-115.307287039867, 36.2517944195781], [-115.307285480443, 36.2522155765889], [-115.307283898535, 36.2526367255058], [-115.307283598162, 36.2527191384788], [-115.307280768895, 36.253479041326], [-115.30728045683, 36.2535614533996], [-115.308370733725, 36.2535420361374], [-115.308371067373, 36.2534596240637], [-115.308374563038, 36.2526176697709], [-115.308376315817, 36.2521967016178], [-115.308378069494, 36.251775706485], [-115.308378578511, 36.2516938807693], [-115.309458179554, 36.2516706971462], [-115.30945537187, 36.2524750381938], [-115.309460591535, 36.2535248078249], [-115.310551361258, 36.2535075435396], [-115.310547863795, 36.2516508446121], [-115.312744760065, 36.2515985121629], [-115.312744622469, 36.251619115631], [-115.312744272632, 36.2516397361861], [-115.312712978923, 36.2534733108459], [-115.312711981575, 36.2545551862741], [-115.312711334063, 36.2552564155524], [-115.312713173177, 36.2552694512255], [-115.31380501669, 36.2552492227747], [-115.313824856634, 36.2534525949626], [-115.313825362952, 36.253370146916], [-115.313830536752, 36.2525213011184], [-115.313835652995, 36.2516829288254], [-115.313836020818, 36.2516211013341], [-115.313836146723, 36.2516004897721], [-115.31383629601, 36.2515798773108], [-115.313836752866, 36.2515180507188], [-115.313839786279, 36.2510981032962], [-115.313842819693, 36.250678165766], [-115.313845864797, 36.2502582183434], [-115.31384889821, 36.2498382808133], [-115.313849492662, 36.24975584176], [-115.314772998377, 36.2497406513113], [-115.315017038408, 36.2497366367377], [-115.31501720838, 36.2497367959177], [-115.31502495514, 36.2478991886979], [-115.315030845699, 36.2476482508674], [-115.315068113605, 36.2460607424106], [-115.315112076064, 36.2441880148663], [-115.315201471373, 36.2404792961839], [-115.315287516708, 36.2386192149061], [-115.315340022726, 36.2367632219464], [-115.315392526046, 36.2349072289867], [-115.315445026669, 36.2330512261345], [-115.315383967199, 36.2330563981355], [-115.313178933863, 36.2331365565081], [-115.312044377049, 36.2331777832294], [-115.310909819335, 36.233219008152], [-115.308703080885, 36.2332972869415], [-115.30760633067, 36.2333330062146], [-115.307572332699, 36.2351452543513], [-115.30646078414, 36.2351895360695], [-115.306423753656, 36.2370276657954], [-115.306602306853, 36.2370222527761], [-115.307527210115, 36.2369942020221], [-115.307492963931, 36.2388112228609], [-115.307300940688, 36.2388162806481], [-115.306389300628, 36.2388402934461], [-115.305287242614, 36.238873205935], [-115.305290175304, 36.2387178678366], [-115.305319903293, 36.2371429912574], [-115.305321388074, 36.2370651243573], [-115.305296067662, 36.2370658752912], [-115.304208560679, 36.2370993399639], [-115.303091678241, 36.2371305994989], [-115.302014849808, 36.237164051581], [-115.302032093409, 36.2362544952501], [-115.302049346902, 36.2353449389191], [-115.302081778254, 36.2335335361451], [-115.300980677119, 36.2335707887622], [-115.299874841053, 36.2336129228994], [-115.29953725804, 36.2336245421402], [-115.297671703489, 36.233689492977], [-115.297646731114, 36.2345967047754], [-115.297619852177, 36.2354990809192], [-115.297600977206, 36.2364057935938], [-115.297576798033, 36.2372995146622], [-115.296426578626, 36.2373065410653], [-115.296428525658, 36.2372241415821], [-115.296447776546, 36.2364101184335], [-115.295396974493, 36.2364140475716], [-115.295295243183, 36.2364144243875], [-115.295277221669, 36.2372723425459], [-115.295276358319, 36.2373135476834], [-115.295174636003, 36.2373141673163], [-115.294126127221, 36.2373205426102], [-115.292975906915, 36.2373275267453], [-115.292961457507, 36.2382293902754], [-115.29187296127, 36.2382368609437], [-115.291814247232, 36.2382372629406], [-115.291826176739, 36.2373345009877], [-115.290676445664, 36.237341463539], [-115.290677344086, 36.237258547845], [-115.290681847891, 36.236847130492], [-115.290686351696, 36.2364358660237], [-115.290584630279, 36.2364364370932], [-115.290180004606, 36.2364386916936], [-115.290059481962, 36.2364393607892], [-115.289627364913, 36.2364417610797], [-115.289534332745, 36.2364422808879], [-115.289074724321, 36.2364448376604], [-115.288518356939, 36.2364479295296], [-115.288382313795, 36.2364486849601], [-115.288246314718, 36.2364494394914], [-115.287734416113, 36.2364522768524], [-115.287222507615, 36.2364551124148], [-115.286694904149, 36.2364580316142], [-115.286693717044, 36.2367431211993], [-115.286693206229, 36.2368656942976], [-115.286844214091, 36.2368648426397], [-115.287220460758, 36.2368627193403], [-115.287218391418, 36.2372751250483], [-115.287217978629, 36.2373575676989], [-115.286180566582, 36.2373638098932], [-115.286062318324, 36.2373645239549], [-115.284945754245, 36.2373712301994], [-115.284907931458, 36.2373716178072], [-115.2849077435, 36.2374513921693], [-115.284905709233, 36.2382763600673], [-115.284903478015, 36.2391854640392], [-115.286047455228, 36.2391773161815], [-115.286047432745, 36.2391790626649], [-115.286035812605, 36.2400836385504], [-115.287204573335, 36.2400745230221], [-115.287200023664, 36.2409800072228], [-115.287199178302, 36.2410234606655], [-115.287182131652, 36.2419005991346], [-115.287029608432, 36.2419019697014], [-115.286734156858, 36.2419046442852], [-115.286607547602, 36.2419057819276], [-115.286321415703, 36.2419094430677], [-115.286032945566, 36.2419131338853], [-115.286024169082, 36.2409899878989], [-115.286016010433, 36.2409900571467], [-115.284899029968, 36.2409995252092], [-115.28481287042, 36.2410002545594], [-115.283757968358, 36.2410091830287], [-115.283751482447, 36.2410092387867], [-115.283754690329, 36.2401014001608], [-115.283749010211, 36.2401014442275], [-115.283660507029, 36.2401021286116], [-115.283134150023, 36.2401062259229], [-115.282608137458, 36.2401103124423], [-115.282606605013, 36.2396971504045], [-115.282605082461, 36.2392842042039], [-115.282604774893, 36.2392017894324], [-115.282604440345, 36.2391119129857], [-115.282602918692, 36.2386987500486], [-115.282600343034, 36.2382936603254], [-115.28260040149, 36.2378863960416], [-115.282600459945, 36.2374673803167], [-115.282599807038, 36.2373850186051], [-115.282599789051, 36.2373026137259], [-115.28259971081, 36.236948236773], [-115.282599624475, 36.2366048477368], [-115.282599596596, 36.2364754847571], [-115.282599587603, 36.2364343596593], [-115.282599529147, 36.2362519933361], [-115.282599375363, 36.2355659239295], [-115.281755278885, 36.2355703431981], [-115.281530978074, 36.2355715168134], [-115.281440940649, 36.2355719925547], [-115.28144145686, 36.2354927074238], [-115.281442400249, 36.2353441960791], [-115.281442611589, 36.2353110030017], [-115.281446785343, 36.2346593821261], [-115.281447976045, 36.2338895525621], [-115.281448006622, 36.2338758163172], [-115.281448180192, 36.233758225463], [-115.28144818289, 36.2337569610162], [-115.279118807489, 36.2337663517371], [-115.276822209679, 36.2336856834488], [-115.276786025457, 36.233684419002], [-115.275669813913, 36.2336451959703], [-115.275666121297, 36.2349568292955], [-115.27566552055, 36.2353855783831], [-115.275660068859, 36.2354678429679], [-115.274500819359, 36.2354323467267], [-115.273325563726, 36.235396337872], [-115.272177009863, 36.235357323483], [-115.271028459598, 36.2353204692656], [-115.269884813336, 36.235284446921], [-115.269881153095, 36.236201568349], [-115.269852922477, 36.2371253663439], [-115.26971160301, 36.2371236351489], [-115.267521288879, 36.2370563604639], [-115.266327305763, 36.2370216133581], [-115.265152014156, 36.2369868581583], [-115.262838846338, 36.2369151507149], [-115.262833373064, 36.2369995781693], [-115.262818981213, 36.2374533005307], [-115.262958538008, 36.2374564940233], [-115.263524288917, 36.2374732663794], [-115.263511565309, 36.237857441469], [-115.263479094387, 36.2378564989796], [-115.263001699171, 36.2378425792729], [-115.262945076956, 36.237840929017], [-115.262806786406, 36.2378377481149], [-115.262777203207, 36.2387703549692], [-115.262731787444, 36.2404870105683], [-115.262731722693, 36.2405302985358], [-115.262728905117, 36.2406233855621], [-115.26155479522, 36.2405941144281], [-115.261553341915, 36.2407314750788], [-115.26155210175, 36.2415172846962], [-115.260547706514, 36.2414911629881], [-115.260380295916, 36.2414875027474], [-115.260369749566, 36.2442187455999], [-115.260366949977, 36.2451237630525], [-115.260535901113, 36.245127950296], [-115.261239183544, 36.2451453845532], [-115.261586465745, 36.2451562600547], [-115.261912377357, 36.2451606334578], [-115.262611271995, 36.2451737383786], [-115.262712986218, 36.2451756521359], [-115.262713003305, 36.2451708821318], [-115.262727582214, 36.2442685194779], [-115.262853971136, 36.244270689542], [-115.265099105242, 36.2443227476979], [-115.265099105242, 36.2443227872681], [-115.266878726874, 36.2443634905839], [-115.267442830225, 36.2443763913587], [-115.26796918813, 36.2443884206904], [-115.269799953307, 36.2444302427628], [-115.269793525853, 36.2450422341131], [-115.26979046456, 36.2453342250957], [-115.269787394275, 36.245626773658], [-115.269652534639, 36.2456258527522], [-115.269289757119, 36.2456159062504], [-115.269077840872, 36.2456100948313], [-115.268943546909, 36.2456064166041], [-115.268593240288, 36.2455968163413], [-115.268590071077, 36.245915465028], [-115.26858941727, 36.2459815013466], [-115.268586901866, 36.2462341155133], [-115.26858558346, 36.2463660505541], [-115.268583732655, 36.2465527740925], [-115.268581760442, 36.246750600661], [-115.268580563444, 36.2468714245779], [-115.268577934726, 36.2471356642808], [-115.268577483266, 36.2471900831571], [-115.268574847354, 36.2475087345418], [-115.26857475922, 36.2475197296531], [-115.269632488751, 36.2475487175006], [-115.269764168384, 36.247549617722], [-115.269760638545, 36.2478382326496], [-115.26976121591, 36.2480740348901], [-115.267649901824, 36.248017871329], [-115.267411732568, 36.2480115949604], [-115.267411715481, 36.2480162894215], [-115.267411909734, 36.2480162948174], [-115.267411678608, 36.2480266208332], [-115.267411339564, 36.2481203337877], [-115.267411285605, 36.2481353587611], [-115.267411257726, 36.2481431091185], [-115.267411262222, 36.2481508064159], [-115.267411224451, 36.2481515375647], [-115.267415766027, 36.2489380036872], [-115.267432047353, 36.2517581706043], [-115.269754019535, 36.2518061719186], [-115.26975931834, 36.2499313255715], [-115.269760397527, 36.2488749396281], [-115.269761212312, 36.2480787590288], [-115.27211591442, 36.248142959831], [-115.272676931298, 36.2481585684645], [-115.272675926755, 36.2482942275978], [-115.272674038178, 36.2487965061552], [-115.27267252372, 36.2491990184213], [-115.272665470337, 36.2496541122487], [-115.273746257586, 36.2496873682787], [-115.273839479511, 36.249688782013], [-115.273847840508, 36.2496841388133], [-115.273847950225, 36.2496841406119], [-115.273848006882, 36.2496841424106], [-115.273853118629, 36.2494248516768], [-115.273854305734, 36.2493646636496], [-115.273866139013, 36.2487643940628], [-115.273874839055, 36.248323136305], [-115.273877536122, 36.2481863377306], [-115.274461528879, 36.2482022584288], [-115.27446209815, 36.2480660848832], [-115.274462103545, 36.2480648411209], [-115.274465367185, 36.2472749998427], [-115.27446712446, 36.2468482184719], [-115.274469057103, 36.2463797094573], [-115.274469098472, 36.2463719761871], [-115.274469187505, 36.2463491199172], [-115.274470951975, 36.2459218106443], [-115.274476254378, 36.24463847089], [-115.27447629125, 36.2446296710238], [-115.274476594322, 36.2445560201455], [-115.274476673462, 36.244538847591], [-115.274486857385, 36.2445390445426], [-115.275553211414, 36.2445709452942], [-115.275648609698, 36.244573798843], [-115.2756447597, 36.244669364401], [-115.275643943116, 36.2450036558953], [-115.275643927827, 36.2450100770547], [-115.275643157108, 36.2453250628027], [-115.275643094156, 36.2453508823386], [-115.275642371101, 36.2456464697101], [-115.275642261383, 36.2456916876226], [-115.275641586892, 36.2459678775168], [-115.275641429511, 36.2460324929065], [-115.275640800884, 36.2462892844242], [-115.275640785596, 36.2462953314657], [-115.275635278148, 36.2463731560976], [-115.27564059404, 36.2463733008884], [-115.275640019374, 36.2466106886337], [-115.27563975857, 36.2467141016758], [-115.275639227071, 36.2469320946418], [-115.275638934791, 36.2470549114563], [-115.27563844556, 36.2472535078444], [-115.27563808763, 36.2473957122436], [-115.275637664049, 36.2475749129531], [-115.275637526453, 36.2476298822146], [-115.275637274643, 36.2477365211248], [-115.275636385213, 36.248096852489], [-115.275637686532, 36.2481024354803], [-115.275668623211, 36.248235174515], [-115.276190501593, 36.2482494053871], [-115.276253928978, 36.248251133884], [-115.276248222779, 36.2483873496977], [-115.276248196699, 36.248388386616], [-115.276239475973, 36.2486918808269], [-115.276238845548, 36.2487137082723], [-115.276230744455, 36.2489953741385], [-115.276229751604, 36.2490300888688], [-115.27622202373, 36.2492988683494], [-115.276220646868, 36.2493464703646], [-115.276213292212, 36.2496023625603], [-115.276210302865, 36.2497065346302], [-115.276209453905, 36.2497358507302], [-115.276198402137, 36.2501202569456], [-115.276197616129, 36.2501477258382], [-115.275027339143, 36.2501193081608], [-115.275028126049, 36.2500918392683], [-115.275028137741, 36.2500915236062], [-115.275013934747, 36.2500911494882], [-115.275007621507, 36.250090984013], [-115.274492271303, 36.2500773610827], [-115.274476661771, 36.2500769509918], [-115.274024929609, 36.250065007995], [-115.273991794088, 36.2500641320554], [-115.273839422853, 36.25006046462], [-115.27381606656, 36.2510736786087], [-115.273714334351, 36.2510721362714], [-115.272653548924, 36.2510464930026], [-115.272642757959, 36.2517822364624], [-115.272639788398, 36.2518634983031], [-115.27435813742, 36.2518992418578], [-115.275542234289, 36.2519257008117], [-115.279058791232, 36.251999354388], [-115.279034317982, 36.2529101301997], [-115.279008395923, 36.2538354480488], [-115.278982501743, 36.2547477158357], [-115.278955275668, 36.2556620340769], [-115.278930595573, 36.2565823445009], [-115.278916933972, 36.25699704348], [-115.279088514725, 36.2569957232754], [-115.27961952932, 36.2569907455278], [-115.279629666478, 36.2565769377767], [-115.280119621625, 36.2565731426377], [-115.280098279814, 36.2573990701123], [-115.280096146622, 36.2574814866826], [-115.278900459291, 36.2574974127767], [-115.278876345769, 36.258409016864], [-115.278846186105, 36.2593271671164], [-115.278816038132, 36.2602474892316], [-115.278785260633, 36.261149378842], [-115.278751089094, 36.2620710778193], [-115.278721421359, 36.2629826702154], [-115.279953615769, 36.2629464383287], [-115.279953182296, 36.262980921034], [-115.279951894467, 36.2630836451954], [-115.279950296371, 36.263496843206], [-115.279948756732, 36.2638948993314], [-115.279949888079, 36.2642929536582], [-115.279950080534, 36.2643494436732], [-115.279951137237, 36.2646607251137], [-115.279950835964, 36.2647386046042], [-115.278733073874, 36.2647787170654], [-115.278744117549, 36.2665808217488], [-115.274182448563, 36.2665950112521], [-115.269751023893, 36.2666105227587], [-115.269767908664, 36.2702374939665], [-115.274217639035, 36.270204202863], [-115.276494543491, 36.2701889764414], [-115.278807468492, 36.2701721393341], [-115.279969907887, 36.2701665041821], [-115.28112943168, 36.2701521348145], [-115.281111826552, 36.2719476681516], [-115.282283144054, 36.2719385184492], [-115.282627447701, 36.2719352862857], [-115.282626287575, 36.2718528679168], [-115.282625688627, 36.2718108138193], [-115.282621334109, 36.2715047079772], [-115.282620554397, 36.2714497818832], [-115.282633120624, 36.271449669468], [-115.282821318151, 36.2714479346757], [-115.282938148179, 36.2715276038172], [-115.283346677809, 36.2718061427406], [-115.283449970342, 36.2718074584487], [-115.283448854283, 36.2718229016069], [-115.283446898258, 36.2719275889883], [-115.284561017079, 36.2719152359007], [-115.285760598475, 36.2719074028057], [-115.285867428042, 36.2719066626636], [-115.286909438322, 36.2718994402083], [-115.288093016282, 36.2718850636461], [-115.288029041209, 36.2736844298938], [-115.286859864993, 36.2737035557758], [-115.286859554727, 36.2737857610053], [-115.286844676343, 36.2741881006017], [-115.286829765583, 36.2745991015686], [-115.287264898958, 36.2745963946092], [-115.287326709362, 36.2745960070014], [-115.287309276904, 36.2749680574312], [-115.287291564756, 36.2754995801428], [-115.287945433037, 36.2754975108028], [-115.28792217567, 36.2759626491583], [-115.287901252043, 36.2764020974801], [-115.287858490179, 36.2773049304795], [-115.288264382997, 36.2773031300367], [-115.288986170777, 36.2772999068665], [-115.288986543996, 36.2772922824142], [-115.289025519714, 36.2764867938318], [-115.289029804984, 36.2763982285967], [-115.289049114327, 36.2759868238342], [-115.289060315383, 36.2757481329713], [-115.289068423671, 36.2755753372333], [-115.289069703406, 36.2755480904733], [-115.289069899458, 36.2754970026858], [-115.289072102798, 36.2754969936926], [-115.290181799653, 36.2754924503176], [-115.290158745532, 36.2759871062213], [-115.290121641303, 36.2767830449029], [-115.290114249775, 36.2772405570074], [-115.290113856771, 36.2772948769583], [-115.29011344758, 36.2782241176502], [-115.290113096844, 36.2790113670822], [-115.289926569358, 36.278892192522], [-115.289880712927, 36.2788641768416], [-115.289834275534, 36.2788368077738], [-115.289787243689, 36.2788101051036], [-115.289739655163, 36.2787840670324], [-115.289691507259, 36.2787587133453], [-115.289642821561, 36.2787340341496], [-115.289593611558, 36.2787100564252], [-115.289543886244, 36.2786867711788], [-115.2894936681, 36.278664188303], [-115.289442980511, 36.2786423248847], [-115.289391822577, 36.2786211809241], [-115.28934021588, 36.2786007573204], [-115.289288173013, 36.2785810720602], [-115.289235725451, 36.2785621242439], [-115.289182865099, 36.2785439138718], [-115.289129622536, 36.2785264607289], [-115.289076021144, 36.2785097630165], [-115.289022060922, 36.2784938225332], [-115.288967764353, 36.2784786464737], [-115.288963846007, 36.27903305873], [-115.288963545633, 36.2791131100833], [-115.287854703134, 36.2791190276223], [-115.287855844374, 36.2809427250281], [-115.288967360557, 36.2809251243963], [-115.290100391222, 36.2809231674715], [-115.290112246085, 36.2809231467871], [-115.290112309937, 36.2807793541851], [-115.290112572539, 36.2801820154889], [-115.290112582432, 36.2801607141469], [-115.29011261121, 36.2800968757715], [-115.290112924174, 36.2793989946692], [-115.290113054576, 36.2791090118727], [-115.290308789321, 36.2791086899154], [-115.290565348814, 36.2791079030086], [-115.290818111369, 36.2791071241957], [-115.290957223, 36.2791066898231], [-115.29109632204, 36.2791062635445], [-115.291235431872, 36.2791058372659], [-115.291374531811, 36.279105401994], [-115.291513642543, 36.279104974816], [-115.291652753274, 36.2791045485374], [-115.291791852314, 36.2791041123662], [-115.291944532017, 36.2791036465174], [-115.292097212618, 36.2791031716753], [-115.292268926472, 36.279102642874], [-115.292285891283, 36.2791025853174], [-115.292370701849, 36.2791023227153], [-115.292371361951, 36.2799184098081], [-115.292371609265, 36.2802239355875], [-115.292371610164, 36.2802243528729], [-115.292371700096, 36.2803360612615], [-115.292371729774, 36.2803729712369], [-115.292371873665, 36.2805554346868], [-115.292372082308, 36.2808148899964], [-115.292372085905, 36.2808195008206], [-115.29237211918, 36.2808636233588], [-115.292372150656, 36.2809040811597], [-115.292372150656, 36.2809041495082], [-115.292372156052, 36.2809112226761], [-115.292372163247, 36.2809190818514], [-115.292372163247, 36.2809192059579], [-115.292372945657, 36.2809192041593], [-115.292373695692, 36.28091920326], [-115.292374543752, 36.2809192023606], [-115.295746151566, 36.2809132371574], [-115.29689201106, 36.2809111956964], [-115.296890064927, 36.2803219338115], [-115.29688833643, 36.2797986273061], [-115.296885928945, 36.2790882600165], [-115.296883994503, 36.2784963981915], [-115.296883633875, 36.2783859110822], [-115.296880417899, 36.2774017892625], [-115.296879974533, 36.2772646336572], [-115.296879972735, 36.2772644483969], [-115.296880220048, 36.2772584130467], [-115.296790859813, 36.2772648539911], [-115.296723167842, 36.2772651615593], [-115.295752282244, 36.2772695745326], [-115.295749507836, 36.2772695862237], [-115.29462498116, 36.277274635917], [-115.294630278167, 36.2771510025181], [-115.294699436032, 36.2755392825132], [-115.29470296767, 36.2754568335673], [-115.294703293225, 36.2754491686455], [-115.295395147071, 36.2754528315842], [-115.295829735456, 36.2754503179791], [-115.296785263331, 36.2754435074132], [-115.296954472573, 36.2754423005231], [-115.29807599911, 36.2754476757709], [-115.298146182203, 36.2754480013255], [-115.298188364004, 36.2754481973777], [-115.299198527492, 36.2754528801476], [-115.300320800467, 36.2754583633141], [-115.300318168151, 36.2755407484081], [-115.300304900453, 36.2759561299727], [-115.300292068926, 36.2763578373456], [-115.300291441199, 36.2763775154113], [-115.300283734009, 36.2766187774359], [-115.300275397294, 36.2768797166269], [-115.300266871721, 36.2771466156251], [-115.300266440946, 36.2771600982612], [-115.300263482176, 36.2772839726785], [-115.30025225414, 36.2772839061287], [-115.299215647886, 36.2772779364289], [-115.299149137625, 36.2772775551164], [-115.299135213422, 36.2772704315864], [-115.299134968806, 36.2772774687814], [-115.299135647794, 36.2772774741774], [-115.299135922987, 36.2774010931872], [-115.299136019214, 36.2774423001234], [-115.299136478768, 36.2776502449641], [-115.299136810617, 36.2778011467068], [-115.299137252185, 36.2780018538038], [-115.299137584034, 36.2781527564459], [-115.299138025602, 36.278353472536], [-115.299138358351, 36.2785043661849], [-115.299138805314, 36.2787033510801], [-115.299139124573, 36.2788486473485], [-115.299139468114, 36.2790043002096], [-115.299139504087, 36.279020782984], [-115.299139642583, 36.2790835772466], [-115.299139686649, 36.279103198655], [-115.300220546743, 36.2791104957541], [-115.300265398631, 36.2791107988256], [-115.300828795115, 36.2791144725562], [-115.300828904832, 36.2791968378651], [-115.300828926416, 36.2792133215389], [-115.300829135059, 36.279367771107], [-115.30082931852, 36.2795051254625], [-115.300829503781, 36.2796424816165], [-115.30082970433, 36.279792528104], [-115.300337329107, 36.2797934876806], [-115.300266503898, 36.2797936261762], [-115.300266876218, 36.2800241880671], [-115.300267254832, 36.2802532049228], [-115.300268203617, 36.2808259156848], [-115.300269200066, 36.2809363227544], [-115.300796409629, 36.2809415172385], [-115.301354830163, 36.2809471613837], [-115.30238726806, 36.2809515959407], [-115.302469002045, 36.2809519466763], [-115.303639213381, 36.2809621332971], [-115.304765409198, 36.2809729368528], [-115.305891638291, 36.2809837296167]], [[-115.28676681394, 36.276402030031], [-115.286781727397, 36.2759965086333], [-115.28624737272, 36.2759973450028], [-115.286268576935, 36.2755067405449], [-115.285640047053, 36.27551340632], [-115.285623733351, 36.2759975077801], [-115.285609940449, 36.2764067982364], [-115.285599623426, 36.2767846250117], [-115.28621501961, 36.2767803963995], [-115.286229937564, 36.2764006972357], [-115.286630474919, 36.2764016918859], [-115.28676681394, 36.276402030031]], [[-115.251408728432, 36.2554690062909], [-115.255350561282, 36.2554263883185], [-115.255972980271, 36.2554276608591], [-115.25858490737, 36.2554141008814], [-115.260539112592, 36.2554039178578], [-115.260774620754, 36.2554132420288], [-115.262854501736, 36.2554352727209], [-115.265128713621, 36.2554677607299], [-115.265129147994, 36.2553853657433], [-115.265113748003, 36.2536755548842], [-115.265112735367, 36.2535904700255], [-115.265097130331, 36.252164571539], [-115.26509362837, 36.2517109822773], [-115.265682030504, 36.2517212705215], [-115.265681251691, 36.2516387469319], [-115.26567821468, 36.2513168903635], [-115.265674613795, 36.2509337908631], [-115.265673179376, 36.2507822443064], [-115.265191665265, 36.2507712581883], [-115.265089893486, 36.2507689325415], [-115.265079473041, 36.2498289917159], [-115.265079419082, 36.2498243584087], [-115.265073149908, 36.249824205524], [-115.264973598555, 36.2498259331216], [-115.264973598555, 36.2498259780877], [-115.264973598555, 36.2498260230538], [-115.26497087271, 36.2498259430142], [-115.264572853457, 36.2498144559737], [-115.26403203895, 36.2498007098362], [-115.263953009226, 36.2497987061467], [-115.263950958772, 36.2496600477743], [-115.263945406358, 36.2492827821759], [-115.263941700251, 36.2490313614095], [-115.263941159759, 36.2489946663721], [-115.26393972624, 36.2488971816609], [-115.263939120096, 36.2488560071004], [-115.263972753842, 36.2488569172143], [-115.264560533644, 36.2488727434836], [-115.264967628855, 36.24888370532], [-115.264967628855, 36.2488838231312], [-115.264967628855, 36.2488838680973], [-115.265014946685, 36.2488851379401], [-115.265069384447, 36.2488865741574], [-115.265062265413, 36.2488864086821], [-115.265063625188, 36.2490012233291], [-115.265066472442, 36.2492414691198], [-115.265073590576, 36.2493160013337], [-115.26507359867, 36.2493161461245], [-115.265296193467, 36.2493219368592], [-115.265316903954, 36.2493224746538], [-115.26559290589, 36.2493296458478], [-115.265718722843, 36.2493329148834], [-115.265722775188, 36.2493330201041], [-115.266018108051, 36.2493406922205], [-115.266166301935, 36.2493445422181], [-115.266239021116, 36.2493464307945], [-115.266238256692, 36.2492440124025], [-115.266237328592, 36.2491202162263], [-115.266236573162, 36.249020061428], [-115.266236193648, 36.2489697137826], [-115.266235267346, 36.2488468295189], [-115.266235048811, 36.2488176555117], [-115.266234889631, 36.248796410827], [-115.266233376072, 36.2485947774284], [-115.266232461461, 36.2484727969833], [-115.26623156124, 36.2483530513536], [-115.266229767092, 36.2481143775778], [-115.266230795017, 36.2480575035523], [-115.266232232134, 36.2479780295637], [-115.265060150208, 36.2479453455026], [-115.263960310822, 36.2479141408263], [-115.263944178783, 36.2479137289367], [-115.263940663333, 36.2479136470984], [-115.263892544208, 36.2479123826517], [-115.263877613663, 36.2479119914465], [-115.263876467028, 36.2479119617689], [-115.263284910073, 36.2478965455905], [-115.262786699149, 36.2478835584807], [-115.262703889575, 36.2478808758031], [-115.262703872488, 36.2478856449079], [-115.262645474112, 36.2478837131641], [-115.262122596583, 36.247867736708], [-115.261531743797, 36.2478539995637], [-115.260358689704, 36.2478207893992], [-115.258974490083, 36.2478245692497], [-115.256924109562, 36.2478301387512], [-115.256925115004, 36.2479632977693], [-115.256933001159, 36.2483707365216], [-115.256067261597, 36.2483731736843], [-115.255917737616, 36.2483735945671], [-115.255821143233, 36.248374820343], [-115.255809889117, 36.2478331505807], [-115.255809435859, 36.24783315148], [-115.253534196948, 36.2478390591266], [-115.251261216234, 36.2478452995223], [-115.25126370196, 36.2479887809588], [-115.25128947653, 36.2493705101422], [-115.251296390518, 36.2497411477371], [-115.251334518176, 36.2516572378925], [-115.251370035101, 36.2535543568494], [-115.251408728432, 36.2554690062909]], [[-115.253380944377, 36.2416799082025], [-115.253395680668, 36.2406673192427], [-115.253399695242, 36.2405274692686], [-115.252079233272, 36.2405183393512], [-115.252078650512, 36.2405674675159], [-115.252077782666, 36.2406406228678], [-115.25206955207, 36.241336174726], [-115.251372674611, 36.2413307644045], [-115.251366145533, 36.2416672322583], [-115.251569602757, 36.2416685083962], [-115.2526668467, 36.2416754124916], [-115.252989833716, 36.2416774458587], [-115.253380944377, 36.2416799082025]], [[-115.255885238815, 36.2405389482152], [-115.256480214992, 36.2405425670871], [-115.256485639703, 36.2404046938229], [-115.256507373619, 36.2398161001342], [-115.256514731872, 36.2396168157647], [-115.256514576289, 36.2396168139661], [-115.256015195347, 36.2396115565295], [-115.255913414575, 36.2396094754982], [-115.255891446835, 36.2403341590955], [-115.255885383606, 36.2405341791104], [-115.255885238815, 36.2405389482152]], [[-115.258124432898, 36.2404790821452], [-115.258121956166, 36.24055253877], [-115.259256503087, 36.2405594122884], [-115.259262578907, 36.2404216847143], [-115.259278236104, 36.2400976526858], [-115.259299666948, 36.2396305646002], [-115.259318450189, 36.2391580536026], [-115.259325859703, 36.2389733751224], [-115.259329966007, 36.2388685375543], [-115.259332904992, 36.2387934855323], [-115.25933637008, 36.2387113243695], [-115.260295485351, 36.2387233357147], [-115.260464653223, 36.2387254509202], [-115.260466985165, 36.2386723081818], [-115.26054702123, 36.2368435188146], [-115.260547131847, 36.2368409323644], [-115.260607354948, 36.2354954287723], [-115.260569347799, 36.2354943109151], [-115.260435346117, 36.2354903691865], [-115.260401649419, 36.2354902657644], [-115.260102707576, 36.2354893448587], [-115.259941160558, 36.2354889536536], [-115.259943018558, 36.235443400294], [-115.259958447327, 36.2350652155885], [-115.259958658667, 36.2349872155889], [-115.258345238944, 36.2349814338474], [-115.258273090833, 36.2368255197832], [-115.258272903774, 36.2368302879887], [-115.258270637482, 36.2368689057767], [-115.258268032146, 36.2369133017088], [-115.258263749575, 36.2369976320364], [-115.258256203363, 36.2371462144276], [-115.258246808146, 36.2373311860867], [-115.258239988587, 36.2374654494722], [-115.258231349699, 36.2376355409488], [-115.258225042754, 36.2377597265315], [-115.258135207676, 36.2377588694775], [-115.25742865531, 36.2377521605351], [-115.257100074511, 36.2377493906232], [-115.256071612517, 36.2377464192632], [-115.25596990369, 36.2377460424472], [-115.255969416258, 36.2377621232247], [-115.25594175491, 36.2386748118944], [-115.256146818323, 36.2386771438364], [-115.25630071211, 36.2386788939171], [-115.256408730581, 36.2386801223911], [-115.256554421651, 36.2386817780429], [-115.256672297591, 36.2386831180328], [-115.256813251033, 36.2386847197253], [-115.256914737727, 36.2386858726562], [-115.256981914386, 36.2386866370799], [-115.257073078662, 36.2386876721996], [-115.257070695458, 36.2387582384033], [-115.257066381411, 36.238885845007], [-115.257058936823, 36.239106021527], [-115.257053378113, 36.2392704589658], [-115.257049299688, 36.2393911830579], [-115.257045219463, 36.2395120033776], [-115.257042786797, 36.239584021087], [-115.257041899166, 36.2396103235589], [-115.25704169502, 36.239616369701], [-115.257136997077, 36.2396169012003], [-115.257352086132, 36.2396180990973], [-115.257473310247, 36.2396187717902], [-115.257630773444, 36.2396196495285], [-115.25774263112, 36.2396202727587], [-115.257786043193, 36.2396204139523], [-115.257799556407, 36.2396205884207], [-115.257949402345, 36.2396214220923], [-115.258086289053, 36.2396221802208], [-115.258153300237, 36.2396225507414], [-115.258150883758, 36.2396942554868], [-115.258148532031, 36.2397640311864], [-115.258142038926, 36.2399567145321], [-115.258135854288, 36.2401401897193], [-115.258127127267, 36.2403991486031], [-115.258124432898, 36.2404790821452]], [[-115.286072572394, 36.2346411852438], [-115.286028262796, 36.234641383994], [-115.285970852775, 36.2346416456967], [-115.285442379664, 36.2346440549805], [-115.284913841803, 36.2346464597676], [-115.284913908352, 36.2346173846859], [-115.284915518139, 36.2338754898633], [-115.284915803224, 36.2337443750042], [-115.2848471211, 36.2337431771072], [-115.283755615731, 36.2337476143622], [-115.283755555477, 36.2338802050087], [-115.283755141789, 36.2346046403931], [-115.283755112111, 36.2346517288955], [-115.284913841803, 36.2346464597676], [-115.284912861541, 36.2351006147029], [-115.284912272486, 36.2353720732639], [-115.284911873187, 36.235554788524], [-115.28514052222, 36.2355536373918], [-115.285529996115, 36.2355516768697], [-115.285967427257, 36.2355494762286], [-115.286046593678, 36.2355490769296], [-115.286069157668, 36.2355489627158], [-115.286072554407, 36.234645947154], [-115.286072572394, 36.2346411852438], [-115.286082118697, 36.2346411429756], [-115.28617730654, 36.2346407077038], [-115.286196863197, 36.2346406177716], [-115.286316408278, 36.2346400709838], [-115.286405240612, 36.2346396653895], [-115.286646169887, 36.2346385637201], [-115.286764338106, 36.2346380241268], [-115.287348776927, 36.234635352241], [-115.28758132542, 36.2346342901417], [-115.287896310269, 36.2346328512264], [-115.288118884381, 36.2346318340932], [-115.288257363789, 36.2346312009705], [-115.288372325025, 36.234630674867], [-115.288393011231, 36.2346304203589], [-115.288397971891, 36.2337875838312], [-115.288396345917, 36.2337287079148], [-115.288296942952, 36.233729093724], [-115.28723616382, 36.2337334311542], [-115.287122864531, 36.2337338988017], [-115.286076018596, 36.2337396121946], [-115.286075975428, 36.2337396121947], [-115.2860752173, 36.2339406160679], [-115.286072763949, 36.2345916505855], [-115.286072572394, 36.2346411852438]], [[-115.26070806103, 36.2331256810067], [-115.260702868345, 36.2328308292807], [-115.260698381627, 36.2325761502704], [-115.260691680779, 36.2321980510006], [-115.260520596451, 36.2321974187772], [-115.259572495177, 36.2321939375015], [-115.259572355782, 36.2323669418821], [-115.259572186709, 36.2325762446993], [-115.260052913014, 36.2325785082928], [-115.260052350937, 36.2331229830405], [-115.26070806103, 36.2331256810067]], [[-115.263418939635, 36.2322936489341], [-115.264105158329, 36.232318164453], [-115.26406891565, 36.2294908218453], [-115.262913175305, 36.2294524468742], [-115.262928784838, 36.2303954417975], [-115.262827359297, 36.2303909793615], [-115.262588153123, 36.2303826885115], [-115.262306874865, 36.2303729371626], [-115.261775722674, 36.2303549003597], [-115.261779585262, 36.2308025981627], [-115.261786228554, 36.2312178565202], [-115.261791298032, 36.2313000491592], [-115.26179636841, 36.2313822417983], [-115.261808300615, 36.2318126564302], [-115.261812240545, 36.2322387327327], [-115.262356755762, 36.2322568046092], [-115.26285590288, 36.2322726443683], [-115.262957330219, 36.2322771166969], [-115.263058950912, 36.2322807859308], [-115.263418939635, 36.2322936489341]], [[-115.258181553338, 36.231249581904], [-115.258380080479, 36.2312489433853], [-115.2595216583, 36.2312528320539], [-115.259519478343, 36.2311730873694], [-115.259497746226, 36.2303301357285], [-115.259334835836, 36.2303308219112], [-115.259035714129, 36.2303300835678], [-115.258968941266, 36.2303310017756], [-115.258814041137, 36.2303317086427], [-115.258591038048, 36.230332248236], [-115.258368028664, 36.2303316969516], [-115.25833330584, 36.2303326934004], [-115.258147694763, 36.2303322338468], [-115.257930031848, 36.2303327869299], [-115.257708367849, 36.2303322374441], [-115.257273031228, 36.2303333328184], [-115.257212952918, 36.2303320962506], [-115.257200834553, 36.2303321466126], [-115.257050031736, 36.230332778836], [-115.256827028647, 36.2303333148319], [-115.256605353856, 36.2303327635475], [-115.256220680542, 36.2303358230411], [-115.256173934681, 36.2303360280865], [-115.256072202472, 36.2303357771757], [-115.256084288461, 36.2312253145979], [-115.256084372098, 36.2312252966114], [-115.25608483435, 36.2312593476421], [-115.257186010128, 36.2312529031003], [-115.257234316313, 36.2312526216125], [-115.257249618277, 36.2312525721498], [-115.258147945673, 36.2312496898226], [-115.258181553338, 36.231249581904]], [[-115.324951257297, 36.2315363757045], [-115.324953524488, 36.2326890898309], [-115.324854921919, 36.2345863400888], [-115.324827997117, 36.2350737069873], [-115.32475358811, 36.2364869457173], [-115.325929484061, 36.2364523838717], [-115.325934081395, 36.2363700527371], [-115.326035652625, 36.2345476962205], [-115.326053722703, 36.2342234933209], [-115.326141792412, 36.2326433593049], [-115.326133551025, 36.23085937686], [-115.324950003642, 36.2308986286701], [-115.324951257297, 36.2315363757045]], [[-115.324124244341, 36.2588559835181], [-115.324124155308, 36.2588873707568], [-115.324287886779, 36.2588862385104], [-115.3243409189, 36.2588858706877], [-115.324519049417, 36.2588846386165], [-115.324360696791, 36.2587811985948], [-115.324296055321, 36.2587427471813], [-115.324124858578, 36.2586409160467], [-115.324124244341, 36.2588559835181]], [[-115.325262261746, 36.2607335071469], [-115.325260229278, 36.2615799418621], [-115.325257874853, 36.2625610482551], [-115.325258679746, 36.2626984053085], [-115.32526096942, 36.2630883324619], [-115.325263259094, 36.2634782955882], [-115.325265714244, 36.2638957213118], [-115.325268169393, 36.264313129049], [-115.325268655027, 36.2643955429213], [-115.326412921821, 36.2643864975402], [-115.326402156037, 36.2625529300749], [-115.326788576734, 36.26255019074], [-115.32754643722, 36.2625448020023], [-115.327547235818, 36.2626821590557], [-115.327551807972, 36.2634611302283], [-115.327556701183, 36.2642950355887], [-115.327557177824, 36.2643774494611], [-115.327943760398, 36.2643743872695], [-115.328475692302, 36.264370172147], [-115.328464006511, 36.2642878509049], [-115.328460350767, 36.2642621024154], [-115.328382640349, 36.2638896913575], [-115.328372541861, 36.2638504953054], [-115.328229813158, 36.2634560346696], [-115.328113413905, 36.2631343165967], [-115.327930380285, 36.2627083041462], [-115.327914681719, 36.2626795465251], [-115.327840028996, 36.2625427164745], [-115.327736213957, 36.2623524594997], [-115.327627248501, 36.2621467575681], [-115.327587199892, 36.2620711569596], [-115.327547237617, 36.2619957146318], [-115.327524296811, 36.2619523951882], [-115.327232536055, 36.2614766862014], [-115.327069224567, 36.2612287619991], [-115.327052804745, 36.2612038336913], [-115.326860734737, 36.2609544606811], [-115.32664414921, 36.2607121095775], [-115.326406229966, 36.2604459003593], [-115.32624135096, 36.2602614044416], [-115.326202423805, 36.2602262526407], [-115.32595191675, 36.2600000353746], [-115.325666920694, 36.2597426700895], [-115.325657743113, 36.2597347776391], [-115.32563621694, 36.2597162650949], [-115.325474678916, 36.259577348617], [-115.325265476823, 36.2593974419397], [-115.325264129638, 36.259955492853], [-115.32526372944, 36.2601212316109], [-115.325262560321, 36.2606055435123], [-115.325262359772, 36.2606935259867], [-115.325262294122, 36.2607202583346], [-115.325262261746, 36.2607335071469]], [[-115.332134480624, 36.2643848697672], [-115.332134706354, 36.2644235424138], [-115.332137132725, 36.2648395678931], [-115.332139557297, 36.2652555915736], [-115.331097070376, 36.2652645740022], [-115.33099530669, 36.2652649634086], [-115.330998635081, 36.2658347900448], [-115.331000170224, 36.2660976879593], [-115.331000650462, 36.2661801018315], [-115.332144890277, 36.2661700815853], [-115.333289130991, 36.2661600505472], [-115.333285058861, 36.2654609751452], [-115.333278485716, 36.2643320274025], [-115.332818111968, 36.2643356912405], [-115.332134219821, 36.2643411303402], [-115.332134480624, 36.2643848697672]], [[-115.322975083436, 36.2608178941318], [-115.322975334346, 36.2607354811588], [-115.321831789708, 36.2607439554704], [-115.321829329162, 36.2615128425449], [-115.32182884173, 36.2616651328409], [-115.321826329024, 36.2624489378695], [-115.321825882061, 36.2625863012181], [-115.322411455826, 36.2625819188218], [-115.32296973157, 36.2625777378736], [-115.322970154251, 36.2624403835182], [-115.322971344054, 36.2620484985407], [-115.322972532958, 36.2616566054693], [-115.322973813593, 36.2612372498006], [-115.322974596003, 36.2609787657588], [-115.322975083436, 36.2608178941318]], [[-115.327432853745, 36.2680442516422], [-115.327435891655, 36.2685184407747], [-115.327437354852, 36.2687490107596], [-115.32743877758, 36.2689713411558], [-115.327440250669, 36.2692019021474], [-115.327441673397, 36.2694242325436], [-115.327443096124, 36.2696465737317], [-115.32744456112, 36.269876466527], [-115.32744674917, 36.2702189769255], [-115.327448211468, 36.270449546011], [-115.327449696249, 36.2706801150965], [-115.32745140586, 36.2709476831903], [-115.327452879849, 36.2711782064104], [-115.327454352938, 36.2714087224359], [-115.327456062549, 36.271676288731], [-115.327456284682, 36.2717105376125], [-115.32745789177, 36.2719617020722], [-115.327459600482, 36.2722292683674], [-115.327461310094, 36.2724968364611], [-115.327463018805, 36.2727644036556], [-115.327464508982, 36.2729967839757], [-115.327467997452, 36.2735446176912], [-115.327617550212, 36.2735439279112], [-115.327656898249, 36.2735434989347], [-115.327658410909, 36.2735434818475], [-115.327739655663, 36.273542592418], [-115.328272856509, 36.2735367459254], [-115.328661894233, 36.273532475045], [-115.328641597434, 36.2727289577765], [-115.328641730534, 36.2727030555029], [-115.32864303545, 36.2724479088452], [-115.328646870159, 36.2716985325625], [-115.328511858538, 36.2716999723771], [-115.328368872628, 36.271701496728], [-115.327736482855, 36.2717082290528], [-115.327649210845, 36.2717091571532], [-115.327625423776, 36.2717090096644], [-115.327602776149, 36.2717088684708], [-115.327588755719, 36.2698749187938], [-115.327627177454, 36.2698748567406], [-115.327641535131, 36.2698748333582], [-115.327733310046, 36.2698738836741], [-115.328620748451, 36.2698647006967], [-115.328622418492, 36.2698653185309], [-115.328620791618, 36.2696244198324], [-115.328620998462, 36.2684678691981], [-115.32862104163, 36.2682270046738], [-115.328621076703, 36.2680328581312], [-115.327432853745, 36.2680442516422]], [[-115.324812463127, 36.2717400470668], [-115.325882364981, 36.2717281733178], [-115.325882395558, 36.2717281778145], [-115.326459080424, 36.2717217764401], [-115.326458614576, 36.2716601180213], [-115.326458552522, 36.2716518622449], [-115.326456766469, 36.2714155779679], [-115.326455291581, 36.2712202757964], [-115.326455017287, 36.2711850619423], [-115.326453325663, 36.270960801601], [-115.326453278898, 36.270954537823], [-115.326451369637, 36.2707014982768], [-115.326451293195, 36.2706909627191], [-115.326449544013, 36.2704603387749], [-115.326449403719, 36.2704420159875], [-115.326447806523, 36.2702297777833], [-115.326446080724, 36.2700021827558], [-115.326446042953, 36.2699967931188], [-115.32644521108, 36.2698871855464], [-115.325397464024, 36.2698980034914], [-115.325301021627, 36.2698989990409], [-115.324156821382, 36.2699108008441], [-115.324165447679, 36.2713387524827], [-115.324165502538, 36.2713478167497], [-115.32416791452, 36.2717471849859], [-115.324812463127, 36.2717400470668]], [[-115.325349642574, 36.277239053341], [-115.325349057115, 36.277376406797], [-115.325345703544, 36.2781587567226], [-115.325344163904, 36.2785182742002], [-115.325170995847, 36.2786870355796], [-115.32506118233, 36.2787892012619], [-115.32494916997, 36.2788898039226], [-115.324835024419, 36.2789888147833], [-115.324751141954, 36.279059062627], [-115.324718748374, 36.2790861906765], [-115.325339782407, 36.2790784834865], [-115.326490436187, 36.2790641968565], [-115.326491138557, 36.2788872669351], [-115.326491949746, 36.2786805316825], [-115.326492051369, 36.2786545394767], [-115.326493430929, 36.2783027975374], [-115.326494048764, 36.2781449881021], [-115.326495855501, 36.2776873923606], [-115.326496410383, 36.2775466313732], [-115.326496429269, 36.277541626646], [-115.326496694569, 36.2774734391492], [-115.326497122646, 36.2773631328037], [-115.32649766134, 36.2772257784482], [-115.326496426571, 36.2770521616293], [-115.326474058633, 36.2770880571694], [-115.326387459316, 36.2772270473916], [-115.325349642574, 36.277239053341]], [[-115.313796535184, 36.2773586874548], [-115.313771891961, 36.277358559751], [-115.313772588037, 36.2774668498166], [-115.313756133141, 36.2787036289706], [-115.313750972831, 36.2790914777907], [-115.31375068325, 36.2791758458899], [-115.315005153867, 36.2792063365046], [-115.31501984789, 36.2777725680508], [-115.315024021643, 36.2773652327206], [-115.314798354762, 36.277364030327], [-115.313796535184, 36.2773586874548]], [[-115.319582163488, 36.2820123804683], [-115.319570861708, 36.2837468966033], [-115.319569349048, 36.283979200481], [-115.319564873123, 36.2846663607653], [-115.319666648499, 36.2846649623195], [-115.320715548486, 36.2846505614755], [-115.32071620589, 36.2845406787106], [-115.320721100001, 36.2837313671102], [-115.320726661408, 36.2828121727449], [-115.320732223715, 36.2818929235209], [-115.320734995426, 36.2814341874391], [-115.320736571937, 36.2811732428522], [-115.320737595366, 36.2810038582427], [-115.320737773432, 36.2809737831149], [-115.320163500547, 36.2809811458645], [-115.319588836458, 36.28098851401], [-115.319587526146, 36.2811895052927], [-115.319585842615, 36.2814482501379], [-115.319582847872, 36.281908455712], [-115.319582163488, 36.2820123804683]], [[-115.323016898313, 36.2846189197286], [-115.32301428938, 36.2851296249336], [-115.323012133705, 36.2855505625097], [-115.323010030191, 36.2859627047163], [-115.323007512089, 36.286456213085], [-115.323519768625, 36.2864489789385], [-115.324159059795, 36.2864399497452], [-115.324166902782, 36.2847476046195], [-115.324167571878, 36.2846030781708], [-115.323016898313, 36.2846189197286]], [[-115.31261472709, 36.2847092845072], [-115.311508808287, 36.2846984674616], [-115.311508235419, 36.2848430056015], [-115.311504418696, 36.2865344801834], [-115.312341951922, 36.2865431271649], [-115.312633195568, 36.2865461326992], [-115.312633159595, 36.2864733685524], [-115.312628207928, 36.2847094212041], [-115.31261472709, 36.2847092845072]], [[-115.306688572522, 36.2847603075435], [-115.306690097772, 36.2846530579935], [-115.30636106911, 36.2846487565361], [-115.306359526773, 36.2847572381573], [-115.30635945123, 36.2848032088024], [-115.306359117581, 36.2850041632129], [-115.306358618458, 36.2853040070756], [-115.306687700179, 36.2853071933736], [-115.306688049116, 36.2850884764533], [-115.306688572522, 36.2847603075435]], [[-115.32612321062, 36.2286212160976], [-115.326117073646, 36.2272933302243], [-115.324942944863, 36.2273195247775], [-115.324944828044, 36.2282737198576], [-115.3249464774, 36.2291096990547], [-115.326125315933, 36.2290768450216], [-115.32612321062, 36.2286212160976]], [[-115.262520211141, 36.2248109270839], [-115.262230737361, 36.2248031749279], [-115.262245267707, 36.2256244753905], [-115.26224229275, 36.2257344795639], [-115.262308347055, 36.2257363132815], [-115.262872496271, 36.2257519776729], [-115.262856098033, 36.2248199212038], [-115.262520211141, 36.2248109270839]], [[-115.260572299374, 36.2256880223856], [-115.260557199757, 36.2247488792587], [-115.260554645683, 36.2247514711048], [-115.260470970061, 36.2247520790465], [-115.26038729534, 36.2247526869882], [-115.259606760246, 36.2247498388353], [-115.259417693074, 36.2247491562498], [-115.258902531729, 36.2247472739688], [-115.258377613638, 36.2247453539162], [-115.258271183371, 36.2247449833956], [-115.258261976111, 36.2241745434217], [-115.258256323872, 36.2238243878865], [-115.258256226746, 36.2238243878865], [-115.258256240235, 36.2238196178824], [-115.258154512523, 36.2238192698448], [-115.257120505309, 36.2238157337105], [-115.255985480847, 36.2238053789164], [-115.255980798078, 36.2238053393463], [-115.255980736024, 36.2238053402456], [-115.255980778293, 36.2238101084511], [-115.2559953599, 36.2247501553966], [-115.257119528645, 36.2247529369997], [-115.257117835222, 36.2256723454037], [-115.257999044922, 36.2256726466766], [-115.258279924781, 36.2256727411054], [-115.259429966122, 36.2256792216201], [-115.260572299374, 36.2256880223856]], [[-115.259383113242, 36.221964499963], [-115.258884016486, 36.2219610564589], [-115.258721305746, 36.2219612057464], [-115.258243412306, 36.2219616437162], [-115.258243852974, 36.2218794294934], [-115.2582282974, 36.2210367368572], [-115.258209834319, 36.2201841849535], [-115.258210208437, 36.2201557591823], [-115.258211458494, 36.2201062551009], [-115.257075020298, 36.2201063980931], [-115.257082195989, 36.220604198926], [-115.257089593812, 36.2210327096931], [-115.255940555215, 36.2210343662443], [-115.25595830963, 36.2219547827883], [-115.255961933898, 36.2220381076738], [-115.255972347148, 36.2228728916719], [-115.255972459564, 36.2228728799808], [-115.256080526597, 36.2228720669936], [-115.256527611063, 36.2228742622387], [-115.256611692278, 36.2228744654855], [-115.256964007085, 36.2228764179136], [-115.257126829342, 36.2228768262059], [-115.257407087769, 36.2228785987696], [-115.257587671636, 36.222879043934], [-115.257648651966, 36.2228791932215], [-115.258135765256, 36.2228825557866], [-115.258154440577, 36.2228826061486], [-115.25825185604, 36.2228860883236], [-115.258251894711, 36.2228908610258], [-115.258351906517, 36.2228954286824], [-115.25886839796, 36.2228956139427], [-115.259388866205, 36.2229001420292], [-115.259385779732, 36.2224750145116], [-115.259384051235, 36.222044491961], [-115.259383113242, 36.221964499963]], [[-115.306387992114, 36.2203107024782], [-115.306399610456, 36.2212495389364], [-115.308681566403, 36.2212077150653], [-115.308673939253, 36.2202793691988], [-115.308673880797, 36.2202722762459], [-115.308673044428, 36.2193405849014], [-115.306380203086, 36.2193776963249], [-115.306386773533, 36.2201647631946], [-115.306387992114, 36.2203107024782]], [[-115.327348443378, 36.2183893467922], [-115.327232188017, 36.2183888548631], [-115.327233771723, 36.2186197683889], [-115.327238301609, 36.2192774767755], [-115.328924189602, 36.2192841281613], [-115.329555987621, 36.2192866147868], [-115.329544756887, 36.2184040471104], [-115.327583163734, 36.2183909197065], [-115.327348443378, 36.2183893467922]]]}, "properties": {"FID": 6, "OBJECTID": 79, "LIVE_CLV_W": 712761255.423036, "PERIMETER": 289465.09253569, "WARD": "4", "CNTY_IS": 0, "SHADE": 73, "ACRES": 16310.92481406, "SQ_MILES": 25.48582003, "Shape__Area": 710501120.6914062, "Shape__Length": 459984.1177779307, "district_id": "4"}}]}
